bldg_id,tariff_key
63060,ct_eversource_rate6_fixed_ratemc
445641,ct_eversource_rate6_fixed_ratemc
170021,ct_eversource_rate6_fixed_ratemc
304501,ct_eversource_rate6_fixed_ratemc
479725,ct_eversource_rate6_fixed_ratemc
489361,ct_eversource_rate6_fixed_ratemc
499935,ct_eversource_rate6_fixed_ratemc
505849,ct_eversource_rate6_fixed_ratemc
525975,ct_eversource_rate6_fixed_ratemc
455178,ct_eversource_rate6_fixed_ratemc
99099,ct_eversource_rate6_fixed_ratemc
183846,ct_eversource_rate6_fixed_ratemc
3005,ct_eversource_rate6_fixed_ratemc
3165,ct_eversource_rate6_fixed_ratemc
4174,ct_eversource_rate6_fixed_ratemc
5425,ct_eversource_rate6_fixed_ratemc
16426,ct_eversource_rate6_fixed_ratemc
17557,ct_eversource_rate6_fixed_ratemc
51759,ct_eversource_rate6_fixed_ratemc
475601,ct_eversource_rate6_fixed_ratemc
86074,ct_eversource_rate6_fixed_ratemc
104911,ct_eversource_rate6_fixed_ratemc
126323,ct_eversource_rate6_fixed_ratemc
130778,ct_eversource_rate6_fixed_ratemc
134564,ct_eversource_rate6_fixed_ratemc
135025,ct_eversource_rate6_fixed_ratemc
171961,ct_eversource_rate6_fixed_ratemc
250520,ct_eversource_rate6_fixed_ratemc
254802,ct_eversource_rate6_fixed_ratemc
422089,ct_eversource_rate6_fixed_ratemc
348539,ct_eversource_rate6_fixed_ratemc
370530,ct_eversource_rate6_fixed_ratemc
229174,ct_eversource_rate6_fixed_ratemc
237542,ct_eversource_rate6_fixed_ratemc
368521,ct_eversource_rate6_fixed_ratemc
461509,ct_eversource_rate6_fixed_ratemc
449534,ct_eversource_rate6_fixed_ratemc
271248,ct_eversource_rate6_fixed_ratemc
284757,ct_eversource_rate6_fixed_ratemc
327407,ct_eversource_rate6_fixed_ratemc
451996,ct_eversource_rate6_fixed_ratemc
460454,ct_eversource_rate6_fixed_ratemc
359335,ct_eversource_rate6_fixed_ratemc
424572,ct_eversource_rate6_fixed_ratemc
355524,ct_eversource_rate6_fixed_ratemc
392065,ct_eversource_rate6_fixed_ratemc
73380,ct_eversource_rate6_fixed_ratemc
320074,ct_eversource_rate6_fixed_ratemc
475176,ct_eversource_rate6_fixed_ratemc
496876,ct_eversource_rate6_fixed_ratemc
217492,ct_eversource_rate6_fixed_ratemc
71224,ct_eversource_rate6_fixed_ratemc
296181,ct_eversource_rate6_fixed_ratemc
189917,ct_eversource_rate6_fixed_ratemc
480217,ct_eversource_rate6_fixed_ratemc
485212,ct_eversource_rate6_fixed_ratemc
509852,ct_eversource_rate6_fixed_ratemc
510319,ct_eversource_rate6_fixed_ratemc
533296,ct_eversource_rate6_fixed_ratemc
535238,ct_eversource_rate6_fixed_ratemc
542706,ct_eversource_rate6_fixed_ratemc
545188,ct_eversource_rate6_fixed_ratemc
431673,ct_eversource_rate6_fixed_ratemc
476063,ct_eversource_rate6_fixed_ratemc
40760,ct_eversource_rate6_fixed_ratemc
59970,ct_eversource_rate6_fixed_ratemc
69909,ct_eversource_rate6_fixed_ratemc
180941,ct_eversource_rate6_fixed_ratemc
244982,ct_eversource_rate6_fixed_ratemc
3426,ct_eversource_rate6_fixed_ratemc
46384,ct_eversource_rate6_fixed_ratemc
52396,ct_eversource_rate6_fixed_ratemc
60966,ct_eversource_rate6_fixed_ratemc
67305,ct_eversource_rate6_fixed_ratemc
223749,ct_eversource_rate6_fixed_ratemc
107961,ct_eversource_rate6_fixed_ratemc
349049,ct_eversource_rate6_fixed_ratemc
81661,ct_eversource_rate6_fixed_ratemc
311754,ct_eversource_rate6_fixed_ratemc
77811,ct_eversource_rate6_fixed_ratemc
107111,ct_eversource_rate6_fixed_ratemc
442274,ct_eversource_rate6_fixed_ratemc
379629,ct_eversource_rate6_fixed_ratemc
438970,ct_eversource_rate6_fixed_ratemc
318870,ct_eversource_rate6_fixed_ratemc
464494,ct_eversource_rate6_fixed_ratemc
427101,ct_eversource_rate6_fixed_ratemc
146197,ct_eversource_rate6_fixed_ratemc
151079,ct_eversource_rate6_fixed_ratemc
164767,ct_eversource_rate6_fixed_ratemc
201685,ct_eversource_rate6_fixed_ratemc
297195,ct_eversource_rate6_fixed_ratemc
368492,ct_eversource_rate6_fixed_ratemc
236459,ct_eversource_rate6_fixed_ratemc
208165,ct_eversource_rate6_fixed_ratemc
211988,ct_eversource_rate6_fixed_ratemc
229772,ct_eversource_rate6_fixed_ratemc
229879,ct_eversource_rate6_fixed_ratemc
247090,ct_eversource_rate6_fixed_ratemc
463534,ct_eversource_rate6_fixed_ratemc
329491,ct_eversource_rate6_fixed_ratemc
308857,ct_eversource_rate6_fixed_ratemc
329282,ct_eversource_rate6_fixed_ratemc
330961,ct_eversource_rate6_fixed_ratemc
339299,ct_eversource_rate6_fixed_ratemc
456455,ct_eversource_rate6_fixed_ratemc
390377,ct_eversource_rate6_fixed_ratemc
342412,ct_eversource_rate6_fixed_ratemc
398093,ct_eversource_rate6_fixed_ratemc
548997,ct_eversource_rate6_fixed_ratemc
549414,ct_eversource_rate6_fixed_ratemc
408796,ct_eversource_rate6_fixed_ratemc
144435,ct_eversource_rate6_fixed_ratemc
395520,ct_eversource_rate6_fixed_ratemc
237722,ct_eversource_rate6_fixed_ratemc
481090,ct_eversource_rate6_fixed_ratemc
484780,ct_eversource_rate6_fixed_ratemc
487949,ct_eversource_rate6_fixed_ratemc
492413,ct_eversource_rate6_fixed_ratemc
510774,ct_eversource_rate6_fixed_ratemc
513561,ct_eversource_rate6_fixed_ratemc
514198,ct_eversource_rate6_fixed_ratemc
532634,ct_eversource_rate6_fixed_ratemc
115204,ct_eversource_rate6_fixed_ratemc
58287,ct_eversource_rate6_fixed_ratemc
279732,ct_eversource_rate6_fixed_ratemc
86493,ct_eversource_rate6_fixed_ratemc
338527,ct_eversource_rate6_fixed_ratemc
29012,ct_eversource_rate6_fixed_ratemc
34254,ct_eversource_rate6_fixed_ratemc
67474,ct_eversource_rate6_fixed_ratemc
325273,ct_eversource_rate6_fixed_ratemc
258860,ct_eversource_rate6_fixed_ratemc
81315,ct_eversource_rate6_fixed_ratemc
96779,ct_eversource_rate6_fixed_ratemc
100540,ct_eversource_rate6_fixed_ratemc
269197,ct_eversource_rate6_fixed_ratemc
386656,ct_eversource_rate6_fixed_ratemc
268941,ct_eversource_rate6_fixed_ratemc
405264,ct_eversource_rate6_fixed_ratemc
145669,ct_eversource_rate6_fixed_ratemc
156273,ct_eversource_rate6_fixed_ratemc
159383,ct_eversource_rate6_fixed_ratemc
164420,ct_eversource_rate6_fixed_ratemc
176430,ct_eversource_rate6_fixed_ratemc
191444,ct_eversource_rate6_fixed_ratemc
468970,ct_eversource_rate6_fixed_ratemc
414552,ct_eversource_rate6_fixed_ratemc
220404,ct_eversource_rate6_fixed_ratemc
224486,ct_eversource_rate6_fixed_ratemc
266745,ct_eversource_rate6_fixed_ratemc
360945,ct_eversource_rate6_fixed_ratemc
326543,ct_eversource_rate6_fixed_ratemc
328461,ct_eversource_rate6_fixed_ratemc
341809,ct_eversource_rate6_fixed_ratemc
343082,ct_eversource_rate6_fixed_ratemc
343593,ct_eversource_rate6_fixed_ratemc
400197,ct_eversource_rate6_fixed_ratemc
245321,ct_eversource_rate6_fixed_ratemc
261614,ct_eversource_rate6_fixed_ratemc
33479,ct_eversource_rate6_fixed_ratemc
444690,ct_eversource_rate6_fixed_ratemc
513160,ct_eversource_rate6_fixed_ratemc
514130,ct_eversource_rate6_fixed_ratemc
515205,ct_eversource_rate6_fixed_ratemc
515550,ct_eversource_rate6_fixed_ratemc
516626,ct_eversource_rate6_fixed_ratemc
518231,ct_eversource_rate6_fixed_ratemc
524661,ct_eversource_rate6_fixed_ratemc
526835,ct_eversource_rate6_fixed_ratemc
528131,ct_eversource_rate6_fixed_ratemc
542718,ct_eversource_rate6_fixed_ratemc
274040,ct_eversource_rate6_fixed_ratemc
125695,ct_eversource_rate6_fixed_ratemc
223868,ct_eversource_rate6_fixed_ratemc
164495,ct_eversource_rate6_fixed_ratemc
415266,ct_eversource_rate6_fixed_ratemc
4999,ct_eversource_rate6_fixed_ratemc
6844,ct_eversource_rate6_fixed_ratemc
8528,ct_eversource_rate6_fixed_ratemc
23447,ct_eversource_rate6_fixed_ratemc
38046,ct_eversource_rate6_fixed_ratemc
39252,ct_eversource_rate6_fixed_ratemc
55846,ct_eversource_rate6_fixed_ratemc
57468,ct_eversource_rate6_fixed_ratemc
66426,ct_eversource_rate6_fixed_ratemc
179475,ct_eversource_rate6_fixed_ratemc
93861,ct_eversource_rate6_fixed_ratemc
116001,ct_eversource_rate6_fixed_ratemc
123731,ct_eversource_rate6_fixed_ratemc
93000,ct_eversource_rate6_fixed_ratemc
99280,ct_eversource_rate6_fixed_ratemc
100927,ct_eversource_rate6_fixed_ratemc
113716,ct_eversource_rate6_fixed_ratemc
115078,ct_eversource_rate6_fixed_ratemc
115964,ct_eversource_rate6_fixed_ratemc
121194,ct_eversource_rate6_fixed_ratemc
454794,ct_eversource_rate6_fixed_ratemc
329241,ct_eversource_rate6_fixed_ratemc
233573,ct_eversource_rate6_fixed_ratemc
255265,ct_eversource_rate6_fixed_ratemc
338286,ct_eversource_rate6_fixed_ratemc
281229,ct_eversource_rate6_fixed_ratemc
144124,ct_eversource_rate6_fixed_ratemc
178669,ct_eversource_rate6_fixed_ratemc
240029,ct_eversource_rate6_fixed_ratemc
387454,ct_eversource_rate6_fixed_ratemc
221767,ct_eversource_rate6_fixed_ratemc
211994,ct_eversource_rate6_fixed_ratemc
250458,ct_eversource_rate6_fixed_ratemc
313086,ct_eversource_rate6_fixed_ratemc
276978,ct_eversource_rate6_fixed_ratemc
438146,ct_eversource_rate6_fixed_ratemc
387277,ct_eversource_rate6_fixed_ratemc
439024,ct_eversource_rate6_fixed_ratemc
284147,ct_eversource_rate6_fixed_ratemc
311027,ct_eversource_rate6_fixed_ratemc
350971,ct_eversource_rate6_fixed_ratemc
53741,ct_eversource_rate6_fixed_ratemc
236225,ct_eversource_rate6_fixed_ratemc
277655,ct_eversource_rate6_fixed_ratemc
508486,ct_eversource_rate6_fixed_ratemc
515124,ct_eversource_rate6_fixed_ratemc
523181,ct_eversource_rate6_fixed_ratemc
96534,ct_eversource_rate6_fixed_ratemc
11074,ct_eversource_rate6_fixed_ratemc
109710,ct_eversource_rate6_fixed_ratemc
16421,ct_eversource_rate6_fixed_ratemc
32232,ct_eversource_rate6_fixed_ratemc
170761,ct_eversource_rate6_fixed_ratemc
185328,ct_eversource_rate6_fixed_ratemc
198339,ct_eversource_rate6_fixed_ratemc
223922,ct_eversource_rate6_fixed_ratemc
4025,ct_eversource_rate6_fixed_ratemc
6936,ct_eversource_rate6_fixed_ratemc
25920,ct_eversource_rate6_fixed_ratemc
64995,ct_eversource_rate6_fixed_ratemc
85002,ct_eversource_rate6_fixed_ratemc
192461,ct_eversource_rate6_fixed_ratemc
380642,ct_eversource_rate6_fixed_ratemc
238549,ct_eversource_rate6_fixed_ratemc
349743,ct_eversource_rate6_fixed_ratemc
89409,ct_eversource_rate6_fixed_ratemc
90325,ct_eversource_rate6_fixed_ratemc
101537,ct_eversource_rate6_fixed_ratemc
106211,ct_eversource_rate6_fixed_ratemc
116644,ct_eversource_rate6_fixed_ratemc
228582,ct_eversource_rate6_fixed_ratemc
439139,ct_eversource_rate6_fixed_ratemc
212525,ct_eversource_rate6_fixed_ratemc
299527,ct_eversource_rate6_fixed_ratemc
164924,ct_eversource_rate6_fixed_ratemc
176963,ct_eversource_rate6_fixed_ratemc
181308,ct_eversource_rate6_fixed_ratemc
192143,ct_eversource_rate6_fixed_ratemc
475357,ct_eversource_rate6_fixed_ratemc
346190,ct_eversource_rate6_fixed_ratemc
241531,ct_eversource_rate6_fixed_ratemc
215670,ct_eversource_rate6_fixed_ratemc
221745,ct_eversource_rate6_fixed_ratemc
268767,ct_eversource_rate6_fixed_ratemc
343663,ct_eversource_rate6_fixed_ratemc
268203,ct_eversource_rate6_fixed_ratemc
312228,ct_eversource_rate6_fixed_ratemc
367025,ct_eversource_rate6_fixed_ratemc
354690,ct_eversource_rate6_fixed_ratemc
459686,ct_eversource_rate6_fixed_ratemc
277721,ct_eversource_rate6_fixed_ratemc
278304,ct_eversource_rate6_fixed_ratemc
300832,ct_eversource_rate6_fixed_ratemc
303495,ct_eversource_rate6_fixed_ratemc
314824,ct_eversource_rate6_fixed_ratemc
317444,ct_eversource_rate6_fixed_ratemc
325265,ct_eversource_rate6_fixed_ratemc
333817,ct_eversource_rate6_fixed_ratemc
345860,ct_eversource_rate6_fixed_ratemc
386443,ct_eversource_rate6_fixed_ratemc
459404,ct_eversource_rate6_fixed_ratemc
358270,ct_eversource_rate6_fixed_ratemc
395081,ct_eversource_rate6_fixed_ratemc
404670,ct_eversource_rate6_fixed_ratemc
398310,ct_eversource_rate6_fixed_ratemc
503666,ct_eversource_rate6_fixed_ratemc
217786,ct_eversource_rate6_fixed_ratemc
496871,ct_eversource_rate6_fixed_ratemc
116226,ct_eversource_rate6_fixed_ratemc
487272,ct_eversource_rate6_fixed_ratemc
497371,ct_eversource_rate6_fixed_ratemc
504616,ct_eversource_rate6_fixed_ratemc
519773,ct_eversource_rate6_fixed_ratemc
526557,ct_eversource_rate6_fixed_ratemc
536169,ct_eversource_rate6_fixed_ratemc
536310,ct_eversource_rate6_fixed_ratemc
541668,ct_eversource_rate6_fixed_ratemc
44562,ct_eversource_rate6_fixed_ratemc
25836,ct_eversource_rate6_fixed_ratemc
228932,ct_eversource_rate6_fixed_ratemc
113506,ct_eversource_rate6_fixed_ratemc
361929,ct_eversource_rate6_fixed_ratemc
392625,ct_eversource_rate6_fixed_ratemc
463664,ct_eversource_rate6_fixed_ratemc
1233,ct_eversource_rate6_fixed_ratemc
2701,ct_eversource_rate6_fixed_ratemc
11565,ct_eversource_rate6_fixed_ratemc
12274,ct_eversource_rate6_fixed_ratemc
29654,ct_eversource_rate6_fixed_ratemc
44772,ct_eversource_rate6_fixed_ratemc
64208,ct_eversource_rate6_fixed_ratemc
66839,ct_eversource_rate6_fixed_ratemc
239590,ct_eversource_rate6_fixed_ratemc
87667,ct_eversource_rate6_fixed_ratemc
76304,ct_eversource_rate6_fixed_ratemc
149698,ct_eversource_rate6_fixed_ratemc
246414,ct_eversource_rate6_fixed_ratemc
298741,ct_eversource_rate6_fixed_ratemc
79518,ct_eversource_rate6_fixed_ratemc
94169,ct_eversource_rate6_fixed_ratemc
99142,ct_eversource_rate6_fixed_ratemc
106399,ct_eversource_rate6_fixed_ratemc
108154,ct_eversource_rate6_fixed_ratemc
388190,ct_eversource_rate6_fixed_ratemc
417714,ct_eversource_rate6_fixed_ratemc
236061,ct_eversource_rate6_fixed_ratemc
328669,ct_eversource_rate6_fixed_ratemc
294835,ct_eversource_rate6_fixed_ratemc
157501,ct_eversource_rate6_fixed_ratemc
225648,ct_eversource_rate6_fixed_ratemc
237239,ct_eversource_rate6_fixed_ratemc
321603,ct_eversource_rate6_fixed_ratemc
164086,ct_eversource_rate6_fixed_ratemc
178861,ct_eversource_rate6_fixed_ratemc
204637,ct_eversource_rate6_fixed_ratemc
225271,ct_eversource_rate6_fixed_ratemc
252861,ct_eversource_rate6_fixed_ratemc
253837,ct_eversource_rate6_fixed_ratemc
267639,ct_eversource_rate6_fixed_ratemc
429946,ct_eversource_rate6_fixed_ratemc
387964,ct_eversource_rate6_fixed_ratemc
464679,ct_eversource_rate6_fixed_ratemc
336099,ct_eversource_rate6_fixed_ratemc
410069,ct_eversource_rate6_fixed_ratemc
398785,ct_eversource_rate6_fixed_ratemc
363886,ct_eversource_rate6_fixed_ratemc
399483,ct_eversource_rate6_fixed_ratemc
472076,ct_eversource_rate6_fixed_ratemc
205800,ct_eversource_rate6_fixed_ratemc
314092,ct_eversource_rate6_fixed_ratemc
484509,ct_eversource_rate6_fixed_ratemc
513898,ct_eversource_rate6_fixed_ratemc
531291,ct_eversource_rate6_fixed_ratemc
546634,ct_eversource_rate6_fixed_ratemc
546748,ct_eversource_rate6_fixed_ratemc
191091,ct_eversource_rate6_fixed_ratemc
212754,ct_eversource_rate6_fixed_ratemc
91120,ct_eversource_rate6_fixed_ratemc
137427,ct_eversource_rate6_fixed_ratemc
478657,ct_eversource_rate6_fixed_ratemc
242063,ct_eversource_rate6_fixed_ratemc
186057,ct_eversource_rate6_fixed_ratemc
288310,ct_eversource_rate6_fixed_ratemc
324092,ct_eversource_rate6_fixed_ratemc
2252,ct_eversource_rate6_fixed_ratemc
7740,ct_eversource_rate6_fixed_ratemc
30334,ct_eversource_rate6_fixed_ratemc
31289,ct_eversource_rate6_fixed_ratemc
41871,ct_eversource_rate6_fixed_ratemc
53499,ct_eversource_rate6_fixed_ratemc
62348,ct_eversource_rate6_fixed_ratemc
212901,ct_eversource_rate6_fixed_ratemc
122033,ct_eversource_rate6_fixed_ratemc
213975,ct_eversource_rate6_fixed_ratemc
352162,ct_eversource_rate6_fixed_ratemc
354846,ct_eversource_rate6_fixed_ratemc
381989,ct_eversource_rate6_fixed_ratemc
78071,ct_eversource_rate6_fixed_ratemc
107885,ct_eversource_rate6_fixed_ratemc
109102,ct_eversource_rate6_fixed_ratemc
131195,ct_eversource_rate6_fixed_ratemc
174908,ct_eversource_rate6_fixed_ratemc
234372,ct_eversource_rate6_fixed_ratemc
144492,ct_eversource_rate6_fixed_ratemc
162076,ct_eversource_rate6_fixed_ratemc
210478,ct_eversource_rate6_fixed_ratemc
472477,ct_eversource_rate6_fixed_ratemc
147973,ct_eversource_rate6_fixed_ratemc
168183,ct_eversource_rate6_fixed_ratemc
199525,ct_eversource_rate6_fixed_ratemc
260758,ct_eversource_rate6_fixed_ratemc
414167,ct_eversource_rate6_fixed_ratemc
462432,ct_eversource_rate6_fixed_ratemc
210119,ct_eversource_rate6_fixed_ratemc
276489,ct_eversource_rate6_fixed_ratemc
205540,ct_eversource_rate6_fixed_ratemc
216890,ct_eversource_rate6_fixed_ratemc
224834,ct_eversource_rate6_fixed_ratemc
231205,ct_eversource_rate6_fixed_ratemc
294932,ct_eversource_rate6_fixed_ratemc
330117,ct_eversource_rate6_fixed_ratemc
355452,ct_eversource_rate6_fixed_ratemc
99558,ct_eversource_rate6_fixed_ratemc
413869,ct_eversource_rate6_fixed_ratemc
99258,ct_eversource_rate6_fixed_ratemc
105576,ct_eversource_rate6_fixed_ratemc
292263,ct_eversource_rate6_fixed_ratemc
32733,ct_eversource_rate6_fixed_ratemc
82869,ct_eversource_rate6_fixed_ratemc
210921,ct_eversource_rate6_fixed_ratemc
452977,ct_eversource_rate6_fixed_ratemc
496823,ct_eversource_rate6_fixed_ratemc
508808,ct_eversource_rate6_fixed_ratemc
509779,ct_eversource_rate6_fixed_ratemc
517271,ct_eversource_rate6_fixed_ratemc
517535,ct_eversource_rate6_fixed_ratemc
518295,ct_eversource_rate6_fixed_ratemc
518419,ct_eversource_rate6_fixed_ratemc
519343,ct_eversource_rate6_fixed_ratemc
521786,ct_eversource_rate6_fixed_ratemc
538936,ct_eversource_rate6_fixed_ratemc
540903,ct_eversource_rate6_fixed_ratemc
543247,ct_eversource_rate6_fixed_ratemc
543967,ct_eversource_rate6_fixed_ratemc
202887,ct_eversource_rate6_fixed_ratemc
253223,ct_eversource_rate6_fixed_ratemc
265984,ct_eversource_rate6_fixed_ratemc
330826,ct_eversource_rate6_fixed_ratemc
61739,ct_eversource_rate6_fixed_ratemc
473101,ct_eversource_rate6_fixed_ratemc
280182,ct_eversource_rate6_fixed_ratemc
368310,ct_eversource_rate6_fixed_ratemc
396528,ct_eversource_rate6_fixed_ratemc
74862,ct_eversource_rate6_fixed_ratemc
102606,ct_eversource_rate6_fixed_ratemc
106421,ct_eversource_rate6_fixed_ratemc
110571,ct_eversource_rate6_fixed_ratemc
115771,ct_eversource_rate6_fixed_ratemc
124352,ct_eversource_rate6_fixed_ratemc
132411,ct_eversource_rate6_fixed_ratemc
205835,ct_eversource_rate6_fixed_ratemc
412658,ct_eversource_rate6_fixed_ratemc
139506,ct_eversource_rate6_fixed_ratemc
152727,ct_eversource_rate6_fixed_ratemc
164718,ct_eversource_rate6_fixed_ratemc
185104,ct_eversource_rate6_fixed_ratemc
424163,ct_eversource_rate6_fixed_ratemc
288938,ct_eversource_rate6_fixed_ratemc
446844,ct_eversource_rate6_fixed_ratemc
305372,ct_eversource_rate6_fixed_ratemc
399849,ct_eversource_rate6_fixed_ratemc
214847,ct_eversource_rate6_fixed_ratemc
222277,ct_eversource_rate6_fixed_ratemc
257682,ct_eversource_rate6_fixed_ratemc
279061,ct_eversource_rate6_fixed_ratemc
309750,ct_eversource_rate6_fixed_ratemc
319808,ct_eversource_rate6_fixed_ratemc
326049,ct_eversource_rate6_fixed_ratemc
443583,ct_eversource_rate6_fixed_ratemc
348722,ct_eversource_rate6_fixed_ratemc
441017,ct_eversource_rate6_fixed_ratemc
425390,ct_eversource_rate6_fixed_ratemc
471009,ct_eversource_rate6_fixed_ratemc
478694,ct_eversource_rate6_fixed_ratemc
25925,ct_eversource_rate6_fixed_ratemc
372128,ct_eversource_rate6_fixed_ratemc
159435,ct_eversource_rate6_fixed_ratemc
354479,ct_eversource_rate6_fixed_ratemc
185278,ct_eversource_rate6_fixed_ratemc
479087,ct_eversource_rate6_fixed_ratemc
232831,ct_eversource_rate6_fixed_ratemc
152718,ct_eversource_rate6_fixed_ratemc
262369,ct_eversource_rate6_fixed_ratemc
482769,ct_eversource_rate6_fixed_ratemc
484832,ct_eversource_rate6_fixed_ratemc
493901,ct_eversource_rate6_fixed_ratemc
509585,ct_eversource_rate6_fixed_ratemc
527406,ct_eversource_rate6_fixed_ratemc
530141,ct_eversource_rate6_fixed_ratemc
532373,ct_eversource_rate6_fixed_ratemc
539733,ct_eversource_rate6_fixed_ratemc
542991,ct_eversource_rate6_fixed_ratemc
543241,ct_eversource_rate6_fixed_ratemc
185451,ct_eversource_rate6_fixed_ratemc
410555,ct_eversource_rate6_fixed_ratemc
289754,ct_eversource_rate6_fixed_ratemc
2376,ct_eversource_rate6_fixed_ratemc
32659,ct_eversource_rate6_fixed_ratemc
34047,ct_eversource_rate6_fixed_ratemc
41275,ct_eversource_rate6_fixed_ratemc
55018,ct_eversource_rate6_fixed_ratemc
55868,ct_eversource_rate6_fixed_ratemc
60301,ct_eversource_rate6_fixed_ratemc
445773,ct_eversource_rate6_fixed_ratemc
471656,ct_eversource_rate6_fixed_ratemc
381424,ct_eversource_rate6_fixed_ratemc
247009,ct_eversource_rate6_fixed_ratemc
257361,ct_eversource_rate6_fixed_ratemc
364142,ct_eversource_rate6_fixed_ratemc
74332,ct_eversource_rate6_fixed_ratemc
74452,ct_eversource_rate6_fixed_ratemc
436266,ct_eversource_rate6_fixed_ratemc
162209,ct_eversource_rate6_fixed_ratemc
256182,ct_eversource_rate6_fixed_ratemc
164598,ct_eversource_rate6_fixed_ratemc
191171,ct_eversource_rate6_fixed_ratemc
195151,ct_eversource_rate6_fixed_ratemc
363928,ct_eversource_rate6_fixed_ratemc
440502,ct_eversource_rate6_fixed_ratemc
258689,ct_eversource_rate6_fixed_ratemc
236412,ct_eversource_rate6_fixed_ratemc
309953,ct_eversource_rate6_fixed_ratemc
212951,ct_eversource_rate6_fixed_ratemc
224727,ct_eversource_rate6_fixed_ratemc
241768,ct_eversource_rate6_fixed_ratemc
333546,ct_eversource_rate6_fixed_ratemc
376960,ct_eversource_rate6_fixed_ratemc
367696,ct_eversource_rate6_fixed_ratemc
280660,ct_eversource_rate6_fixed_ratemc
479582,ct_eversource_rate6_fixed_ratemc
342963,ct_eversource_rate6_fixed_ratemc
468233,ct_eversource_rate6_fixed_ratemc
427261,ct_eversource_rate6_fixed_ratemc
466560,ct_eversource_rate6_fixed_ratemc
138786,ct_eversource_rate6_fixed_ratemc
431114,ct_eversource_rate6_fixed_ratemc
417128,ct_eversource_rate6_fixed_ratemc
452885,ct_eversource_rate6_fixed_ratemc
510242,ct_eversource_rate6_fixed_ratemc
481276,ct_eversource_rate6_fixed_ratemc
484131,ct_eversource_rate6_fixed_ratemc
486274,ct_eversource_rate6_fixed_ratemc
494593,ct_eversource_rate6_fixed_ratemc
504712,ct_eversource_rate6_fixed_ratemc
521719,ct_eversource_rate6_fixed_ratemc
146459,ct_eversource_rate6_fixed_ratemc
175717,ct_eversource_rate6_fixed_ratemc
105821,ct_eversource_rate6_fixed_ratemc
257643,ct_eversource_rate6_fixed_ratemc
478478,ct_eversource_rate6_fixed_ratemc
30403,ct_eversource_rate6_fixed_ratemc
54262,ct_eversource_rate6_fixed_ratemc
66773,ct_eversource_rate6_fixed_ratemc
277101,ct_eversource_rate6_fixed_ratemc
168367,ct_eversource_rate6_fixed_ratemc
420474,ct_eversource_rate6_fixed_ratemc
334257,ct_eversource_rate6_fixed_ratemc
100057,ct_eversource_rate6_fixed_ratemc
101749,ct_eversource_rate6_fixed_ratemc
113798,ct_eversource_rate6_fixed_ratemc
128387,ct_eversource_rate6_fixed_ratemc
130568,ct_eversource_rate6_fixed_ratemc
132787,ct_eversource_rate6_fixed_ratemc
137832,ct_eversource_rate6_fixed_ratemc
308557,ct_eversource_rate6_fixed_ratemc
356196,ct_eversource_rate6_fixed_ratemc
175855,ct_eversource_rate6_fixed_ratemc
365984,ct_eversource_rate6_fixed_ratemc
321709,ct_eversource_rate6_fixed_ratemc
247774,ct_eversource_rate6_fixed_ratemc
324718,ct_eversource_rate6_fixed_ratemc
204113,ct_eversource_rate6_fixed_ratemc
211866,ct_eversource_rate6_fixed_ratemc
225743,ct_eversource_rate6_fixed_ratemc
251027,ct_eversource_rate6_fixed_ratemc
267713,ct_eversource_rate6_fixed_ratemc
295438,ct_eversource_rate6_fixed_ratemc
470065,ct_eversource_rate6_fixed_ratemc
461448,ct_eversource_rate6_fixed_ratemc
307812,ct_eversource_rate6_fixed_ratemc
324787,ct_eversource_rate6_fixed_ratemc
329319,ct_eversource_rate6_fixed_ratemc
421032,ct_eversource_rate6_fixed_ratemc
404715,ct_eversource_rate6_fixed_ratemc
412909,ct_eversource_rate6_fixed_ratemc
434609,ct_eversource_rate6_fixed_ratemc
233255,ct_eversource_rate6_fixed_ratemc
419298,ct_eversource_rate6_fixed_ratemc
422143,ct_eversource_rate6_fixed_ratemc
69384,ct_eversource_rate6_fixed_ratemc
308867,ct_eversource_rate6_fixed_ratemc
486721,ct_eversource_rate6_fixed_ratemc
515316,ct_eversource_rate6_fixed_ratemc
517191,ct_eversource_rate6_fixed_ratemc
526273,ct_eversource_rate6_fixed_ratemc
528292,ct_eversource_rate6_fixed_ratemc
533872,ct_eversource_rate6_fixed_ratemc
537530,ct_eversource_rate6_fixed_ratemc
376462,ct_eversource_rate6_fixed_ratemc
283499,ct_eversource_rate6_fixed_ratemc
449676,ct_eversource_rate6_fixed_ratemc
4275,ct_eversource_rate6_fixed_ratemc
15574,ct_eversource_rate6_fixed_ratemc
34246,ct_eversource_rate6_fixed_ratemc
36388,ct_eversource_rate6_fixed_ratemc
37648,ct_eversource_rate6_fixed_ratemc
54281,ct_eversource_rate6_fixed_ratemc
183822,ct_eversource_rate6_fixed_ratemc
330748,ct_eversource_rate6_fixed_ratemc
378440,ct_eversource_rate6_fixed_ratemc
72485,ct_eversource_rate6_fixed_ratemc
83234,ct_eversource_rate6_fixed_ratemc
112550,ct_eversource_rate6_fixed_ratemc
127420,ct_eversource_rate6_fixed_ratemc
176751,ct_eversource_rate6_fixed_ratemc
168326,ct_eversource_rate6_fixed_ratemc
465211,ct_eversource_rate6_fixed_ratemc
172850,ct_eversource_rate6_fixed_ratemc
180529,ct_eversource_rate6_fixed_ratemc
182613,ct_eversource_rate6_fixed_ratemc
199026,ct_eversource_rate6_fixed_ratemc
471886,ct_eversource_rate6_fixed_ratemc
265493,ct_eversource_rate6_fixed_ratemc
308319,ct_eversource_rate6_fixed_ratemc
266533,ct_eversource_rate6_fixed_ratemc
404099,ct_eversource_rate6_fixed_ratemc
325787,ct_eversource_rate6_fixed_ratemc
450243,ct_eversource_rate6_fixed_ratemc
408535,ct_eversource_rate6_fixed_ratemc
290788,ct_eversource_rate6_fixed_ratemc
304860,ct_eversource_rate6_fixed_ratemc
308858,ct_eversource_rate6_fixed_ratemc
310144,ct_eversource_rate6_fixed_ratemc
320682,ct_eversource_rate6_fixed_ratemc
322691,ct_eversource_rate6_fixed_ratemc
333328,ct_eversource_rate6_fixed_ratemc
357592,ct_eversource_rate6_fixed_ratemc
364156,ct_eversource_rate6_fixed_ratemc
370733,ct_eversource_rate6_fixed_ratemc
239186,ct_eversource_rate6_fixed_ratemc
414935,ct_eversource_rate6_fixed_ratemc
476274,ct_eversource_rate6_fixed_ratemc
238190,ct_eversource_rate6_fixed_ratemc
75807,ct_eversource_rate6_fixed_ratemc
147706,ct_eversource_rate6_fixed_ratemc
484265,ct_eversource_rate6_fixed_ratemc
489872,ct_eversource_rate6_fixed_ratemc
519591,ct_eversource_rate6_fixed_ratemc
522371,ct_eversource_rate6_fixed_ratemc
529264,ct_eversource_rate6_fixed_ratemc
532172,ct_eversource_rate6_fixed_ratemc
541302,ct_eversource_rate6_fixed_ratemc
547969,ct_eversource_rate6_fixed_ratemc
208314,ct_eversource_rate6_fixed_ratemc
34569,ct_eversource_rate6_fixed_ratemc
155356,ct_eversource_rate6_fixed_ratemc
376742,ct_eversource_rate6_fixed_ratemc
50841,ct_eversource_rate6_fixed_ratemc
52074,ct_eversource_rate6_fixed_ratemc
387012,ct_eversource_rate6_fixed_ratemc
362858,ct_eversource_rate6_fixed_ratemc
166362,ct_eversource_rate6_fixed_ratemc
232441,ct_eversource_rate6_fixed_ratemc
77766,ct_eversource_rate6_fixed_ratemc
101183,ct_eversource_rate6_fixed_ratemc
126710,ct_eversource_rate6_fixed_ratemc
131445,ct_eversource_rate6_fixed_ratemc
415402,ct_eversource_rate6_fixed_ratemc
419573,ct_eversource_rate6_fixed_ratemc
209623,ct_eversource_rate6_fixed_ratemc
278016,ct_eversource_rate6_fixed_ratemc
426618,ct_eversource_rate6_fixed_ratemc
185384,ct_eversource_rate6_fixed_ratemc
158154,ct_eversource_rate6_fixed_ratemc
406166,ct_eversource_rate6_fixed_ratemc
459811,ct_eversource_rate6_fixed_ratemc
146587,ct_eversource_rate6_fixed_ratemc
146753,ct_eversource_rate6_fixed_ratemc
152924,ct_eversource_rate6_fixed_ratemc
185955,ct_eversource_rate6_fixed_ratemc
217901,ct_eversource_rate6_fixed_ratemc
238074,ct_eversource_rate6_fixed_ratemc
248237,ct_eversource_rate6_fixed_ratemc
248918,ct_eversource_rate6_fixed_ratemc
288356,ct_eversource_rate6_fixed_ratemc
329749,ct_eversource_rate6_fixed_ratemc
400163,ct_eversource_rate6_fixed_ratemc
406197,ct_eversource_rate6_fixed_ratemc
479793,ct_eversource_rate6_fixed_ratemc
499053,ct_eversource_rate6_fixed_ratemc
524288,ct_eversource_rate6_fixed_ratemc
526460,ct_eversource_rate6_fixed_ratemc
68769,ct_eversource_rate6_fixed_ratemc
184621,ct_eversource_rate6_fixed_ratemc
172274,ct_eversource_rate6_fixed_ratemc
147995,ct_eversource_rate6_fixed_ratemc
231918,ct_eversource_rate6_fixed_ratemc
321102,ct_eversource_rate6_fixed_ratemc
13594,ct_eversource_rate6_fixed_ratemc
20293,ct_eversource_rate6_fixed_ratemc
20461,ct_eversource_rate6_fixed_ratemc
50591,ct_eversource_rate6_fixed_ratemc
98993,ct_eversource_rate6_fixed_ratemc
127303,ct_eversource_rate6_fixed_ratemc
236915,ct_eversource_rate6_fixed_ratemc
219042,ct_eversource_rate6_fixed_ratemc
305165,ct_eversource_rate6_fixed_ratemc
69535,ct_eversource_rate6_fixed_ratemc
72716,ct_eversource_rate6_fixed_ratemc
82338,ct_eversource_rate6_fixed_ratemc
88120,ct_eversource_rate6_fixed_ratemc
100771,ct_eversource_rate6_fixed_ratemc
116225,ct_eversource_rate6_fixed_ratemc
137166,ct_eversource_rate6_fixed_ratemc
219054,ct_eversource_rate6_fixed_ratemc
273757,ct_eversource_rate6_fixed_ratemc
177901,ct_eversource_rate6_fixed_ratemc
192258,ct_eversource_rate6_fixed_ratemc
356752,ct_eversource_rate6_fixed_ratemc
378844,ct_eversource_rate6_fixed_ratemc
398610,ct_eversource_rate6_fixed_ratemc
223573,ct_eversource_rate6_fixed_ratemc
376553,ct_eversource_rate6_fixed_ratemc
319010,ct_eversource_rate6_fixed_ratemc
293029,ct_eversource_rate6_fixed_ratemc
296427,ct_eversource_rate6_fixed_ratemc
348572,ct_eversource_rate6_fixed_ratemc
380175,ct_eversource_rate6_fixed_ratemc
408682,ct_eversource_rate6_fixed_ratemc
438432,ct_eversource_rate6_fixed_ratemc
413621,ct_eversource_rate6_fixed_ratemc
438283,ct_eversource_rate6_fixed_ratemc
447107,ct_eversource_rate6_fixed_ratemc
38122,ct_eversource_rate6_fixed_ratemc
229325,ct_eversource_rate6_fixed_ratemc
462583,ct_eversource_rate6_fixed_ratemc
418874,ct_eversource_rate6_fixed_ratemc
421386,ct_eversource_rate6_fixed_ratemc
357001,ct_eversource_rate6_fixed_ratemc
134458,ct_eversource_rate6_fixed_ratemc
254875,ct_eversource_rate6_fixed_ratemc
454697,ct_eversource_rate6_fixed_ratemc
507540,ct_eversource_rate6_fixed_ratemc
522677,ct_eversource_rate6_fixed_ratemc
548796,ct_eversource_rate6_fixed_ratemc
29960,ct_eversource_rate6_fixed_ratemc
155773,ct_eversource_rate6_fixed_ratemc
172565,ct_eversource_rate6_fixed_ratemc
184172,ct_eversource_rate6_fixed_ratemc
279828,ct_eversource_rate6_fixed_ratemc
35658,ct_eversource_rate6_fixed_ratemc
45173,ct_eversource_rate6_fixed_ratemc
62666,ct_eversource_rate6_fixed_ratemc
476442,ct_eversource_rate6_fixed_ratemc
244250,ct_eversource_rate6_fixed_ratemc
70670,ct_eversource_rate6_fixed_ratemc
73038,ct_eversource_rate6_fixed_ratemc
113294,ct_eversource_rate6_fixed_ratemc
122360,ct_eversource_rate6_fixed_ratemc
372147,ct_eversource_rate6_fixed_ratemc
245307,ct_eversource_rate6_fixed_ratemc
451447,ct_eversource_rate6_fixed_ratemc
169101,ct_eversource_rate6_fixed_ratemc
323899,ct_eversource_rate6_fixed_ratemc
395341,ct_eversource_rate6_fixed_ratemc
216549,ct_eversource_rate6_fixed_ratemc
266950,ct_eversource_rate6_fixed_ratemc
268893,ct_eversource_rate6_fixed_ratemc
333274,ct_eversource_rate6_fixed_ratemc
336034,ct_eversource_rate6_fixed_ratemc
422960,ct_eversource_rate6_fixed_ratemc
371649,ct_eversource_rate6_fixed_ratemc
391422,ct_eversource_rate6_fixed_ratemc
421298,ct_eversource_rate6_fixed_ratemc
424819,ct_eversource_rate6_fixed_ratemc
202614,ct_eversource_rate6_fixed_ratemc
467582,ct_eversource_rate6_fixed_ratemc
301538,ct_eversource_rate6_fixed_ratemc
271241,ct_eversource_rate6_fixed_ratemc
290636,ct_eversource_rate6_fixed_ratemc
292197,ct_eversource_rate6_fixed_ratemc
484451,ct_eversource_rate6_fixed_ratemc
487725,ct_eversource_rate6_fixed_ratemc
489733,ct_eversource_rate6_fixed_ratemc
502652,ct_eversource_rate6_fixed_ratemc
503336,ct_eversource_rate6_fixed_ratemc
505266,ct_eversource_rate6_fixed_ratemc
505638,ct_eversource_rate6_fixed_ratemc
506411,ct_eversource_rate6_fixed_ratemc
536766,ct_eversource_rate6_fixed_ratemc
547006,ct_eversource_rate6_fixed_ratemc
66302,ct_eversource_rate6_fixed_ratemc
423839,ct_eversource_rate6_fixed_ratemc
138250,ct_eversource_rate6_fixed_ratemc
177032,ct_eversource_rate6_fixed_ratemc
149090,ct_eversource_rate6_fixed_ratemc
201591,ct_eversource_rate6_fixed_ratemc
2277,ct_eversource_rate6_fixed_ratemc
8668,ct_eversource_rate6_fixed_ratemc
27158,ct_eversource_rate6_fixed_ratemc
68228,ct_eversource_rate6_fixed_ratemc
158351,ct_eversource_rate6_fixed_ratemc
375754,ct_eversource_rate6_fixed_ratemc
77566,ct_eversource_rate6_fixed_ratemc
240534,ct_eversource_rate6_fixed_ratemc
313414,ct_eversource_rate6_fixed_ratemc
335511,ct_eversource_rate6_fixed_ratemc
392788,ct_eversource_rate6_fixed_ratemc
72973,ct_eversource_rate6_fixed_ratemc
80757,ct_eversource_rate6_fixed_ratemc
81765,ct_eversource_rate6_fixed_ratemc
87814,ct_eversource_rate6_fixed_ratemc
103549,ct_eversource_rate6_fixed_ratemc
109583,ct_eversource_rate6_fixed_ratemc
118062,ct_eversource_rate6_fixed_ratemc
118525,ct_eversource_rate6_fixed_ratemc
122986,ct_eversource_rate6_fixed_ratemc
124571,ct_eversource_rate6_fixed_ratemc
135239,ct_eversource_rate6_fixed_ratemc
148789,ct_eversource_rate6_fixed_ratemc
177756,ct_eversource_rate6_fixed_ratemc
188612,ct_eversource_rate6_fixed_ratemc
449294,ct_eversource_rate6_fixed_ratemc
140086,ct_eversource_rate6_fixed_ratemc
196662,ct_eversource_rate6_fixed_ratemc
395296,ct_eversource_rate6_fixed_ratemc
285671,ct_eversource_rate6_fixed_ratemc
401808,ct_eversource_rate6_fixed_ratemc
250429,ct_eversource_rate6_fixed_ratemc
267183,ct_eversource_rate6_fixed_ratemc
404078,ct_eversource_rate6_fixed_ratemc
412719,ct_eversource_rate6_fixed_ratemc
353401,ct_eversource_rate6_fixed_ratemc
311915,ct_eversource_rate6_fixed_ratemc
328947,ct_eversource_rate6_fixed_ratemc
345551,ct_eversource_rate6_fixed_ratemc
361533,ct_eversource_rate6_fixed_ratemc
372098,ct_eversource_rate6_fixed_ratemc
398637,ct_eversource_rate6_fixed_ratemc
400217,ct_eversource_rate6_fixed_ratemc
452463,ct_eversource_rate6_fixed_ratemc
467723,ct_eversource_rate6_fixed_ratemc
173953,ct_eversource_rate6_fixed_ratemc
259915,ct_eversource_rate6_fixed_ratemc
286644,ct_eversource_rate6_fixed_ratemc
166026,ct_eversource_rate6_fixed_ratemc
512927,ct_eversource_rate6_fixed_ratemc
142551,ct_eversource_rate6_fixed_ratemc
95661,ct_eversource_rate6_fixed_ratemc
481351,ct_eversource_rate6_fixed_ratemc
484920,ct_eversource_rate6_fixed_ratemc
492432,ct_eversource_rate6_fixed_ratemc
511947,ct_eversource_rate6_fixed_ratemc
517286,ct_eversource_rate6_fixed_ratemc
529641,ct_eversource_rate6_fixed_ratemc
535665,ct_eversource_rate6_fixed_ratemc
205877,ct_eversource_rate6_fixed_ratemc
27243,ct_eversource_rate6_fixed_ratemc
46424,ct_eversource_rate6_fixed_ratemc
233579,ct_eversource_rate6_fixed_ratemc
284251,ct_eversource_rate6_fixed_ratemc
9823,ct_eversource_rate6_fixed_ratemc
9864,ct_eversource_rate6_fixed_ratemc
26760,ct_eversource_rate6_fixed_ratemc
36195,ct_eversource_rate6_fixed_ratemc
44292,ct_eversource_rate6_fixed_ratemc
45971,ct_eversource_rate6_fixed_ratemc
52890,ct_eversource_rate6_fixed_ratemc
207683,ct_eversource_rate6_fixed_ratemc
176093,ct_eversource_rate6_fixed_ratemc
72516,ct_eversource_rate6_fixed_ratemc
76490,ct_eversource_rate6_fixed_ratemc
78423,ct_eversource_rate6_fixed_ratemc
104498,ct_eversource_rate6_fixed_ratemc
108548,ct_eversource_rate6_fixed_ratemc
117094,ct_eversource_rate6_fixed_ratemc
352514,ct_eversource_rate6_fixed_ratemc
145900,ct_eversource_rate6_fixed_ratemc
180003,ct_eversource_rate6_fixed_ratemc
195914,ct_eversource_rate6_fixed_ratemc
370535,ct_eversource_rate6_fixed_ratemc
419331,ct_eversource_rate6_fixed_ratemc
366781,ct_eversource_rate6_fixed_ratemc
234060,ct_eversource_rate6_fixed_ratemc
236716,ct_eversource_rate6_fixed_ratemc
262462,ct_eversource_rate6_fixed_ratemc
270772,ct_eversource_rate6_fixed_ratemc
418294,ct_eversource_rate6_fixed_ratemc
344355,ct_eversource_rate6_fixed_ratemc
338813,ct_eversource_rate6_fixed_ratemc
331539,ct_eversource_rate6_fixed_ratemc
379973,ct_eversource_rate6_fixed_ratemc
375349,ct_eversource_rate6_fixed_ratemc
395953,ct_eversource_rate6_fixed_ratemc
360991,ct_eversource_rate6_fixed_ratemc
468052,ct_eversource_rate6_fixed_ratemc
464196,ct_eversource_rate6_fixed_ratemc
426127,ct_eversource_rate6_fixed_ratemc
395762,ct_eversource_rate6_fixed_ratemc
425831,ct_eversource_rate6_fixed_ratemc
445350,ct_eversource_rate6_fixed_ratemc
489540,ct_eversource_rate6_fixed_ratemc
498983,ct_eversource_rate6_fixed_ratemc
502886,ct_eversource_rate6_fixed_ratemc
477348,ct_eversource_rate6_fixed_ratemc
283932,ct_eversource_rate6_fixed_ratemc
128937,ct_eversource_rate6_fixed_ratemc
381912,ct_eversource_rate6_fixed_ratemc
313039,ct_eversource_rate6_fixed_ratemc
462689,ct_eversource_rate6_fixed_ratemc
18537,ct_eversource_rate6_fixed_ratemc
24641,ct_eversource_rate6_fixed_ratemc
27385,ct_eversource_rate6_fixed_ratemc
33175,ct_eversource_rate6_fixed_ratemc
53720,ct_eversource_rate6_fixed_ratemc
61712,ct_eversource_rate6_fixed_ratemc
450794,ct_eversource_rate6_fixed_ratemc
269609,ct_eversource_rate6_fixed_ratemc
154921,ct_eversource_rate6_fixed_ratemc
75614,ct_eversource_rate6_fixed_ratemc
284162,ct_eversource_rate6_fixed_ratemc
394835,ct_eversource_rate6_fixed_ratemc
241308,ct_eversource_rate6_fixed_ratemc
233838,ct_eversource_rate6_fixed_ratemc
336601,ct_eversource_rate6_fixed_ratemc
97418,ct_eversource_rate6_fixed_ratemc
130986,ct_eversource_rate6_fixed_ratemc
410253,ct_eversource_rate6_fixed_ratemc
429606,ct_eversource_rate6_fixed_ratemc
155618,ct_eversource_rate6_fixed_ratemc
289023,ct_eversource_rate6_fixed_ratemc
267742,ct_eversource_rate6_fixed_ratemc
140041,ct_eversource_rate6_fixed_ratemc
149395,ct_eversource_rate6_fixed_ratemc
157709,ct_eversource_rate6_fixed_ratemc
169510,ct_eversource_rate6_fixed_ratemc
192807,ct_eversource_rate6_fixed_ratemc
202615,ct_eversource_rate6_fixed_ratemc
321529,ct_eversource_rate6_fixed_ratemc
232373,ct_eversource_rate6_fixed_ratemc
214956,ct_eversource_rate6_fixed_ratemc
381549,ct_eversource_rate6_fixed_ratemc
210586,ct_eversource_rate6_fixed_ratemc
222274,ct_eversource_rate6_fixed_ratemc
230085,ct_eversource_rate6_fixed_ratemc
234088,ct_eversource_rate6_fixed_ratemc
255376,ct_eversource_rate6_fixed_ratemc
256547,ct_eversource_rate6_fixed_ratemc
257424,ct_eversource_rate6_fixed_ratemc
313638,ct_eversource_rate6_fixed_ratemc
377726,ct_eversource_rate6_fixed_ratemc
438090,ct_eversource_rate6_fixed_ratemc
283240,ct_eversource_rate6_fixed_ratemc
386939,ct_eversource_rate6_fixed_ratemc
345221,ct_eversource_rate6_fixed_ratemc
455971,ct_eversource_rate6_fixed_ratemc
419620,ct_eversource_rate6_fixed_ratemc
466957,ct_eversource_rate6_fixed_ratemc
304905,ct_eversource_rate6_fixed_ratemc
330795,ct_eversource_rate6_fixed_ratemc
164726,ct_eversource_rate6_fixed_ratemc
481376,ct_eversource_rate6_fixed_ratemc
494917,ct_eversource_rate6_fixed_ratemc
497812,ct_eversource_rate6_fixed_ratemc
501205,ct_eversource_rate6_fixed_ratemc
514569,ct_eversource_rate6_fixed_ratemc
530525,ct_eversource_rate6_fixed_ratemc
548050,ct_eversource_rate6_fixed_ratemc
32547,ct_eversource_rate6_fixed_ratemc
458348,ct_eversource_rate6_fixed_ratemc
230861,ct_eversource_rate6_fixed_ratemc
159807,ct_eversource_rate6_fixed_ratemc
189805,ct_eversource_rate6_fixed_ratemc
422492,ct_eversource_rate6_fixed_ratemc
5402,ct_eversource_rate6_fixed_ratemc
12130,ct_eversource_rate6_fixed_ratemc
17722,ct_eversource_rate6_fixed_ratemc
27159,ct_eversource_rate6_fixed_ratemc
57684,ct_eversource_rate6_fixed_ratemc
59642,ct_eversource_rate6_fixed_ratemc
63319,ct_eversource_rate6_fixed_ratemc
469433,ct_eversource_rate6_fixed_ratemc
155495,ct_eversource_rate6_fixed_ratemc
344965,ct_eversource_rate6_fixed_ratemc
370741,ct_eversource_rate6_fixed_ratemc
83250,ct_eversource_rate6_fixed_ratemc
86996,ct_eversource_rate6_fixed_ratemc
95471,ct_eversource_rate6_fixed_ratemc
113670,ct_eversource_rate6_fixed_ratemc
123377,ct_eversource_rate6_fixed_ratemc
278927,ct_eversource_rate6_fixed_ratemc
467556,ct_eversource_rate6_fixed_ratemc
255906,ct_eversource_rate6_fixed_ratemc
161057,ct_eversource_rate6_fixed_ratemc
235903,ct_eversource_rate6_fixed_ratemc
264915,ct_eversource_rate6_fixed_ratemc
189384,ct_eversource_rate6_fixed_ratemc
201473,ct_eversource_rate6_fixed_ratemc
409096,ct_eversource_rate6_fixed_ratemc
477335,ct_eversource_rate6_fixed_ratemc
213348,ct_eversource_rate6_fixed_ratemc
323479,ct_eversource_rate6_fixed_ratemc
393672,ct_eversource_rate6_fixed_ratemc
444682,ct_eversource_rate6_fixed_ratemc
207521,ct_eversource_rate6_fixed_ratemc
209535,ct_eversource_rate6_fixed_ratemc
246176,ct_eversource_rate6_fixed_ratemc
266833,ct_eversource_rate6_fixed_ratemc
286758,ct_eversource_rate6_fixed_ratemc
369980,ct_eversource_rate6_fixed_ratemc
351703,ct_eversource_rate6_fixed_ratemc
289326,ct_eversource_rate6_fixed_ratemc
287870,ct_eversource_rate6_fixed_ratemc
372571,ct_eversource_rate6_fixed_ratemc
365021,ct_eversource_rate6_fixed_ratemc
438211,ct_eversource_rate6_fixed_ratemc
440365,ct_eversource_rate6_fixed_ratemc
376101,ct_eversource_rate6_fixed_ratemc
464901,ct_eversource_rate6_fixed_ratemc
473002,ct_eversource_rate6_fixed_ratemc
339039,ct_eversource_rate6_fixed_ratemc
487658,ct_eversource_rate6_fixed_ratemc
491879,ct_eversource_rate6_fixed_ratemc
493159,ct_eversource_rate6_fixed_ratemc
496484,ct_eversource_rate6_fixed_ratemc
497979,ct_eversource_rate6_fixed_ratemc
502563,ct_eversource_rate6_fixed_ratemc
518006,ct_eversource_rate6_fixed_ratemc
521242,ct_eversource_rate6_fixed_ratemc
530807,ct_eversource_rate6_fixed_ratemc
539937,ct_eversource_rate6_fixed_ratemc
544299,ct_eversource_rate6_fixed_ratemc
548202,ct_eversource_rate6_fixed_ratemc
186466,ct_eversource_rate6_fixed_ratemc
169371,ct_eversource_rate6_fixed_ratemc
396445,ct_eversource_rate6_fixed_ratemc
11115,ct_eversource_rate6_fixed_ratemc
13102,ct_eversource_rate6_fixed_ratemc
28825,ct_eversource_rate6_fixed_ratemc
37196,ct_eversource_rate6_fixed_ratemc
39749,ct_eversource_rate6_fixed_ratemc
43941,ct_eversource_rate6_fixed_ratemc
52634,ct_eversource_rate6_fixed_ratemc
351676,ct_eversource_rate6_fixed_ratemc
389179,ct_eversource_rate6_fixed_ratemc
218453,ct_eversource_rate6_fixed_ratemc
254036,ct_eversource_rate6_fixed_ratemc
415577,ct_eversource_rate6_fixed_ratemc
74793,ct_eversource_rate6_fixed_ratemc
79077,ct_eversource_rate6_fixed_ratemc
79321,ct_eversource_rate6_fixed_ratemc
79682,ct_eversource_rate6_fixed_ratemc
80969,ct_eversource_rate6_fixed_ratemc
106676,ct_eversource_rate6_fixed_ratemc
109508,ct_eversource_rate6_fixed_ratemc
111347,ct_eversource_rate6_fixed_ratemc
263934,ct_eversource_rate6_fixed_ratemc
246271,ct_eversource_rate6_fixed_ratemc
334624,ct_eversource_rate6_fixed_ratemc
142742,ct_eversource_rate6_fixed_ratemc
143634,ct_eversource_rate6_fixed_ratemc
149062,ct_eversource_rate6_fixed_ratemc
152443,ct_eversource_rate6_fixed_ratemc
175100,ct_eversource_rate6_fixed_ratemc
181138,ct_eversource_rate6_fixed_ratemc
191793,ct_eversource_rate6_fixed_ratemc
202643,ct_eversource_rate6_fixed_ratemc
395273,ct_eversource_rate6_fixed_ratemc
479583,ct_eversource_rate6_fixed_ratemc
218716,ct_eversource_rate6_fixed_ratemc
303508,ct_eversource_rate6_fixed_ratemc
390756,ct_eversource_rate6_fixed_ratemc
270414,ct_eversource_rate6_fixed_ratemc
336660,ct_eversource_rate6_fixed_ratemc
336805,ct_eversource_rate6_fixed_ratemc
342536,ct_eversource_rate6_fixed_ratemc
369932,ct_eversource_rate6_fixed_ratemc
386117,ct_eversource_rate6_fixed_ratemc
387714,ct_eversource_rate6_fixed_ratemc
396659,ct_eversource_rate6_fixed_ratemc
478720,ct_eversource_rate6_fixed_ratemc
429064,ct_eversource_rate6_fixed_ratemc
396910,ct_eversource_rate6_fixed_ratemc
402569,ct_eversource_rate6_fixed_ratemc
494791,ct_eversource_rate6_fixed_ratemc
495173,ct_eversource_rate6_fixed_ratemc
520868,ct_eversource_rate6_fixed_ratemc
523355,ct_eversource_rate6_fixed_ratemc
548511,ct_eversource_rate6_fixed_ratemc
51406,ct_eversource_rate6_fixed_ratemc
216140,ct_eversource_rate6_fixed_ratemc
165872,ct_eversource_rate6_fixed_ratemc
430722,ct_eversource_rate6_fixed_ratemc
454748,ct_eversource_rate6_fixed_ratemc
449060,ct_eversource_rate6_fixed_ratemc
6883,ct_eversource_rate6_fixed_ratemc
39862,ct_eversource_rate6_fixed_ratemc
54071,ct_eversource_rate6_fixed_ratemc
58974,ct_eversource_rate6_fixed_ratemc
60169,ct_eversource_rate6_fixed_ratemc
62435,ct_eversource_rate6_fixed_ratemc
360828,ct_eversource_rate6_fixed_ratemc
212720,ct_eversource_rate6_fixed_ratemc
387280,ct_eversource_rate6_fixed_ratemc
455280,ct_eversource_rate6_fixed_ratemc
71693,ct_eversource_rate6_fixed_ratemc
86890,ct_eversource_rate6_fixed_ratemc
91640,ct_eversource_rate6_fixed_ratemc
99040,ct_eversource_rate6_fixed_ratemc
107184,ct_eversource_rate6_fixed_ratemc
249700,ct_eversource_rate6_fixed_ratemc
140685,ct_eversource_rate6_fixed_ratemc
141865,ct_eversource_rate6_fixed_ratemc
145855,ct_eversource_rate6_fixed_ratemc
153024,ct_eversource_rate6_fixed_ratemc
169863,ct_eversource_rate6_fixed_ratemc
182800,ct_eversource_rate6_fixed_ratemc
193937,ct_eversource_rate6_fixed_ratemc
368655,ct_eversource_rate6_fixed_ratemc
291008,ct_eversource_rate6_fixed_ratemc
206529,ct_eversource_rate6_fixed_ratemc
217273,ct_eversource_rate6_fixed_ratemc
229704,ct_eversource_rate6_fixed_ratemc
457572,ct_eversource_rate6_fixed_ratemc
470503,ct_eversource_rate6_fixed_ratemc
364356,ct_eversource_rate6_fixed_ratemc
344988,ct_eversource_rate6_fixed_ratemc
434410,ct_eversource_rate6_fixed_ratemc
418337,ct_eversource_rate6_fixed_ratemc
369704,ct_eversource_rate6_fixed_ratemc
318066,ct_eversource_rate6_fixed_ratemc
288341,ct_eversource_rate6_fixed_ratemc
492711,ct_eversource_rate6_fixed_ratemc
514626,ct_eversource_rate6_fixed_ratemc
544118,ct_eversource_rate6_fixed_ratemc
7295,ct_eversource_rate6_fixed_ratemc
74082,ct_eversource_rate6_fixed_ratemc
116550,ct_eversource_rate6_fixed_ratemc
121510,ct_eversource_rate6_fixed_ratemc
128948,ct_eversource_rate6_fixed_ratemc
360373,ct_eversource_rate6_fixed_ratemc
336113,ct_eversource_rate6_fixed_ratemc
9514,ct_eversource_rate6_fixed_ratemc
35680,ct_eversource_rate6_fixed_ratemc
37993,ct_eversource_rate6_fixed_ratemc
39084,ct_eversource_rate6_fixed_ratemc
55514,ct_eversource_rate6_fixed_ratemc
66329,ct_eversource_rate6_fixed_ratemc
378273,ct_eversource_rate6_fixed_ratemc
127949,ct_eversource_rate6_fixed_ratemc
356964,ct_eversource_rate6_fixed_ratemc
419207,ct_eversource_rate6_fixed_ratemc
335119,ct_eversource_rate6_fixed_ratemc
354779,ct_eversource_rate6_fixed_ratemc
70463,ct_eversource_rate6_fixed_ratemc
101712,ct_eversource_rate6_fixed_ratemc
109033,ct_eversource_rate6_fixed_ratemc
146623,ct_eversource_rate6_fixed_ratemc
183395,ct_eversource_rate6_fixed_ratemc
151554,ct_eversource_rate6_fixed_ratemc
161530,ct_eversource_rate6_fixed_ratemc
431265,ct_eversource_rate6_fixed_ratemc
233555,ct_eversource_rate6_fixed_ratemc
454389,ct_eversource_rate6_fixed_ratemc
423361,ct_eversource_rate6_fixed_ratemc
318566,ct_eversource_rate6_fixed_ratemc
371903,ct_eversource_rate6_fixed_ratemc
362142,ct_eversource_rate6_fixed_ratemc
412808,ct_eversource_rate6_fixed_ratemc
341761,ct_eversource_rate6_fixed_ratemc
387384,ct_eversource_rate6_fixed_ratemc
397830,ct_eversource_rate6_fixed_ratemc
471534,ct_eversource_rate6_fixed_ratemc
453304,ct_eversource_rate6_fixed_ratemc
410466,ct_eversource_rate6_fixed_ratemc
434670,ct_eversource_rate6_fixed_ratemc
340556,ct_eversource_rate6_fixed_ratemc
429431,ct_eversource_rate6_fixed_ratemc
497005,ct_eversource_rate6_fixed_ratemc
497292,ct_eversource_rate6_fixed_ratemc
75013,ct_eversource_rate6_fixed_ratemc
153381,ct_eversource_rate6_fixed_ratemc
370264,ct_eversource_rate6_fixed_ratemc
371922,ct_eversource_rate6_fixed_ratemc
5294,ct_eversource_rate6_fixed_ratemc
23403,ct_eversource_rate6_fixed_ratemc
44270,ct_eversource_rate6_fixed_ratemc
44839,ct_eversource_rate6_fixed_ratemc
50671,ct_eversource_rate6_fixed_ratemc
57388,ct_eversource_rate6_fixed_ratemc
64829,ct_eversource_rate6_fixed_ratemc
219916,ct_eversource_rate6_fixed_ratemc
278135,ct_eversource_rate6_fixed_ratemc
310833,ct_eversource_rate6_fixed_ratemc
89603,ct_eversource_rate6_fixed_ratemc
95837,ct_eversource_rate6_fixed_ratemc
114727,ct_eversource_rate6_fixed_ratemc
116050,ct_eversource_rate6_fixed_ratemc
137552,ct_eversource_rate6_fixed_ratemc
444882,ct_eversource_rate6_fixed_ratemc
138918,ct_eversource_rate6_fixed_ratemc
142772,ct_eversource_rate6_fixed_ratemc
165236,ct_eversource_rate6_fixed_ratemc
168816,ct_eversource_rate6_fixed_ratemc
184296,ct_eversource_rate6_fixed_ratemc
187133,ct_eversource_rate6_fixed_ratemc
190668,ct_eversource_rate6_fixed_ratemc
256412,ct_eversource_rate6_fixed_ratemc
339142,ct_eversource_rate6_fixed_ratemc
226236,ct_eversource_rate6_fixed_ratemc
225669,ct_eversource_rate6_fixed_ratemc
234407,ct_eversource_rate6_fixed_ratemc
243631,ct_eversource_rate6_fixed_ratemc
245025,ct_eversource_rate6_fixed_ratemc
262135,ct_eversource_rate6_fixed_ratemc
267238,ct_eversource_rate6_fixed_ratemc
276590,ct_eversource_rate6_fixed_ratemc
286503,ct_eversource_rate6_fixed_ratemc
338356,ct_eversource_rate6_fixed_ratemc
478960,ct_eversource_rate6_fixed_ratemc
412450,ct_eversource_rate6_fixed_ratemc
401814,ct_eversource_rate6_fixed_ratemc
350407,ct_eversource_rate6_fixed_ratemc
429768,ct_eversource_rate6_fixed_ratemc
434822,ct_eversource_rate6_fixed_ratemc
456568,ct_eversource_rate6_fixed_ratemc
468575,ct_eversource_rate6_fixed_ratemc
470340,ct_eversource_rate6_fixed_ratemc
471164,ct_eversource_rate6_fixed_ratemc
390642,ct_eversource_rate6_fixed_ratemc
300723,ct_eversource_rate6_fixed_ratemc
167821,ct_eversource_rate6_fixed_ratemc
370922,ct_eversource_rate6_fixed_ratemc
409480,ct_eversource_rate6_fixed_ratemc
208199,ct_eversource_rate6_fixed_ratemc
510197,ct_eversource_rate6_fixed_ratemc
511515,ct_eversource_rate6_fixed_ratemc
519442,ct_eversource_rate6_fixed_ratemc
536698,ct_eversource_rate6_fixed_ratemc
539418,ct_eversource_rate6_fixed_ratemc
543144,ct_eversource_rate6_fixed_ratemc
252889,ct_eversource_rate6_fixed_ratemc
243316,ct_eversource_rate6_fixed_ratemc
170742,ct_eversource_rate6_fixed_ratemc
223328,ct_eversource_rate6_fixed_ratemc
5662,ct_eversource_rate6_fixed_ratemc
8050,ct_eversource_rate6_fixed_ratemc
9636,ct_eversource_rate6_fixed_ratemc
201985,ct_eversource_rate6_fixed_ratemc
475918,ct_eversource_rate6_fixed_ratemc
244554,ct_eversource_rate6_fixed_ratemc
285665,ct_eversource_rate6_fixed_ratemc
446435,ct_eversource_rate6_fixed_ratemc
79812,ct_eversource_rate6_fixed_ratemc
81580,ct_eversource_rate6_fixed_ratemc
116972,ct_eversource_rate6_fixed_ratemc
133607,ct_eversource_rate6_fixed_ratemc
282665,ct_eversource_rate6_fixed_ratemc
354854,ct_eversource_rate6_fixed_ratemc
144857,ct_eversource_rate6_fixed_ratemc
151394,ct_eversource_rate6_fixed_ratemc
168305,ct_eversource_rate6_fixed_ratemc
175741,ct_eversource_rate6_fixed_ratemc
185627,ct_eversource_rate6_fixed_ratemc
188282,ct_eversource_rate6_fixed_ratemc
194918,ct_eversource_rate6_fixed_ratemc
197312,ct_eversource_rate6_fixed_ratemc
364122,ct_eversource_rate6_fixed_ratemc
239353,ct_eversource_rate6_fixed_ratemc
466927,ct_eversource_rate6_fixed_ratemc
382846,ct_eversource_rate6_fixed_ratemc
243997,ct_eversource_rate6_fixed_ratemc
261897,ct_eversource_rate6_fixed_ratemc
363300,ct_eversource_rate6_fixed_ratemc
472249,ct_eversource_rate6_fixed_ratemc
290238,ct_eversource_rate6_fixed_ratemc
305571,ct_eversource_rate6_fixed_ratemc
318217,ct_eversource_rate6_fixed_ratemc
339367,ct_eversource_rate6_fixed_ratemc
371914,ct_eversource_rate6_fixed_ratemc
375118,ct_eversource_rate6_fixed_ratemc
394093,ct_eversource_rate6_fixed_ratemc
127978,ct_eversource_rate6_fixed_ratemc
407141,ct_eversource_rate6_fixed_ratemc
481910,ct_eversource_rate6_fixed_ratemc
520689,ct_eversource_rate6_fixed_ratemc
523182,ct_eversource_rate6_fixed_ratemc
526241,ct_eversource_rate6_fixed_ratemc
535592,ct_eversource_rate6_fixed_ratemc
546741,ct_eversource_rate6_fixed_ratemc
547936,ct_eversource_rate6_fixed_ratemc
23039,ct_eversource_rate6_fixed_ratemc
291407,ct_eversource_rate6_fixed_ratemc
157101,ct_eversource_rate6_fixed_ratemc
435536,ct_eversource_rate6_fixed_ratemc
289514,ct_eversource_rate6_fixed_ratemc
13728,ct_eversource_rate6_fixed_ratemc
30667,ct_eversource_rate6_fixed_ratemc
79702,ct_eversource_rate6_fixed_ratemc
475824,ct_eversource_rate6_fixed_ratemc
216023,ct_eversource_rate6_fixed_ratemc
284718,ct_eversource_rate6_fixed_ratemc
78479,ct_eversource_rate6_fixed_ratemc
88974,ct_eversource_rate6_fixed_ratemc
106708,ct_eversource_rate6_fixed_ratemc
107945,ct_eversource_rate6_fixed_ratemc
113585,ct_eversource_rate6_fixed_ratemc
281756,ct_eversource_rate6_fixed_ratemc
453705,ct_eversource_rate6_fixed_ratemc
324303,ct_eversource_rate6_fixed_ratemc
363266,ct_eversource_rate6_fixed_ratemc
153527,ct_eversource_rate6_fixed_ratemc
288697,ct_eversource_rate6_fixed_ratemc
272195,ct_eversource_rate6_fixed_ratemc
241785,ct_eversource_rate6_fixed_ratemc
301616,ct_eversource_rate6_fixed_ratemc
365945,ct_eversource_rate6_fixed_ratemc
448734,ct_eversource_rate6_fixed_ratemc
283082,ct_eversource_rate6_fixed_ratemc
325223,ct_eversource_rate6_fixed_ratemc
380081,ct_eversource_rate6_fixed_ratemc
386008,ct_eversource_rate6_fixed_ratemc
351891,ct_eversource_rate6_fixed_ratemc
443848,ct_eversource_rate6_fixed_ratemc
453942,ct_eversource_rate6_fixed_ratemc
363309,ct_eversource_rate6_fixed_ratemc
391048,ct_eversource_rate6_fixed_ratemc
107058,ct_eversource_rate6_fixed_ratemc
112020,ct_eversource_rate6_fixed_ratemc
123709,ct_eversource_rate6_fixed_ratemc
318322,ct_eversource_rate6_fixed_ratemc
380039,ct_eversource_rate6_fixed_ratemc
485086,ct_eversource_rate6_fixed_ratemc
501886,ct_eversource_rate6_fixed_ratemc
524903,ct_eversource_rate6_fixed_ratemc
535414,ct_eversource_rate6_fixed_ratemc
231057,ct_eversource_rate6_fixed_ratemc
266265,ct_eversource_rate6_fixed_ratemc
208351,ct_eversource_rate6_fixed_ratemc
392987,ct_eversource_rate6_fixed_ratemc
48561,ct_eversource_rate6_fixed_ratemc
19852,ct_eversource_rate6_fixed_ratemc
20399,ct_eversource_rate6_fixed_ratemc
26148,ct_eversource_rate6_fixed_ratemc
48790,ct_eversource_rate6_fixed_ratemc
56396,ct_eversource_rate6_fixed_ratemc
68479,ct_eversource_rate6_fixed_ratemc
131753,ct_eversource_rate6_fixed_ratemc
281710,ct_eversource_rate6_fixed_ratemc
363729,ct_eversource_rate6_fixed_ratemc
279137,ct_eversource_rate6_fixed_ratemc
337336,ct_eversource_rate6_fixed_ratemc
76103,ct_eversource_rate6_fixed_ratemc
127251,ct_eversource_rate6_fixed_ratemc
135247,ct_eversource_rate6_fixed_ratemc
472643,ct_eversource_rate6_fixed_ratemc
395471,ct_eversource_rate6_fixed_ratemc
154304,ct_eversource_rate6_fixed_ratemc
442306,ct_eversource_rate6_fixed_ratemc
450305,ct_eversource_rate6_fixed_ratemc
393034,ct_eversource_rate6_fixed_ratemc
160258,ct_eversource_rate6_fixed_ratemc
160266,ct_eversource_rate6_fixed_ratemc
169909,ct_eversource_rate6_fixed_ratemc
170897,ct_eversource_rate6_fixed_ratemc
190543,ct_eversource_rate6_fixed_ratemc
400694,ct_eversource_rate6_fixed_ratemc
257534,ct_eversource_rate6_fixed_ratemc
342450,ct_eversource_rate6_fixed_ratemc
204289,ct_eversource_rate6_fixed_ratemc
206661,ct_eversource_rate6_fixed_ratemc
232630,ct_eversource_rate6_fixed_ratemc
420215,ct_eversource_rate6_fixed_ratemc
417110,ct_eversource_rate6_fixed_ratemc
269531,ct_eversource_rate6_fixed_ratemc
273469,ct_eversource_rate6_fixed_ratemc
280816,ct_eversource_rate6_fixed_ratemc
287162,ct_eversource_rate6_fixed_ratemc
309826,ct_eversource_rate6_fixed_ratemc
310115,ct_eversource_rate6_fixed_ratemc
315840,ct_eversource_rate6_fixed_ratemc
318918,ct_eversource_rate6_fixed_ratemc
466200,ct_eversource_rate6_fixed_ratemc
477725,ct_eversource_rate6_fixed_ratemc
399525,ct_eversource_rate6_fixed_ratemc
458479,ct_eversource_rate6_fixed_ratemc
387637,ct_eversource_rate6_fixed_ratemc
149789,ct_eversource_rate6_fixed_ratemc
521478,ct_eversource_rate6_fixed_ratemc
534336,ct_eversource_rate6_fixed_ratemc
535836,ct_eversource_rate6_fixed_ratemc
537354,ct_eversource_rate6_fixed_ratemc
427401,ct_eversource_rate6_fixed_ratemc
267940,ct_eversource_rate6_fixed_ratemc
288179,ct_eversource_rate6_fixed_ratemc
21637,ct_eversource_rate6_fixed_ratemc
26167,ct_eversource_rate6_fixed_ratemc
52707,ct_eversource_rate6_fixed_ratemc
58319,ct_eversource_rate6_fixed_ratemc
60986,ct_eversource_rate6_fixed_ratemc
352143,ct_eversource_rate6_fixed_ratemc
372677,ct_eversource_rate6_fixed_ratemc
78995,ct_eversource_rate6_fixed_ratemc
106304,ct_eversource_rate6_fixed_ratemc
170339,ct_eversource_rate6_fixed_ratemc
384401,ct_eversource_rate6_fixed_ratemc
389787,ct_eversource_rate6_fixed_ratemc
84959,ct_eversource_rate6_fixed_ratemc
90757,ct_eversource_rate6_fixed_ratemc
102052,ct_eversource_rate6_fixed_ratemc
116537,ct_eversource_rate6_fixed_ratemc
151796,ct_eversource_rate6_fixed_ratemc
425742,ct_eversource_rate6_fixed_ratemc
427181,ct_eversource_rate6_fixed_ratemc
152774,ct_eversource_rate6_fixed_ratemc
189503,ct_eversource_rate6_fixed_ratemc
201030,ct_eversource_rate6_fixed_ratemc
407449,ct_eversource_rate6_fixed_ratemc
463827,ct_eversource_rate6_fixed_ratemc
471821,ct_eversource_rate6_fixed_ratemc
324153,ct_eversource_rate6_fixed_ratemc
386083,ct_eversource_rate6_fixed_ratemc
397518,ct_eversource_rate6_fixed_ratemc
212633,ct_eversource_rate6_fixed_ratemc
214727,ct_eversource_rate6_fixed_ratemc
242018,ct_eversource_rate6_fixed_ratemc
249626,ct_eversource_rate6_fixed_ratemc
257399,ct_eversource_rate6_fixed_ratemc
261878,ct_eversource_rate6_fixed_ratemc
325717,ct_eversource_rate6_fixed_ratemc
408812,ct_eversource_rate6_fixed_ratemc
15746,ct_eversource_rate6_fixed_ratemc
266537,ct_eversource_rate6_fixed_ratemc
311729,ct_eversource_rate6_fixed_ratemc
467685,ct_eversource_rate6_fixed_ratemc
492203,ct_eversource_rate6_fixed_ratemc
481237,ct_eversource_rate6_fixed_ratemc
488257,ct_eversource_rate6_fixed_ratemc
136508,ct_eversource_rate6_fixed_ratemc
343123,ct_eversource_rate6_fixed_ratemc
130227,ct_eversource_rate6_fixed_ratemc
270275,ct_eversource_rate6_fixed_ratemc
145504,ct_eversource_rate6_fixed_ratemc
243924,ct_eversource_rate6_fixed_ratemc
268963,ct_eversource_rate6_fixed_ratemc
336101,ct_eversource_rate6_fixed_ratemc
353154,ct_eversource_rate6_fixed_ratemc
436622,ct_eversource_rate6_fixed_ratemc
3154,ct_eversource_rate6_fixed_ratemc
11617,ct_eversource_rate6_fixed_ratemc
22898,ct_eversource_rate6_fixed_ratemc
31469,ct_eversource_rate6_fixed_ratemc
34990,ct_eversource_rate6_fixed_ratemc
40503,ct_eversource_rate6_fixed_ratemc
58688,ct_eversource_rate6_fixed_ratemc
61608,ct_eversource_rate6_fixed_ratemc
65432,ct_eversource_rate6_fixed_ratemc
425476,ct_eversource_rate6_fixed_ratemc
239218,ct_eversource_rate6_fixed_ratemc
372485,ct_eversource_rate6_fixed_ratemc
86406,ct_eversource_rate6_fixed_ratemc
111574,ct_eversource_rate6_fixed_ratemc
114181,ct_eversource_rate6_fixed_ratemc
115827,ct_eversource_rate6_fixed_ratemc
127706,ct_eversource_rate6_fixed_ratemc
134233,ct_eversource_rate6_fixed_ratemc
450553,ct_eversource_rate6_fixed_ratemc
351883,ct_eversource_rate6_fixed_ratemc
361019,ct_eversource_rate6_fixed_ratemc
176054,ct_eversource_rate6_fixed_ratemc
254746,ct_eversource_rate6_fixed_ratemc
434285,ct_eversource_rate6_fixed_ratemc
201756,ct_eversource_rate6_fixed_ratemc
218146,ct_eversource_rate6_fixed_ratemc
263107,ct_eversource_rate6_fixed_ratemc
229795,ct_eversource_rate6_fixed_ratemc
231443,ct_eversource_rate6_fixed_ratemc
233677,ct_eversource_rate6_fixed_ratemc
234600,ct_eversource_rate6_fixed_ratemc
238945,ct_eversource_rate6_fixed_ratemc
249349,ct_eversource_rate6_fixed_ratemc
260475,ct_eversource_rate6_fixed_ratemc
264949,ct_eversource_rate6_fixed_ratemc
366920,ct_eversource_rate6_fixed_ratemc
318701,ct_eversource_rate6_fixed_ratemc
335324,ct_eversource_rate6_fixed_ratemc
444132,ct_eversource_rate6_fixed_ratemc
269988,ct_eversource_rate6_fixed_ratemc
310232,ct_eversource_rate6_fixed_ratemc
314489,ct_eversource_rate6_fixed_ratemc
317088,ct_eversource_rate6_fixed_ratemc
385856,ct_eversource_rate6_fixed_ratemc
418808,ct_eversource_rate6_fixed_ratemc
528920,ct_eversource_rate6_fixed_ratemc
544025,ct_eversource_rate6_fixed_ratemc
137576,ct_eversource_rate6_fixed_ratemc
321480,ct_eversource_rate6_fixed_ratemc
221554,ct_eversource_rate6_fixed_ratemc
131784,ct_eversource_rate6_fixed_ratemc
467782,ct_eversource_rate6_fixed_ratemc
483411,ct_eversource_rate6_fixed_ratemc
507859,ct_eversource_rate6_fixed_ratemc
520508,ct_eversource_rate6_fixed_ratemc
523863,ct_eversource_rate6_fixed_ratemc
70257,ct_eversource_rate6_fixed_ratemc
148882,ct_eversource_rate6_fixed_ratemc
175401,ct_eversource_rate6_fixed_ratemc
386481,ct_eversource_rate6_fixed_ratemc
14391,ct_eversource_rate6_fixed_ratemc
19183,ct_eversource_rate6_fixed_ratemc
20203,ct_eversource_rate6_fixed_ratemc
28444,ct_eversource_rate6_fixed_ratemc
61664,ct_eversource_rate6_fixed_ratemc
63338,ct_eversource_rate6_fixed_ratemc
124732,ct_eversource_rate6_fixed_ratemc
190608,ct_eversource_rate6_fixed_ratemc
408568,ct_eversource_rate6_fixed_ratemc
366356,ct_eversource_rate6_fixed_ratemc
70022,ct_eversource_rate6_fixed_ratemc
86780,ct_eversource_rate6_fixed_ratemc
94925,ct_eversource_rate6_fixed_ratemc
114199,ct_eversource_rate6_fixed_ratemc
114982,ct_eversource_rate6_fixed_ratemc
138119,ct_eversource_rate6_fixed_ratemc
398582,ct_eversource_rate6_fixed_ratemc
295009,ct_eversource_rate6_fixed_ratemc
273790,ct_eversource_rate6_fixed_ratemc
441708,ct_eversource_rate6_fixed_ratemc
441679,ct_eversource_rate6_fixed_ratemc
378832,ct_eversource_rate6_fixed_ratemc
349966,ct_eversource_rate6_fixed_ratemc
231161,ct_eversource_rate6_fixed_ratemc
231500,ct_eversource_rate6_fixed_ratemc
248813,ct_eversource_rate6_fixed_ratemc
326686,ct_eversource_rate6_fixed_ratemc
476053,ct_eversource_rate6_fixed_ratemc
304436,ct_eversource_rate6_fixed_ratemc
447710,ct_eversource_rate6_fixed_ratemc
288872,ct_eversource_rate6_fixed_ratemc
298072,ct_eversource_rate6_fixed_ratemc
331126,ct_eversource_rate6_fixed_ratemc
355590,ct_eversource_rate6_fixed_ratemc
250517,ct_eversource_rate6_fixed_ratemc
464606,ct_eversource_rate6_fixed_ratemc
484776,ct_eversource_rate6_fixed_ratemc
487319,ct_eversource_rate6_fixed_ratemc
488744,ct_eversource_rate6_fixed_ratemc
499391,ct_eversource_rate6_fixed_ratemc
505902,ct_eversource_rate6_fixed_ratemc
521121,ct_eversource_rate6_fixed_ratemc
526014,ct_eversource_rate6_fixed_ratemc
540590,ct_eversource_rate6_fixed_ratemc
541349,ct_eversource_rate6_fixed_ratemc
548837,ct_eversource_rate6_fixed_ratemc
549253,ct_eversource_rate6_fixed_ratemc
250608,ct_eversource_rate6_fixed_ratemc
282431,ct_eversource_rate6_fixed_ratemc
237919,ct_eversource_rate6_fixed_ratemc
464184,ct_eversource_rate6_fixed_ratemc
8404,ct_eversource_rate6_fixed_ratemc
30835,ct_eversource_rate6_fixed_ratemc
32110,ct_eversource_rate6_fixed_ratemc
33334,ct_eversource_rate6_fixed_ratemc
40355,ct_eversource_rate6_fixed_ratemc
40750,ct_eversource_rate6_fixed_ratemc
53212,ct_eversource_rate6_fixed_ratemc
83837,ct_eversource_rate6_fixed_ratemc
385141,ct_eversource_rate6_fixed_ratemc
84435,ct_eversource_rate6_fixed_ratemc
84498,ct_eversource_rate6_fixed_ratemc
85463,ct_eversource_rate6_fixed_ratemc
100957,ct_eversource_rate6_fixed_ratemc
111057,ct_eversource_rate6_fixed_ratemc
122797,ct_eversource_rate6_fixed_ratemc
137674,ct_eversource_rate6_fixed_ratemc
300877,ct_eversource_rate6_fixed_ratemc
427829,ct_eversource_rate6_fixed_ratemc
415592,ct_eversource_rate6_fixed_ratemc
259860,ct_eversource_rate6_fixed_ratemc
158906,ct_eversource_rate6_fixed_ratemc
161086,ct_eversource_rate6_fixed_ratemc
193111,ct_eversource_rate6_fixed_ratemc
200183,ct_eversource_rate6_fixed_ratemc
202167,ct_eversource_rate6_fixed_ratemc
343396,ct_eversource_rate6_fixed_ratemc
454094,ct_eversource_rate6_fixed_ratemc
209806,ct_eversource_rate6_fixed_ratemc
332830,ct_eversource_rate6_fixed_ratemc
214665,ct_eversource_rate6_fixed_ratemc
221569,ct_eversource_rate6_fixed_ratemc
243776,ct_eversource_rate6_fixed_ratemc
254280,ct_eversource_rate6_fixed_ratemc
257043,ct_eversource_rate6_fixed_ratemc
471401,ct_eversource_rate6_fixed_ratemc
328324,ct_eversource_rate6_fixed_ratemc
293390,ct_eversource_rate6_fixed_ratemc
298456,ct_eversource_rate6_fixed_ratemc
308894,ct_eversource_rate6_fixed_ratemc
202188,ct_eversource_rate6_fixed_ratemc
136393,ct_eversource_rate6_fixed_ratemc
413098,ct_eversource_rate6_fixed_ratemc
198578,ct_eversource_rate6_fixed_ratemc
27801,ct_eversource_rate6_fixed_ratemc
210887,ct_eversource_rate6_fixed_ratemc
487439,ct_eversource_rate6_fixed_ratemc
508239,ct_eversource_rate6_fixed_ratemc
534898,ct_eversource_rate6_fixed_ratemc
27704,ct_eversource_rate6_fixed_ratemc
82862,ct_eversource_rate6_fixed_ratemc
237812,ct_eversource_rate6_fixed_ratemc
116355,ct_eversource_rate6_fixed_ratemc
420487,ct_eversource_rate6_fixed_ratemc
11356,ct_eversource_rate6_fixed_ratemc
18309,ct_eversource_rate6_fixed_ratemc
28430,ct_eversource_rate6_fixed_ratemc
69066,ct_eversource_rate6_fixed_ratemc
395985,ct_eversource_rate6_fixed_ratemc
166544,ct_eversource_rate6_fixed_ratemc
217893,ct_eversource_rate6_fixed_ratemc
429137,ct_eversource_rate6_fixed_ratemc
287089,ct_eversource_rate6_fixed_ratemc
71584,ct_eversource_rate6_fixed_ratemc
77755,ct_eversource_rate6_fixed_ratemc
85985,ct_eversource_rate6_fixed_ratemc
88080,ct_eversource_rate6_fixed_ratemc
108113,ct_eversource_rate6_fixed_ratemc
113181,ct_eversource_rate6_fixed_ratemc
126645,ct_eversource_rate6_fixed_ratemc
324963,ct_eversource_rate6_fixed_ratemc
209689,ct_eversource_rate6_fixed_ratemc
421084,ct_eversource_rate6_fixed_ratemc
143426,ct_eversource_rate6_fixed_ratemc
144938,ct_eversource_rate6_fixed_ratemc
179679,ct_eversource_rate6_fixed_ratemc
187921,ct_eversource_rate6_fixed_ratemc
193990,ct_eversource_rate6_fixed_ratemc
408644,ct_eversource_rate6_fixed_ratemc
375474,ct_eversource_rate6_fixed_ratemc
204304,ct_eversource_rate6_fixed_ratemc
206140,ct_eversource_rate6_fixed_ratemc
210753,ct_eversource_rate6_fixed_ratemc
223232,ct_eversource_rate6_fixed_ratemc
240564,ct_eversource_rate6_fixed_ratemc
249761,ct_eversource_rate6_fixed_ratemc
251493,ct_eversource_rate6_fixed_ratemc
398073,ct_eversource_rate6_fixed_ratemc
475291,ct_eversource_rate6_fixed_ratemc
287398,ct_eversource_rate6_fixed_ratemc
386773,ct_eversource_rate6_fixed_ratemc
292083,ct_eversource_rate6_fixed_ratemc
271401,ct_eversource_rate6_fixed_ratemc
273685,ct_eversource_rate6_fixed_ratemc
324555,ct_eversource_rate6_fixed_ratemc
422243,ct_eversource_rate6_fixed_ratemc
322672,ct_eversource_rate6_fixed_ratemc
422428,ct_eversource_rate6_fixed_ratemc
268734,ct_eversource_rate6_fixed_ratemc
327305,ct_eversource_rate6_fixed_ratemc
498971,ct_eversource_rate6_fixed_ratemc
525413,ct_eversource_rate6_fixed_ratemc
528731,ct_eversource_rate6_fixed_ratemc
216086,ct_eversource_rate6_fixed_ratemc
66301,ct_eversource_rate6_fixed_ratemc
214876,ct_eversource_rate6_fixed_ratemc
440247,ct_eversource_rate6_fixed_ratemc
93966,ct_eversource_rate6_fixed_ratemc
273523,ct_eversource_rate6_fixed_ratemc
314540,ct_eversource_rate6_fixed_ratemc
1745,ct_eversource_rate6_fixed_ratemc
8897,ct_eversource_rate6_fixed_ratemc
31168,ct_eversource_rate6_fixed_ratemc
41696,ct_eversource_rate6_fixed_ratemc
55313,ct_eversource_rate6_fixed_ratemc
59067,ct_eversource_rate6_fixed_ratemc
288835,ct_eversource_rate6_fixed_ratemc
142465,ct_eversource_rate6_fixed_ratemc
133083,ct_eversource_rate6_fixed_ratemc
380058,ct_eversource_rate6_fixed_ratemc
476228,ct_eversource_rate6_fixed_ratemc
429590,ct_eversource_rate6_fixed_ratemc
107477,ct_eversource_rate6_fixed_ratemc
126273,ct_eversource_rate6_fixed_ratemc
312859,ct_eversource_rate6_fixed_ratemc
248038,ct_eversource_rate6_fixed_ratemc
468247,ct_eversource_rate6_fixed_ratemc
171651,ct_eversource_rate6_fixed_ratemc
366916,ct_eversource_rate6_fixed_ratemc
140801,ct_eversource_rate6_fixed_ratemc
443644,ct_eversource_rate6_fixed_ratemc
449376,ct_eversource_rate6_fixed_ratemc
237714,ct_eversource_rate6_fixed_ratemc
261326,ct_eversource_rate6_fixed_ratemc
207306,ct_eversource_rate6_fixed_ratemc
254740,ct_eversource_rate6_fixed_ratemc
461038,ct_eversource_rate6_fixed_ratemc
283518,ct_eversource_rate6_fixed_ratemc
314303,ct_eversource_rate6_fixed_ratemc
463648,ct_eversource_rate6_fixed_ratemc
475049,ct_eversource_rate6_fixed_ratemc
405051,ct_eversource_rate6_fixed_ratemc
374441,ct_eversource_rate6_fixed_ratemc
50586,ct_eversource_rate6_fixed_ratemc
338446,ct_eversource_rate6_fixed_ratemc
89917,ct_eversource_rate6_fixed_ratemc
367320,ct_eversource_rate6_fixed_ratemc
273771,ct_eversource_rate6_fixed_ratemc
376228,ct_eversource_rate6_fixed_ratemc
488676,ct_eversource_rate6_fixed_ratemc
523423,ct_eversource_rate6_fixed_ratemc
524917,ct_eversource_rate6_fixed_ratemc
530283,ct_eversource_rate6_fixed_ratemc
538036,ct_eversource_rate6_fixed_ratemc
89983,ct_eversource_rate6_fixed_ratemc
207181,ct_eversource_rate6_fixed_ratemc
310619,ct_eversource_rate6_fixed_ratemc
31933,ct_eversource_rate6_fixed_ratemc
43096,ct_eversource_rate6_fixed_ratemc
51924,ct_eversource_rate6_fixed_ratemc
56086,ct_eversource_rate6_fixed_ratemc
61362,ct_eversource_rate6_fixed_ratemc
194092,ct_eversource_rate6_fixed_ratemc
355296,ct_eversource_rate6_fixed_ratemc
410412,ct_eversource_rate6_fixed_ratemc
72177,ct_eversource_rate6_fixed_ratemc
95378,ct_eversource_rate6_fixed_ratemc
120803,ct_eversource_rate6_fixed_ratemc
123848,ct_eversource_rate6_fixed_ratemc
202633,ct_eversource_rate6_fixed_ratemc
161628,ct_eversource_rate6_fixed_ratemc
197551,ct_eversource_rate6_fixed_ratemc
315398,ct_eversource_rate6_fixed_ratemc
383417,ct_eversource_rate6_fixed_ratemc
470663,ct_eversource_rate6_fixed_ratemc
141585,ct_eversource_rate6_fixed_ratemc
182146,ct_eversource_rate6_fixed_ratemc
183614,ct_eversource_rate6_fixed_ratemc
203584,ct_eversource_rate6_fixed_ratemc
329865,ct_eversource_rate6_fixed_ratemc
323295,ct_eversource_rate6_fixed_ratemc
248667,ct_eversource_rate6_fixed_ratemc
283431,ct_eversource_rate6_fixed_ratemc
378515,ct_eversource_rate6_fixed_ratemc
215434,ct_eversource_rate6_fixed_ratemc
229552,ct_eversource_rate6_fixed_ratemc
239802,ct_eversource_rate6_fixed_ratemc
267480,ct_eversource_rate6_fixed_ratemc
470066,ct_eversource_rate6_fixed_ratemc
389753,ct_eversource_rate6_fixed_ratemc
341661,ct_eversource_rate6_fixed_ratemc
401258,ct_eversource_rate6_fixed_ratemc
363956,ct_eversource_rate6_fixed_ratemc
400746,ct_eversource_rate6_fixed_ratemc
451538,ct_eversource_rate6_fixed_ratemc
469143,ct_eversource_rate6_fixed_ratemc
174372,ct_eversource_rate6_fixed_ratemc
190140,ct_eversource_rate6_fixed_ratemc
486593,ct_eversource_rate6_fixed_ratemc
496966,ct_eversource_rate6_fixed_ratemc
228430,ct_eversource_rate6_fixed_ratemc
211844,ct_eversource_rate6_fixed_ratemc
316476,ct_eversource_rate6_fixed_ratemc
352646,ct_eversource_rate6_fixed_ratemc
267057,ct_eversource_rate6_fixed_ratemc
424150,ct_eversource_rate6_fixed_ratemc
9068,ct_eversource_rate6_fixed_ratemc
12516,ct_eversource_rate6_fixed_ratemc
22036,ct_eversource_rate6_fixed_ratemc
38032,ct_eversource_rate6_fixed_ratemc
46519,ct_eversource_rate6_fixed_ratemc
355805,ct_eversource_rate6_fixed_ratemc
69863,ct_eversource_rate6_fixed_ratemc
195246,ct_eversource_rate6_fixed_ratemc
384795,ct_eversource_rate6_fixed_ratemc
81207,ct_eversource_rate6_fixed_ratemc
121069,ct_eversource_rate6_fixed_ratemc
137557,ct_eversource_rate6_fixed_ratemc
412269,ct_eversource_rate6_fixed_ratemc
222080,ct_eversource_rate6_fixed_ratemc
151621,ct_eversource_rate6_fixed_ratemc
159335,ct_eversource_rate6_fixed_ratemc
190271,ct_eversource_rate6_fixed_ratemc
387123,ct_eversource_rate6_fixed_ratemc
470504,ct_eversource_rate6_fixed_ratemc
426731,ct_eversource_rate6_fixed_ratemc
301199,ct_eversource_rate6_fixed_ratemc
394101,ct_eversource_rate6_fixed_ratemc
402346,ct_eversource_rate6_fixed_ratemc
424401,ct_eversource_rate6_fixed_ratemc
244714,ct_eversource_rate6_fixed_ratemc
250042,ct_eversource_rate6_fixed_ratemc
263666,ct_eversource_rate6_fixed_ratemc
474615,ct_eversource_rate6_fixed_ratemc
384475,ct_eversource_rate6_fixed_ratemc
452940,ct_eversource_rate6_fixed_ratemc
324722,ct_eversource_rate6_fixed_ratemc
386536,ct_eversource_rate6_fixed_ratemc
358191,ct_eversource_rate6_fixed_ratemc
420795,ct_eversource_rate6_fixed_ratemc
238269,ct_eversource_rate6_fixed_ratemc
341042,ct_eversource_rate6_fixed_ratemc
117949,ct_eversource_rate6_fixed_ratemc
400914,ct_eversource_rate6_fixed_ratemc
306251,ct_eversource_rate6_fixed_ratemc
464462,ct_eversource_rate6_fixed_ratemc
480646,ct_eversource_rate6_fixed_ratemc
484090,ct_eversource_rate6_fixed_ratemc
489118,ct_eversource_rate6_fixed_ratemc
515200,ct_eversource_rate6_fixed_ratemc
522925,ct_eversource_rate6_fixed_ratemc
532452,ct_eversource_rate6_fixed_ratemc
534455,ct_eversource_rate6_fixed_ratemc
549750,ct_eversource_rate6_fixed_ratemc
232686,ct_eversource_rate6_fixed_ratemc
358115,ct_eversource_rate6_fixed_ratemc
229569,ct_eversource_rate6_fixed_ratemc
365778,ct_eversource_rate6_fixed_ratemc
323811,ct_eversource_rate6_fixed_ratemc
164739,ct_eversource_rate6_fixed_ratemc
16566,ct_eversource_rate6_fixed_ratemc
30845,ct_eversource_rate6_fixed_ratemc
34449,ct_eversource_rate6_fixed_ratemc
346980,ct_eversource_rate6_fixed_ratemc
70214,ct_eversource_rate6_fixed_ratemc
74440,ct_eversource_rate6_fixed_ratemc
115750,ct_eversource_rate6_fixed_ratemc
118209,ct_eversource_rate6_fixed_ratemc
376626,ct_eversource_rate6_fixed_ratemc
152605,ct_eversource_rate6_fixed_ratemc
157844,ct_eversource_rate6_fixed_ratemc
192893,ct_eversource_rate6_fixed_ratemc
197325,ct_eversource_rate6_fixed_ratemc
255250,ct_eversource_rate6_fixed_ratemc
391357,ct_eversource_rate6_fixed_ratemc
208707,ct_eversource_rate6_fixed_ratemc
232840,ct_eversource_rate6_fixed_ratemc
239646,ct_eversource_rate6_fixed_ratemc
240549,ct_eversource_rate6_fixed_ratemc
449166,ct_eversource_rate6_fixed_ratemc
334532,ct_eversource_rate6_fixed_ratemc
307185,ct_eversource_rate6_fixed_ratemc
316309,ct_eversource_rate6_fixed_ratemc
354412,ct_eversource_rate6_fixed_ratemc
367624,ct_eversource_rate6_fixed_ratemc
394460,ct_eversource_rate6_fixed_ratemc
345352,ct_eversource_rate6_fixed_ratemc
378545,ct_eversource_rate6_fixed_ratemc
399724,ct_eversource_rate6_fixed_ratemc
393355,ct_eversource_rate6_fixed_ratemc
464951,ct_eversource_rate6_fixed_ratemc
472269,ct_eversource_rate6_fixed_ratemc
48305,ct_eversource_rate6_fixed_ratemc
65283,ct_eversource_rate6_fixed_ratemc
539987,ct_eversource_rate6_fixed_ratemc
478937,ct_eversource_rate6_fixed_ratemc
395002,ct_eversource_rate6_fixed_ratemc
334842,ct_eversource_rate6_fixed_ratemc
290529,ct_eversource_rate6_fixed_ratemc
480262,ct_eversource_rate6_fixed_ratemc
481669,ct_eversource_rate6_fixed_ratemc
496425,ct_eversource_rate6_fixed_ratemc
506937,ct_eversource_rate6_fixed_ratemc
517891,ct_eversource_rate6_fixed_ratemc
524928,ct_eversource_rate6_fixed_ratemc
543602,ct_eversource_rate6_fixed_ratemc
549100,ct_eversource_rate6_fixed_ratemc
37479,ct_eversource_rate6_fixed_ratemc
435437,ct_eversource_rate6_fixed_ratemc
150542,ct_eversource_rate6_fixed_ratemc
15817,ct_eversource_rate6_fixed_ratemc
18791,ct_eversource_rate6_fixed_ratemc
32152,ct_eversource_rate6_fixed_ratemc
81912,ct_eversource_rate6_fixed_ratemc
211,ct_eversource_rate6_fixed_ratemc
14448,ct_eversource_rate6_fixed_ratemc
15333,ct_eversource_rate6_fixed_ratemc
40980,ct_eversource_rate6_fixed_ratemc
50310,ct_eversource_rate6_fixed_ratemc
289769,ct_eversource_rate6_fixed_ratemc
373194,ct_eversource_rate6_fixed_ratemc
127446,ct_eversource_rate6_fixed_ratemc
148478,ct_eversource_rate6_fixed_ratemc
357958,ct_eversource_rate6_fixed_ratemc
393300,ct_eversource_rate6_fixed_ratemc
69340,ct_eversource_rate6_fixed_ratemc
117068,ct_eversource_rate6_fixed_ratemc
121534,ct_eversource_rate6_fixed_ratemc
126671,ct_eversource_rate6_fixed_ratemc
132619,ct_eversource_rate6_fixed_ratemc
262932,ct_eversource_rate6_fixed_ratemc
432173,ct_eversource_rate6_fixed_ratemc
167583,ct_eversource_rate6_fixed_ratemc
173926,ct_eversource_rate6_fixed_ratemc
187372,ct_eversource_rate6_fixed_ratemc
190285,ct_eversource_rate6_fixed_ratemc
199440,ct_eversource_rate6_fixed_ratemc
212567,ct_eversource_rate6_fixed_ratemc
215946,ct_eversource_rate6_fixed_ratemc
240509,ct_eversource_rate6_fixed_ratemc
302645,ct_eversource_rate6_fixed_ratemc
304170,ct_eversource_rate6_fixed_ratemc
342568,ct_eversource_rate6_fixed_ratemc
402180,ct_eversource_rate6_fixed_ratemc
421233,ct_eversource_rate6_fixed_ratemc
459199,ct_eversource_rate6_fixed_ratemc
463167,ct_eversource_rate6_fixed_ratemc
470038,ct_eversource_rate6_fixed_ratemc
135404,ct_eversource_rate6_fixed_ratemc
134461,ct_eversource_rate6_fixed_ratemc
183084,ct_eversource_rate6_fixed_ratemc
369885,ct_eversource_rate6_fixed_ratemc
308750,ct_eversource_rate6_fixed_ratemc
155840,ct_eversource_rate6_fixed_ratemc
481620,ct_eversource_rate6_fixed_ratemc
484587,ct_eversource_rate6_fixed_ratemc
490213,ct_eversource_rate6_fixed_ratemc
494950,ct_eversource_rate6_fixed_ratemc
495287,ct_eversource_rate6_fixed_ratemc
513768,ct_eversource_rate6_fixed_ratemc
514832,ct_eversource_rate6_fixed_ratemc
519075,ct_eversource_rate6_fixed_ratemc
530712,ct_eversource_rate6_fixed_ratemc
536511,ct_eversource_rate6_fixed_ratemc
537612,ct_eversource_rate6_fixed_ratemc
309661,ct_eversource_rate6_fixed_ratemc
323128,ct_eversource_rate6_fixed_ratemc
6446,ct_eversource_rate6_fixed_ratemc
7208,ct_eversource_rate6_fixed_ratemc
22336,ct_eversource_rate6_fixed_ratemc
39461,ct_eversource_rate6_fixed_ratemc
40390,ct_eversource_rate6_fixed_ratemc
41021,ct_eversource_rate6_fixed_ratemc
47418,ct_eversource_rate6_fixed_ratemc
50058,ct_eversource_rate6_fixed_ratemc
59367,ct_eversource_rate6_fixed_ratemc
63735,ct_eversource_rate6_fixed_ratemc
65969,ct_eversource_rate6_fixed_ratemc
78197,ct_eversource_rate6_fixed_ratemc
75852,ct_eversource_rate6_fixed_ratemc
298935,ct_eversource_rate6_fixed_ratemc
90983,ct_eversource_rate6_fixed_ratemc
155349,ct_eversource_rate6_fixed_ratemc
172826,ct_eversource_rate6_fixed_ratemc
431915,ct_eversource_rate6_fixed_ratemc
95305,ct_eversource_rate6_fixed_ratemc
104574,ct_eversource_rate6_fixed_ratemc
119723,ct_eversource_rate6_fixed_ratemc
448483,ct_eversource_rate6_fixed_ratemc
350044,ct_eversource_rate6_fixed_ratemc
429647,ct_eversource_rate6_fixed_ratemc
278775,ct_eversource_rate6_fixed_ratemc
142309,ct_eversource_rate6_fixed_ratemc
147150,ct_eversource_rate6_fixed_ratemc
179790,ct_eversource_rate6_fixed_ratemc
184916,ct_eversource_rate6_fixed_ratemc
317645,ct_eversource_rate6_fixed_ratemc
219771,ct_eversource_rate6_fixed_ratemc
206612,ct_eversource_rate6_fixed_ratemc
212003,ct_eversource_rate6_fixed_ratemc
249989,ct_eversource_rate6_fixed_ratemc
256589,ct_eversource_rate6_fixed_ratemc
407848,ct_eversource_rate6_fixed_ratemc
464659,ct_eversource_rate6_fixed_ratemc
360551,ct_eversource_rate6_fixed_ratemc
273593,ct_eversource_rate6_fixed_ratemc
295064,ct_eversource_rate6_fixed_ratemc
316187,ct_eversource_rate6_fixed_ratemc
328048,ct_eversource_rate6_fixed_ratemc
329145,ct_eversource_rate6_fixed_ratemc
406372,ct_eversource_rate6_fixed_ratemc
405100,ct_eversource_rate6_fixed_ratemc
411749,ct_eversource_rate6_fixed_ratemc
469342,ct_eversource_rate6_fixed_ratemc
391578,ct_eversource_rate6_fixed_ratemc
427507,ct_eversource_rate6_fixed_ratemc
435064,ct_eversource_rate6_fixed_ratemc
485873,ct_eversource_rate6_fixed_ratemc
392577,ct_eversource_rate6_fixed_ratemc
470466,ct_eversource_rate6_fixed_ratemc
491400,ct_eversource_rate6_fixed_ratemc
491805,ct_eversource_rate6_fixed_ratemc
501602,ct_eversource_rate6_fixed_ratemc
506193,ct_eversource_rate6_fixed_ratemc
513576,ct_eversource_rate6_fixed_ratemc
516816,ct_eversource_rate6_fixed_ratemc
541341,ct_eversource_rate6_fixed_ratemc
543573,ct_eversource_rate6_fixed_ratemc
479352,ct_eversource_rate6_fixed_ratemc
171899,ct_eversource_rate6_fixed_ratemc
306482,ct_eversource_rate6_fixed_ratemc
472161,ct_eversource_rate6_fixed_ratemc
40151,ct_eversource_rate6_fixed_ratemc
50606,ct_eversource_rate6_fixed_ratemc
116381,ct_eversource_rate6_fixed_ratemc
439904,ct_eversource_rate6_fixed_ratemc
431949,ct_eversource_rate6_fixed_ratemc
74282,ct_eversource_rate6_fixed_ratemc
96220,ct_eversource_rate6_fixed_ratemc
129035,ct_eversource_rate6_fixed_ratemc
228782,ct_eversource_rate6_fixed_ratemc
193975,ct_eversource_rate6_fixed_ratemc
222293,ct_eversource_rate6_fixed_ratemc
352952,ct_eversource_rate6_fixed_ratemc
145419,ct_eversource_rate6_fixed_ratemc
152274,ct_eversource_rate6_fixed_ratemc
169001,ct_eversource_rate6_fixed_ratemc
180312,ct_eversource_rate6_fixed_ratemc
184750,ct_eversource_rate6_fixed_ratemc
185183,ct_eversource_rate6_fixed_ratemc
185475,ct_eversource_rate6_fixed_ratemc
199994,ct_eversource_rate6_fixed_ratemc
367096,ct_eversource_rate6_fixed_ratemc
211791,ct_eversource_rate6_fixed_ratemc
212152,ct_eversource_rate6_fixed_ratemc
221411,ct_eversource_rate6_fixed_ratemc
262171,ct_eversource_rate6_fixed_ratemc
403554,ct_eversource_rate6_fixed_ratemc
297099,ct_eversource_rate6_fixed_ratemc
395566,ct_eversource_rate6_fixed_ratemc
436888,ct_eversource_rate6_fixed_ratemc
433001,ct_eversource_rate6_fixed_ratemc
463434,ct_eversource_rate6_fixed_ratemc
381275,ct_eversource_rate6_fixed_ratemc
363626,ct_eversource_rate6_fixed_ratemc
376625,ct_eversource_rate6_fixed_ratemc
461736,ct_eversource_rate6_fixed_ratemc
538180,ct_eversource_rate6_fixed_ratemc
27685,ct_eversource_rate6_fixed_ratemc
63824,ct_eversource_rate6_fixed_ratemc
33975,ct_eversource_rate6_fixed_ratemc
135245,ct_eversource_rate6_fixed_ratemc
499678,ct_eversource_rate6_fixed_ratemc
508519,ct_eversource_rate6_fixed_ratemc
536741,ct_eversource_rate6_fixed_ratemc
160389,ct_eversource_rate6_fixed_ratemc
243843,ct_eversource_rate6_fixed_ratemc
50980,ct_eversource_rate6_fixed_ratemc
118331,ct_eversource_rate6_fixed_ratemc
139207,ct_eversource_rate6_fixed_ratemc
239181,ct_eversource_rate6_fixed_ratemc
211338,ct_eversource_rate6_fixed_ratemc
345015,ct_eversource_rate6_fixed_ratemc
16458,ct_eversource_rate6_fixed_ratemc
44370,ct_eversource_rate6_fixed_ratemc
55013,ct_eversource_rate6_fixed_ratemc
473520,ct_eversource_rate6_fixed_ratemc
89545,ct_eversource_rate6_fixed_ratemc
118397,ct_eversource_rate6_fixed_ratemc
143600,ct_eversource_rate6_fixed_ratemc
154267,ct_eversource_rate6_fixed_ratemc
367868,ct_eversource_rate6_fixed_ratemc
71980,ct_eversource_rate6_fixed_ratemc
94223,ct_eversource_rate6_fixed_ratemc
95965,ct_eversource_rate6_fixed_ratemc
98080,ct_eversource_rate6_fixed_ratemc
105152,ct_eversource_rate6_fixed_ratemc
114551,ct_eversource_rate6_fixed_ratemc
229338,ct_eversource_rate6_fixed_ratemc
441434,ct_eversource_rate6_fixed_ratemc
151658,ct_eversource_rate6_fixed_ratemc
155445,ct_eversource_rate6_fixed_ratemc
157228,ct_eversource_rate6_fixed_ratemc
159069,ct_eversource_rate6_fixed_ratemc
173238,ct_eversource_rate6_fixed_ratemc
452740,ct_eversource_rate6_fixed_ratemc
464732,ct_eversource_rate6_fixed_ratemc
316418,ct_eversource_rate6_fixed_ratemc
206343,ct_eversource_rate6_fixed_ratemc
244258,ct_eversource_rate6_fixed_ratemc
245285,ct_eversource_rate6_fixed_ratemc
253681,ct_eversource_rate6_fixed_ratemc
310571,ct_eversource_rate6_fixed_ratemc
371827,ct_eversource_rate6_fixed_ratemc
307525,ct_eversource_rate6_fixed_ratemc
311215,ct_eversource_rate6_fixed_ratemc
311592,ct_eversource_rate6_fixed_ratemc
354362,ct_eversource_rate6_fixed_ratemc
378659,ct_eversource_rate6_fixed_ratemc
366960,ct_eversource_rate6_fixed_ratemc
391475,ct_eversource_rate6_fixed_ratemc
425521,ct_eversource_rate6_fixed_ratemc
111861,ct_eversource_rate6_fixed_ratemc
394663,ct_eversource_rate6_fixed_ratemc
459901,ct_eversource_rate6_fixed_ratemc
149533,ct_eversource_rate6_fixed_ratemc
462705,ct_eversource_rate6_fixed_ratemc
59815,ct_eversource_rate6_fixed_ratemc
78013,ct_eversource_rate6_fixed_ratemc
487589,ct_eversource_rate6_fixed_ratemc
497784,ct_eversource_rate6_fixed_ratemc
516407,ct_eversource_rate6_fixed_ratemc
528149,ct_eversource_rate6_fixed_ratemc
533746,ct_eversource_rate6_fixed_ratemc
534714,ct_eversource_rate6_fixed_ratemc
541287,ct_eversource_rate6_fixed_ratemc
35840,ct_eversource_rate6_fixed_ratemc
39627,ct_eversource_rate6_fixed_ratemc
4302,ct_eversource_rate6_fixed_ratemc
14078,ct_eversource_rate6_fixed_ratemc
22333,ct_eversource_rate6_fixed_ratemc
28578,ct_eversource_rate6_fixed_ratemc
37084,ct_eversource_rate6_fixed_ratemc
50614,ct_eversource_rate6_fixed_ratemc
425849,ct_eversource_rate6_fixed_ratemc
112660,ct_eversource_rate6_fixed_ratemc
72022,ct_eversource_rate6_fixed_ratemc
75679,ct_eversource_rate6_fixed_ratemc
76416,ct_eversource_rate6_fixed_ratemc
87758,ct_eversource_rate6_fixed_ratemc
95522,ct_eversource_rate6_fixed_ratemc
115436,ct_eversource_rate6_fixed_ratemc
136998,ct_eversource_rate6_fixed_ratemc
184457,ct_eversource_rate6_fixed_ratemc
441053,ct_eversource_rate6_fixed_ratemc
318154,ct_eversource_rate6_fixed_ratemc
324312,ct_eversource_rate6_fixed_ratemc
392290,ct_eversource_rate6_fixed_ratemc
150419,ct_eversource_rate6_fixed_ratemc
153589,ct_eversource_rate6_fixed_ratemc
157875,ct_eversource_rate6_fixed_ratemc
168553,ct_eversource_rate6_fixed_ratemc
174599,ct_eversource_rate6_fixed_ratemc
175251,ct_eversource_rate6_fixed_ratemc
189704,ct_eversource_rate6_fixed_ratemc
200504,ct_eversource_rate6_fixed_ratemc
202660,ct_eversource_rate6_fixed_ratemc
477554,ct_eversource_rate6_fixed_ratemc
223948,ct_eversource_rate6_fixed_ratemc
239531,ct_eversource_rate6_fixed_ratemc
208750,ct_eversource_rate6_fixed_ratemc
221053,ct_eversource_rate6_fixed_ratemc
228897,ct_eversource_rate6_fixed_ratemc
246844,ct_eversource_rate6_fixed_ratemc
263907,ct_eversource_rate6_fixed_ratemc
312217,ct_eversource_rate6_fixed_ratemc
398794,ct_eversource_rate6_fixed_ratemc
298286,ct_eversource_rate6_fixed_ratemc
339085,ct_eversource_rate6_fixed_ratemc
305199,ct_eversource_rate6_fixed_ratemc
311280,ct_eversource_rate6_fixed_ratemc
319249,ct_eversource_rate6_fixed_ratemc
466232,ct_eversource_rate6_fixed_ratemc
444253,ct_eversource_rate6_fixed_ratemc
353481,ct_eversource_rate6_fixed_ratemc
428866,ct_eversource_rate6_fixed_ratemc
370876,ct_eversource_rate6_fixed_ratemc
407385,ct_eversource_rate6_fixed_ratemc
458233,ct_eversource_rate6_fixed_ratemc
522759,ct_eversource_rate6_fixed_ratemc
336492,ct_eversource_rate6_fixed_ratemc
25471,ct_eversource_rate6_fixed_ratemc
445503,ct_eversource_rate6_fixed_ratemc
236366,ct_eversource_rate6_fixed_ratemc
496235,ct_eversource_rate6_fixed_ratemc
497440,ct_eversource_rate6_fixed_ratemc
500061,ct_eversource_rate6_fixed_ratemc
525855,ct_eversource_rate6_fixed_ratemc
532490,ct_eversource_rate6_fixed_ratemc
546407,ct_eversource_rate6_fixed_ratemc
59236,ct_eversource_rate6_fixed_ratemc
73909,ct_eversource_rate6_fixed_ratemc
335414,ct_eversource_rate6_fixed_ratemc
399139,ct_eversource_rate6_fixed_ratemc
426274,ct_eversource_rate6_fixed_ratemc
354241,ct_eversource_rate6_fixed_ratemc
16129,ct_eversource_rate6_fixed_ratemc
18640,ct_eversource_rate6_fixed_ratemc
58776,ct_eversource_rate6_fixed_ratemc
65684,ct_eversource_rate6_fixed_ratemc
186309,ct_eversource_rate6_fixed_ratemc
247034,ct_eversource_rate6_fixed_ratemc
392141,ct_eversource_rate6_fixed_ratemc
86487,ct_eversource_rate6_fixed_ratemc
98063,ct_eversource_rate6_fixed_ratemc
98649,ct_eversource_rate6_fixed_ratemc
122567,ct_eversource_rate6_fixed_ratemc
125295,ct_eversource_rate6_fixed_ratemc
286287,ct_eversource_rate6_fixed_ratemc
155714,ct_eversource_rate6_fixed_ratemc
470869,ct_eversource_rate6_fixed_ratemc
295864,ct_eversource_rate6_fixed_ratemc
227114,ct_eversource_rate6_fixed_ratemc
237171,ct_eversource_rate6_fixed_ratemc
260859,ct_eversource_rate6_fixed_ratemc
285879,ct_eversource_rate6_fixed_ratemc
285136,ct_eversource_rate6_fixed_ratemc
295688,ct_eversource_rate6_fixed_ratemc
434182,ct_eversource_rate6_fixed_ratemc
422218,ct_eversource_rate6_fixed_ratemc
396580,ct_eversource_rate6_fixed_ratemc
399590,ct_eversource_rate6_fixed_ratemc
404054,ct_eversource_rate6_fixed_ratemc
444551,ct_eversource_rate6_fixed_ratemc
454683,ct_eversource_rate6_fixed_ratemc
37201,ct_eversource_rate6_fixed_ratemc
414313,ct_eversource_rate6_fixed_ratemc
213885,ct_eversource_rate6_fixed_ratemc
103790,ct_eversource_rate6_fixed_ratemc
372222,ct_eversource_rate6_fixed_ratemc
290674,ct_eversource_rate6_fixed_ratemc
351414,ct_eversource_rate6_fixed_ratemc
500821,ct_eversource_rate6_fixed_ratemc
501798,ct_eversource_rate6_fixed_ratemc
510857,ct_eversource_rate6_fixed_ratemc
521195,ct_eversource_rate6_fixed_ratemc
529769,ct_eversource_rate6_fixed_ratemc
315166,ct_eversource_rate6_fixed_ratemc
123829,ct_eversource_rate6_fixed_ratemc
319120,ct_eversource_rate6_fixed_ratemc
118330,ct_eversource_rate6_fixed_ratemc
7290,ct_eversource_rate6_fixed_ratemc
16249,ct_eversource_rate6_fixed_ratemc
33802,ct_eversource_rate6_fixed_ratemc
34832,ct_eversource_rate6_fixed_ratemc
46489,ct_eversource_rate6_fixed_ratemc
58736,ct_eversource_rate6_fixed_ratemc
62035,ct_eversource_rate6_fixed_ratemc
285353,ct_eversource_rate6_fixed_ratemc
202735,ct_eversource_rate6_fixed_ratemc
281177,ct_eversource_rate6_fixed_ratemc
82213,ct_eversource_rate6_fixed_ratemc
83229,ct_eversource_rate6_fixed_ratemc
89352,ct_eversource_rate6_fixed_ratemc
101091,ct_eversource_rate6_fixed_ratemc
101832,ct_eversource_rate6_fixed_ratemc
135169,ct_eversource_rate6_fixed_ratemc
160432,ct_eversource_rate6_fixed_ratemc
189285,ct_eversource_rate6_fixed_ratemc
273185,ct_eversource_rate6_fixed_ratemc
143799,ct_eversource_rate6_fixed_ratemc
171838,ct_eversource_rate6_fixed_ratemc
370840,ct_eversource_rate6_fixed_ratemc
408920,ct_eversource_rate6_fixed_ratemc
156423,ct_eversource_rate6_fixed_ratemc
181185,ct_eversource_rate6_fixed_ratemc
185590,ct_eversource_rate6_fixed_ratemc
192384,ct_eversource_rate6_fixed_ratemc
378211,ct_eversource_rate6_fixed_ratemc
474009,ct_eversource_rate6_fixed_ratemc
218122,ct_eversource_rate6_fixed_ratemc
222848,ct_eversource_rate6_fixed_ratemc
322467,ct_eversource_rate6_fixed_ratemc
222977,ct_eversource_rate6_fixed_ratemc
306652,ct_eversource_rate6_fixed_ratemc
453341,ct_eversource_rate6_fixed_ratemc
311576,ct_eversource_rate6_fixed_ratemc
339991,ct_eversource_rate6_fixed_ratemc
362911,ct_eversource_rate6_fixed_ratemc
472670,ct_eversource_rate6_fixed_ratemc
363022,ct_eversource_rate6_fixed_ratemc
341216,ct_eversource_rate6_fixed_ratemc
225125,ct_eversource_rate6_fixed_ratemc
70925,ct_eversource_rate6_fixed_ratemc
369876,ct_eversource_rate6_fixed_ratemc
77453,ct_eversource_rate6_fixed_ratemc
507910,ct_eversource_rate6_fixed_ratemc
509097,ct_eversource_rate6_fixed_ratemc
515737,ct_eversource_rate6_fixed_ratemc
516081,ct_eversource_rate6_fixed_ratemc
520167,ct_eversource_rate6_fixed_ratemc
529924,ct_eversource_rate6_fixed_ratemc
533976,ct_eversource_rate6_fixed_ratemc
536595,ct_eversource_rate6_fixed_ratemc
538815,ct_eversource_rate6_fixed_ratemc
422044,ct_eversource_rate6_fixed_ratemc
198362,ct_eversource_rate6_fixed_ratemc
72463,ct_eversource_rate6_fixed_ratemc
199367,ct_eversource_rate6_fixed_ratemc
338462,ct_eversource_rate6_fixed_ratemc
396413,ct_eversource_rate6_fixed_ratemc
229468,ct_eversource_rate6_fixed_ratemc
299316,ct_eversource_rate6_fixed_ratemc
367796,ct_eversource_rate6_fixed_ratemc
200,ct_eversource_rate6_fixed_ratemc
1557,ct_eversource_rate6_fixed_ratemc
9239,ct_eversource_rate6_fixed_ratemc
11894,ct_eversource_rate6_fixed_ratemc
35861,ct_eversource_rate6_fixed_ratemc
52218,ct_eversource_rate6_fixed_ratemc
54234,ct_eversource_rate6_fixed_ratemc
59217,ct_eversource_rate6_fixed_ratemc
63124,ct_eversource_rate6_fixed_ratemc
200185,ct_eversource_rate6_fixed_ratemc
358363,ct_eversource_rate6_fixed_ratemc
384477,ct_eversource_rate6_fixed_ratemc
329852,ct_eversource_rate6_fixed_ratemc
421546,ct_eversource_rate6_fixed_ratemc
69843,ct_eversource_rate6_fixed_ratemc
76601,ct_eversource_rate6_fixed_ratemc
125933,ct_eversource_rate6_fixed_ratemc
127141,ct_eversource_rate6_fixed_ratemc
138474,ct_eversource_rate6_fixed_ratemc
187028,ct_eversource_rate6_fixed_ratemc
155639,ct_eversource_rate6_fixed_ratemc
310489,ct_eversource_rate6_fixed_ratemc
142637,ct_eversource_rate6_fixed_ratemc
158835,ct_eversource_rate6_fixed_ratemc
183595,ct_eversource_rate6_fixed_ratemc
182029,ct_eversource_rate6_fixed_ratemc
192198,ct_eversource_rate6_fixed_ratemc
440102,ct_eversource_rate6_fixed_ratemc
401767,ct_eversource_rate6_fixed_ratemc
470072,ct_eversource_rate6_fixed_ratemc
218121,ct_eversource_rate6_fixed_ratemc
331346,ct_eversource_rate6_fixed_ratemc
253910,ct_eversource_rate6_fixed_ratemc
259211,ct_eversource_rate6_fixed_ratemc
263527,ct_eversource_rate6_fixed_ratemc
458949,ct_eversource_rate6_fixed_ratemc
331662,ct_eversource_rate6_fixed_ratemc
426464,ct_eversource_rate6_fixed_ratemc
328476,ct_eversource_rate6_fixed_ratemc
339777,ct_eversource_rate6_fixed_ratemc
442387,ct_eversource_rate6_fixed_ratemc
375689,ct_eversource_rate6_fixed_ratemc
416144,ct_eversource_rate6_fixed_ratemc
419237,ct_eversource_rate6_fixed_ratemc
350167,ct_eversource_rate6_fixed_ratemc
360869,ct_eversource_rate6_fixed_ratemc
367759,ct_eversource_rate6_fixed_ratemc
368146,ct_eversource_rate6_fixed_ratemc
445274,ct_eversource_rate6_fixed_ratemc
50625,ct_eversource_rate6_fixed_ratemc
500559,ct_eversource_rate6_fixed_ratemc
479871,ct_eversource_rate6_fixed_ratemc
486851,ct_eversource_rate6_fixed_ratemc
488241,ct_eversource_rate6_fixed_ratemc
488252,ct_eversource_rate6_fixed_ratemc
492815,ct_eversource_rate6_fixed_ratemc
493825,ct_eversource_rate6_fixed_ratemc
509773,ct_eversource_rate6_fixed_ratemc
511861,ct_eversource_rate6_fixed_ratemc
541025,ct_eversource_rate6_fixed_ratemc
453817,ct_eversource_rate6_fixed_ratemc
284537,ct_eversource_rate6_fixed_ratemc
464296,ct_eversource_rate6_fixed_ratemc
284076,ct_eversource_rate6_fixed_ratemc
423805,ct_eversource_rate6_fixed_ratemc
291,ct_eversource_rate6_fixed_ratemc
31488,ct_eversource_rate6_fixed_ratemc
65781,ct_eversource_rate6_fixed_ratemc
124036,ct_eversource_rate6_fixed_ratemc
356635,ct_eversource_rate6_fixed_ratemc
287245,ct_eversource_rate6_fixed_ratemc
372830,ct_eversource_rate6_fixed_ratemc
100366,ct_eversource_rate6_fixed_ratemc
155993,ct_eversource_rate6_fixed_ratemc
371984,ct_eversource_rate6_fixed_ratemc
220710,ct_eversource_rate6_fixed_ratemc
257843,ct_eversource_rate6_fixed_ratemc
369473,ct_eversource_rate6_fixed_ratemc
74894,ct_eversource_rate6_fixed_ratemc
83009,ct_eversource_rate6_fixed_ratemc
101911,ct_eversource_rate6_fixed_ratemc
116503,ct_eversource_rate6_fixed_ratemc
431483,ct_eversource_rate6_fixed_ratemc
237540,ct_eversource_rate6_fixed_ratemc
297901,ct_eversource_rate6_fixed_ratemc
307563,ct_eversource_rate6_fixed_ratemc
438538,ct_eversource_rate6_fixed_ratemc
168438,ct_eversource_rate6_fixed_ratemc
174214,ct_eversource_rate6_fixed_ratemc
177282,ct_eversource_rate6_fixed_ratemc
180332,ct_eversource_rate6_fixed_ratemc
187297,ct_eversource_rate6_fixed_ratemc
293717,ct_eversource_rate6_fixed_ratemc
297944,ct_eversource_rate6_fixed_ratemc
470584,ct_eversource_rate6_fixed_ratemc
228832,ct_eversource_rate6_fixed_ratemc
240939,ct_eversource_rate6_fixed_ratemc
358880,ct_eversource_rate6_fixed_ratemc
351878,ct_eversource_rate6_fixed_ratemc
275297,ct_eversource_rate6_fixed_ratemc
290162,ct_eversource_rate6_fixed_ratemc
405147,ct_eversource_rate6_fixed_ratemc
212165,ct_eversource_rate6_fixed_ratemc
279395,ct_eversource_rate6_fixed_ratemc
87602,ct_eversource_rate6_fixed_ratemc
81115,ct_eversource_rate6_fixed_ratemc
484913,ct_eversource_rate6_fixed_ratemc
497464,ct_eversource_rate6_fixed_ratemc
527640,ct_eversource_rate6_fixed_ratemc
528278,ct_eversource_rate6_fixed_ratemc
529527,ct_eversource_rate6_fixed_ratemc
531839,ct_eversource_rate6_fixed_ratemc
540661,ct_eversource_rate6_fixed_ratemc
281847,ct_eversource_rate6_fixed_ratemc
73192,ct_eversource_rate6_fixed_ratemc
416365,ct_eversource_rate6_fixed_ratemc
11837,ct_eversource_rate6_fixed_ratemc
17497,ct_eversource_rate6_fixed_ratemc
30010,ct_eversource_rate6_fixed_ratemc
33746,ct_eversource_rate6_fixed_ratemc
34918,ct_eversource_rate6_fixed_ratemc
38142,ct_eversource_rate6_fixed_ratemc
40624,ct_eversource_rate6_fixed_ratemc
49861,ct_eversource_rate6_fixed_ratemc
54242,ct_eversource_rate6_fixed_ratemc
55603,ct_eversource_rate6_fixed_ratemc
59281,ct_eversource_rate6_fixed_ratemc
61520,ct_eversource_rate6_fixed_ratemc
400851,ct_eversource_rate6_fixed_ratemc
191944,ct_eversource_rate6_fixed_ratemc
127053,ct_eversource_rate6_fixed_ratemc
111927,ct_eversource_rate6_fixed_ratemc
73136,ct_eversource_rate6_fixed_ratemc
77051,ct_eversource_rate6_fixed_ratemc
78515,ct_eversource_rate6_fixed_ratemc
82080,ct_eversource_rate6_fixed_ratemc
83064,ct_eversource_rate6_fixed_ratemc
86045,ct_eversource_rate6_fixed_ratemc
89345,ct_eversource_rate6_fixed_ratemc
90132,ct_eversource_rate6_fixed_ratemc
128027,ct_eversource_rate6_fixed_ratemc
270211,ct_eversource_rate6_fixed_ratemc
365114,ct_eversource_rate6_fixed_ratemc
354905,ct_eversource_rate6_fixed_ratemc
148361,ct_eversource_rate6_fixed_ratemc
166250,ct_eversource_rate6_fixed_ratemc
185642,ct_eversource_rate6_fixed_ratemc
190755,ct_eversource_rate6_fixed_ratemc
201019,ct_eversource_rate6_fixed_ratemc
395189,ct_eversource_rate6_fixed_ratemc
233043,ct_eversource_rate6_fixed_ratemc
347846,ct_eversource_rate6_fixed_ratemc
452661,ct_eversource_rate6_fixed_ratemc
373113,ct_eversource_rate6_fixed_ratemc
447191,ct_eversource_rate6_fixed_ratemc
219782,ct_eversource_rate6_fixed_ratemc
225935,ct_eversource_rate6_fixed_ratemc
263100,ct_eversource_rate6_fixed_ratemc
363921,ct_eversource_rate6_fixed_ratemc
452982,ct_eversource_rate6_fixed_ratemc
314882,ct_eversource_rate6_fixed_ratemc
324161,ct_eversource_rate6_fixed_ratemc
470125,ct_eversource_rate6_fixed_ratemc
348631,ct_eversource_rate6_fixed_ratemc
357505,ct_eversource_rate6_fixed_ratemc
540005,ct_eversource_rate6_fixed_ratemc
544805,ct_eversource_rate6_fixed_ratemc
149118,ct_eversource_rate6_fixed_ratemc
199547,ct_eversource_rate6_fixed_ratemc
196743,ct_eversource_rate6_fixed_ratemc
336843,ct_eversource_rate6_fixed_ratemc
494331,ct_eversource_rate6_fixed_ratemc
497828,ct_eversource_rate6_fixed_ratemc
507033,ct_eversource_rate6_fixed_ratemc
519174,ct_eversource_rate6_fixed_ratemc
521563,ct_eversource_rate6_fixed_ratemc
523784,ct_eversource_rate6_fixed_ratemc
525758,ct_eversource_rate6_fixed_ratemc
532040,ct_eversource_rate6_fixed_ratemc
543612,ct_eversource_rate6_fixed_ratemc
43585,ct_eversource_rate6_fixed_ratemc
304933,ct_eversource_rate6_fixed_ratemc
286440,ct_eversource_rate6_fixed_ratemc
225154,ct_eversource_rate6_fixed_ratemc
285569,ct_eversource_rate6_fixed_ratemc
435832,ct_eversource_rate6_fixed_ratemc
438671,ct_eversource_rate6_fixed_ratemc
14667,ct_eversource_rate6_fixed_ratemc
17783,ct_eversource_rate6_fixed_ratemc
18396,ct_eversource_rate6_fixed_ratemc
24243,ct_eversource_rate6_fixed_ratemc
25243,ct_eversource_rate6_fixed_ratemc
33335,ct_eversource_rate6_fixed_ratemc
39292,ct_eversource_rate6_fixed_ratemc
41856,ct_eversource_rate6_fixed_ratemc
56804,ct_eversource_rate6_fixed_ratemc
327151,ct_eversource_rate6_fixed_ratemc
104339,ct_eversource_rate6_fixed_ratemc
358936,ct_eversource_rate6_fixed_ratemc
76537,ct_eversource_rate6_fixed_ratemc
108209,ct_eversource_rate6_fixed_ratemc
196174,ct_eversource_rate6_fixed_ratemc
364713,ct_eversource_rate6_fixed_ratemc
324201,ct_eversource_rate6_fixed_ratemc
85046,ct_eversource_rate6_fixed_ratemc
105564,ct_eversource_rate6_fixed_ratemc
110621,ct_eversource_rate6_fixed_ratemc
119790,ct_eversource_rate6_fixed_ratemc
265109,ct_eversource_rate6_fixed_ratemc
171290,ct_eversource_rate6_fixed_ratemc
185331,ct_eversource_rate6_fixed_ratemc
334170,ct_eversource_rate6_fixed_ratemc
433495,ct_eversource_rate6_fixed_ratemc
243667,ct_eversource_rate6_fixed_ratemc
383227,ct_eversource_rate6_fixed_ratemc
397988,ct_eversource_rate6_fixed_ratemc
345863,ct_eversource_rate6_fixed_ratemc
404287,ct_eversource_rate6_fixed_ratemc
376629,ct_eversource_rate6_fixed_ratemc
446641,ct_eversource_rate6_fixed_ratemc
284894,ct_eversource_rate6_fixed_ratemc
306937,ct_eversource_rate6_fixed_ratemc
332434,ct_eversource_rate6_fixed_ratemc
338882,ct_eversource_rate6_fixed_ratemc
5568,ct_eversource_rate6_fixed_ratemc
328282,ct_eversource_rate6_fixed_ratemc
481543,ct_eversource_rate6_fixed_ratemc
486773,ct_eversource_rate6_fixed_ratemc
488167,ct_eversource_rate6_fixed_ratemc
493789,ct_eversource_rate6_fixed_ratemc
499154,ct_eversource_rate6_fixed_ratemc
507577,ct_eversource_rate6_fixed_ratemc
525872,ct_eversource_rate6_fixed_ratemc
536928,ct_eversource_rate6_fixed_ratemc
542247,ct_eversource_rate6_fixed_ratemc
543479,ct_eversource_rate6_fixed_ratemc
547249,ct_eversource_rate6_fixed_ratemc
41853,ct_eversource_rate6_fixed_ratemc
55863,ct_eversource_rate6_fixed_ratemc
142960,ct_eversource_rate6_fixed_ratemc
466791,ct_eversource_rate6_fixed_ratemc
205028,ct_eversource_rate6_fixed_ratemc
409981,ct_eversource_rate6_fixed_ratemc
11040,ct_eversource_rate6_fixed_ratemc
20853,ct_eversource_rate6_fixed_ratemc
22039,ct_eversource_rate6_fixed_ratemc
41739,ct_eversource_rate6_fixed_ratemc
188641,ct_eversource_rate6_fixed_ratemc
258575,ct_eversource_rate6_fixed_ratemc
378747,ct_eversource_rate6_fixed_ratemc
366762,ct_eversource_rate6_fixed_ratemc
340707,ct_eversource_rate6_fixed_ratemc
202822,ct_eversource_rate6_fixed_ratemc
260078,ct_eversource_rate6_fixed_ratemc
69678,ct_eversource_rate6_fixed_ratemc
72825,ct_eversource_rate6_fixed_ratemc
111471,ct_eversource_rate6_fixed_ratemc
126281,ct_eversource_rate6_fixed_ratemc
129128,ct_eversource_rate6_fixed_ratemc
135467,ct_eversource_rate6_fixed_ratemc
177297,ct_eversource_rate6_fixed_ratemc
275965,ct_eversource_rate6_fixed_ratemc
208237,ct_eversource_rate6_fixed_ratemc
298341,ct_eversource_rate6_fixed_ratemc
164172,ct_eversource_rate6_fixed_ratemc
354115,ct_eversource_rate6_fixed_ratemc
162080,ct_eversource_rate6_fixed_ratemc
196123,ct_eversource_rate6_fixed_ratemc
212274,ct_eversource_rate6_fixed_ratemc
431784,ct_eversource_rate6_fixed_ratemc
210755,ct_eversource_rate6_fixed_ratemc
298137,ct_eversource_rate6_fixed_ratemc
308672,ct_eversource_rate6_fixed_ratemc
469372,ct_eversource_rate6_fixed_ratemc
316973,ct_eversource_rate6_fixed_ratemc
79787,ct_eversource_rate6_fixed_ratemc
480676,ct_eversource_rate6_fixed_ratemc
485585,ct_eversource_rate6_fixed_ratemc
491580,ct_eversource_rate6_fixed_ratemc
491860,ct_eversource_rate6_fixed_ratemc
500080,ct_eversource_rate6_fixed_ratemc
533884,ct_eversource_rate6_fixed_ratemc
542451,ct_eversource_rate6_fixed_ratemc
547131,ct_eversource_rate6_fixed_ratemc
140345,ct_eversource_rate6_fixed_ratemc
433531,ct_eversource_rate6_fixed_ratemc
155788,ct_eversource_rate6_fixed_ratemc
255390,ct_eversource_rate6_fixed_ratemc
321704,ct_eversource_rate6_fixed_ratemc
355741,ct_eversource_rate6_fixed_ratemc
425160,ct_eversource_rate6_fixed_ratemc
15805,ct_eversource_rate6_fixed_ratemc
54730,ct_eversource_rate6_fixed_ratemc
62509,ct_eversource_rate6_fixed_ratemc
64887,ct_eversource_rate6_fixed_ratemc
472345,ct_eversource_rate6_fixed_ratemc
213812,ct_eversource_rate6_fixed_ratemc
430962,ct_eversource_rate6_fixed_ratemc
442203,ct_eversource_rate6_fixed_ratemc
354209,ct_eversource_rate6_fixed_ratemc
396968,ct_eversource_rate6_fixed_ratemc
91412,ct_eversource_rate6_fixed_ratemc
97893,ct_eversource_rate6_fixed_ratemc
123755,ct_eversource_rate6_fixed_ratemc
201000,ct_eversource_rate6_fixed_ratemc
321439,ct_eversource_rate6_fixed_ratemc
340968,ct_eversource_rate6_fixed_ratemc
220253,ct_eversource_rate6_fixed_ratemc
432077,ct_eversource_rate6_fixed_ratemc
150667,ct_eversource_rate6_fixed_ratemc
155186,ct_eversource_rate6_fixed_ratemc
194343,ct_eversource_rate6_fixed_ratemc
203059,ct_eversource_rate6_fixed_ratemc
465998,ct_eversource_rate6_fixed_ratemc
279834,ct_eversource_rate6_fixed_ratemc
208748,ct_eversource_rate6_fixed_ratemc
235147,ct_eversource_rate6_fixed_ratemc
241599,ct_eversource_rate6_fixed_ratemc
258342,ct_eversource_rate6_fixed_ratemc
282830,ct_eversource_rate6_fixed_ratemc
392680,ct_eversource_rate6_fixed_ratemc
405059,ct_eversource_rate6_fixed_ratemc
535941,ct_eversource_rate6_fixed_ratemc
309261,ct_eversource_rate6_fixed_ratemc
288809,ct_eversource_rate6_fixed_ratemc
446358,ct_eversource_rate6_fixed_ratemc
59424,ct_eversource_rate6_fixed_ratemc
73983,ct_eversource_rate6_fixed_ratemc
186642,ct_eversource_rate6_fixed_ratemc
483180,ct_eversource_rate6_fixed_ratemc
500949,ct_eversource_rate6_fixed_ratemc
501088,ct_eversource_rate6_fixed_ratemc
520667,ct_eversource_rate6_fixed_ratemc
525765,ct_eversource_rate6_fixed_ratemc
528639,ct_eversource_rate6_fixed_ratemc
39750,ct_eversource_rate6_fixed_ratemc
84216,ct_eversource_rate6_fixed_ratemc
376122,ct_eversource_rate6_fixed_ratemc
255015,ct_eversource_rate6_fixed_ratemc
224556,ct_eversource_rate6_fixed_ratemc
445573,ct_eversource_rate6_fixed_ratemc
32979,ct_eversource_rate6_fixed_ratemc
44052,ct_eversource_rate6_fixed_ratemc
51656,ct_eversource_rate6_fixed_ratemc
386668,ct_eversource_rate6_fixed_ratemc
124950,ct_eversource_rate6_fixed_ratemc
184311,ct_eversource_rate6_fixed_ratemc
199728,ct_eversource_rate6_fixed_ratemc
273267,ct_eversource_rate6_fixed_ratemc
284408,ct_eversource_rate6_fixed_ratemc
95248,ct_eversource_rate6_fixed_ratemc
123593,ct_eversource_rate6_fixed_ratemc
129025,ct_eversource_rate6_fixed_ratemc
153369,ct_eversource_rate6_fixed_ratemc
158485,ct_eversource_rate6_fixed_ratemc
285979,ct_eversource_rate6_fixed_ratemc
429365,ct_eversource_rate6_fixed_ratemc
313092,ct_eversource_rate6_fixed_ratemc
325831,ct_eversource_rate6_fixed_ratemc
404459,ct_eversource_rate6_fixed_ratemc
152628,ct_eversource_rate6_fixed_ratemc
174056,ct_eversource_rate6_fixed_ratemc
174828,ct_eversource_rate6_fixed_ratemc
182134,ct_eversource_rate6_fixed_ratemc
201713,ct_eversource_rate6_fixed_ratemc
471490,ct_eversource_rate6_fixed_ratemc
382113,ct_eversource_rate6_fixed_ratemc
373683,ct_eversource_rate6_fixed_ratemc
350702,ct_eversource_rate6_fixed_ratemc
240613,ct_eversource_rate6_fixed_ratemc
364174,ct_eversource_rate6_fixed_ratemc
428852,ct_eversource_rate6_fixed_ratemc
288352,ct_eversource_rate6_fixed_ratemc
294624,ct_eversource_rate6_fixed_ratemc
301257,ct_eversource_rate6_fixed_ratemc
305611,ct_eversource_rate6_fixed_ratemc
311667,ct_eversource_rate6_fixed_ratemc
334796,ct_eversource_rate6_fixed_ratemc
337197,ct_eversource_rate6_fixed_ratemc
429563,ct_eversource_rate6_fixed_ratemc
508910,ct_eversource_rate6_fixed_ratemc
543443,ct_eversource_rate6_fixed_ratemc
522532,ct_eversource_rate6_fixed_ratemc
37269,ct_eversource_rate6_fixed_ratemc
182730,ct_eversource_rate6_fixed_ratemc
500993,ct_eversource_rate6_fixed_ratemc
535156,ct_eversource_rate6_fixed_ratemc
548491,ct_eversource_rate6_fixed_ratemc
91637,ct_eversource_rate6_fixed_ratemc
116156,ct_eversource_rate6_fixed_ratemc
143147,ct_eversource_rate6_fixed_ratemc
362768,ct_eversource_rate6_fixed_ratemc
208637,ct_eversource_rate6_fixed_ratemc
273033,ct_eversource_rate6_fixed_ratemc
294096,ct_eversource_rate6_fixed_ratemc
3,ct_eversource_rate6_fixed_ratemc
3680,ct_eversource_rate6_fixed_ratemc
4184,ct_eversource_rate6_fixed_ratemc
50936,ct_eversource_rate6_fixed_ratemc
434483,ct_eversource_rate6_fixed_ratemc
144559,ct_eversource_rate6_fixed_ratemc
373956,ct_eversource_rate6_fixed_ratemc
204933,ct_eversource_rate6_fixed_ratemc
329417,ct_eversource_rate6_fixed_ratemc
291370,ct_eversource_rate6_fixed_ratemc
95477,ct_eversource_rate6_fixed_ratemc
96514,ct_eversource_rate6_fixed_ratemc
129014,ct_eversource_rate6_fixed_ratemc
130871,ct_eversource_rate6_fixed_ratemc
157426,ct_eversource_rate6_fixed_ratemc
295792,ct_eversource_rate6_fixed_ratemc
355528,ct_eversource_rate6_fixed_ratemc
344643,ct_eversource_rate6_fixed_ratemc
442187,ct_eversource_rate6_fixed_ratemc
160713,ct_eversource_rate6_fixed_ratemc
167028,ct_eversource_rate6_fixed_ratemc
167366,ct_eversource_rate6_fixed_ratemc
174054,ct_eversource_rate6_fixed_ratemc
184030,ct_eversource_rate6_fixed_ratemc
201559,ct_eversource_rate6_fixed_ratemc
294431,ct_eversource_rate6_fixed_ratemc
380932,ct_eversource_rate6_fixed_ratemc
263450,ct_eversource_rate6_fixed_ratemc
247683,ct_eversource_rate6_fixed_ratemc
252897,ct_eversource_rate6_fixed_ratemc
256731,ct_eversource_rate6_fixed_ratemc
274090,ct_eversource_rate6_fixed_ratemc
287812,ct_eversource_rate6_fixed_ratemc
288517,ct_eversource_rate6_fixed_ratemc
419321,ct_eversource_rate6_fixed_ratemc
436974,ct_eversource_rate6_fixed_ratemc
398296,ct_eversource_rate6_fixed_ratemc
355513,ct_eversource_rate6_fixed_ratemc
371306,ct_eversource_rate6_fixed_ratemc
407636,ct_eversource_rate6_fixed_ratemc
411577,ct_eversource_rate6_fixed_ratemc
455532,ct_eversource_rate6_fixed_ratemc
458842,ct_eversource_rate6_fixed_ratemc
80147,ct_eversource_rate6_fixed_ratemc
56074,ct_eversource_rate6_fixed_ratemc
197242,ct_eversource_rate6_fixed_ratemc
438807,ct_eversource_rate6_fixed_ratemc
197995,ct_eversource_rate6_fixed_ratemc
479705,ct_eversource_rate6_fixed_ratemc
505035,ct_eversource_rate6_fixed_ratemc
509667,ct_eversource_rate6_fixed_ratemc
541018,ct_eversource_rate6_fixed_ratemc
548464,ct_eversource_rate6_fixed_ratemc
549975,ct_eversource_rate6_fixed_ratemc
159782,ct_eversource_rate6_fixed_ratemc
197476,ct_eversource_rate6_fixed_ratemc
252631,ct_eversource_rate6_fixed_ratemc
427703,ct_eversource_rate6_fixed_ratemc
2159,ct_eversource_rate6_fixed_ratemc
10324,ct_eversource_rate6_fixed_ratemc
10917,ct_eversource_rate6_fixed_ratemc
12676,ct_eversource_rate6_fixed_ratemc
15784,ct_eversource_rate6_fixed_ratemc
30020,ct_eversource_rate6_fixed_ratemc
67799,ct_eversource_rate6_fixed_ratemc
325241,ct_eversource_rate6_fixed_ratemc
261304,ct_eversource_rate6_fixed_ratemc
279714,ct_eversource_rate6_fixed_ratemc
376097,ct_eversource_rate6_fixed_ratemc
77215,ct_eversource_rate6_fixed_ratemc
90122,ct_eversource_rate6_fixed_ratemc
134582,ct_eversource_rate6_fixed_ratemc
478785,ct_eversource_rate6_fixed_ratemc
415966,ct_eversource_rate6_fixed_ratemc
155461,ct_eversource_rate6_fixed_ratemc
392054,ct_eversource_rate6_fixed_ratemc
414202,ct_eversource_rate6_fixed_ratemc
287206,ct_eversource_rate6_fixed_ratemc
364281,ct_eversource_rate6_fixed_ratemc
146454,ct_eversource_rate6_fixed_ratemc
165797,ct_eversource_rate6_fixed_ratemc
178062,ct_eversource_rate6_fixed_ratemc
182100,ct_eversource_rate6_fixed_ratemc
183820,ct_eversource_rate6_fixed_ratemc
195409,ct_eversource_rate6_fixed_ratemc
197924,ct_eversource_rate6_fixed_ratemc
202021,ct_eversource_rate6_fixed_ratemc
277653,ct_eversource_rate6_fixed_ratemc
354610,ct_eversource_rate6_fixed_ratemc
387751,ct_eversource_rate6_fixed_ratemc
224838,ct_eversource_rate6_fixed_ratemc
237004,ct_eversource_rate6_fixed_ratemc
268518,ct_eversource_rate6_fixed_ratemc
425535,ct_eversource_rate6_fixed_ratemc
317543,ct_eversource_rate6_fixed_ratemc
456103,ct_eversource_rate6_fixed_ratemc
451425,ct_eversource_rate6_fixed_ratemc
449972,ct_eversource_rate6_fixed_ratemc
306142,ct_eversource_rate6_fixed_ratemc
311293,ct_eversource_rate6_fixed_ratemc
340179,ct_eversource_rate6_fixed_ratemc
421245,ct_eversource_rate6_fixed_ratemc
272643,ct_eversource_rate6_fixed_ratemc
406990,ct_eversource_rate6_fixed_ratemc
203770,ct_eversource_rate6_fixed_ratemc
384391,ct_eversource_rate6_fixed_ratemc
451143,ct_eversource_rate6_fixed_ratemc
143951,ct_eversource_rate6_fixed_ratemc
194587,ct_eversource_rate6_fixed_ratemc
511846,ct_eversource_rate6_fixed_ratemc
517671,ct_eversource_rate6_fixed_ratemc
37601,ct_eversource_rate6_fixed_ratemc
137283,ct_eversource_rate6_fixed_ratemc
74455,ct_eversource_rate6_fixed_ratemc
351306,ct_eversource_rate6_fixed_ratemc
316463,ct_eversource_rate6_fixed_ratemc
217354,ct_eversource_rate6_fixed_ratemc
448947,ct_eversource_rate6_fixed_ratemc
4492,ct_eversource_rate6_fixed_ratemc
18617,ct_eversource_rate6_fixed_ratemc
22557,ct_eversource_rate6_fixed_ratemc
25414,ct_eversource_rate6_fixed_ratemc
36856,ct_eversource_rate6_fixed_ratemc
38051,ct_eversource_rate6_fixed_ratemc
56990,ct_eversource_rate6_fixed_ratemc
64892,ct_eversource_rate6_fixed_ratemc
227785,ct_eversource_rate6_fixed_ratemc
131249,ct_eversource_rate6_fixed_ratemc
74727,ct_eversource_rate6_fixed_ratemc
75359,ct_eversource_rate6_fixed_ratemc
92327,ct_eversource_rate6_fixed_ratemc
103990,ct_eversource_rate6_fixed_ratemc
118415,ct_eversource_rate6_fixed_ratemc
134240,ct_eversource_rate6_fixed_ratemc
183174,ct_eversource_rate6_fixed_ratemc
395638,ct_eversource_rate6_fixed_ratemc
283387,ct_eversource_rate6_fixed_ratemc
291638,ct_eversource_rate6_fixed_ratemc
297747,ct_eversource_rate6_fixed_ratemc
168741,ct_eversource_rate6_fixed_ratemc
168762,ct_eversource_rate6_fixed_ratemc
310594,ct_eversource_rate6_fixed_ratemc
349937,ct_eversource_rate6_fixed_ratemc
339605,ct_eversource_rate6_fixed_ratemc
237430,ct_eversource_rate6_fixed_ratemc
238047,ct_eversource_rate6_fixed_ratemc
247443,ct_eversource_rate6_fixed_ratemc
262661,ct_eversource_rate6_fixed_ratemc
386156,ct_eversource_rate6_fixed_ratemc
406111,ct_eversource_rate6_fixed_ratemc
416179,ct_eversource_rate6_fixed_ratemc
286184,ct_eversource_rate6_fixed_ratemc
471273,ct_eversource_rate6_fixed_ratemc
341891,ct_eversource_rate6_fixed_ratemc
389503,ct_eversource_rate6_fixed_ratemc
430754,ct_eversource_rate6_fixed_ratemc
422295,ct_eversource_rate6_fixed_ratemc
372478,ct_eversource_rate6_fixed_ratemc
459622,ct_eversource_rate6_fixed_ratemc
472469,ct_eversource_rate6_fixed_ratemc
444274,ct_eversource_rate6_fixed_ratemc
490807,ct_eversource_rate6_fixed_ratemc
501737,ct_eversource_rate6_fixed_ratemc
518108,ct_eversource_rate6_fixed_ratemc
520632,ct_eversource_rate6_fixed_ratemc
153291,ct_eversource_rate6_fixed_ratemc
118110,ct_eversource_rate6_fixed_ratemc
14925,ct_eversource_rate6_fixed_ratemc
225818,ct_eversource_rate6_fixed_ratemc
386461,ct_eversource_rate6_fixed_ratemc
6131,ct_eversource_rate6_fixed_ratemc
14108,ct_eversource_rate6_fixed_ratemc
44983,ct_eversource_rate6_fixed_ratemc
47276,ct_eversource_rate6_fixed_ratemc
53391,ct_eversource_rate6_fixed_ratemc
226848,ct_eversource_rate6_fixed_ratemc
417405,ct_eversource_rate6_fixed_ratemc
83670,ct_eversource_rate6_fixed_ratemc
84258,ct_eversource_rate6_fixed_ratemc
91503,ct_eversource_rate6_fixed_ratemc
127474,ct_eversource_rate6_fixed_ratemc
132458,ct_eversource_rate6_fixed_ratemc
444331,ct_eversource_rate6_fixed_ratemc
323764,ct_eversource_rate6_fixed_ratemc
400806,ct_eversource_rate6_fixed_ratemc
162745,ct_eversource_rate6_fixed_ratemc
168862,ct_eversource_rate6_fixed_ratemc
170333,ct_eversource_rate6_fixed_ratemc
179383,ct_eversource_rate6_fixed_ratemc
213429,ct_eversource_rate6_fixed_ratemc
293494,ct_eversource_rate6_fixed_ratemc
322629,ct_eversource_rate6_fixed_ratemc
433647,ct_eversource_rate6_fixed_ratemc
227285,ct_eversource_rate6_fixed_ratemc
241376,ct_eversource_rate6_fixed_ratemc
244706,ct_eversource_rate6_fixed_ratemc
259034,ct_eversource_rate6_fixed_ratemc
364125,ct_eversource_rate6_fixed_ratemc
382597,ct_eversource_rate6_fixed_ratemc
292528,ct_eversource_rate6_fixed_ratemc
428595,ct_eversource_rate6_fixed_ratemc
346111,ct_eversource_rate6_fixed_ratemc
355276,ct_eversource_rate6_fixed_ratemc
359410,ct_eversource_rate6_fixed_ratemc
392872,ct_eversource_rate6_fixed_ratemc
455479,ct_eversource_rate6_fixed_ratemc
429509,ct_eversource_rate6_fixed_ratemc
418596,ct_eversource_rate6_fixed_ratemc
160369,ct_eversource_rate6_fixed_ratemc
437649,ct_eversource_rate6_fixed_ratemc
488712,ct_eversource_rate6_fixed_ratemc
492174,ct_eversource_rate6_fixed_ratemc
511480,ct_eversource_rate6_fixed_ratemc
514774,ct_eversource_rate6_fixed_ratemc
515089,ct_eversource_rate6_fixed_ratemc
541330,ct_eversource_rate6_fixed_ratemc
68385,ct_eversource_rate6_fixed_ratemc
200777,ct_eversource_rate6_fixed_ratemc
125377,ct_eversource_rate6_fixed_ratemc
383535,ct_eversource_rate6_fixed_ratemc
20877,ct_eversource_rate6_fixed_ratemc
34869,ct_eversource_rate6_fixed_ratemc
152346,ct_eversource_rate6_fixed_ratemc
365579,ct_eversource_rate6_fixed_ratemc
355922,ct_eversource_rate6_fixed_ratemc
466938,ct_eversource_rate6_fixed_ratemc
6006,ct_eversource_rate6_fixed_ratemc
11579,ct_eversource_rate6_fixed_ratemc
18638,ct_eversource_rate6_fixed_ratemc
38423,ct_eversource_rate6_fixed_ratemc
46316,ct_eversource_rate6_fixed_ratemc
49344,ct_eversource_rate6_fixed_ratemc
53756,ct_eversource_rate6_fixed_ratemc
137475,ct_eversource_rate6_fixed_ratemc
232187,ct_eversource_rate6_fixed_ratemc
161590,ct_eversource_rate6_fixed_ratemc
185492,ct_eversource_rate6_fixed_ratemc
91343,ct_eversource_rate6_fixed_ratemc
111993,ct_eversource_rate6_fixed_ratemc
112137,ct_eversource_rate6_fixed_ratemc
118333,ct_eversource_rate6_fixed_ratemc
383008,ct_eversource_rate6_fixed_ratemc
235990,ct_eversource_rate6_fixed_ratemc
260676,ct_eversource_rate6_fixed_ratemc
278202,ct_eversource_rate6_fixed_ratemc
287978,ct_eversource_rate6_fixed_ratemc
161773,ct_eversource_rate6_fixed_ratemc
172980,ct_eversource_rate6_fixed_ratemc
174657,ct_eversource_rate6_fixed_ratemc
178154,ct_eversource_rate6_fixed_ratemc
183175,ct_eversource_rate6_fixed_ratemc
186040,ct_eversource_rate6_fixed_ratemc
459282,ct_eversource_rate6_fixed_ratemc
257990,ct_eversource_rate6_fixed_ratemc
206499,ct_eversource_rate6_fixed_ratemc
273047,ct_eversource_rate6_fixed_ratemc
232099,ct_eversource_rate6_fixed_ratemc
242165,ct_eversource_rate6_fixed_ratemc
261714,ct_eversource_rate6_fixed_ratemc
442875,ct_eversource_rate6_fixed_ratemc
349315,ct_eversource_rate6_fixed_ratemc
324099,ct_eversource_rate6_fixed_ratemc
472333,ct_eversource_rate6_fixed_ratemc
397389,ct_eversource_rate6_fixed_ratemc
401111,ct_eversource_rate6_fixed_ratemc
473602,ct_eversource_rate6_fixed_ratemc
209998,ct_eversource_rate6_fixed_ratemc
247231,ct_eversource_rate6_fixed_ratemc
424280,ct_eversource_rate6_fixed_ratemc
442632,ct_eversource_rate6_fixed_ratemc
48334,ct_eversource_rate6_fixed_ratemc
152001,ct_eversource_rate6_fixed_ratemc
370969,ct_eversource_rate6_fixed_ratemc
253855,ct_eversource_rate6_fixed_ratemc
507419,ct_eversource_rate6_fixed_ratemc
542121,ct_eversource_rate6_fixed_ratemc
22542,ct_eversource_rate6_fixed_ratemc
163354,ct_eversource_rate6_fixed_ratemc
2331,ct_eversource_rate6_fixed_ratemc
33756,ct_eversource_rate6_fixed_ratemc
324957,ct_eversource_rate6_fixed_ratemc
423800,ct_eversource_rate6_fixed_ratemc
391901,ct_eversource_rate6_fixed_ratemc
251450,ct_eversource_rate6_fixed_ratemc
414703,ct_eversource_rate6_fixed_ratemc
8517,ct_eversource_rate6_fixed_ratemc
18789,ct_eversource_rate6_fixed_ratemc
38654,ct_eversource_rate6_fixed_ratemc
41298,ct_eversource_rate6_fixed_ratemc
41654,ct_eversource_rate6_fixed_ratemc
144750,ct_eversource_rate6_fixed_ratemc
113238,ct_eversource_rate6_fixed_ratemc
283170,ct_eversource_rate6_fixed_ratemc
182059,ct_eversource_rate6_fixed_ratemc
263809,ct_eversource_rate6_fixed_ratemc
380283,ct_eversource_rate6_fixed_ratemc
75752,ct_eversource_rate6_fixed_ratemc
80492,ct_eversource_rate6_fixed_ratemc
82999,ct_eversource_rate6_fixed_ratemc
91086,ct_eversource_rate6_fixed_ratemc
98635,ct_eversource_rate6_fixed_ratemc
138666,ct_eversource_rate6_fixed_ratemc
426522,ct_eversource_rate6_fixed_ratemc
291808,ct_eversource_rate6_fixed_ratemc
294442,ct_eversource_rate6_fixed_ratemc
379198,ct_eversource_rate6_fixed_ratemc
180424,ct_eversource_rate6_fixed_ratemc
188598,ct_eversource_rate6_fixed_ratemc
322780,ct_eversource_rate6_fixed_ratemc
296548,ct_eversource_rate6_fixed_ratemc
321632,ct_eversource_rate6_fixed_ratemc
216043,ct_eversource_rate6_fixed_ratemc
211818,ct_eversource_rate6_fixed_ratemc
212363,ct_eversource_rate6_fixed_ratemc
247246,ct_eversource_rate6_fixed_ratemc
261873,ct_eversource_rate6_fixed_ratemc
306840,ct_eversource_rate6_fixed_ratemc
316939,ct_eversource_rate6_fixed_ratemc
318293,ct_eversource_rate6_fixed_ratemc
319862,ct_eversource_rate6_fixed_ratemc
377552,ct_eversource_rate6_fixed_ratemc
457069,ct_eversource_rate6_fixed_ratemc
454450,ct_eversource_rate6_fixed_ratemc
94511,ct_eversource_rate6_fixed_ratemc
459393,ct_eversource_rate6_fixed_ratemc
354094,ct_eversource_rate6_fixed_ratemc
17456,ct_eversource_rate6_fixed_ratemc
85263,ct_eversource_rate6_fixed_ratemc
498113,ct_eversource_rate6_fixed_ratemc
452470,ct_eversource_rate6_fixed_ratemc
451605,ct_eversource_rate6_fixed_ratemc
489275,ct_eversource_rate6_fixed_ratemc
515115,ct_eversource_rate6_fixed_ratemc
516089,ct_eversource_rate6_fixed_ratemc
517481,ct_eversource_rate6_fixed_ratemc
528448,ct_eversource_rate6_fixed_ratemc
530363,ct_eversource_rate6_fixed_ratemc
530368,ct_eversource_rate6_fixed_ratemc
537099,ct_eversource_rate6_fixed_ratemc
545017,ct_eversource_rate6_fixed_ratemc
546827,ct_eversource_rate6_fixed_ratemc
151858,ct_eversource_rate6_fixed_ratemc
113786,ct_eversource_rate6_fixed_ratemc
69832,ct_eversource_rate6_fixed_ratemc
23780,ct_eversource_rate6_fixed_ratemc
42412,ct_eversource_rate6_fixed_ratemc
79425,ct_eversource_rate6_fixed_ratemc
153049,ct_eversource_rate6_fixed_ratemc
274091,ct_eversource_rate6_fixed_ratemc
388109,ct_eversource_rate6_fixed_ratemc
5874,ct_eversource_rate6_fixed_ratemc
7747,ct_eversource_rate6_fixed_ratemc
19349,ct_eversource_rate6_fixed_ratemc
24633,ct_eversource_rate6_fixed_ratemc
25944,ct_eversource_rate6_fixed_ratemc
49252,ct_eversource_rate6_fixed_ratemc
50065,ct_eversource_rate6_fixed_ratemc
464573,ct_eversource_rate6_fixed_ratemc
114190,ct_eversource_rate6_fixed_ratemc
247456,ct_eversource_rate6_fixed_ratemc
113353,ct_eversource_rate6_fixed_ratemc
129535,ct_eversource_rate6_fixed_ratemc
467830,ct_eversource_rate6_fixed_ratemc
205970,ct_eversource_rate6_fixed_ratemc
145676,ct_eversource_rate6_fixed_ratemc
295621,ct_eversource_rate6_fixed_ratemc
215692,ct_eversource_rate6_fixed_ratemc
397261,ct_eversource_rate6_fixed_ratemc
147077,ct_eversource_rate6_fixed_ratemc
166660,ct_eversource_rate6_fixed_ratemc
173168,ct_eversource_rate6_fixed_ratemc
312302,ct_eversource_rate6_fixed_ratemc
206973,ct_eversource_rate6_fixed_ratemc
220103,ct_eversource_rate6_fixed_ratemc
230972,ct_eversource_rate6_fixed_ratemc
247788,ct_eversource_rate6_fixed_ratemc
260563,ct_eversource_rate6_fixed_ratemc
408458,ct_eversource_rate6_fixed_ratemc
276001,ct_eversource_rate6_fixed_ratemc
281725,ct_eversource_rate6_fixed_ratemc
284925,ct_eversource_rate6_fixed_ratemc
288367,ct_eversource_rate6_fixed_ratemc
312827,ct_eversource_rate6_fixed_ratemc
420746,ct_eversource_rate6_fixed_ratemc
342529,ct_eversource_rate6_fixed_ratemc
6355,ct_eversource_rate6_fixed_ratemc
348692,ct_eversource_rate6_fixed_ratemc
488710,ct_eversource_rate6_fixed_ratemc
491777,ct_eversource_rate6_fixed_ratemc
497136,ct_eversource_rate6_fixed_ratemc
503915,ct_eversource_rate6_fixed_ratemc
506159,ct_eversource_rate6_fixed_ratemc
507856,ct_eversource_rate6_fixed_ratemc
519281,ct_eversource_rate6_fixed_ratemc
535929,ct_eversource_rate6_fixed_ratemc
539452,ct_eversource_rate6_fixed_ratemc
542913,ct_eversource_rate6_fixed_ratemc
545195,ct_eversource_rate6_fixed_ratemc
117421,ct_eversource_rate6_fixed_ratemc
72930,ct_eversource_rate6_fixed_ratemc
119339,ct_eversource_rate6_fixed_ratemc
441634,ct_eversource_rate6_fixed_ratemc
2353,ct_eversource_rate6_fixed_ratemc
6735,ct_eversource_rate6_fixed_ratemc
12771,ct_eversource_rate6_fixed_ratemc
23352,ct_eversource_rate6_fixed_ratemc
51039,ct_eversource_rate6_fixed_ratemc
53172,ct_eversource_rate6_fixed_ratemc
55303,ct_eversource_rate6_fixed_ratemc
56732,ct_eversource_rate6_fixed_ratemc
57750,ct_eversource_rate6_fixed_ratemc
60316,ct_eversource_rate6_fixed_ratemc
120819,ct_eversource_rate6_fixed_ratemc
450863,ct_eversource_rate6_fixed_ratemc
240630,ct_eversource_rate6_fixed_ratemc
255366,ct_eversource_rate6_fixed_ratemc
450335,ct_eversource_rate6_fixed_ratemc
69628,ct_eversource_rate6_fixed_ratemc
79407,ct_eversource_rate6_fixed_ratemc
113586,ct_eversource_rate6_fixed_ratemc
118532,ct_eversource_rate6_fixed_ratemc
122421,ct_eversource_rate6_fixed_ratemc
435576,ct_eversource_rate6_fixed_ratemc
311711,ct_eversource_rate6_fixed_ratemc
249777,ct_eversource_rate6_fixed_ratemc
165585,ct_eversource_rate6_fixed_ratemc
184229,ct_eversource_rate6_fixed_ratemc
190193,ct_eversource_rate6_fixed_ratemc
336679,ct_eversource_rate6_fixed_ratemc
242264,ct_eversource_rate6_fixed_ratemc
333302,ct_eversource_rate6_fixed_ratemc
338234,ct_eversource_rate6_fixed_ratemc
424934,ct_eversource_rate6_fixed_ratemc
438705,ct_eversource_rate6_fixed_ratemc
442434,ct_eversource_rate6_fixed_ratemc
459979,ct_eversource_rate6_fixed_ratemc
392014,ct_eversource_rate6_fixed_ratemc
398961,ct_eversource_rate6_fixed_ratemc
319853,ct_eversource_rate6_fixed_ratemc
336599,ct_eversource_rate6_fixed_ratemc
243549,ct_eversource_rate6_fixed_ratemc
481626,ct_eversource_rate6_fixed_ratemc
502694,ct_eversource_rate6_fixed_ratemc
507271,ct_eversource_rate6_fixed_ratemc
515768,ct_eversource_rate6_fixed_ratemc
518965,ct_eversource_rate6_fixed_ratemc
522279,ct_eversource_rate6_fixed_ratemc
303466,ct_eversource_rate6_fixed_ratemc
85078,ct_eversource_rate6_fixed_ratemc
98947,ct_eversource_rate6_fixed_ratemc
229435,ct_eversource_rate6_fixed_ratemc
342719,ct_eversource_rate6_fixed_ratemc
401878,ct_eversource_rate6_fixed_ratemc
13358,ct_eversource_rate6_fixed_ratemc
25909,ct_eversource_rate6_fixed_ratemc
29081,ct_eversource_rate6_fixed_ratemc
30941,ct_eversource_rate6_fixed_ratemc
47532,ct_eversource_rate6_fixed_ratemc
372736,ct_eversource_rate6_fixed_ratemc
413311,ct_eversource_rate6_fixed_ratemc
193067,ct_eversource_rate6_fixed_ratemc
225651,ct_eversource_rate6_fixed_ratemc
103158,ct_eversource_rate6_fixed_ratemc
406897,ct_eversource_rate6_fixed_ratemc
381913,ct_eversource_rate6_fixed_ratemc
213567,ct_eversource_rate6_fixed_ratemc
146027,ct_eversource_rate6_fixed_ratemc
261746,ct_eversource_rate6_fixed_ratemc
267179,ct_eversource_rate6_fixed_ratemc
387630,ct_eversource_rate6_fixed_ratemc
142334,ct_eversource_rate6_fixed_ratemc
160218,ct_eversource_rate6_fixed_ratemc
311861,ct_eversource_rate6_fixed_ratemc
203802,ct_eversource_rate6_fixed_ratemc
268067,ct_eversource_rate6_fixed_ratemc
340100,ct_eversource_rate6_fixed_ratemc
208333,ct_eversource_rate6_fixed_ratemc
214815,ct_eversource_rate6_fixed_ratemc
224901,ct_eversource_rate6_fixed_ratemc
228449,ct_eversource_rate6_fixed_ratemc
243076,ct_eversource_rate6_fixed_ratemc
255106,ct_eversource_rate6_fixed_ratemc
364523,ct_eversource_rate6_fixed_ratemc
273834,ct_eversource_rate6_fixed_ratemc
298079,ct_eversource_rate6_fixed_ratemc
303938,ct_eversource_rate6_fixed_ratemc
425189,ct_eversource_rate6_fixed_ratemc
376346,ct_eversource_rate6_fixed_ratemc
401487,ct_eversource_rate6_fixed_ratemc
401641,ct_eversource_rate6_fixed_ratemc
472886,ct_eversource_rate6_fixed_ratemc
372954,ct_eversource_rate6_fixed_ratemc
440596,ct_eversource_rate6_fixed_ratemc
427998,ct_eversource_rate6_fixed_ratemc
120756,ct_eversource_rate6_fixed_ratemc
235345,ct_eversource_rate6_fixed_ratemc
150839,ct_eversource_rate6_fixed_ratemc
202653,ct_eversource_rate6_fixed_ratemc
481914,ct_eversource_rate6_fixed_ratemc
482224,ct_eversource_rate6_fixed_ratemc
506716,ct_eversource_rate6_fixed_ratemc
526202,ct_eversource_rate6_fixed_ratemc
529244,ct_eversource_rate6_fixed_ratemc
529288,ct_eversource_rate6_fixed_ratemc
545953,ct_eversource_rate6_fixed_ratemc
184904,ct_eversource_rate6_fixed_ratemc
45589,ct_eversource_rate6_fixed_ratemc
419677,ct_eversource_rate6_fixed_ratemc
115641,ct_eversource_rate6_fixed_ratemc
230905,ct_eversource_rate6_fixed_ratemc
369753,ct_eversource_rate6_fixed_ratemc
286777,ct_eversource_rate6_fixed_ratemc
290509,ct_eversource_rate6_fixed_ratemc
19111,ct_eversource_rate6_fixed_ratemc
28921,ct_eversource_rate6_fixed_ratemc
29861,ct_eversource_rate6_fixed_ratemc
38697,ct_eversource_rate6_fixed_ratemc
53696,ct_eversource_rate6_fixed_ratemc
59436,ct_eversource_rate6_fixed_ratemc
61741,ct_eversource_rate6_fixed_ratemc
423330,ct_eversource_rate6_fixed_ratemc
458993,ct_eversource_rate6_fixed_ratemc
196327,ct_eversource_rate6_fixed_ratemc
222831,ct_eversource_rate6_fixed_ratemc
388469,ct_eversource_rate6_fixed_ratemc
197131,ct_eversource_rate6_fixed_ratemc
217829,ct_eversource_rate6_fixed_ratemc
455241,ct_eversource_rate6_fixed_ratemc
73452,ct_eversource_rate6_fixed_ratemc
74901,ct_eversource_rate6_fixed_ratemc
110154,ct_eversource_rate6_fixed_ratemc
326141,ct_eversource_rate6_fixed_ratemc
316039,ct_eversource_rate6_fixed_ratemc
424701,ct_eversource_rate6_fixed_ratemc
147830,ct_eversource_rate6_fixed_ratemc
157722,ct_eversource_rate6_fixed_ratemc
302297,ct_eversource_rate6_fixed_ratemc
344139,ct_eversource_rate6_fixed_ratemc
404969,ct_eversource_rate6_fixed_ratemc
212627,ct_eversource_rate6_fixed_ratemc
213583,ct_eversource_rate6_fixed_ratemc
227854,ct_eversource_rate6_fixed_ratemc
265280,ct_eversource_rate6_fixed_ratemc
378152,ct_eversource_rate6_fixed_ratemc
469054,ct_eversource_rate6_fixed_ratemc
364547,ct_eversource_rate6_fixed_ratemc
297740,ct_eversource_rate6_fixed_ratemc
398195,ct_eversource_rate6_fixed_ratemc
342553,ct_eversource_rate6_fixed_ratemc
384627,ct_eversource_rate6_fixed_ratemc
391612,ct_eversource_rate6_fixed_ratemc
446647,ct_eversource_rate6_fixed_ratemc
433008,ct_eversource_rate6_fixed_ratemc
459169,ct_eversource_rate6_fixed_ratemc
240166,ct_eversource_rate6_fixed_ratemc
190719,ct_eversource_rate6_fixed_ratemc
1618,ct_eversource_rate6_fixed_ratemc
79489,ct_eversource_rate6_fixed_ratemc
449707,ct_eversource_rate6_fixed_ratemc
144417,ct_eversource_rate6_fixed_ratemc
481229,ct_eversource_rate6_fixed_ratemc
494455,ct_eversource_rate6_fixed_ratemc
500022,ct_eversource_rate6_fixed_ratemc
509329,ct_eversource_rate6_fixed_ratemc
515929,ct_eversource_rate6_fixed_ratemc
520926,ct_eversource_rate6_fixed_ratemc
521090,ct_eversource_rate6_fixed_ratemc
521675,ct_eversource_rate6_fixed_ratemc
528178,ct_eversource_rate6_fixed_ratemc
548742,ct_eversource_rate6_fixed_ratemc
96117,ct_eversource_rate6_fixed_ratemc
65617,ct_eversource_rate6_fixed_ratemc
391602,ct_eversource_rate6_fixed_ratemc
432525,ct_eversource_rate6_fixed_ratemc
356159,ct_eversource_rate6_fixed_ratemc
38824,ct_eversource_rate6_fixed_ratemc
43359,ct_eversource_rate6_fixed_ratemc
65340,ct_eversource_rate6_fixed_ratemc
247002,ct_eversource_rate6_fixed_ratemc
215511,ct_eversource_rate6_fixed_ratemc
300792,ct_eversource_rate6_fixed_ratemc
87526,ct_eversource_rate6_fixed_ratemc
118684,ct_eversource_rate6_fixed_ratemc
128230,ct_eversource_rate6_fixed_ratemc
469812,ct_eversource_rate6_fixed_ratemc
326045,ct_eversource_rate6_fixed_ratemc
166055,ct_eversource_rate6_fixed_ratemc
391030,ct_eversource_rate6_fixed_ratemc
427192,ct_eversource_rate6_fixed_ratemc
150302,ct_eversource_rate6_fixed_ratemc
188714,ct_eversource_rate6_fixed_ratemc
193621,ct_eversource_rate6_fixed_ratemc
198211,ct_eversource_rate6_fixed_ratemc
200121,ct_eversource_rate6_fixed_ratemc
392310,ct_eversource_rate6_fixed_ratemc
435778,ct_eversource_rate6_fixed_ratemc
299542,ct_eversource_rate6_fixed_ratemc
210322,ct_eversource_rate6_fixed_ratemc
256413,ct_eversource_rate6_fixed_ratemc
442655,ct_eversource_rate6_fixed_ratemc
204042,ct_eversource_rate6_fixed_ratemc
236241,ct_eversource_rate6_fixed_ratemc
242745,ct_eversource_rate6_fixed_ratemc
344862,ct_eversource_rate6_fixed_ratemc
323900,ct_eversource_rate6_fixed_ratemc
370970,ct_eversource_rate6_fixed_ratemc
289684,ct_eversource_rate6_fixed_ratemc
314179,ct_eversource_rate6_fixed_ratemc
331622,ct_eversource_rate6_fixed_ratemc
368741,ct_eversource_rate6_fixed_ratemc
374909,ct_eversource_rate6_fixed_ratemc
420246,ct_eversource_rate6_fixed_ratemc
473583,ct_eversource_rate6_fixed_ratemc
467445,ct_eversource_rate6_fixed_ratemc
463508,ct_eversource_rate6_fixed_ratemc
400567,ct_eversource_rate6_fixed_ratemc
181849,ct_eversource_rate6_fixed_ratemc
210821,ct_eversource_rate6_fixed_ratemc
477037,ct_eversource_rate6_fixed_ratemc
429335,ct_eversource_rate6_fixed_ratemc
485987,ct_eversource_rate6_fixed_ratemc
490023,ct_eversource_rate6_fixed_ratemc
491812,ct_eversource_rate6_fixed_ratemc
496679,ct_eversource_rate6_fixed_ratemc
508700,ct_eversource_rate6_fixed_ratemc
509179,ct_eversource_rate6_fixed_ratemc
510889,ct_eversource_rate6_fixed_ratemc
522181,ct_eversource_rate6_fixed_ratemc
146340,ct_eversource_rate6_fixed_ratemc
34968,ct_eversource_rate6_fixed_ratemc
35534,ct_eversource_rate6_fixed_ratemc
86661,ct_eversource_rate6_fixed_ratemc
276084,ct_eversource_rate6_fixed_ratemc
296281,ct_eversource_rate6_fixed_ratemc
395100,ct_eversource_rate6_fixed_ratemc
3541,ct_eversource_rate6_fixed_ratemc
17977,ct_eversource_rate6_fixed_ratemc
33151,ct_eversource_rate6_fixed_ratemc
47391,ct_eversource_rate6_fixed_ratemc
56055,ct_eversource_rate6_fixed_ratemc
57127,ct_eversource_rate6_fixed_ratemc
65356,ct_eversource_rate6_fixed_ratemc
178636,ct_eversource_rate6_fixed_ratemc
191502,ct_eversource_rate6_fixed_ratemc
291466,ct_eversource_rate6_fixed_ratemc
77386,ct_eversource_rate6_fixed_ratemc
89322,ct_eversource_rate6_fixed_ratemc
97626,ct_eversource_rate6_fixed_ratemc
106008,ct_eversource_rate6_fixed_ratemc
111495,ct_eversource_rate6_fixed_ratemc
114466,ct_eversource_rate6_fixed_ratemc
122130,ct_eversource_rate6_fixed_ratemc
164847,ct_eversource_rate6_fixed_ratemc
199144,ct_eversource_rate6_fixed_ratemc
264377,ct_eversource_rate6_fixed_ratemc
212514,ct_eversource_rate6_fixed_ratemc
402480,ct_eversource_rate6_fixed_ratemc
214704,ct_eversource_rate6_fixed_ratemc
236211,ct_eversource_rate6_fixed_ratemc
242992,ct_eversource_rate6_fixed_ratemc
246494,ct_eversource_rate6_fixed_ratemc
256628,ct_eversource_rate6_fixed_ratemc
258719,ct_eversource_rate6_fixed_ratemc
265729,ct_eversource_rate6_fixed_ratemc
426200,ct_eversource_rate6_fixed_ratemc
344692,ct_eversource_rate6_fixed_ratemc
294803,ct_eversource_rate6_fixed_ratemc
300239,ct_eversource_rate6_fixed_ratemc
338920,ct_eversource_rate6_fixed_ratemc
411184,ct_eversource_rate6_fixed_ratemc
468578,ct_eversource_rate6_fixed_ratemc
436830,ct_eversource_rate6_fixed_ratemc
422754,ct_eversource_rate6_fixed_ratemc
460731,ct_eversource_rate6_fixed_ratemc
344757,ct_eversource_rate6_fixed_ratemc
423963,ct_eversource_rate6_fixed_ratemc
479042,ct_eversource_rate6_fixed_ratemc
423277,ct_eversource_rate6_fixed_ratemc
223628,ct_eversource_rate6_fixed_ratemc
82784,ct_eversource_rate6_fixed_ratemc
485567,ct_eversource_rate6_fixed_ratemc
509191,ct_eversource_rate6_fixed_ratemc
518242,ct_eversource_rate6_fixed_ratemc
538651,ct_eversource_rate6_fixed_ratemc
97983,ct_eversource_rate6_fixed_ratemc
374858,ct_eversource_rate6_fixed_ratemc
57591,ct_eversource_rate6_fixed_ratemc
72386,ct_eversource_rate6_fixed_ratemc
15308,ct_eversource_rate6_fixed_ratemc
24359,ct_eversource_rate6_fixed_ratemc
33656,ct_eversource_rate6_fixed_ratemc
38464,ct_eversource_rate6_fixed_ratemc
53416,ct_eversource_rate6_fixed_ratemc
214531,ct_eversource_rate6_fixed_ratemc
455015,ct_eversource_rate6_fixed_ratemc
141134,ct_eversource_rate6_fixed_ratemc
172539,ct_eversource_rate6_fixed_ratemc
229392,ct_eversource_rate6_fixed_ratemc
74609,ct_eversource_rate6_fixed_ratemc
86256,ct_eversource_rate6_fixed_ratemc
98518,ct_eversource_rate6_fixed_ratemc
117728,ct_eversource_rate6_fixed_ratemc
119363,ct_eversource_rate6_fixed_ratemc
417089,ct_eversource_rate6_fixed_ratemc
399111,ct_eversource_rate6_fixed_ratemc
266085,ct_eversource_rate6_fixed_ratemc
314854,ct_eversource_rate6_fixed_ratemc
217939,ct_eversource_rate6_fixed_ratemc
451442,ct_eversource_rate6_fixed_ratemc
181938,ct_eversource_rate6_fixed_ratemc
186718,ct_eversource_rate6_fixed_ratemc
187198,ct_eversource_rate6_fixed_ratemc
311511,ct_eversource_rate6_fixed_ratemc
214841,ct_eversource_rate6_fixed_ratemc
220866,ct_eversource_rate6_fixed_ratemc
260715,ct_eversource_rate6_fixed_ratemc
290399,ct_eversource_rate6_fixed_ratemc
321428,ct_eversource_rate6_fixed_ratemc
229380,ct_eversource_rate6_fixed_ratemc
231877,ct_eversource_rate6_fixed_ratemc
320188,ct_eversource_rate6_fixed_ratemc
369627,ct_eversource_rate6_fixed_ratemc
388184,ct_eversource_rate6_fixed_ratemc
323431,ct_eversource_rate6_fixed_ratemc
359327,ct_eversource_rate6_fixed_ratemc
375050,ct_eversource_rate6_fixed_ratemc
374158,ct_eversource_rate6_fixed_ratemc
436129,ct_eversource_rate6_fixed_ratemc
451839,ct_eversource_rate6_fixed_ratemc
437068,ct_eversource_rate6_fixed_ratemc
448708,ct_eversource_rate6_fixed_ratemc
69195,ct_eversource_rate6_fixed_ratemc
299903,ct_eversource_rate6_fixed_ratemc
399175,ct_eversource_rate6_fixed_ratemc
346923,ct_eversource_rate6_fixed_ratemc
202969,ct_eversource_rate6_fixed_ratemc
493423,ct_eversource_rate6_fixed_ratemc
510448,ct_eversource_rate6_fixed_ratemc
510706,ct_eversource_rate6_fixed_ratemc
529661,ct_eversource_rate6_fixed_ratemc
530449,ct_eversource_rate6_fixed_ratemc
549806,ct_eversource_rate6_fixed_ratemc
549835,ct_eversource_rate6_fixed_ratemc
440996,ct_eversource_rate6_fixed_ratemc
349192,ct_eversource_rate6_fixed_ratemc
435263,ct_eversource_rate6_fixed_ratemc
1753,ct_eversource_rate6_fixed_ratemc
5675,ct_eversource_rate6_fixed_ratemc
7382,ct_eversource_rate6_fixed_ratemc
15092,ct_eversource_rate6_fixed_ratemc
22842,ct_eversource_rate6_fixed_ratemc
27095,ct_eversource_rate6_fixed_ratemc
36577,ct_eversource_rate6_fixed_ratemc
46946,ct_eversource_rate6_fixed_ratemc
52549,ct_eversource_rate6_fixed_ratemc
97910,ct_eversource_rate6_fixed_ratemc
123138,ct_eversource_rate6_fixed_ratemc
135137,ct_eversource_rate6_fixed_ratemc
451699,ct_eversource_rate6_fixed_ratemc
277625,ct_eversource_rate6_fixed_ratemc
87012,ct_eversource_rate6_fixed_ratemc
107878,ct_eversource_rate6_fixed_ratemc
114385,ct_eversource_rate6_fixed_ratemc
125327,ct_eversource_rate6_fixed_ratemc
201522,ct_eversource_rate6_fixed_ratemc
435727,ct_eversource_rate6_fixed_ratemc
393590,ct_eversource_rate6_fixed_ratemc
157515,ct_eversource_rate6_fixed_ratemc
164330,ct_eversource_rate6_fixed_ratemc
178008,ct_eversource_rate6_fixed_ratemc
186949,ct_eversource_rate6_fixed_ratemc
236236,ct_eversource_rate6_fixed_ratemc
383106,ct_eversource_rate6_fixed_ratemc
211466,ct_eversource_rate6_fixed_ratemc
248229,ct_eversource_rate6_fixed_ratemc
206613,ct_eversource_rate6_fixed_ratemc
211296,ct_eversource_rate6_fixed_ratemc
418864,ct_eversource_rate6_fixed_ratemc
341314,ct_eversource_rate6_fixed_ratemc
277830,ct_eversource_rate6_fixed_ratemc
423425,ct_eversource_rate6_fixed_ratemc
347101,ct_eversource_rate6_fixed_ratemc
462968,ct_eversource_rate6_fixed_ratemc
346546,ct_eversource_rate6_fixed_ratemc
473004,ct_eversource_rate6_fixed_ratemc
458835,ct_eversource_rate6_fixed_ratemc
417109,ct_eversource_rate6_fixed_ratemc
451888,ct_eversource_rate6_fixed_ratemc
169513,ct_eversource_rate6_fixed_ratemc
399645,ct_eversource_rate6_fixed_ratemc
332638,ct_eversource_rate6_fixed_ratemc
190191,ct_eversource_rate6_fixed_ratemc
483469,ct_eversource_rate6_fixed_ratemc
485821,ct_eversource_rate6_fixed_ratemc
488486,ct_eversource_rate6_fixed_ratemc
493625,ct_eversource_rate6_fixed_ratemc
495633,ct_eversource_rate6_fixed_ratemc
501831,ct_eversource_rate6_fixed_ratemc
522681,ct_eversource_rate6_fixed_ratemc
527183,ct_eversource_rate6_fixed_ratemc
530718,ct_eversource_rate6_fixed_ratemc
539784,ct_eversource_rate6_fixed_ratemc
541267,ct_eversource_rate6_fixed_ratemc
335915,ct_eversource_rate6_fixed_ratemc
351701,ct_eversource_rate6_fixed_ratemc
78972,ct_eversource_rate6_fixed_ratemc
301513,ct_eversource_rate6_fixed_ratemc
379843,ct_eversource_rate6_fixed_ratemc
17442,ct_eversource_rate6_fixed_ratemc
23785,ct_eversource_rate6_fixed_ratemc
29127,ct_eversource_rate6_fixed_ratemc
37236,ct_eversource_rate6_fixed_ratemc
52323,ct_eversource_rate6_fixed_ratemc
57583,ct_eversource_rate6_fixed_ratemc
67815,ct_eversource_rate6_fixed_ratemc
138634,ct_eversource_rate6_fixed_ratemc
255969,ct_eversource_rate6_fixed_ratemc
340686,ct_eversource_rate6_fixed_ratemc
426326,ct_eversource_rate6_fixed_ratemc
103275,ct_eversource_rate6_fixed_ratemc
108193,ct_eversource_rate6_fixed_ratemc
129812,ct_eversource_rate6_fixed_ratemc
136565,ct_eversource_rate6_fixed_ratemc
398557,ct_eversource_rate6_fixed_ratemc
155082,ct_eversource_rate6_fixed_ratemc
281821,ct_eversource_rate6_fixed_ratemc
256232,ct_eversource_rate6_fixed_ratemc
263519,ct_eversource_rate6_fixed_ratemc
431614,ct_eversource_rate6_fixed_ratemc
363685,ct_eversource_rate6_fixed_ratemc
368774,ct_eversource_rate6_fixed_ratemc
372529,ct_eversource_rate6_fixed_ratemc
353972,ct_eversource_rate6_fixed_ratemc
450463,ct_eversource_rate6_fixed_ratemc
395583,ct_eversource_rate6_fixed_ratemc
141414,ct_eversource_rate6_fixed_ratemc
138525,ct_eversource_rate6_fixed_ratemc
338689,ct_eversource_rate6_fixed_ratemc
481042,ct_eversource_rate6_fixed_ratemc
485209,ct_eversource_rate6_fixed_ratemc
486935,ct_eversource_rate6_fixed_ratemc
493305,ct_eversource_rate6_fixed_ratemc
500206,ct_eversource_rate6_fixed_ratemc
501485,ct_eversource_rate6_fixed_ratemc
502931,ct_eversource_rate6_fixed_ratemc
504826,ct_eversource_rate6_fixed_ratemc
531550,ct_eversource_rate6_fixed_ratemc
536674,ct_eversource_rate6_fixed_ratemc
168337,ct_eversource_rate6_fixed_ratemc
155155,ct_eversource_rate6_fixed_ratemc
462858,ct_eversource_rate6_fixed_ratemc
20008,ct_eversource_rate6_fixed_ratemc
27576,ct_eversource_rate6_fixed_ratemc
46808,ct_eversource_rate6_fixed_ratemc
54219,ct_eversource_rate6_fixed_ratemc
63562,ct_eversource_rate6_fixed_ratemc
108307,ct_eversource_rate6_fixed_ratemc
214795,ct_eversource_rate6_fixed_ratemc
459216,ct_eversource_rate6_fixed_ratemc
90920,ct_eversource_rate6_fixed_ratemc
155318,ct_eversource_rate6_fixed_ratemc
186954,ct_eversource_rate6_fixed_ratemc
331581,ct_eversource_rate6_fixed_ratemc
84846,ct_eversource_rate6_fixed_ratemc
92537,ct_eversource_rate6_fixed_ratemc
260482,ct_eversource_rate6_fixed_ratemc
342344,ct_eversource_rate6_fixed_ratemc
286987,ct_eversource_rate6_fixed_ratemc
291615,ct_eversource_rate6_fixed_ratemc
440914,ct_eversource_rate6_fixed_ratemc
148380,ct_eversource_rate6_fixed_ratemc
167564,ct_eversource_rate6_fixed_ratemc
200967,ct_eversource_rate6_fixed_ratemc
203226,ct_eversource_rate6_fixed_ratemc
212160,ct_eversource_rate6_fixed_ratemc
315941,ct_eversource_rate6_fixed_ratemc
207843,ct_eversource_rate6_fixed_ratemc
253841,ct_eversource_rate6_fixed_ratemc
308289,ct_eversource_rate6_fixed_ratemc
326629,ct_eversource_rate6_fixed_ratemc
465633,ct_eversource_rate6_fixed_ratemc
312400,ct_eversource_rate6_fixed_ratemc
368288,ct_eversource_rate6_fixed_ratemc
421364,ct_eversource_rate6_fixed_ratemc
471317,ct_eversource_rate6_fixed_ratemc
