bldg_id,tariff_key
504616,ct_eversource_non-hp_base_percustomer_passthrough_supply
31933,ct_eversource_non-hp_base_percustomer_passthrough_supply
338527,ct_eversource_non-hp_base_percustomer_passthrough_supply
341661,ct_eversource_non-hp_base_percustomer_passthrough_supply
423800,ct_eversource_non-hp_base_percustomer_passthrough_supply
434670,ct_eversource_non-hp_base_percustomer_passthrough_supply
468578,ct_eversource_non-hp_base_percustomer_passthrough_supply
473101,ct_eversource_non-hp_base_percustomer_passthrough_supply
476063,ct_eversource_non-hp_base_percustomer_passthrough_supply
478657,ct_eversource_non-hp_base_percustomer_passthrough_supply
479705,ct_eversource_non-hp_base_percustomer_passthrough_supply
485987,ct_eversource_non-hp_base_percustomer_passthrough_supply
493625,ct_eversource_non-hp_base_percustomer_passthrough_supply
499391,ct_eversource_non-hp_base_percustomer_passthrough_supply
521719,ct_eversource_non-hp_base_percustomer_passthrough_supply
522677,ct_eversource_non-hp_base_percustomer_passthrough_supply
528178,ct_eversource_non-hp_base_percustomer_passthrough_supply
546748,ct_eversource_non-hp_base_percustomer_passthrough_supply
51656,ct_eversource_non-hp_base_percustomer_passthrough_supply
61739,ct_eversource_non-hp_base_percustomer_passthrough_supply
83670,ct_eversource_non-hp_base_percustomer_passthrough_supply
84498,ct_eversource_non-hp_base_percustomer_passthrough_supply
104911,ct_eversource_non-hp_base_percustomer_passthrough_supply
108209,ct_eversource_non-hp_base_percustomer_passthrough_supply
128937,ct_eversource_non-hp_base_percustomer_passthrough_supply
484451,ct_eversource_non-hp_base_percustomer_passthrough_supply
352143,ct_eversource_non-hp_base_percustomer_passthrough_supply
237239,ct_eversource_non-hp_base_percustomer_passthrough_supply
358363,ct_eversource_non-hp_base_percustomer_passthrough_supply
196743,ct_eversource_non-hp_base_percustomer_passthrough_supply
176054,ct_eversource_non-hp_base_percustomer_passthrough_supply
324718,ct_eversource_non-hp_base_percustomer_passthrough_supply
218121,ct_eversource_non-hp_base_percustomer_passthrough_supply
236241,ct_eversource_non-hp_base_percustomer_passthrough_supply
338462,ct_eversource_non-hp_base_percustomer_passthrough_supply
404054,ct_eversource_non-hp_base_percustomer_passthrough_supply
283499,ct_eversource_non-hp_base_percustomer_passthrough_supply
285979,ct_eversource_non-hp_base_percustomer_passthrough_supply
396528,ct_eversource_non-hp_base_percustomer_passthrough_supply
392290,ct_eversource_non-hp_base_percustomer_passthrough_supply
318066,ct_eversource_non-hp_base_percustomer_passthrough_supply
391422,ct_eversource_non-hp_base_percustomer_passthrough_supply
129535,ct_eversource_non-hp_base_percustomer_passthrough_supply
435778,ct_eversource_non-hp_base_percustomer_passthrough_supply
243843,ct_eversource_non-hp_base_percustomer_passthrough_supply
169001,ct_eversource_non-hp_base_percustomer_passthrough_supply
131445,ct_eversource_non-hp_base_percustomer_passthrough_supply
257043,ct_eversource_non-hp_base_percustomer_passthrough_supply
170742,ct_eversource_non-hp_base_percustomer_passthrough_supply
34869,ct_eversource_non-hp_base_percustomer_passthrough_supply
137832,ct_eversource_non-hp_base_percustomer_passthrough_supply
192807,ct_eversource_non-hp_base_percustomer_passthrough_supply
247683,ct_eversource_non-hp_base_percustomer_passthrough_supply
380283,ct_eversource_non-hp_base_percustomer_passthrough_supply
300877,ct_eversource_non-hp_base_percustomer_passthrough_supply
314303,ct_eversource_non-hp_base_percustomer_passthrough_supply
317645,ct_eversource_hp_flat_percustomer_passthrough_supply
521675,ct_eversource_non-hp_base_percustomer_passthrough_supply
36195,ct_eversource_non-hp_base_percustomer_passthrough_supply
212567,ct_eversource_non-hp_base_percustomer_passthrough_supply
161773,ct_eversource_non-hp_base_percustomer_passthrough_supply
500022,ct_eversource_hp_flat_percustomer_passthrough_supply
513576,ct_eversource_non-hp_base_percustomer_passthrough_supply
144559,ct_eversource_non-hp_base_percustomer_passthrough_supply
84258,ct_eversource_non-hp_base_percustomer_passthrough_supply
434483,ct_eversource_non-hp_base_percustomer_passthrough_supply
451425,ct_eversource_non-hp_base_percustomer_passthrough_supply
454794,ct_eversource_non-hp_base_percustomer_passthrough_supply
455241,ct_eversource_non-hp_base_percustomer_passthrough_supply
467556,ct_eversource_non-hp_base_percustomer_passthrough_supply
476442,ct_eversource_non-hp_base_percustomer_passthrough_supply
490213,ct_eversource_non-hp_base_percustomer_passthrough_supply
500821,ct_eversource_non-hp_base_percustomer_passthrough_supply
521242,ct_eversource_non-hp_base_percustomer_passthrough_supply
523355,ct_eversource_non-hp_base_percustomer_passthrough_supply
542247,ct_eversource_non-hp_base_percustomer_passthrough_supply
543247,ct_eversource_non-hp_base_percustomer_passthrough_supply
543612,ct_eversource_non-hp_base_percustomer_passthrough_supply
549100,ct_eversource_non-hp_base_percustomer_passthrough_supply
85002,ct_eversource_non-hp_base_percustomer_passthrough_supply
244258,ct_eversource_non-hp_base_percustomer_passthrough_supply
248237,ct_eversource_non-hp_base_percustomer_passthrough_supply
149118,ct_eversource_non-hp_base_percustomer_passthrough_supply
385856,ct_eversource_non-hp_base_percustomer_passthrough_supply
238190,ct_eversource_non-hp_base_percustomer_passthrough_supply
353154,ct_eversource_non-hp_base_percustomer_passthrough_supply
339299,ct_eversource_non-hp_base_percustomer_passthrough_supply
376097,ct_eversource_non-hp_base_percustomer_passthrough_supply
3154,ct_eversource_non-hp_base_percustomer_passthrough_supply
69832,ct_eversource_non-hp_base_percustomer_passthrough_supply
73380,ct_eversource_non-hp_base_percustomer_passthrough_supply
120756,ct_eversource_non-hp_base_percustomer_passthrough_supply
231500,ct_eversource_non-hp_base_percustomer_passthrough_supply
155993,ct_eversource_non-hp_base_percustomer_passthrough_supply
170761,ct_eversource_non-hp_base_percustomer_passthrough_supply
182730,ct_eversource_non-hp_base_percustomer_passthrough_supply
311592,ct_eversource_non-hp_base_percustomer_passthrough_supply
162745,ct_eversource_non-hp_base_percustomer_passthrough_supply
192384,ct_eversource_non-hp_base_percustomer_passthrough_supply
149062,ct_eversource_non-hp_base_percustomer_passthrough_supply
191944,ct_eversource_non-hp_base_percustomer_passthrough_supply
243924,ct_eversource_non-hp_base_percustomer_passthrough_supply
405100,ct_eversource_non-hp_base_percustomer_passthrough_supply
410555,ct_eversource_non-hp_base_percustomer_passthrough_supply
418596,ct_eversource_non-hp_base_percustomer_passthrough_supply
421364,ct_eversource_non-hp_base_percustomer_passthrough_supply
431114,ct_eversource_non-hp_base_percustomer_passthrough_supply
441634,ct_eversource_non-hp_base_percustomer_passthrough_supply
451143,ct_eversource_non-hp_base_percustomer_passthrough_supply
454683,ct_eversource_non-hp_base_percustomer_passthrough_supply
460454,ct_eversource_non-hp_base_percustomer_passthrough_supply
464184,ct_eversource_non-hp_base_percustomer_passthrough_supply
467830,ct_eversource_non-hp_base_percustomer_passthrough_supply
471821,ct_eversource_non-hp_base_percustomer_passthrough_supply
473583,ct_eversource_non-hp_base_percustomer_passthrough_supply
480262,ct_eversource_non-hp_base_percustomer_passthrough_supply
494593,ct_eversource_non-hp_base_percustomer_passthrough_supply
497005,ct_eversource_non-hp_base_percustomer_passthrough_supply
507419,ct_eversource_non-hp_base_percustomer_passthrough_supply
508239,ct_eversource_non-hp_base_percustomer_passthrough_supply
508519,ct_eversource_non-hp_base_percustomer_passthrough_supply
508910,ct_eversource_non-hp_base_percustomer_passthrough_supply
518006,ct_eversource_non-hp_base_percustomer_passthrough_supply
530283,ct_eversource_non-hp_base_percustomer_passthrough_supply
538180,ct_eversource_non-hp_base_percustomer_passthrough_supply
2353,ct_eversource_non-hp_base_percustomer_passthrough_supply
4174,ct_eversource_non-hp_base_percustomer_passthrough_supply
4275,ct_eversource_non-hp_base_percustomer_passthrough_supply
6883,ct_eversource_non-hp_base_percustomer_passthrough_supply
7747,ct_eversource_non-hp_base_percustomer_passthrough_supply
15817,ct_eversource_non-hp_base_percustomer_passthrough_supply
16249,ct_eversource_non-hp_base_percustomer_passthrough_supply
18617,ct_eversource_hp_flat_percustomer_passthrough_supply
18640,ct_eversource_non-hp_base_percustomer_passthrough_supply
20461,ct_eversource_non-hp_base_percustomer_passthrough_supply
20877,ct_eversource_non-hp_base_percustomer_passthrough_supply
27243,ct_eversource_non-hp_base_percustomer_passthrough_supply
28578,ct_eversource_non-hp_base_percustomer_passthrough_supply
30020,ct_eversource_non-hp_base_percustomer_passthrough_supply
38423,ct_eversource_non-hp_base_percustomer_passthrough_supply
50614,ct_eversource_non-hp_base_percustomer_passthrough_supply
50625,ct_eversource_non-hp_base_percustomer_passthrough_supply
50671,ct_eversource_non-hp_base_percustomer_passthrough_supply
61520,ct_eversource_non-hp_base_percustomer_passthrough_supply
64829,ct_eversource_non-hp_base_percustomer_passthrough_supply
68385,ct_eversource_non-hp_base_percustomer_passthrough_supply
73909,ct_eversource_non-hp_base_percustomer_passthrough_supply
74082,ct_eversource_non-hp_base_percustomer_passthrough_supply
77766,ct_eversource_non-hp_base_percustomer_passthrough_supply
98080,ct_eversource_non-hp_base_percustomer_passthrough_supply
99280,ct_eversource_non-hp_base_percustomer_passthrough_supply
100366,ct_eversource_non-hp_base_percustomer_passthrough_supply
103790,ct_eversource_non-hp_base_percustomer_passthrough_supply
106676,ct_eversource_non-hp_base_percustomer_passthrough_supply
108193,ct_eversource_non-hp_base_percustomer_passthrough_supply
109710,ct_eversource_non-hp_base_percustomer_passthrough_supply
111057,ct_eversource_non-hp_base_percustomer_passthrough_supply
111495,ct_eversource_non-hp_base_percustomer_passthrough_supply
115771,ct_eversource_non-hp_base_percustomer_passthrough_supply
115827,ct_eversource_non-hp_base_percustomer_passthrough_supply
125377,ct_eversource_non-hp_base_percustomer_passthrough_supply
125695,ct_eversource_non-hp_base_percustomer_passthrough_supply
135239,ct_eversource_non-hp_base_percustomer_passthrough_supply
223232,ct_eversource_non-hp_base_percustomer_passthrough_supply
384391,ct_eversource_hp_flat_percustomer_passthrough_supply
306652,ct_eversource_non-hp_base_percustomer_passthrough_supply
363729,ct_eversource_non-hp_base_percustomer_passthrough_supply
340100,ct_eversource_non-hp_base_percustomer_passthrough_supply
364356,ct_eversource_non-hp_base_percustomer_passthrough_supply
201756,ct_eversource_non-hp_base_percustomer_passthrough_supply
281847,ct_eversource_non-hp_base_percustomer_passthrough_supply
395189,ct_eversource_non-hp_base_percustomer_passthrough_supply
281710,ct_eversource_non-hp_base_percustomer_passthrough_supply
279732,ct_eversource_non-hp_base_percustomer_passthrough_supply
157709,ct_eversource_non-hp_base_percustomer_passthrough_supply
148361,ct_eversource_non-hp_base_percustomer_passthrough_supply
146197,ct_eversource_non-hp_base_percustomer_passthrough_supply
150419,ct_eversource_non-hp_base_percustomer_passthrough_supply
154921,ct_eversource_non-hp_base_percustomer_passthrough_supply
160258,ct_eversource_non-hp_base_percustomer_passthrough_supply
161086,ct_eversource_non-hp_base_percustomer_passthrough_supply
164172,ct_eversource_non-hp_base_percustomer_passthrough_supply
167028,ct_eversource_non-hp_base_percustomer_passthrough_supply
168741,ct_eversource_non-hp_base_percustomer_passthrough_supply
198578,ct_eversource_non-hp_base_percustomer_passthrough_supply
202021,ct_eversource_non-hp_base_percustomer_passthrough_supply
207521,ct_eversource_non-hp_base_percustomer_passthrough_supply
212274,ct_eversource_non-hp_base_percustomer_passthrough_supply
214727,ct_eversource_non-hp_base_percustomer_passthrough_supply
215434,ct_eversource_hp_flat_percustomer_passthrough_supply
221053,ct_eversource_non-hp_base_percustomer_passthrough_supply
231161,ct_eversource_non-hp_base_percustomer_passthrough_supply
232840,ct_eversource_non-hp_base_percustomer_passthrough_supply
243631,ct_eversource_non-hp_base_percustomer_passthrough_supply
265280,ct_eversource_non-hp_base_percustomer_passthrough_supply
267183,ct_eversource_non-hp_base_percustomer_passthrough_supply
267639,ct_eversource_non-hp_base_percustomer_passthrough_supply
356964,ct_eversource_non-hp_base_percustomer_passthrough_supply
356635,ct_eversource_non-hp_base_percustomer_passthrough_supply
278202,ct_eversource_non-hp_base_percustomer_passthrough_supply
276001,ct_eversource_non-hp_base_percustomer_passthrough_supply
366762,ct_eversource_non-hp_base_percustomer_passthrough_supply
407141,ct_eversource_non-hp_base_percustomer_passthrough_supply
324555,ct_eversource_non-hp_base_percustomer_passthrough_supply
373683,ct_eversource_non-hp_base_percustomer_passthrough_supply
388109,ct_eversource_non-hp_base_percustomer_passthrough_supply
291407,ct_eversource_non-hp_base_percustomer_passthrough_supply
275297,ct_eversource_non-hp_base_percustomer_passthrough_supply
286758,ct_eversource_non-hp_base_percustomer_passthrough_supply
290162,ct_eversource_non-hp_base_percustomer_passthrough_supply
294431,ct_eversource_non-hp_base_percustomer_passthrough_supply
316463,ct_eversource_hp_flat_percustomer_passthrough_supply
324312,ct_eversource_non-hp_base_percustomer_passthrough_supply
326543,ct_eversource_hp_flat_percustomer_passthrough_supply
351414,ct_eversource_non-hp_base_percustomer_passthrough_supply
354241,ct_eversource_non-hp_base_percustomer_passthrough_supply
361533,ct_eversource_non-hp_base_percustomer_passthrough_supply
363022,ct_eversource_non-hp_base_percustomer_passthrough_supply
378273,ct_eversource_non-hp_base_percustomer_passthrough_supply
381424,ct_eversource_non-hp_base_percustomer_passthrough_supply
395985,ct_eversource_non-hp_base_percustomer_passthrough_supply
397261,ct_eversource_non-hp_base_percustomer_passthrough_supply
6006,ct_eversource_non-hp_base_percustomer_passthrough_supply
300832,ct_eversource_non-hp_base_percustomer_passthrough_supply
455479,ct_eversource_non-hp_base_percustomer_passthrough_supply
482224,ct_eversource_non-hp_base_percustomer_passthrough_supply
484587,ct_eversource_non-hp_base_percustomer_passthrough_supply
496235,ct_eversource_non-hp_base_percustomer_passthrough_supply
503915,ct_eversource_non-hp_base_percustomer_passthrough_supply
509779,ct_eversource_non-hp_base_percustomer_passthrough_supply
520167,ct_eversource_non-hp_base_percustomer_passthrough_supply
539452,ct_eversource_non-hp_base_percustomer_passthrough_supply
118331,ct_eversource_non-hp_base_percustomer_passthrough_supply
538936,ct_eversource_non-hp_base_percustomer_passthrough_supply
260078,ct_eversource_non-hp_base_percustomer_passthrough_supply
386481,ct_eversource_non-hp_base_percustomer_passthrough_supply
481620,ct_eversource_non-hp_base_percustomer_passthrough_supply
448947,ct_eversource_non-hp_base_percustomer_passthrough_supply
491400,ct_eversource_non-hp_base_percustomer_passthrough_supply
315840,ct_eversource_non-hp_base_percustomer_passthrough_supply
290788,ct_eversource_non-hp_base_percustomer_passthrough_supply
208314,ct_eversource_non-hp_base_percustomer_passthrough_supply
232099,ct_eversource_non-hp_base_percustomer_passthrough_supply
238945,ct_eversource_non-hp_base_percustomer_passthrough_supply
262932,ct_eversource_non-hp_base_percustomer_passthrough_supply
71224,ct_eversource_non-hp_base_percustomer_passthrough_supply
440247,ct_eversource_non-hp_base_percustomer_passthrough_supply
528131,ct_eversource_non-hp_base_percustomer_passthrough_supply
398582,ct_eversource_non-hp_base_percustomer_passthrough_supply
113181,ct_eversource_non-hp_base_percustomer_passthrough_supply
55313,ct_eversource_non-hp_base_percustomer_passthrough_supply
405051,ct_eversource_non-hp_base_percustomer_passthrough_supply
410412,ct_eversource_non-hp_base_percustomer_passthrough_supply
325717,ct_eversource_non-hp_base_percustomer_passthrough_supply
383535,ct_eversource_non-hp_base_percustomer_passthrough_supply
387384,ct_eversource_non-hp_base_percustomer_passthrough_supply
265729,ct_eversource_non-hp_base_percustomer_passthrough_supply
35840,ct_eversource_non-hp_base_percustomer_passthrough_supply
429590,ct_eversource_non-hp_base_percustomer_passthrough_supply
126645,ct_eversource_non-hp_base_percustomer_passthrough_supply
201985,ct_eversource_non-hp_base_percustomer_passthrough_supply
150667,ct_eversource_non-hp_base_percustomer_passthrough_supply
155082,ct_eversource_non-hp_base_percustomer_passthrough_supply
247231,ct_eversource_non-hp_base_percustomer_passthrough_supply
386117,ct_eversource_non-hp_base_percustomer_passthrough_supply
314854,ct_eversource_hp_flat_percustomer_passthrough_supply
14078,ct_eversource_non-hp_base_percustomer_passthrough_supply
108548,ct_eversource_non-hp_base_percustomer_passthrough_supply
138786,ct_eversource_non-hp_base_percustomer_passthrough_supply
491812,ct_eversource_non-hp_base_percustomer_passthrough_supply
231205,ct_eversource_non-hp_base_percustomer_passthrough_supply
533976,ct_eversource_non-hp_base_percustomer_passthrough_supply
441679,ct_eversource_non-hp_base_percustomer_passthrough_supply
464901,ct_eversource_non-hp_base_percustomer_passthrough_supply
478478,ct_eversource_non-hp_base_percustomer_passthrough_supply
506411,ct_eversource_non-hp_base_percustomer_passthrough_supply
266745,ct_eversource_non-hp_base_percustomer_passthrough_supply
201559,ct_eversource_non-hp_base_percustomer_passthrough_supply
426618,ct_eversource_non-hp_base_percustomer_passthrough_supply
431949,ct_eversource_non-hp_base_percustomer_passthrough_supply
432077,ct_eversource_hp_flat_percustomer_passthrough_supply
447710,ct_eversource_non-hp_base_percustomer_passthrough_supply
452470,ct_eversource_non-hp_base_percustomer_passthrough_supply
472670,ct_eversource_non-hp_base_percustomer_passthrough_supply
548796,ct_eversource_non-hp_base_percustomer_passthrough_supply
37236,ct_eversource_non-hp_base_percustomer_passthrough_supply
372529,ct_eversource_non-hp_base_percustomer_passthrough_supply
79702,ct_eversource_hp_flat_percustomer_passthrough_supply
41021,ct_eversource_non-hp_base_percustomer_passthrough_supply
100927,ct_eversource_non-hp_base_percustomer_passthrough_supply
103158,ct_eversource_non-hp_base_percustomer_passthrough_supply
182134,ct_eversource_non-hp_base_percustomer_passthrough_supply
183175,ct_eversource_non-hp_base_percustomer_passthrough_supply
368741,ct_eversource_non-hp_base_percustomer_passthrough_supply
324099,ct_eversource_non-hp_base_percustomer_passthrough_supply
158835,ct_eversource_non-hp_base_percustomer_passthrough_supply
211466,ct_eversource_non-hp_base_percustomer_passthrough_supply
27576,ct_eversource_non-hp_base_percustomer_passthrough_supply
30667,ct_eversource_non-hp_base_percustomer_passthrough_supply
53212,ct_eversource_non-hp_base_percustomer_passthrough_supply
69628,ct_eversource_non-hp_base_percustomer_passthrough_supply
127053,ct_eversource_non-hp_base_percustomer_passthrough_supply
234407,ct_eversource_non-hp_base_percustomer_passthrough_supply
188714,ct_eversource_non-hp_base_percustomer_passthrough_supply
360945,ct_eversource_non-hp_base_percustomer_passthrough_supply
188282,ct_eversource_non-hp_base_percustomer_passthrough_supply
215946,ct_eversource_non-hp_base_percustomer_passthrough_supply
152346,ct_eversource_non-hp_base_percustomer_passthrough_supply
404078,ct_eversource_non-hp_base_percustomer_passthrough_supply
177756,ct_eversource_non-hp_base_percustomer_passthrough_supply
200504,ct_eversource_non-hp_base_percustomer_passthrough_supply
221411,ct_eversource_non-hp_base_percustomer_passthrough_supply
318217,ct_eversource_non-hp_base_percustomer_passthrough_supply
415592,ct_eversource_non-hp_base_percustomer_passthrough_supply
423277,ct_eversource_non-hp_base_percustomer_passthrough_supply
427998,ct_eversource_non-hp_base_percustomer_passthrough_supply
432173,ct_eversource_non-hp_base_percustomer_passthrough_supply
438671,ct_eversource_non-hp_base_percustomer_passthrough_supply
442434,ct_eversource_non-hp_base_percustomer_passthrough_supply
446358,ct_eversource_non-hp_base_percustomer_passthrough_supply
447191,ct_eversource_non-hp_base_percustomer_passthrough_supply
459216,ct_eversource_non-hp_base_percustomer_passthrough_supply
464659,ct_eversource_non-hp_base_percustomer_passthrough_supply
470065,ct_eversource_non-hp_base_percustomer_passthrough_supply
470066,ct_eversource_non-hp_base_percustomer_passthrough_supply
475291,ct_eversource_non-hp_base_percustomer_passthrough_supply
481914,ct_eversource_non-hp_base_percustomer_passthrough_supply
492203,ct_eversource_non-hp_base_percustomer_passthrough_supply
498983,ct_eversource_non-hp_base_percustomer_passthrough_supply
500206,ct_eversource_non-hp_base_percustomer_passthrough_supply
501485,ct_eversource_non-hp_base_percustomer_passthrough_supply
508700,ct_eversource_non-hp_base_percustomer_passthrough_supply
509852,ct_eversource_non-hp_base_percustomer_passthrough_supply
512927,ct_eversource_non-hp_base_percustomer_passthrough_supply
516407,ct_eversource_non-hp_base_percustomer_passthrough_supply
532172,ct_eversource_non-hp_base_percustomer_passthrough_supply
533296,ct_eversource_non-hp_base_percustomer_passthrough_supply
542121,ct_eversource_non-hp_base_percustomer_passthrough_supply
546407,ct_eversource_hp_flat_percustomer_passthrough_supply
549975,ct_eversource_non-hp_base_percustomer_passthrough_supply
9636,ct_eversource_non-hp_base_percustomer_passthrough_supply
9864,ct_eversource_non-hp_base_percustomer_passthrough_supply
22039,ct_eversource_non-hp_base_percustomer_passthrough_supply
22336,ct_eversource_non-hp_base_percustomer_passthrough_supply
22542,ct_eversource_non-hp_base_percustomer_passthrough_supply
23039,ct_eversource_non-hp_base_percustomer_passthrough_supply
25836,ct_eversource_non-hp_base_percustomer_passthrough_supply
31488,ct_eversource_non-hp_base_percustomer_passthrough_supply
38051,ct_eversource_non-hp_base_percustomer_passthrough_supply
39252,ct_eversource_non-hp_base_percustomer_passthrough_supply
40980,ct_eversource_non-hp_base_percustomer_passthrough_supply
45173,ct_eversource_non-hp_base_percustomer_passthrough_supply
46384,ct_eversource_non-hp_base_percustomer_passthrough_supply
50058,ct_eversource_hp_flat_percustomer_passthrough_supply
55846,ct_eversource_non-hp_base_percustomer_passthrough_supply
61362,ct_eversource_non-hp_base_percustomer_passthrough_supply
72386,ct_eversource_non-hp_base_percustomer_passthrough_supply
74455,ct_eversource_non-hp_base_percustomer_passthrough_supply
84435,ct_eversource_non-hp_base_percustomer_passthrough_supply
87526,ct_eversource_non-hp_base_percustomer_passthrough_supply
89409,ct_eversource_non-hp_base_percustomer_passthrough_supply
102052,ct_eversource_non-hp_base_percustomer_passthrough_supply
107878,ct_eversource_non-hp_base_percustomer_passthrough_supply
109102,ct_eversource_non-hp_base_percustomer_passthrough_supply
110571,ct_eversource_non-hp_base_percustomer_passthrough_supply
112550,ct_eversource_non-hp_base_percustomer_passthrough_supply
112660,ct_eversource_non-hp_base_percustomer_passthrough_supply
116050,ct_eversource_non-hp_base_percustomer_passthrough_supply
127446,ct_eversource_non-hp_base_percustomer_passthrough_supply
127474,ct_eversource_non-hp_base_percustomer_passthrough_supply
127706,ct_eversource_hp_flat_percustomer_passthrough_supply
130227,ct_eversource_non-hp_base_percustomer_passthrough_supply
130778,ct_eversource_non-hp_base_percustomer_passthrough_supply
134458,ct_eversource_non-hp_base_percustomer_passthrough_supply
137166,ct_eversource_non-hp_base_percustomer_passthrough_supply
137576,ct_eversource_non-hp_base_percustomer_passthrough_supply
141865,ct_eversource_non-hp_base_percustomer_passthrough_supply
387012,ct_eversource_non-hp_base_percustomer_passthrough_supply
241376,ct_eversource_non-hp_base_percustomer_passthrough_supply
206343,ct_eversource_non-hp_base_percustomer_passthrough_supply
194343,ct_eversource_non-hp_base_percustomer_passthrough_supply
239186,ct_eversource_non-hp_base_percustomer_passthrough_supply
404099,ct_eversource_non-hp_base_percustomer_passthrough_supply
344757,ct_eversource_non-hp_base_percustomer_passthrough_supply
263519,ct_eversource_non-hp_base_percustomer_passthrough_supply
405059,ct_eversource_non-hp_base_percustomer_passthrough_supply
152274,ct_eversource_non-hp_base_percustomer_passthrough_supply
222977,ct_eversource_non-hp_base_percustomer_passthrough_supply
170339,ct_eversource_non-hp_base_percustomer_passthrough_supply
147077,ct_eversource_non-hp_base_percustomer_passthrough_supply
223922,ct_eversource_non-hp_base_percustomer_passthrough_supply
355513,ct_eversource_non-hp_base_percustomer_passthrough_supply
401878,ct_eversource_non-hp_base_percustomer_passthrough_supply
149533,ct_eversource_non-hp_base_percustomer_passthrough_supply
151394,ct_eversource_non-hp_base_percustomer_passthrough_supply
155349,ct_eversource_non-hp_base_percustomer_passthrough_supply
159435,ct_eversource_non-hp_base_percustomer_passthrough_supply
160713,ct_eversource_non-hp_base_percustomer_passthrough_supply
164330,ct_eversource_non-hp_base_percustomer_passthrough_supply
164726,ct_eversource_non-hp_base_percustomer_passthrough_supply
166026,ct_eversource_non-hp_base_percustomer_passthrough_supply
184916,ct_eversource_non-hp_base_percustomer_passthrough_supply
190285,ct_eversource_non-hp_base_percustomer_passthrough_supply
195246,ct_eversource_non-hp_base_percustomer_passthrough_supply
195409,ct_eversource_non-hp_base_percustomer_passthrough_supply
197131,ct_eversource_non-hp_base_percustomer_passthrough_supply
197476,ct_eversource_non-hp_base_percustomer_passthrough_supply
197995,ct_eversource_non-hp_base_percustomer_passthrough_supply
198211,ct_eversource_non-hp_base_percustomer_passthrough_supply
201473,ct_eversource_non-hp_base_percustomer_passthrough_supply
204304,ct_eversource_non-hp_base_percustomer_passthrough_supply
207843,ct_eversource_non-hp_base_percustomer_passthrough_supply
209535,ct_eversource_non-hp_base_percustomer_passthrough_supply
231443,ct_eversource_non-hp_base_percustomer_passthrough_supply
235903,ct_eversource_non-hp_base_percustomer_passthrough_supply
236211,ct_eversource_non-hp_base_percustomer_passthrough_supply
250520,ct_eversource_non-hp_base_percustomer_passthrough_supply
262462,ct_eversource_non-hp_base_percustomer_passthrough_supply
268203,ct_eversource_non-hp_base_percustomer_passthrough_supply
288179,ct_eversource_non-hp_base_percustomer_passthrough_supply
280816,ct_eversource_non-hp_base_percustomer_passthrough_supply
374909,ct_eversource_non-hp_base_percustomer_passthrough_supply
309661,ct_eversource_non-hp_base_percustomer_passthrough_supply
343396,ct_eversource_non-hp_base_percustomer_passthrough_supply
294835,ct_eversource_non-hp_base_percustomer_passthrough_supply
336805,ct_eversource_non-hp_base_percustomer_passthrough_supply
279061,ct_eversource_non-hp_base_percustomer_passthrough_supply
294803,ct_eversource_non-hp_base_percustomer_passthrough_supply
295792,ct_eversource_non-hp_base_percustomer_passthrough_supply
299542,ct_eversource_non-hp_base_percustomer_passthrough_supply
300723,ct_eversource_non-hp_base_percustomer_passthrough_supply
340179,ct_eversource_non-hp_base_percustomer_passthrough_supply
352646,ct_eversource_non-hp_base_percustomer_passthrough_supply
355452,ct_eversource_non-hp_base_percustomer_passthrough_supply
361019,ct_eversource_non-hp_base_percustomer_passthrough_supply
369704,ct_eversource_non-hp_base_percustomer_passthrough_supply
378844,ct_eversource_non-hp_base_percustomer_passthrough_supply
391048,ct_eversource_non-hp_base_percustomer_passthrough_supply
436830,ct_eversource_non-hp_base_percustomer_passthrough_supply
30010,ct_eversource_non-hp_base_percustomer_passthrough_supply
237430,ct_eversource_non-hp_base_percustomer_passthrough_supply
413098,ct_eversource_non-hp_base_percustomer_passthrough_supply
433495,ct_eversource_non-hp_base_percustomer_passthrough_supply
451839,ct_eversource_non-hp_base_percustomer_passthrough_supply
472643,ct_eversource_non-hp_base_percustomer_passthrough_supply
492432,ct_eversource_non-hp_base_percustomer_passthrough_supply
496425,ct_eversource_non-hp_base_percustomer_passthrough_supply
509585,ct_eversource_non-hp_base_percustomer_passthrough_supply
521090,ct_eversource_non-hp_base_percustomer_passthrough_supply
535665,ct_eversource_non-hp_base_percustomer_passthrough_supply
540005,ct_eversource_non-hp_base_percustomer_passthrough_supply
541018,ct_eversource_non-hp_base_percustomer_passthrough_supply
129025,ct_eversource_non-hp_base_percustomer_passthrough_supply
131784,ct_eversource_non-hp_base_percustomer_passthrough_supply
163354,ct_eversource_non-hp_base_percustomer_passthrough_supply
416179,ct_eversource_non-hp_base_percustomer_passthrough_supply
421245,ct_eversource_non-hp_base_percustomer_passthrough_supply
438538,ct_eversource_non-hp_base_percustomer_passthrough_supply
521786,ct_eversource_non-hp_base_percustomer_passthrough_supply
212901,ct_eversource_non-hp_base_percustomer_passthrough_supply
185955,ct_eversource_non-hp_base_percustomer_passthrough_supply
223868,ct_eversource_non-hp_base_percustomer_passthrough_supply
362142,ct_eversource_non-hp_base_percustomer_passthrough_supply
449707,ct_eversource_non-hp_base_percustomer_passthrough_supply
222277,ct_eversource_non-hp_base_percustomer_passthrough_supply
268067,ct_eversource_non-hp_base_percustomer_passthrough_supply
493789,ct_eversource_non-hp_base_percustomer_passthrough_supply
99099,ct_eversource_non-hp_base_percustomer_passthrough_supply
137557,ct_eversource_non-hp_base_percustomer_passthrough_supply
39749,ct_eversource_non-hp_base_percustomer_passthrough_supply
367025,ct_eversource_non-hp_base_percustomer_passthrough_supply
399111,ct_eversource_non-hp_base_percustomer_passthrough_supply
319853,ct_eversource_non-hp_base_percustomer_passthrough_supply
336101,ct_eversource_non-hp_base_percustomer_passthrough_supply
378832,ct_eversource_non-hp_base_percustomer_passthrough_supply
406197,ct_eversource_non-hp_base_percustomer_passthrough_supply
406372,ct_eversource_non-hp_base_percustomer_passthrough_supply
504712,ct_eversource_non-hp_base_percustomer_passthrough_supply
33479,ct_eversource_non-hp_base_percustomer_passthrough_supply
86406,ct_eversource_non-hp_base_percustomer_passthrough_supply
431915,ct_eversource_non-hp_base_percustomer_passthrough_supply
479583,ct_eversource_non-hp_base_percustomer_passthrough_supply
543573,ct_eversource_non-hp_base_percustomer_passthrough_supply
107945,ct_eversource_non-hp_base_percustomer_passthrough_supply
113294,ct_eversource_non-hp_base_percustomer_passthrough_supply
182800,ct_eversource_non-hp_base_percustomer_passthrough_supply
249626,ct_eversource_non-hp_base_percustomer_passthrough_supply
481543,ct_eversource_non-hp_base_percustomer_passthrough_supply
532452,ct_eversource_non-hp_base_percustomer_passthrough_supply
541267,ct_eversource_non-hp_base_percustomer_passthrough_supply
438807,ct_eversource_non-hp_base_percustomer_passthrough_supply
59424,ct_eversource_non-hp_base_percustomer_passthrough_supply
91640,ct_eversource_non-hp_base_percustomer_passthrough_supply
132619,ct_eversource_non-hp_base_percustomer_passthrough_supply
65969,ct_eversource_non-hp_base_percustomer_passthrough_supply
515929,ct_eversource_non-hp_base_percustomer_passthrough_supply
159782,ct_eversource_non-hp_base_percustomer_passthrough_supply
206661,ct_eversource_non-hp_base_percustomer_passthrough_supply
215670,ct_eversource_non-hp_base_percustomer_passthrough_supply
399525,ct_eversource_non-hp_base_percustomer_passthrough_supply
358115,ct_eversource_non-hp_base_percustomer_passthrough_supply
311293,ct_eversource_non-hp_base_percustomer_passthrough_supply
56074,ct_eversource_non-hp_base_percustomer_passthrough_supply
395762,ct_eversource_non-hp_base_percustomer_passthrough_supply
464732,ct_eversource_non-hp_base_percustomer_passthrough_supply
222274,ct_eversource_non-hp_base_percustomer_passthrough_supply
306840,ct_eversource_non-hp_base_percustomer_passthrough_supply
417089,ct_eversource_non-hp_base_percustomer_passthrough_supply
428866,ct_eversource_non-hp_base_percustomer_passthrough_supply
431483,ct_eversource_non-hp_base_percustomer_passthrough_supply
433001,ct_eversource_non-hp_base_percustomer_passthrough_supply
444551,ct_eversource_non-hp_base_percustomer_passthrough_supply
473002,ct_eversource_non-hp_base_percustomer_passthrough_supply
478785,ct_eversource_non-hp_base_percustomer_passthrough_supply
485212,ct_eversource_non-hp_base_percustomer_passthrough_supply
518295,ct_eversource_non-hp_base_percustomer_passthrough_supply
529244,ct_eversource_non-hp_base_percustomer_passthrough_supply
548997,ct_eversource_non-hp_base_percustomer_passthrough_supply
367868,ct_eversource_non-hp_base_percustomer_passthrough_supply
400163,ct_eversource_non-hp_base_percustomer_passthrough_supply
20008,ct_eversource_non-hp_base_percustomer_passthrough_supply
98947,ct_eversource_non-hp_base_percustomer_passthrough_supply
74609,ct_eversource_non-hp_base_percustomer_passthrough_supply
232187,ct_eversource_non-hp_base_percustomer_passthrough_supply
345551,ct_eversource_non-hp_base_percustomer_passthrough_supply
248667,ct_eversource_non-hp_base_percustomer_passthrough_supply
351878,ct_eversource_non-hp_base_percustomer_passthrough_supply
344692,ct_eversource_non-hp_base_percustomer_passthrough_supply
12771,ct_eversource_non-hp_base_percustomer_passthrough_supply
35534,ct_eversource_non-hp_base_percustomer_passthrough_supply
43359,ct_eversource_non-hp_base_percustomer_passthrough_supply
183820,ct_eversource_non-hp_base_percustomer_passthrough_supply
225651,ct_eversource_non-hp_base_percustomer_passthrough_supply
363956,ct_eversource_non-hp_base_percustomer_passthrough_supply
321439,ct_eversource_non-hp_base_percustomer_passthrough_supply
379629,ct_eversource_non-hp_base_percustomer_passthrough_supply
192461,ct_eversource_non-hp_base_percustomer_passthrough_supply
215692,ct_eversource_non-hp_base_percustomer_passthrough_supply
226236,ct_eversource_non-hp_base_percustomer_passthrough_supply
232686,ct_eversource_non-hp_base_percustomer_passthrough_supply
400217,ct_eversource_non-hp_base_percustomer_passthrough_supply
416144,ct_eversource_non-hp_base_percustomer_passthrough_supply
423963,ct_eversource_non-hp_base_percustomer_passthrough_supply
429768,ct_eversource_non-hp_base_percustomer_passthrough_supply
450863,ct_eversource_non-hp_base_percustomer_passthrough_supply
454094,ct_eversource_non-hp_base_percustomer_passthrough_supply
456568,ct_eversource_non-hp_base_percustomer_passthrough_supply
466791,ct_eversource_non-hp_base_percustomer_passthrough_supply
469372,ct_eversource_non-hp_base_percustomer_passthrough_supply
477335,ct_eversource_non-hp_base_percustomer_passthrough_supply
484920,ct_eversource_non-hp_base_percustomer_passthrough_supply
485567,ct_eversource_non-hp_base_percustomer_passthrough_supply
486773,ct_eversource_non-hp_base_percustomer_passthrough_supply
488167,ct_eversource_non-hp_base_percustomer_passthrough_supply
489733,ct_eversource_non-hp_base_percustomer_passthrough_supply
497828,ct_eversource_non-hp_base_percustomer_passthrough_supply
499154,ct_eversource_non-hp_base_percustomer_passthrough_supply
502886,ct_eversource_non-hp_base_percustomer_passthrough_supply
506159,ct_eversource_non-hp_base_percustomer_passthrough_supply
510448,ct_eversource_non-hp_base_percustomer_passthrough_supply
522532,ct_eversource_non-hp_base_percustomer_passthrough_supply
522759,ct_eversource_non-hp_base_percustomer_passthrough_supply
525758,ct_eversource_non-hp_base_percustomer_passthrough_supply
527406,ct_eversource_non-hp_base_percustomer_passthrough_supply
535238,ct_eversource_non-hp_base_percustomer_passthrough_supply
535414,ct_eversource_non-hp_base_percustomer_passthrough_supply
535836,ct_eversource_non-hp_base_percustomer_passthrough_supply
535941,ct_eversource_non-hp_base_percustomer_passthrough_supply
10324,ct_eversource_non-hp_base_percustomer_passthrough_supply
13102,ct_eversource_non-hp_base_percustomer_passthrough_supply
18789,ct_eversource_non-hp_base_percustomer_passthrough_supply
22333,ct_eversource_non-hp_base_percustomer_passthrough_supply
26760,ct_eversource_non-hp_base_percustomer_passthrough_supply
29012,ct_eversource_non-hp_base_percustomer_passthrough_supply
34569,ct_eversource_non-hp_base_percustomer_passthrough_supply
38046,ct_eversource_non-hp_base_percustomer_passthrough_supply
42412,ct_eversource_non-hp_base_percustomer_passthrough_supply
44052,ct_eversource_non-hp_base_percustomer_passthrough_supply
48305,ct_eversource_non-hp_base_percustomer_passthrough_supply
48790,ct_eversource_non-hp_base_percustomer_passthrough_supply
50310,ct_eversource_non-hp_base_percustomer_passthrough_supply
52074,ct_eversource_non-hp_base_percustomer_passthrough_supply
52396,ct_eversource_non-hp_base_percustomer_passthrough_supply
54281,ct_eversource_non-hp_base_percustomer_passthrough_supply
58974,ct_eversource_non-hp_base_percustomer_passthrough_supply
60966,ct_eversource_non-hp_base_percustomer_passthrough_supply
66302,ct_eversource_non-hp_base_percustomer_passthrough_supply
72825,ct_eversource_non-hp_base_percustomer_passthrough_supply
74862,ct_eversource_non-hp_base_percustomer_passthrough_supply
85463,ct_eversource_non-hp_base_percustomer_passthrough_supply
86045,ct_eversource_non-hp_base_percustomer_passthrough_supply
90983,ct_eversource_non-hp_base_percustomer_passthrough_supply
95471,ct_eversource_non-hp_base_percustomer_passthrough_supply
96534,ct_eversource_non-hp_base_percustomer_passthrough_supply
108113,ct_eversource_non-hp_base_percustomer_passthrough_supply
113353,ct_eversource_non-hp_base_percustomer_passthrough_supply
113506,ct_eversource_non-hp_base_percustomer_passthrough_supply
118110,ct_eversource_non-hp_base_percustomer_passthrough_supply
126281,ct_eversource_non-hp_base_percustomer_passthrough_supply
130986,ct_eversource_non-hp_base_percustomer_passthrough_supply
395583,ct_eversource_non-hp_base_percustomer_passthrough_supply
244714,ct_eversource_hp_flat_percustomer_passthrough_supply
164495,ct_eversource_hp_flat_percustomer_passthrough_supply
187372,ct_eversource_non-hp_base_percustomer_passthrough_supply
263527,ct_eversource_non-hp_base_percustomer_passthrough_supply
253855,ct_eversource_non-hp_base_percustomer_passthrough_supply
367796,ct_eversource_non-hp_base_percustomer_passthrough_supply
395100,ct_eversource_non-hp_base_percustomer_passthrough_supply
256232,ct_eversource_non-hp_base_percustomer_passthrough_supply
185590,ct_eversource_non-hp_base_percustomer_passthrough_supply
159335,ct_eversource_non-hp_base_percustomer_passthrough_supply
153527,ct_eversource_non-hp_base_percustomer_passthrough_supply
185642,ct_eversource_non-hp_base_percustomer_passthrough_supply
392680,ct_eversource_non-hp_base_percustomer_passthrough_supply
314489,ct_eversource_non-hp_base_percustomer_passthrough_supply
187921,ct_eversource_non-hp_base_percustomer_passthrough_supply
329417,ct_eversource_non-hp_base_percustomer_passthrough_supply
178008,ct_eversource_non-hp_base_percustomer_passthrough_supply
257682,ct_eversource_non-hp_base_percustomer_passthrough_supply
349315,ct_eversource_non-hp_base_percustomer_passthrough_supply
289023,ct_eversource_non-hp_base_percustomer_passthrough_supply
139506,ct_eversource_non-hp_base_percustomer_passthrough_supply
142772,ct_eversource_hp_flat_percustomer_passthrough_supply
153589,ct_eversource_non-hp_base_percustomer_passthrough_supply
165872,ct_eversource_non-hp_base_percustomer_passthrough_supply
174657,ct_eversource_non-hp_base_percustomer_passthrough_supply
182029,ct_eversource_non-hp_base_percustomer_passthrough_supply
190668,ct_eversource_non-hp_base_percustomer_passthrough_supply
194918,ct_eversource_non-hp_base_percustomer_passthrough_supply
199525,ct_eversource_non-hp_base_percustomer_passthrough_supply
212363,ct_eversource_non-hp_base_percustomer_passthrough_supply
216890,ct_eversource_non-hp_base_percustomer_passthrough_supply
229795,ct_eversource_non-hp_base_percustomer_passthrough_supply
230972,ct_eversource_non-hp_base_percustomer_passthrough_supply
231057,ct_eversource_non-hp_base_percustomer_passthrough_supply
236915,ct_eversource_non-hp_base_percustomer_passthrough_supply
239353,ct_eversource_non-hp_base_percustomer_passthrough_supply
256182,ct_eversource_non-hp_base_percustomer_passthrough_supply
259860,ct_eversource_non-hp_base_percustomer_passthrough_supply
261326,ct_eversource_non-hp_base_percustomer_passthrough_supply
335915,ct_eversource_non-hp_base_percustomer_passthrough_supply
399175,ct_eversource_non-hp_base_percustomer_passthrough_supply
383008,ct_eversource_non-hp_base_percustomer_passthrough_supply
367624,ct_eversource_non-hp_base_percustomer_passthrough_supply
339605,ct_eversource_non-hp_base_percustomer_passthrough_supply
373956,ct_eversource_non-hp_base_percustomer_passthrough_supply
400851,ct_eversource_non-hp_base_percustomer_passthrough_supply
299316,ct_eversource_non-hp_base_percustomer_passthrough_supply
358936,ct_eversource_non-hp_base_percustomer_passthrough_supply
386156,ct_eversource_non-hp_base_percustomer_passthrough_supply
284925,ct_eversource_non-hp_base_percustomer_passthrough_supply
316309,ct_eversource_non-hp_base_percustomer_passthrough_supply
324161,ct_eversource_non-hp_base_percustomer_passthrough_supply
326049,ct_eversource_non-hp_base_percustomer_passthrough_supply
342529,ct_eversource_non-hp_base_percustomer_passthrough_supply
351701,ct_eversource_non-hp_base_percustomer_passthrough_supply
366916,ct_eversource_non-hp_base_percustomer_passthrough_supply
366920,ct_eversource_non-hp_base_percustomer_passthrough_supply
372485,ct_eversource_hp_flat_percustomer_passthrough_supply
395566,ct_eversource_non-hp_base_percustomer_passthrough_supply
409096,ct_eversource_non-hp_base_percustomer_passthrough_supply
409480,ct_eversource_non-hp_base_percustomer_passthrough_supply
8050,ct_eversource_non-hp_base_percustomer_passthrough_supply
440914,ct_eversource_non-hp_base_percustomer_passthrough_supply
393590,ct_eversource_non-hp_base_percustomer_passthrough_supply
311576,ct_eversource_non-hp_base_percustomer_passthrough_supply
419620,ct_eversource_non-hp_base_percustomer_passthrough_supply
441708,ct_eversource_non-hp_base_percustomer_passthrough_supply
483180,ct_eversource_non-hp_base_percustomer_passthrough_supply
515089,ct_eversource_non-hp_base_percustomer_passthrough_supply
525855,ct_eversource_non-hp_base_percustomer_passthrough_supply
536310,ct_eversource_non-hp_base_percustomer_passthrough_supply
536928,ct_eversource_non-hp_base_percustomer_passthrough_supply
549806,ct_eversource_non-hp_base_percustomer_passthrough_supply
25909,ct_eversource_non-hp_base_percustomer_passthrough_supply
97910,ct_eversource_non-hp_base_percustomer_passthrough_supply
127303,ct_eversource_non-hp_base_percustomer_passthrough_supply
415577,ct_eversource_non-hp_base_percustomer_passthrough_supply
310115,ct_eversource_non-hp_base_percustomer_passthrough_supply
481090,ct_eversource_hp_flat_percustomer_passthrough_supply
515316,ct_eversource_non-hp_base_percustomer_passthrough_supply
295064,ct_eversource_hp_flat_percustomer_passthrough_supply
331539,ct_eversource_non-hp_base_percustomer_passthrough_supply
324092,ct_eversource_non-hp_base_percustomer_passthrough_supply
229468,ct_eversource_non-hp_base_percustomer_passthrough_supply
247034,ct_eversource_non-hp_base_percustomer_passthrough_supply
58287,ct_eversource_non-hp_base_percustomer_passthrough_supply
71584,ct_eversource_non-hp_base_percustomer_passthrough_supply
426127,ct_eversource_non-hp_base_percustomer_passthrough_supply
79407,ct_eversource_non-hp_base_percustomer_passthrough_supply
349743,ct_eversource_non-hp_base_percustomer_passthrough_supply
413869,ct_eversource_non-hp_base_percustomer_passthrough_supply
421084,ct_eversource_non-hp_base_percustomer_passthrough_supply
435437,ct_eversource_non-hp_base_percustomer_passthrough_supply
514626,ct_eversource_non-hp_base_percustomer_passthrough_supply
323899,ct_eversource_non-hp_base_percustomer_passthrough_supply
38464,ct_eversource_non-hp_base_percustomer_passthrough_supply
97418,ct_eversource_non-hp_base_percustomer_passthrough_supply
318566,ct_eversource_non-hp_base_percustomer_passthrough_supply
333817,ct_eversource_non-hp_base_percustomer_passthrough_supply
494917,ct_eversource_non-hp_base_percustomer_passthrough_supply
386083,ct_eversource_non-hp_base_percustomer_passthrough_supply
402480,ct_eversource_non-hp_base_percustomer_passthrough_supply
177282,ct_eversource_non-hp_base_percustomer_passthrough_supply
513768,ct_eversource_non-hp_base_percustomer_passthrough_supply
45971,ct_eversource_non-hp_base_percustomer_passthrough_supply
217273,ct_eversource_non-hp_base_percustomer_passthrough_supply
140685,ct_eversource_non-hp_base_percustomer_passthrough_supply
532634,ct_eversource_non-hp_base_percustomer_passthrough_supply
535156,ct_eversource_non-hp_base_percustomer_passthrough_supply
536595,ct_eversource_non-hp_base_percustomer_passthrough_supply
545188,ct_eversource_hp_flat_percustomer_passthrough_supply
189704,ct_eversource_non-hp_base_percustomer_passthrough_supply
379198,ct_eversource_non-hp_base_percustomer_passthrough_supply
7295,ct_eversource_non-hp_base_percustomer_passthrough_supply
24359,ct_eversource_non-hp_base_percustomer_passthrough_supply
64208,ct_eversource_non-hp_base_percustomer_passthrough_supply
66301,ct_eversource_non-hp_base_percustomer_passthrough_supply
100540,ct_eversource_non-hp_base_percustomer_passthrough_supply
123593,ct_eversource_non-hp_base_percustomer_passthrough_supply
180332,ct_eversource_non-hp_base_percustomer_passthrough_supply
228932,ct_eversource_non-hp_base_percustomer_passthrough_supply
257643,ct_eversource_non-hp_base_percustomer_passthrough_supply
268963,ct_eversource_non-hp_base_percustomer_passthrough_supply
286503,ct_eversource_non-hp_base_percustomer_passthrough_supply
334796,ct_eversource_non-hp_base_percustomer_passthrough_supply
386443,ct_eversource_non-hp_base_percustomer_passthrough_supply
488710,ct_eversource_hp_flat_percustomer_passthrough_supply
114727,ct_eversource_non-hp_base_percustomer_passthrough_supply
521121,ct_eversource_non-hp_base_percustomer_passthrough_supply
472886,ct_eversource_hp_flat_percustomer_passthrough_supply
425849,ct_eversource_non-hp_base_percustomer_passthrough_supply
439024,ct_eversource_non-hp_base_percustomer_passthrough_supply
444690,ct_eversource_non-hp_base_percustomer_passthrough_supply
501088,ct_eversource_non-hp_base_percustomer_passthrough_supply
23785,ct_eversource_non-hp_base_percustomer_passthrough_supply
107961,ct_eversource_non-hp_base_percustomer_passthrough_supply
135247,ct_eversource_non-hp_base_percustomer_passthrough_supply
136393,ct_eversource_non-hp_base_percustomer_passthrough_supply
179790,ct_eversource_non-hp_base_percustomer_passthrough_supply
183395,ct_eversource_non-hp_base_percustomer_passthrough_supply
396580,ct_eversource_non-hp_base_percustomer_passthrough_supply
410069,ct_eversource_non-hp_base_percustomer_passthrough_supply
412658,ct_eversource_non-hp_base_percustomer_passthrough_supply
420474,ct_eversource_non-hp_base_percustomer_passthrough_supply
421546,ct_eversource_non-hp_base_percustomer_passthrough_supply
481626,ct_eversource_non-hp_base_percustomer_passthrough_supply
498113,ct_eversource_non-hp_base_percustomer_passthrough_supply
501886,ct_eversource_non-hp_base_percustomer_passthrough_supply
514198,ct_eversource_non-hp_base_percustomer_passthrough_supply
171838,ct_eversource_non-hp_base_percustomer_passthrough_supply
221745,ct_eversource_non-hp_base_percustomer_passthrough_supply
278775,ct_eversource_non-hp_base_percustomer_passthrough_supply
242264,ct_eversource_non-hp_base_percustomer_passthrough_supply
251450,ct_eversource_non-hp_base_percustomer_passthrough_supply
67305,ct_eversource_non-hp_base_percustomer_passthrough_supply
85078,ct_eversource_non-hp_base_percustomer_passthrough_supply
114466,ct_eversource_non-hp_base_percustomer_passthrough_supply
201713,ct_eversource_non-hp_base_percustomer_passthrough_supply
5675,ct_eversource_non-hp_base_percustomer_passthrough_supply
19183,ct_eversource_non-hp_base_percustomer_passthrough_supply
86493,ct_eversource_non-hp_base_percustomer_passthrough_supply
113586,ct_eversource_non-hp_base_percustomer_passthrough_supply
135137,ct_eversource_non-hp_base_percustomer_passthrough_supply
273267,ct_eversource_non-hp_base_percustomer_passthrough_supply
147973,ct_eversource_non-hp_base_percustomer_passthrough_supply
330795,ct_eversource_non-hp_base_percustomer_passthrough_supply
213567,ct_eversource_non-hp_base_percustomer_passthrough_supply
147150,ct_eversource_non-hp_base_percustomer_passthrough_supply
149698,ct_eversource_non-hp_base_percustomer_passthrough_supply
201591,ct_eversource_non-hp_base_percustomer_passthrough_supply
334532,ct_eversource_non-hp_base_percustomer_passthrough_supply
368146,ct_eversource_non-hp_base_percustomer_passthrough_supply
383227,ct_eversource_non-hp_base_percustomer_passthrough_supply
288310,ct_eversource_non-hp_base_percustomer_passthrough_supply
418874,ct_eversource_non-hp_base_percustomer_passthrough_supply
422492,ct_eversource_non-hp_base_percustomer_passthrough_supply
423425,ct_eversource_non-hp_base_percustomer_passthrough_supply
424934,ct_eversource_non-hp_base_percustomer_passthrough_supply
426274,ct_eversource_hp_flat_percustomer_passthrough_supply
429365,ct_eversource_non-hp_base_percustomer_passthrough_supply
434822,ct_eversource_non-hp_base_percustomer_passthrough_supply
437068,ct_eversource_non-hp_base_percustomer_passthrough_supply
438211,ct_eversource_non-hp_base_percustomer_passthrough_supply
445503,ct_eversource_non-hp_base_percustomer_passthrough_supply
452661,ct_eversource_non-hp_base_percustomer_passthrough_supply
454450,ct_eversource_non-hp_base_percustomer_passthrough_supply
462432,ct_eversource_non-hp_base_percustomer_passthrough_supply
462705,ct_eversource_non-hp_base_percustomer_passthrough_supply
465211,ct_eversource_non-hp_base_percustomer_passthrough_supply
466560,ct_eversource_non-hp_base_percustomer_passthrough_supply
466927,ct_eversource_non-hp_base_percustomer_passthrough_supply
467445,ct_eversource_non-hp_base_percustomer_passthrough_supply
475601,ct_eversource_non-hp_base_percustomer_passthrough_supply
477348,ct_eversource_non-hp_base_percustomer_passthrough_supply
477554,ct_eversource_non-hp_base_percustomer_passthrough_supply
483469,ct_eversource_non-hp_base_percustomer_passthrough_supply
489872,ct_eversource_non-hp_base_percustomer_passthrough_supply
491580,ct_eversource_non-hp_base_percustomer_passthrough_supply
491860,ct_eversource_non-hp_base_percustomer_passthrough_supply
494455,ct_eversource_non-hp_base_percustomer_passthrough_supply
496484,ct_eversource_non-hp_base_percustomer_passthrough_supply
499935,ct_eversource_non-hp_base_percustomer_passthrough_supply
505266,ct_eversource_non-hp_base_percustomer_passthrough_supply
507577,ct_eversource_non-hp_base_percustomer_passthrough_supply
509191,ct_eversource_non-hp_base_percustomer_passthrough_supply
510242,ct_eversource_non-hp_base_percustomer_passthrough_supply
513160,ct_eversource_non-hp_base_percustomer_passthrough_supply
513561,ct_eversource_non-hp_base_percustomer_passthrough_supply
525872,ct_eversource_non-hp_base_percustomer_passthrough_supply
529769,ct_eversource_non-hp_base_percustomer_passthrough_supply
531291,ct_eversource_non-hp_base_percustomer_passthrough_supply
541341,ct_eversource_non-hp_base_percustomer_passthrough_supply
548202,ct_eversource_non-hp_base_percustomer_passthrough_supply
33802,ct_eversource_non-hp_base_percustomer_passthrough_supply
73192,ct_eversource_non-hp_base_percustomer_passthrough_supply
1618,ct_eversource_non-hp_base_percustomer_passthrough_supply
4999,ct_eversource_non-hp_base_percustomer_passthrough_supply
5425,ct_eversource_non-hp_base_percustomer_passthrough_supply
8528,ct_eversource_non-hp_base_percustomer_passthrough_supply
11579,ct_eversource_non-hp_base_percustomer_passthrough_supply
17783,ct_eversource_non-hp_base_percustomer_passthrough_supply
25944,ct_eversource_non-hp_base_percustomer_passthrough_supply
32547,ct_eversource_non-hp_base_percustomer_passthrough_supply
35680,ct_eversource_non-hp_base_percustomer_passthrough_supply
37648,ct_eversource_non-hp_base_percustomer_passthrough_supply
44292,ct_eversource_non-hp_base_percustomer_passthrough_supply
52707,ct_eversource_non-hp_base_percustomer_passthrough_supply
58319,ct_eversource_non-hp_base_percustomer_passthrough_supply
58776,ct_eversource_non-hp_base_percustomer_passthrough_supply
59815,ct_eversource_non-hp_base_percustomer_passthrough_supply
60316,ct_eversource_non-hp_base_percustomer_passthrough_supply
62435,ct_eversource_non-hp_base_percustomer_passthrough_supply
67815,ct_eversource_non-hp_base_percustomer_passthrough_supply
68479,ct_eversource_non-hp_base_percustomer_passthrough_supply
68769,ct_eversource_non-hp_base_percustomer_passthrough_supply
70925,ct_eversource_non-hp_base_percustomer_passthrough_supply
71693,ct_eversource_non-hp_base_percustomer_passthrough_supply
75807,ct_eversource_non-hp_base_percustomer_passthrough_supply
75852,ct_eversource_non-hp_base_percustomer_passthrough_supply
76416,ct_eversource_non-hp_base_percustomer_passthrough_supply
79077,ct_eversource_non-hp_base_percustomer_passthrough_supply
81115,ct_eversource_non-hp_base_percustomer_passthrough_supply
87667,ct_eversource_hp_flat_percustomer_passthrough_supply
89603,ct_eversource_non-hp_base_percustomer_passthrough_supply
91637,ct_eversource_non-hp_base_percustomer_passthrough_supply
110621,ct_eversource_non-hp_base_percustomer_passthrough_supply
122360,ct_eversource_non-hp_base_percustomer_passthrough_supply
138666,ct_eversource_non-hp_base_percustomer_passthrough_supply
240509,ct_eversource_non-hp_base_percustomer_passthrough_supply
174056,ct_eversource_non-hp_base_percustomer_passthrough_supply
232441,ct_eversource_non-hp_base_percustomer_passthrough_supply
332830,ct_eversource_non-hp_base_percustomer_passthrough_supply
343593,ct_eversource_non-hp_base_percustomer_passthrough_supply
268767,ct_eversource_non-hp_base_percustomer_passthrough_supply
376228,ct_eversource_non-hp_base_percustomer_passthrough_supply
142960,ct_eversource_non-hp_base_percustomer_passthrough_supply
395296,ct_eversource_hp_flat_percustomer_passthrough_supply
143951,ct_eversource_non-hp_base_percustomer_passthrough_supply
161057,ct_eversource_non-hp_base_percustomer_passthrough_supply
164739,ct_eversource_non-hp_base_percustomer_passthrough_supply
168305,ct_eversource_non-hp_base_percustomer_passthrough_supply
168367,ct_eversource_non-hp_base_percustomer_passthrough_supply
169513,ct_eversource_non-hp_base_percustomer_passthrough_supply
181849,ct_eversource_non-hp_base_percustomer_passthrough_supply
185475,ct_eversource_non-hp_base_percustomer_passthrough_supply
191793,ct_eversource_non-hp_base_percustomer_passthrough_supply
196174,ct_eversource_non-hp_base_percustomer_passthrough_supply
200183,ct_eversource_non-hp_base_percustomer_passthrough_supply
203802,ct_eversource_non-hp_base_percustomer_passthrough_supply
210821,ct_eversource_non-hp_base_percustomer_passthrough_supply
214665,ct_eversource_non-hp_base_percustomer_passthrough_supply
217939,ct_eversource_non-hp_base_percustomer_passthrough_supply
218122,ct_eversource_non-hp_base_percustomer_passthrough_supply
222848,ct_eversource_non-hp_base_percustomer_passthrough_supply
223948,ct_eversource_non-hp_base_percustomer_passthrough_supply
227785,ct_eversource_non-hp_base_percustomer_passthrough_supply
238074,ct_eversource_non-hp_base_percustomer_passthrough_supply
242165,ct_eversource_non-hp_base_percustomer_passthrough_supply
243076,ct_eversource_non-hp_base_percustomer_passthrough_supply
252861,ct_eversource_non-hp_base_percustomer_passthrough_supply
253837,ct_eversource_non-hp_base_percustomer_passthrough_supply
257361,ct_eversource_non-hp_base_percustomer_passthrough_supply
262135,ct_eversource_non-hp_base_percustomer_passthrough_supply
303508,ct_eversource_non-hp_base_percustomer_passthrough_supply
309750,ct_eversource_non-hp_base_percustomer_passthrough_supply
349049,ct_eversource_non-hp_base_percustomer_passthrough_supply
360551,ct_eversource_non-hp_base_percustomer_passthrough_supply
384795,ct_eversource_non-hp_base_percustomer_passthrough_supply
398610,ct_eversource_non-hp_base_percustomer_passthrough_supply
344643,ct_eversource_non-hp_base_percustomer_passthrough_supply
363300,ct_eversource_non-hp_base_percustomer_passthrough_supply
381913,ct_eversource_non-hp_base_percustomer_passthrough_supply
355741,ct_eversource_non-hp_base_percustomer_passthrough_supply
375050,ct_eversource_non-hp_base_percustomer_passthrough_supply
276489,ct_eversource_non-hp_base_percustomer_passthrough_supply
312217,ct_eversource_non-hp_base_percustomer_passthrough_supply
317088,ct_eversource_non-hp_base_percustomer_passthrough_supply
329319,ct_eversource_non-hp_base_percustomer_passthrough_supply
346923,ct_eversource_non-hp_base_percustomer_passthrough_supply
398785,ct_eversource_non-hp_base_percustomer_passthrough_supply
55514,ct_eversource_non-hp_base_percustomer_passthrough_supply
227285,ct_eversource_non-hp_base_percustomer_passthrough_supply
348631,ct_eversource_non-hp_base_percustomer_passthrough_supply
416365,ct_eversource_non-hp_base_percustomer_passthrough_supply
419573,ct_eversource_non-hp_base_percustomer_passthrough_supply
425390,ct_eversource_non-hp_base_percustomer_passthrough_supply
438705,ct_eversource_non-hp_base_percustomer_passthrough_supply
459686,ct_eversource_non-hp_base_percustomer_passthrough_supply
470504,ct_eversource_non-hp_base_percustomer_passthrough_supply
479352,ct_eversource_non-hp_base_percustomer_passthrough_supply
515550,ct_eversource_non-hp_base_percustomer_passthrough_supply
516081,ct_eversource_non-hp_base_percustomer_passthrough_supply
520926,ct_eversource_non-hp_base_percustomer_passthrough_supply
524288,ct_eversource_non-hp_base_percustomer_passthrough_supply
533872,ct_eversource_non-hp_base_percustomer_passthrough_supply
537530,ct_eversource_non-hp_base_percustomer_passthrough_supply
539733,ct_eversource_non-hp_base_percustomer_passthrough_supply
85046,ct_eversource_non-hp_base_percustomer_passthrough_supply
102606,ct_eversource_non-hp_base_percustomer_passthrough_supply
105564,ct_eversource_non-hp_base_percustomer_passthrough_supply
107111,ct_eversource_hp_flat_percustomer_passthrough_supply
229704,ct_eversource_non-hp_base_percustomer_passthrough_supply
233043,ct_eversource_non-hp_base_percustomer_passthrough_supply
367696,ct_eversource_non-hp_base_percustomer_passthrough_supply
168183,ct_eversource_non-hp_base_percustomer_passthrough_supply
359327,ct_eversource_non-hp_base_percustomer_passthrough_supply
160432,ct_eversource_non-hp_base_percustomer_passthrough_supply
435536,ct_eversource_non-hp_base_percustomer_passthrough_supply
187028,ct_eversource_non-hp_base_percustomer_passthrough_supply
237171,ct_eversource_non-hp_base_percustomer_passthrough_supply
266537,ct_eversource_non-hp_base_percustomer_passthrough_supply
377726,ct_eversource_non-hp_base_percustomer_passthrough_supply
449972,ct_eversource_non-hp_base_percustomer_passthrough_supply
314179,ct_eversource_non-hp_base_percustomer_passthrough_supply
336679,ct_eversource_non-hp_base_percustomer_passthrough_supply
6446,ct_eversource_non-hp_base_percustomer_passthrough_supply
387637,ct_eversource_non-hp_base_percustomer_passthrough_supply
370876,ct_eversource_non-hp_base_percustomer_passthrough_supply
455532,ct_eversource_non-hp_base_percustomer_passthrough_supply
139207,ct_eversource_non-hp_base_percustomer_passthrough_supply
104339,ct_eversource_non-hp_base_percustomer_passthrough_supply
261746,ct_eversource_non-hp_base_percustomer_passthrough_supply
140086,ct_eversource_non-hp_base_percustomer_passthrough_supply
507271,ct_eversource_non-hp_base_percustomer_passthrough_supply
532490,ct_eversource_non-hp_base_percustomer_passthrough_supply
247009,ct_eversource_non-hp_base_percustomer_passthrough_supply
118684,ct_eversource_non-hp_base_percustomer_passthrough_supply
166250,ct_eversource_non-hp_base_percustomer_passthrough_supply
192893,ct_eversource_non-hp_base_percustomer_passthrough_supply
223328,ct_eversource_non-hp_base_percustomer_passthrough_supply
291370,ct_eversource_non-hp_base_percustomer_passthrough_supply
293494,ct_eversource_non-hp_base_percustomer_passthrough_supply
370970,ct_eversource_non-hp_base_percustomer_passthrough_supply
391475,ct_eversource_non-hp_base_percustomer_passthrough_supply
199144,ct_eversource_non-hp_base_percustomer_passthrough_supply
542718,ct_eversource_non-hp_base_percustomer_passthrough_supply
288835,ct_eversource_non-hp_base_percustomer_passthrough_supply
496823,ct_eversource_non-hp_base_percustomer_passthrough_supply
69384,ct_eversource_non-hp_base_percustomer_passthrough_supply
85985,ct_eversource_non-hp_base_percustomer_passthrough_supply
337197,ct_eversource_non-hp_base_percustomer_passthrough_supply
268893,ct_eversource_non-hp_base_percustomer_passthrough_supply
422243,ct_eversource_non-hp_base_percustomer_passthrough_supply
431614,ct_eversource_non-hp_base_percustomer_passthrough_supply
434182,ct_eversource_non-hp_base_percustomer_passthrough_supply
451699,ct_eversource_non-hp_base_percustomer_passthrough_supply
471009,ct_eversource_non-hp_base_percustomer_passthrough_supply
481042,ct_eversource_non-hp_base_percustomer_passthrough_supply
532373,ct_eversource_non-hp_base_percustomer_passthrough_supply
95522,ct_eversource_non-hp_base_percustomer_passthrough_supply
364281,ct_eversource_non-hp_base_percustomer_passthrough_supply
32232,ct_eversource_non-hp_base_percustomer_passthrough_supply
73038,ct_eversource_non-hp_base_percustomer_passthrough_supply
213812,ct_eversource_non-hp_base_percustomer_passthrough_supply
38122,ct_eversource_non-hp_base_percustomer_passthrough_supply
9514,ct_eversource_non-hp_base_percustomer_passthrough_supply
57684,ct_eversource_non-hp_base_percustomer_passthrough_supply
59436,ct_eversource_non-hp_base_percustomer_passthrough_supply
69678,ct_eversource_non-hp_base_percustomer_passthrough_supply
78013,ct_eversource_non-hp_base_percustomer_passthrough_supply
105821,ct_eversource_non-hp_base_percustomer_passthrough_supply
115964,ct_eversource_non-hp_base_percustomer_passthrough_supply
126671,ct_eversource_non-hp_base_percustomer_passthrough_supply
290509,ct_eversource_non-hp_base_percustomer_passthrough_supply
232630,ct_eversource_non-hp_base_percustomer_passthrough_supply
315941,ct_eversource_non-hp_base_percustomer_passthrough_supply
187133,ct_eversource_non-hp_base_percustomer_passthrough_supply
144124,ct_eversource_non-hp_base_percustomer_passthrough_supply
241768,ct_eversource_non-hp_base_percustomer_passthrough_supply
250042,ct_eversource_non-hp_base_percustomer_passthrough_supply
296548,ct_eversource_non-hp_base_percustomer_passthrough_supply
331346,ct_eversource_non-hp_base_percustomer_passthrough_supply
297195,ct_eversource_non-hp_base_percustomer_passthrough_supply
412269,ct_eversource_non-hp_base_percustomer_passthrough_supply
418337,ct_eversource_non-hp_base_percustomer_passthrough_supply
419237,ct_eversource_non-hp_base_percustomer_passthrough_supply
419321,ct_eversource_non-hp_base_percustomer_passthrough_supply
425189,ct_eversource_hp_flat_percustomer_passthrough_supply
427261,ct_eversource_non-hp_base_percustomer_passthrough_supply
439904,ct_eversource_non-hp_base_percustomer_passthrough_supply
450553,ct_eversource_non-hp_base_percustomer_passthrough_supply
450794,ct_eversource_non-hp_base_percustomer_passthrough_supply
458479,ct_eversource_non-hp_base_percustomer_passthrough_supply
458835,ct_eversource_non-hp_base_percustomer_passthrough_supply
484913,ct_eversource_non-hp_base_percustomer_passthrough_supply
502694,ct_eversource_non-hp_base_percustomer_passthrough_supply
506193,ct_eversource_non-hp_base_percustomer_passthrough_supply
509667,ct_eversource_non-hp_base_percustomer_passthrough_supply
519281,ct_eversource_non-hp_base_percustomer_passthrough_supply
524917,ct_eversource_non-hp_base_percustomer_passthrough_supply
545017,ct_eversource_non-hp_base_percustomer_passthrough_supply
547249,ct_eversource_non-hp_base_percustomer_passthrough_supply
547936,ct_eversource_non-hp_base_percustomer_passthrough_supply
548742,ct_eversource_non-hp_base_percustomer_passthrough_supply
11565,ct_eversource_non-hp_base_percustomer_passthrough_supply
15092,ct_eversource_non-hp_base_percustomer_passthrough_supply
15308,ct_eversource_non-hp_base_percustomer_passthrough_supply
17456,ct_eversource_non-hp_base_percustomer_passthrough_supply
24641,ct_eversource_non-hp_base_percustomer_passthrough_supply
28444,ct_eversource_non-hp_base_percustomer_passthrough_supply
31289,ct_eversource_non-hp_base_percustomer_passthrough_supply
41739,ct_eversource_non-hp_base_percustomer_passthrough_supply
44772,ct_eversource_non-hp_base_percustomer_passthrough_supply
61741,ct_eversource_non-hp_base_percustomer_passthrough_supply
64892,ct_eversource_non-hp_base_percustomer_passthrough_supply
74452,ct_eversource_non-hp_base_percustomer_passthrough_supply
75679,ct_eversource_non-hp_base_percustomer_passthrough_supply
76601,ct_eversource_non-hp_base_percustomer_passthrough_supply
81580,ct_eversource_non-hp_base_percustomer_passthrough_supply
82213,ct_eversource_non-hp_base_percustomer_passthrough_supply
83234,ct_eversource_non-hp_base_percustomer_passthrough_supply
87602,ct_eversource_non-hp_base_percustomer_passthrough_supply
89345,ct_eversource_non-hp_base_percustomer_passthrough_supply
104574,ct_eversource_hp_flat_percustomer_passthrough_supply
105576,ct_eversource_non-hp_base_percustomer_passthrough_supply
106399,ct_eversource_non-hp_base_percustomer_passthrough_supply
116225,ct_eversource_non-hp_base_percustomer_passthrough_supply
123829,ct_eversource_non-hp_base_percustomer_passthrough_supply
124950,ct_eversource_non-hp_base_percustomer_passthrough_supply
128027,ct_eversource_non-hp_base_percustomer_passthrough_supply
134582,ct_eversource_hp_flat_percustomer_passthrough_supply
155318,ct_eversource_non-hp_base_percustomer_passthrough_supply
182146,ct_eversource_non-hp_base_percustomer_passthrough_supply
336660,ct_eversource_non-hp_base_percustomer_passthrough_supply
364156,ct_eversource_non-hp_base_percustomer_passthrough_supply
405264,ct_eversource_non-hp_base_percustomer_passthrough_supply
408796,ct_eversource_non-hp_base_percustomer_passthrough_supply
318870,ct_eversource_non-hp_base_percustomer_passthrough_supply
277653,ct_eversource_non-hp_base_percustomer_passthrough_supply
152774,ct_eversource_non-hp_base_percustomer_passthrough_supply
186309,ct_eversource_non-hp_base_percustomer_passthrough_supply
238047,ct_eversource_hp_flat_percustomer_passthrough_supply
325223,ct_eversource_non-hp_base_percustomer_passthrough_supply
324303,ct_eversource_non-hp_base_percustomer_passthrough_supply
174372,ct_eversource_non-hp_base_percustomer_passthrough_supply
237540,ct_eversource_non-hp_base_percustomer_passthrough_supply
304501,ct_eversource_non-hp_base_percustomer_passthrough_supply
343123,ct_eversource_non-hp_base_percustomer_passthrough_supply
194092,ct_eversource_non-hp_base_percustomer_passthrough_supply
141414,ct_eversource_non-hp_base_percustomer_passthrough_supply
352162,ct_eversource_non-hp_base_percustomer_passthrough_supply
380039,ct_eversource_non-hp_base_percustomer_passthrough_supply
298935,ct_eversource_non-hp_base_percustomer_passthrough_supply
276978,ct_eversource_non-hp_base_percustomer_passthrough_supply
398961,ct_eversource_non-hp_base_percustomer_passthrough_supply
151796,ct_eversource_non-hp_base_percustomer_passthrough_supply
156273,ct_eversource_non-hp_base_percustomer_passthrough_supply
169863,ct_eversource_non-hp_base_percustomer_passthrough_supply
180003,ct_eversource_non-hp_base_percustomer_passthrough_supply
181185,ct_eversource_non-hp_base_percustomer_passthrough_supply
202887,ct_eversource_non-hp_base_percustomer_passthrough_supply
203770,ct_eversource_non-hp_base_percustomer_passthrough_supply
205540,ct_eversource_non-hp_base_percustomer_passthrough_supply
222080,ct_eversource_non-hp_base_percustomer_passthrough_supply
229380,ct_eversource_non-hp_base_percustomer_passthrough_supply
229552,ct_eversource_non-hp_base_percustomer_passthrough_supply
232831,ct_eversource_non-hp_base_percustomer_passthrough_supply
235345,ct_eversource_non-hp_base_percustomer_passthrough_supply
239218,ct_eversource_non-hp_base_percustomer_passthrough_supply
240549,ct_eversource_non-hp_base_percustomer_passthrough_supply
241599,ct_eversource_non-hp_base_percustomer_passthrough_supply
242992,ct_eversource_non-hp_base_percustomer_passthrough_supply
244982,ct_eversource_non-hp_base_percustomer_passthrough_supply
247002,ct_eversource_non-hp_base_percustomer_passthrough_supply
255376,ct_eversource_non-hp_base_percustomer_passthrough_supply
256412,ct_eversource_non-hp_base_percustomer_passthrough_supply
256413,ct_eversource_non-hp_base_percustomer_passthrough_supply
259915,ct_eversource_non-hp_base_percustomer_passthrough_supply
266085,ct_eversource_non-hp_base_percustomer_passthrough_supply
386939,ct_eversource_non-hp_base_percustomer_passthrough_supply
369627,ct_eversource_non-hp_base_percustomer_passthrough_supply
329865,ct_eversource_non-hp_base_percustomer_passthrough_supply
404459,ct_eversource_non-hp_base_percustomer_passthrough_supply
316418,ct_eversource_non-hp_base_percustomer_passthrough_supply
336099,ct_eversource_non-hp_base_percustomer_passthrough_supply
390377,ct_eversource_non-hp_base_percustomer_passthrough_supply
308894,ct_eversource_non-hp_base_percustomer_passthrough_supply
394663,ct_eversource_non-hp_base_percustomer_passthrough_supply
307563,ct_eversource_non-hp_base_percustomer_passthrough_supply
312302,ct_eversource_non-hp_base_percustomer_passthrough_supply
373194,ct_eversource_hp_flat_percustomer_passthrough_supply
273047,ct_eversource_non-hp_base_percustomer_passthrough_supply
297740,ct_eversource_non-hp_base_percustomer_passthrough_supply
316973,ct_eversource_non-hp_base_percustomer_passthrough_supply
321428,ct_eversource_non-hp_base_percustomer_passthrough_supply
323295,ct_eversource_non-hp_base_percustomer_passthrough_supply
338234,ct_eversource_non-hp_base_percustomer_passthrough_supply
340707,ct_eversource_non-hp_base_percustomer_passthrough_supply
354094,ct_eversource_non-hp_base_percustomer_passthrough_supply
368521,ct_eversource_non-hp_base_percustomer_passthrough_supply
369932,ct_eversource_non-hp_base_percustomer_passthrough_supply
378747,ct_eversource_non-hp_base_percustomer_passthrough_supply
526557,ct_eversource_non-hp_base_percustomer_passthrough_supply
267480,ct_eversource_non-hp_base_percustomer_passthrough_supply
314824,ct_eversource_non-hp_base_percustomer_passthrough_supply
328048,ct_eversource_non-hp_base_percustomer_passthrough_supply
328476,ct_eversource_non-hp_base_percustomer_passthrough_supply
300792,ct_eversource_non-hp_base_percustomer_passthrough_supply
464196,ct_eversource_non-hp_base_percustomer_passthrough_supply
472469,ct_eversource_non-hp_base_percustomer_passthrough_supply
474009,ct_eversource_non-hp_base_percustomer_passthrough_supply
485821,ct_eversource_non-hp_base_percustomer_passthrough_supply
515115,ct_eversource_non-hp_base_percustomer_passthrough_supply
519773,ct_eversource_non-hp_base_percustomer_passthrough_supply
527183,ct_eversource_non-hp_base_percustomer_passthrough_supply
536766,ct_eversource_non-hp_base_percustomer_passthrough_supply
543967,ct_eversource_non-hp_base_percustomer_passthrough_supply
127978,ct_eversource_non-hp_base_percustomer_passthrough_supply
128230,ct_eversource_non-hp_base_percustomer_passthrough_supply
135404,ct_eversource_non-hp_base_percustomer_passthrough_supply
137283,ct_eversource_non-hp_base_percustomer_passthrough_supply
224838,ct_eversource_non-hp_base_percustomer_passthrough_supply
376629,ct_eversource_non-hp_base_percustomer_passthrough_supply
290529,ct_eversource_non-hp_base_percustomer_passthrough_supply
199367,ct_eversource_non-hp_base_percustomer_passthrough_supply
255390,ct_eversource_non-hp_base_percustomer_passthrough_supply
210119,ct_eversource_non-hp_base_percustomer_passthrough_supply
336599,ct_eversource_non-hp_base_percustomer_passthrough_supply
318918,ct_eversource_non-hp_base_percustomer_passthrough_supply
312827,ct_eversource_non-hp_base_percustomer_passthrough_supply
279137,ct_eversource_non-hp_base_percustomer_passthrough_supply
243549,ct_eversource_non-hp_base_percustomer_passthrough_supply
263107,ct_eversource_non-hp_base_percustomer_passthrough_supply
266833,ct_eversource_non-hp_base_percustomer_passthrough_supply
52890,ct_eversource_non-hp_base_percustomer_passthrough_supply
422143,ct_eversource_non-hp_base_percustomer_passthrough_supply
496966,ct_eversource_non-hp_base_percustomer_passthrough_supply
510889,ct_eversource_non-hp_base_percustomer_passthrough_supply
363921,ct_eversource_non-hp_base_percustomer_passthrough_supply
40624,ct_eversource_non-hp_base_percustomer_passthrough_supply
354905,ct_eversource_non-hp_base_percustomer_passthrough_supply
386461,ct_eversource_non-hp_base_percustomer_passthrough_supply
286987,ct_eversource_non-hp_base_percustomer_passthrough_supply
370741,ct_eversource_non-hp_base_percustomer_passthrough_supply
517286,ct_eversource_non-hp_base_percustomer_passthrough_supply
421233,ct_eversource_non-hp_base_percustomer_passthrough_supply
526014,ct_eversource_non-hp_base_percustomer_passthrough_supply
530712,ct_eversource_non-hp_base_percustomer_passthrough_supply
18309,ct_eversource_non-hp_base_percustomer_passthrough_supply
219771,ct_eversource_non-hp_base_percustomer_passthrough_supply
285353,ct_eversource_non-hp_base_percustomer_passthrough_supply
79787,ct_eversource_non-hp_base_percustomer_passthrough_supply
7740,ct_eversource_non-hp_base_percustomer_passthrough_supply
31469,ct_eversource_non-hp_base_percustomer_passthrough_supply
39084,ct_eversource_non-hp_base_percustomer_passthrough_supply
212720,ct_eversource_non-hp_base_percustomer_passthrough_supply
207181,ct_eversource_non-hp_base_percustomer_passthrough_supply
225743,ct_eversource_non-hp_base_percustomer_passthrough_supply
410253,ct_eversource_non-hp_base_percustomer_passthrough_supply
359410,ct_eversource_non-hp_base_percustomer_passthrough_supply
218453,ct_eversource_non-hp_base_percustomer_passthrough_supply
376626,ct_eversource_non-hp_base_percustomer_passthrough_supply
472269,ct_eversource_non-hp_base_percustomer_passthrough_supply
88974,ct_eversource_non-hp_base_percustomer_passthrough_supply
5402,ct_eversource_non-hp_base_percustomer_passthrough_supply
33746,ct_eversource_non-hp_base_percustomer_passthrough_supply
280660,ct_eversource_hp_flat_percustomer_passthrough_supply
151621,ct_eversource_non-hp_base_percustomer_passthrough_supply
443583,ct_eversource_non-hp_base_percustomer_passthrough_supply
478937,ct_eversource_non-hp_base_percustomer_passthrough_supply
479087,ct_eversource_non-hp_base_percustomer_passthrough_supply
495287,ct_eversource_non-hp_base_percustomer_passthrough_supply
539937,ct_eversource_non-hp_base_percustomer_passthrough_supply
539987,ct_eversource_non-hp_base_percustomer_passthrough_supply
540590,ct_eversource_non-hp_base_percustomer_passthrough_supply
549253,ct_eversource_non-hp_base_percustomer_passthrough_supply
32659,ct_eversource_hp_flat_percustomer_passthrough_supply
5568,ct_eversource_non-hp_base_percustomer_passthrough_supply
319010,ct_eversource_non-hp_base_percustomer_passthrough_supply
52549,ct_eversource_non-hp_base_percustomer_passthrough_supply
328461,ct_eversource_non-hp_base_percustomer_passthrough_supply
125295,ct_eversource_non-hp_base_percustomer_passthrough_supply
142309,ct_eversource_non-hp_base_percustomer_passthrough_supply
219916,ct_eversource_non-hp_base_percustomer_passthrough_supply
210478,ct_eversource_non-hp_base_percustomer_passthrough_supply
382597,ct_eversource_non-hp_base_percustomer_passthrough_supply
343082,ct_eversource_non-hp_base_percustomer_passthrough_supply
252897,ct_eversource_non-hp_base_percustomer_passthrough_supply
371903,ct_eversource_non-hp_base_percustomer_passthrough_supply
404969,ct_eversource_non-hp_base_percustomer_passthrough_supply
240166,ct_eversource_non-hp_base_percustomer_passthrough_supply
243316,ct_eversource_non-hp_base_percustomer_passthrough_supply
350044,ct_eversource_hp_flat_percustomer_passthrough_supply
396659,ct_eversource_non-hp_base_percustomer_passthrough_supply
387454,ct_eversource_non-hp_base_percustomer_passthrough_supply
414552,ct_eversource_non-hp_base_percustomer_passthrough_supply
417405,ct_eversource_non-hp_base_percustomer_passthrough_supply
424819,ct_eversource_non-hp_base_percustomer_passthrough_supply
427192,ct_eversource_non-hp_base_percustomer_passthrough_supply
429647,ct_eversource_non-hp_base_percustomer_passthrough_supply
432525,ct_eversource_non-hp_base_percustomer_passthrough_supply
440596,ct_eversource_non-hp_base_percustomer_passthrough_supply
442387,ct_eversource_non-hp_base_percustomer_passthrough_supply
465633,ct_eversource_non-hp_base_percustomer_passthrough_supply
468970,ct_eversource_non-hp_base_percustomer_passthrough_supply
493159,ct_eversource_non-hp_base_percustomer_passthrough_supply
496679,ct_eversource_non-hp_base_percustomer_passthrough_supply
497464,ct_eversource_non-hp_base_percustomer_passthrough_supply
511515,ct_eversource_non-hp_base_percustomer_passthrough_supply
528639,ct_eversource_non-hp_base_percustomer_passthrough_supply
538815,ct_eversource_non-hp_base_percustomer_passthrough_supply
543443,ct_eversource_non-hp_base_percustomer_passthrough_supply
4492,ct_eversource_non-hp_base_percustomer_passthrough_supply
15784,ct_eversource_non-hp_base_percustomer_passthrough_supply
17442,ct_eversource_non-hp_base_percustomer_passthrough_supply
33175,ct_eversource_non-hp_base_percustomer_passthrough_supply
34246,ct_eversource_non-hp_base_percustomer_passthrough_supply
41696,ct_eversource_non-hp_base_percustomer_passthrough_supply
41856,ct_eversource_non-hp_base_percustomer_passthrough_supply
52218,ct_eversource_non-hp_base_percustomer_passthrough_supply
52634,ct_eversource_hp_flat_percustomer_passthrough_supply
53720,ct_eversource_non-hp_base_percustomer_passthrough_supply
54071,ct_eversource_non-hp_base_percustomer_passthrough_supply
55868,ct_eversource_non-hp_base_percustomer_passthrough_supply
56055,ct_eversource_non-hp_base_percustomer_passthrough_supply
62348,ct_eversource_non-hp_base_percustomer_passthrough_supply
64887,ct_eversource_non-hp_base_percustomer_passthrough_supply
70257,ct_eversource_non-hp_base_percustomer_passthrough_supply
75752,ct_eversource_non-hp_base_percustomer_passthrough_supply
76537,ct_eversource_non-hp_base_percustomer_passthrough_supply
77051,ct_eversource_non-hp_base_percustomer_passthrough_supply
78423,ct_eversource_non-hp_base_percustomer_passthrough_supply
78515,ct_eversource_non-hp_base_percustomer_passthrough_supply
81207,ct_eversource_non-hp_base_percustomer_passthrough_supply
84216,ct_eversource_non-hp_base_percustomer_passthrough_supply
85263,ct_eversource_non-hp_base_percustomer_passthrough_supply
90132,ct_eversource_non-hp_base_percustomer_passthrough_supply
95248,ct_eversource_non-hp_base_percustomer_passthrough_supply
96514,ct_eversource_non-hp_base_percustomer_passthrough_supply
107058,ct_eversource_non-hp_base_percustomer_passthrough_supply
111927,ct_eversource_non-hp_base_percustomer_passthrough_supply
112020,ct_eversource_non-hp_base_percustomer_passthrough_supply
115436,ct_eversource_non-hp_base_percustomer_passthrough_supply
117728,ct_eversource_non-hp_base_percustomer_passthrough_supply
122797,ct_eversource_non-hp_base_percustomer_passthrough_supply
127420,ct_eversource_non-hp_base_percustomer_passthrough_supply
207306,ct_eversource_non-hp_base_percustomer_passthrough_supply
313039,ct_eversource_non-hp_base_percustomer_passthrough_supply
295688,ct_eversource_non-hp_base_percustomer_passthrough_supply
381989,ct_eversource_non-hp_base_percustomer_passthrough_supply
408568,ct_eversource_non-hp_base_percustomer_passthrough_supply
180941,ct_eversource_non-hp_base_percustomer_passthrough_supply
387630,ct_eversource_non-hp_base_percustomer_passthrough_supply
145900,ct_eversource_non-hp_base_percustomer_passthrough_supply
181308,ct_eversource_non-hp_base_percustomer_passthrough_supply
202969,ct_eversource_non-hp_base_percustomer_passthrough_supply
255265,ct_eversource_non-hp_base_percustomer_passthrough_supply
254036,ct_eversource_non-hp_base_percustomer_passthrough_supply
329852,ct_eversource_non-hp_base_percustomer_passthrough_supply
247090,ct_eversource_non-hp_base_percustomer_passthrough_supply
376101,ct_eversource_non-hp_base_percustomer_passthrough_supply
247443,ct_eversource_non-hp_base_percustomer_passthrough_supply
219042,ct_eversource_non-hp_base_percustomer_passthrough_supply
338882,ct_eversource_non-hp_base_percustomer_passthrough_supply
213348,ct_eversource_non-hp_base_percustomer_passthrough_supply
303495,ct_eversource_non-hp_base_percustomer_passthrough_supply
342963,ct_eversource_non-hp_base_percustomer_passthrough_supply
345860,ct_eversource_non-hp_base_percustomer_passthrough_supply
342719,ct_eversource_non-hp_base_percustomer_passthrough_supply
144750,ct_eversource_non-hp_base_percustomer_passthrough_supply
155356,ct_eversource_non-hp_base_percustomer_passthrough_supply
155714,ct_eversource_non-hp_base_percustomer_passthrough_supply
158154,ct_eversource_non-hp_base_percustomer_passthrough_supply
158906,ct_eversource_non-hp_base_percustomer_passthrough_supply
162209,ct_eversource_non-hp_base_percustomer_passthrough_supply
166055,ct_eversource_non-hp_base_percustomer_passthrough_supply
170021,ct_eversource_non-hp_base_percustomer_passthrough_supply
171290,ct_eversource_non-hp_base_percustomer_passthrough_supply
173926,ct_eversource_non-hp_base_percustomer_passthrough_supply
183084,ct_eversource_non-hp_base_percustomer_passthrough_supply
186949,ct_eversource_non-hp_base_percustomer_passthrough_supply
189285,ct_eversource_non-hp_base_percustomer_passthrough_supply
192258,ct_eversource_non-hp_base_percustomer_passthrough_supply
196123,ct_eversource_non-hp_base_percustomer_passthrough_supply
199026,ct_eversource_non-hp_base_percustomer_passthrough_supply
203059,ct_eversource_non-hp_base_percustomer_passthrough_supply
212160,ct_eversource_non-hp_base_percustomer_passthrough_supply
212754,ct_eversource_non-hp_base_percustomer_passthrough_supply
221554,ct_eversource_non-hp_base_percustomer_passthrough_supply
224486,ct_eversource_non-hp_base_percustomer_passthrough_supply
229392,ct_eversource_non-hp_base_percustomer_passthrough_supply
236412,ct_eversource_non-hp_base_percustomer_passthrough_supply
261714,ct_eversource_non-hp_base_percustomer_passthrough_supply
262369,ct_eversource_hp_flat_percustomer_passthrough_supply
268518,ct_eversource_non-hp_base_percustomer_passthrough_supply
351883,ct_eversource_non-hp_base_percustomer_passthrough_supply
297901,ct_eversource_non-hp_base_percustomer_passthrough_supply
392577,ct_eversource_non-hp_base_percustomer_passthrough_supply
369980,ct_eversource_non-hp_base_percustomer_passthrough_supply
325831,ct_eversource_non-hp_base_percustomer_passthrough_supply
308750,ct_eversource_non-hp_base_percustomer_passthrough_supply
288517,ct_eversource_non-hp_base_percustomer_passthrough_supply
291466,ct_eversource_hp_flat_percustomer_passthrough_supply
293029,ct_eversource_non-hp_base_percustomer_passthrough_supply
305611,ct_eversource_hp_flat_percustomer_passthrough_supply
331662,ct_eversource_non-hp_base_percustomer_passthrough_supply
334624,ct_eversource_non-hp_base_percustomer_passthrough_supply
342553,ct_eversource_non-hp_base_percustomer_passthrough_supply
355528,ct_eversource_non-hp_base_percustomer_passthrough_supply
361929,ct_eversource_non-hp_base_percustomer_passthrough_supply
375474,ct_eversource_non-hp_base_percustomer_passthrough_supply
395638,ct_eversource_non-hp_base_percustomer_passthrough_supply
398195,ct_eversource_non-hp_base_percustomer_passthrough_supply
406111,ct_eversource_non-hp_base_percustomer_passthrough_supply
287398,ct_eversource_non-hp_base_percustomer_passthrough_supply
212003,ct_eversource_non-hp_base_percustomer_passthrough_supply
91503,ct_eversource_non-hp_base_percustomer_passthrough_supply
116550,ct_eversource_non-hp_base_percustomer_passthrough_supply
221569,ct_eversource_non-hp_base_percustomer_passthrough_supply
421298,ct_eversource_non-hp_base_percustomer_passthrough_supply
431784,ct_eversource_hp_flat_percustomer_passthrough_supply
435832,ct_eversource_non-hp_base_percustomer_passthrough_supply
456455,ct_eversource_non-hp_base_percustomer_passthrough_supply
463827,ct_eversource_non-hp_base_percustomer_passthrough_supply
475176,ct_eversource_non-hp_base_percustomer_passthrough_supply
501798,ct_eversource_non-hp_base_percustomer_passthrough_supply
510319,ct_eversource_non-hp_base_percustomer_passthrough_supply
91086,ct_eversource_non-hp_base_percustomer_passthrough_supply
112137,ct_eversource_non-hp_base_percustomer_passthrough_supply
134564,ct_eversource_non-hp_base_percustomer_passthrough_supply
442655,ct_eversource_non-hp_base_percustomer_passthrough_supply
358270,ct_eversource_non-hp_base_percustomer_passthrough_supply
346546,ct_eversource_non-hp_base_percustomer_passthrough_supply
212514,ct_eversource_non-hp_base_percustomer_passthrough_supply
258342,ct_eversource_non-hp_base_percustomer_passthrough_supply
28825,ct_eversource_non-hp_base_percustomer_passthrough_supply
135245,ct_eversource_non-hp_base_percustomer_passthrough_supply
338689,ct_eversource_non-hp_base_percustomer_passthrough_supply
77566,ct_eversource_non-hp_base_percustomer_passthrough_supply
451888,ct_eversource_non-hp_base_percustomer_passthrough_supply
451996,ct_eversource_non-hp_base_percustomer_passthrough_supply
78972,ct_eversource_non-hp_base_percustomer_passthrough_supply
308672,ct_eversource_non-hp_base_percustomer_passthrough_supply
393672,ct_eversource_hp_flat_percustomer_passthrough_supply
324722,ct_eversource_non-hp_base_percustomer_passthrough_supply
405147,ct_eversource_non-hp_base_percustomer_passthrough_supply
248038,ct_eversource_non-hp_base_percustomer_passthrough_supply
155840,ct_eversource_non-hp_base_percustomer_passthrough_supply
414935,ct_eversource_non-hp_base_percustomer_passthrough_supply
472161,ct_eversource_non-hp_base_percustomer_passthrough_supply
52323,ct_eversource_non-hp_base_percustomer_passthrough_supply
30334,ct_eversource_non-hp_base_percustomer_passthrough_supply
247246,ct_eversource_non-hp_base_percustomer_passthrough_supply
89352,ct_eversource_non-hp_base_percustomer_passthrough_supply
232373,ct_eversource_non-hp_base_percustomer_passthrough_supply
522681,ct_eversource_non-hp_base_percustomer_passthrough_supply
70463,ct_eversource_non-hp_base_percustomer_passthrough_supply
94511,ct_eversource_non-hp_base_percustomer_passthrough_supply
305165,ct_eversource_non-hp_base_percustomer_passthrough_supply
188612,ct_eversource_non-hp_base_percustomer_passthrough_supply
191171,ct_eversource_non-hp_base_percustomer_passthrough_supply
212152,ct_eversource_non-hp_base_percustomer_passthrough_supply
315398,ct_eversource_non-hp_base_percustomer_passthrough_supply
335119,ct_eversource_non-hp_base_percustomer_passthrough_supply
351891,ct_eversource_non-hp_base_percustomer_passthrough_supply
365021,ct_eversource_non-hp_base_percustomer_passthrough_supply
408920,ct_eversource_non-hp_base_percustomer_passthrough_supply
400914,ct_eversource_non-hp_base_percustomer_passthrough_supply
294624,ct_eversource_non-hp_base_percustomer_passthrough_supply
336492,ct_eversource_non-hp_base_percustomer_passthrough_supply
202615,ct_eversource_non-hp_base_percustomer_passthrough_supply
541668,ct_eversource_hp_flat_percustomer_passthrough_supply
30941,ct_eversource_non-hp_base_percustomer_passthrough_supply
57127,ct_eversource_non-hp_base_percustomer_passthrough_supply
324153,ct_eversource_non-hp_base_percustomer_passthrough_supply
292263,ct_eversource_non-hp_base_percustomer_passthrough_supply
414167,ct_eversource_non-hp_base_percustomer_passthrough_supply
414202,ct_eversource_non-hp_base_percustomer_passthrough_supply
434609,ct_eversource_non-hp_base_percustomer_passthrough_supply
435576,ct_eversource_non-hp_base_percustomer_passthrough_supply
453341,ct_eversource_non-hp_base_percustomer_passthrough_supply
457069,ct_eversource_non-hp_base_percustomer_passthrough_supply
471317,ct_eversource_non-hp_base_percustomer_passthrough_supply
514130,ct_eversource_non-hp_base_percustomer_passthrough_supply
529641,ct_eversource_non-hp_base_percustomer_passthrough_supply
531550,ct_eversource_non-hp_base_percustomer_passthrough_supply
70670,ct_eversource_non-hp_base_percustomer_passthrough_supply
372830,ct_eversource_hp_flat_percustomer_passthrough_supply
364125,ct_eversource_non-hp_base_percustomer_passthrough_supply
406166,ct_eversource_non-hp_base_percustomer_passthrough_supply
7208,ct_eversource_non-hp_base_percustomer_passthrough_supply
260859,ct_eversource_non-hp_base_percustomer_passthrough_supply
286184,ct_eversource_non-hp_base_percustomer_passthrough_supply
193067,ct_eversource_non-hp_base_percustomer_passthrough_supply
329241,ct_eversource_non-hp_base_percustomer_passthrough_supply
18396,ct_eversource_non-hp_base_percustomer_passthrough_supply
33756,ct_eversource_non-hp_base_percustomer_passthrough_supply
55013,ct_eversource_non-hp_base_percustomer_passthrough_supply
94169,ct_eversource_non-hp_base_percustomer_passthrough_supply
397518,ct_eversource_non-hp_base_percustomer_passthrough_supply
387123,ct_eversource_non-hp_base_percustomer_passthrough_supply
170333,ct_eversource_non-hp_base_percustomer_passthrough_supply
169909,ct_eversource_non-hp_base_percustomer_passthrough_supply
229174,ct_eversource_non-hp_base_percustomer_passthrough_supply
255015,ct_eversource_non-hp_base_percustomer_passthrough_supply
321704,ct_eversource_non-hp_base_percustomer_passthrough_supply
352514,ct_eversource_non-hp_base_percustomer_passthrough_supply
360869,ct_eversource_non-hp_base_percustomer_passthrough_supply
284718,ct_eversource_hp_flat_percustomer_passthrough_supply
374858,ct_eversource_non-hp_base_percustomer_passthrough_supply
411184,ct_eversource_non-hp_base_percustomer_passthrough_supply
411749,ct_eversource_non-hp_base_percustomer_passthrough_supply
424280,ct_eversource_non-hp_base_percustomer_passthrough_supply
425476,ct_eversource_non-hp_base_percustomer_passthrough_supply
438970,ct_eversource_non-hp_base_percustomer_passthrough_supply
453705,ct_eversource_non-hp_base_percustomer_passthrough_supply
458842,ct_eversource_non-hp_base_percustomer_passthrough_supply
463167,ct_eversource_non-hp_base_percustomer_passthrough_supply
469342,ct_eversource_non-hp_base_percustomer_passthrough_supply
471401,ct_eversource_non-hp_base_percustomer_passthrough_supply
472333,ct_eversource_non-hp_base_percustomer_passthrough_supply
476053,ct_eversource_non-hp_base_percustomer_passthrough_supply
479725,ct_eversource_non-hp_base_percustomer_passthrough_supply
479871,ct_eversource_non-hp_base_percustomer_passthrough_supply
497292,ct_eversource_non-hp_base_percustomer_passthrough_supply
498971,ct_eversource_hp_flat_percustomer_passthrough_supply
507033,ct_eversource_non-hp_base_percustomer_passthrough_supply
509097,ct_eversource_non-hp_base_percustomer_passthrough_supply
511947,ct_eversource_non-hp_base_percustomer_passthrough_supply
523423,ct_eversource_non-hp_base_percustomer_passthrough_supply
529527,ct_eversource_non-hp_base_percustomer_passthrough_supply
529924,ct_eversource_non-hp_base_percustomer_passthrough_supply
536674,ct_eversource_non-hp_base_percustomer_passthrough_supply
536741,ct_eversource_non-hp_base_percustomer_passthrough_supply
544299,ct_eversource_non-hp_base_percustomer_passthrough_supply
548491,ct_eversource_non-hp_base_percustomer_passthrough_supply
11040,ct_eversource_non-hp_base_percustomer_passthrough_supply
11837,ct_eversource_non-hp_base_percustomer_passthrough_supply
12130,ct_eversource_non-hp_base_percustomer_passthrough_supply
19852,ct_eversource_non-hp_base_percustomer_passthrough_supply
21637,ct_eversource_non-hp_base_percustomer_passthrough_supply
23780,ct_eversource_non-hp_base_percustomer_passthrough_supply
38697,ct_eversource_non-hp_base_percustomer_passthrough_supply
40151,ct_eversource_non-hp_base_percustomer_passthrough_supply
40760,ct_eversource_non-hp_base_percustomer_passthrough_supply
44370,ct_eversource_non-hp_base_percustomer_passthrough_supply
44983,ct_eversource_non-hp_base_percustomer_passthrough_supply
48561,ct_eversource_non-hp_base_percustomer_passthrough_supply
50841,ct_eversource_non-hp_base_percustomer_passthrough_supply
51924,ct_eversource_non-hp_base_percustomer_passthrough_supply
53499,ct_eversource_non-hp_base_percustomer_passthrough_supply
54242,ct_eversource_non-hp_base_percustomer_passthrough_supply
59642,ct_eversource_hp_flat_percustomer_passthrough_supply
65283,ct_eversource_non-hp_base_percustomer_passthrough_supply
66773,ct_eversource_non-hp_base_percustomer_passthrough_supply
75359,ct_eversource_non-hp_base_percustomer_passthrough_supply
77386,ct_eversource_non-hp_base_percustomer_passthrough_supply
77755,ct_eversource_non-hp_base_percustomer_passthrough_supply
79812,ct_eversource_non-hp_base_percustomer_passthrough_supply
86487,ct_eversource_non-hp_base_percustomer_passthrough_supply
87758,ct_eversource_non-hp_base_percustomer_passthrough_supply
116355,ct_eversource_non-hp_base_percustomer_passthrough_supply
119790,ct_eversource_non-hp_base_percustomer_passthrough_supply
122986,ct_eversource_non-hp_base_percustomer_passthrough_supply
132458,ct_eversource_non-hp_base_percustomer_passthrough_supply
134240,ct_eversource_non-hp_base_percustomer_passthrough_supply
135025,ct_eversource_non-hp_base_percustomer_passthrough_supply
138634,ct_eversource_non-hp_base_percustomer_passthrough_supply
237714,ct_eversource_non-hp_base_percustomer_passthrough_supply
183595,ct_eversource_non-hp_base_percustomer_passthrough_supply
212633,ct_eversource_non-hp_base_percustomer_passthrough_supply
192143,ct_eversource_non-hp_base_percustomer_passthrough_supply
282830,ct_eversource_non-hp_base_percustomer_passthrough_supply
299527,ct_eversource_non-hp_base_percustomer_passthrough_supply
199994,ct_eversource_non-hp_base_percustomer_passthrough_supply
291008,ct_eversource_non-hp_base_percustomer_passthrough_supply
160266,ct_eversource_non-hp_base_percustomer_passthrough_supply
338920,ct_eversource_non-hp_base_percustomer_passthrough_supply
371984,ct_eversource_non-hp_base_percustomer_passthrough_supply
310232,ct_eversource_non-hp_base_percustomer_passthrough_supply
264377,ct_eversource_non-hp_base_percustomer_passthrough_supply
143426,ct_eversource_non-hp_base_percustomer_passthrough_supply
147995,ct_eversource_non-hp_base_percustomer_passthrough_supply
152001,ct_eversource_non-hp_base_percustomer_passthrough_supply
159807,ct_eversource_non-hp_base_percustomer_passthrough_supply
169510,ct_eversource_non-hp_base_percustomer_passthrough_supply
172826,ct_eversource_non-hp_base_percustomer_passthrough_supply
179475,ct_eversource_non-hp_base_percustomer_passthrough_supply
185627,ct_eversource_non-hp_base_percustomer_passthrough_supply
189384,ct_eversource_non-hp_base_percustomer_passthrough_supply
195151,ct_eversource_non-hp_base_percustomer_passthrough_supply
196327,ct_eversource_non-hp_base_percustomer_passthrough_supply
206499,ct_eversource_non-hp_base_percustomer_passthrough_supply
208237,ct_eversource_non-hp_base_percustomer_passthrough_supply
216140,ct_eversource_non-hp_base_percustomer_passthrough_supply
217901,ct_eversource_non-hp_base_percustomer_passthrough_supply
224556,ct_eversource_non-hp_base_percustomer_passthrough_supply
225271,ct_eversource_non-hp_base_percustomer_passthrough_supply
228582,ct_eversource_non-hp_base_percustomer_passthrough_supply
245025,ct_eversource_non-hp_base_percustomer_passthrough_supply
246414,ct_eversource_non-hp_base_percustomer_passthrough_supply
246494,ct_eversource_non-hp_base_percustomer_passthrough_supply
333302,ct_eversource_non-hp_base_percustomer_passthrough_supply
376122,ct_eversource_non-hp_base_percustomer_passthrough_supply
287812,ct_eversource_non-hp_base_percustomer_passthrough_supply
363685,ct_eversource_non-hp_base_percustomer_passthrough_supply
365945,ct_eversource_hp_flat_percustomer_passthrough_supply
304436,ct_eversource_non-hp_base_percustomer_passthrough_supply
321709,ct_eversource_non-hp_base_percustomer_passthrough_supply
270772,ct_eversource_non-hp_base_percustomer_passthrough_supply
272643,ct_eversource_non-hp_base_percustomer_passthrough_supply
273185,ct_eversource_non-hp_base_percustomer_passthrough_supply
281177,ct_eversource_non-hp_base_percustomer_passthrough_supply
284147,ct_eversource_non-hp_base_percustomer_passthrough_supply
284894,ct_eversource_non-hp_base_percustomer_passthrough_supply
295009,ct_eversource_non-hp_base_percustomer_passthrough_supply
338356,ct_eversource_non-hp_base_percustomer_passthrough_supply
339142,ct_eversource_non-hp_base_percustomer_passthrough_supply
355524,ct_eversource_non-hp_base_percustomer_passthrough_supply
372147,ct_eversource_non-hp_base_percustomer_passthrough_supply
376625,ct_eversource_non-hp_base_percustomer_passthrough_supply
433531,ct_eversource_non-hp_base_percustomer_passthrough_supply
168438,ct_eversource_non-hp_base_percustomer_passthrough_supply
438090,ct_eversource_non-hp_base_percustomer_passthrough_supply
440996,ct_eversource_non-hp_base_percustomer_passthrough_supply
444132,ct_eversource_non-hp_base_percustomer_passthrough_supply
466232,ct_eversource_non-hp_base_percustomer_passthrough_supply
472345,ct_eversource_non-hp_base_percustomer_passthrough_supply
479793,ct_eversource_non-hp_base_percustomer_passthrough_supply
504826,ct_eversource_non-hp_base_percustomer_passthrough_supply
516089,ct_eversource_non-hp_base_percustomer_passthrough_supply
522925,ct_eversource_non-hp_base_percustomer_passthrough_supply
542451,ct_eversource_non-hp_base_percustomer_passthrough_supply
65432,ct_eversource_non-hp_base_percustomer_passthrough_supply
67474,ct_eversource_non-hp_base_percustomer_passthrough_supply
80147,ct_eversource_non-hp_base_percustomer_passthrough_supply
440502,ct_eversource_non-hp_base_percustomer_passthrough_supply
486851,ct_eversource_non-hp_base_percustomer_passthrough_supply
213885,ct_eversource_non-hp_base_percustomer_passthrough_supply
152924,ct_eversource_non-hp_base_percustomer_passthrough_supply
246176,ct_eversource_non-hp_base_percustomer_passthrough_supply
345221,ct_eversource_non-hp_base_percustomer_passthrough_supply
381912,ct_eversource_non-hp_base_percustomer_passthrough_supply
279714,ct_eversource_non-hp_base_percustomer_passthrough_supply
542706,ct_eversource_non-hp_base_percustomer_passthrough_supply
211296,ct_eversource_non-hp_base_percustomer_passthrough_supply
217829,ct_eversource_non-hp_base_percustomer_passthrough_supply
261873,ct_eversource_non-hp_base_percustomer_passthrough_supply
265984,ct_eversource_non-hp_base_percustomer_passthrough_supply
372677,ct_eversource_non-hp_base_percustomer_passthrough_supply
8897,ct_eversource_non-hp_base_percustomer_passthrough_supply
111574,ct_eversource_non-hp_base_percustomer_passthrough_supply
422089,ct_eversource_non-hp_base_percustomer_passthrough_supply
422428,ct_eversource_non-hp_base_percustomer_passthrough_supply
435727,ct_eversource_non-hp_base_percustomer_passthrough_supply
500993,ct_eversource_hp_flat_percustomer_passthrough_supply
29654,ct_eversource_non-hp_base_percustomer_passthrough_supply
72485,ct_eversource_non-hp_base_percustomer_passthrough_supply
367320,ct_eversource_non-hp_base_percustomer_passthrough_supply
350702,ct_eversource_non-hp_base_percustomer_passthrough_supply
354362,ct_eversource_hp_flat_percustomer_passthrough_supply
348572,ct_eversource_non-hp_base_percustomer_passthrough_supply
248918,ct_eversource_non-hp_base_percustomer_passthrough_supply
267713,ct_eversource_non-hp_base_percustomer_passthrough_supply
150542,ct_eversource_non-hp_base_percustomer_passthrough_supply
25414,ct_eversource_non-hp_base_percustomer_passthrough_supply
86996,ct_eversource_non-hp_base_percustomer_passthrough_supply
420215,ct_eversource_non-hp_base_percustomer_passthrough_supply
524928,ct_eversource_non-hp_base_percustomer_passthrough_supply
144857,ct_eversource_non-hp_base_percustomer_passthrough_supply
14108,ct_eversource_non-hp_base_percustomer_passthrough_supply
32979,ct_eversource_non-hp_base_percustomer_passthrough_supply
51759,ct_eversource_non-hp_base_percustomer_passthrough_supply
75013,ct_eversource_non-hp_base_percustomer_passthrough_supply
94925,ct_eversource_non-hp_base_percustomer_passthrough_supply
215511,ct_eversource_non-hp_base_percustomer_passthrough_supply
146623,ct_eversource_non-hp_base_percustomer_passthrough_supply
224727,ct_eversource_non-hp_base_percustomer_passthrough_supply
253910,ct_eversource_non-hp_base_percustomer_passthrough_supply
260563,ct_eversource_non-hp_base_percustomer_passthrough_supply
72516,ct_eversource_non-hp_base_percustomer_passthrough_supply
66426,ct_eversource_non-hp_base_percustomer_passthrough_supply
254875,ct_eversource_non-hp_base_percustomer_passthrough_supply
370535,ct_eversource_non-hp_base_percustomer_passthrough_supply
214531,ct_eversource_non-hp_base_percustomer_passthrough_supply
260676,ct_eversource_non-hp_base_percustomer_passthrough_supply
363928,ct_eversource_non-hp_base_percustomer_passthrough_supply
372954,ct_eversource_non-hp_base_percustomer_passthrough_supply
402180,ct_eversource_non-hp_base_percustomer_passthrough_supply
59217,ct_eversource_non-hp_base_percustomer_passthrough_supply
520632,ct_eversource_non-hp_base_percustomer_passthrough_supply
318293,ct_eversource_non-hp_base_percustomer_passthrough_supply
294096,ct_eversource_non-hp_base_percustomer_passthrough_supply
530368,ct_eversource_non-hp_base_percustomer_passthrough_supply
123377,ct_eversource_non-hp_base_percustomer_passthrough_supply
316039,ct_eversource_non-hp_base_percustomer_passthrough_supply
169371,ct_eversource_non-hp_base_percustomer_passthrough_supply
291615,ct_eversource_non-hp_base_percustomer_passthrough_supply
414313,ct_eversource_non-hp_base_percustomer_passthrough_supply
464462,ct_eversource_non-hp_base_percustomer_passthrough_supply
471534,ct_eversource_non-hp_base_percustomer_passthrough_supply
502563,ct_eversource_non-hp_base_percustomer_passthrough_supply
517891,ct_eversource_non-hp_base_percustomer_passthrough_supply
519174,ct_eversource_non-hp_base_percustomer_passthrough_supply
543479,ct_eversource_non-hp_base_percustomer_passthrough_supply
549414,ct_eversource_non-hp_base_percustomer_passthrough_supply
23403,ct_eversource_non-hp_base_percustomer_passthrough_supply
35861,ct_eversource_non-hp_base_percustomer_passthrough_supply
370969,ct_eversource_non-hp_base_percustomer_passthrough_supply
101183,ct_eversource_non-hp_base_percustomer_passthrough_supply
118209,ct_eversource_non-hp_base_percustomer_passthrough_supply
201522,ct_eversource_non-hp_base_percustomer_passthrough_supply
364547,ct_eversource_non-hp_base_percustomer_passthrough_supply
191502,ct_eversource_non-hp_base_percustomer_passthrough_supply
290636,ct_eversource_non-hp_base_percustomer_passthrough_supply
183174,ct_eversource_non-hp_base_percustomer_passthrough_supply
202643,ct_eversource_non-hp_base_percustomer_passthrough_supply
249761,ct_eversource_hp_flat_percustomer_passthrough_supply
184229,ct_eversource_non-hp_base_percustomer_passthrough_supply
206529,ct_eversource_non-hp_base_percustomer_passthrough_supply
386008,ct_eversource_non-hp_base_percustomer_passthrough_supply
289326,ct_eversource_non-hp_base_percustomer_passthrough_supply
339777,ct_eversource_non-hp_base_percustomer_passthrough_supply
335414,ct_eversource_non-hp_base_percustomer_passthrough_supply
354479,ct_eversource_non-hp_base_percustomer_passthrough_supply
392625,ct_eversource_non-hp_base_percustomer_passthrough_supply
412719,ct_eversource_non-hp_base_percustomer_passthrough_supply
417128,ct_eversource_non-hp_base_percustomer_passthrough_supply
419331,ct_eversource_non-hp_base_percustomer_passthrough_supply
422218,ct_eversource_non-hp_base_percustomer_passthrough_supply
423839,ct_eversource_non-hp_base_percustomer_passthrough_supply
424163,ct_eversource_non-hp_base_percustomer_passthrough_supply
429606,ct_eversource_non-hp_base_percustomer_passthrough_supply
436622,ct_eversource_non-hp_base_percustomer_passthrough_supply
441434,ct_eversource_non-hp_base_percustomer_passthrough_supply
442203,ct_eversource_non-hp_base_percustomer_passthrough_supply
451605,ct_eversource_non-hp_base_percustomer_passthrough_supply
459901,ct_eversource_non-hp_base_percustomer_passthrough_supply
467685,ct_eversource_non-hp_base_percustomer_passthrough_supply
485585,ct_eversource_non-hp_base_percustomer_passthrough_supply
500080,ct_eversource_non-hp_base_percustomer_passthrough_supply
526202,ct_eversource_non-hp_base_percustomer_passthrough_supply
528920,ct_eversource_hp_flat_percustomer_passthrough_supply
536169,ct_eversource_non-hp_base_percustomer_passthrough_supply
542991,ct_eversource_non-hp_base_percustomer_passthrough_supply
200,ct_eversource_non-hp_base_percustomer_passthrough_supply
2701,ct_eversource_non-hp_base_percustomer_passthrough_supply
7290,ct_eversource_non-hp_base_percustomer_passthrough_supply
15574,ct_eversource_non-hp_base_percustomer_passthrough_supply
16129,ct_eversource_non-hp_base_percustomer_passthrough_supply
27385,ct_eversource_hp_flat_percustomer_passthrough_supply
31168,ct_eversource_non-hp_base_percustomer_passthrough_supply
33335,ct_eversource_hp_flat_percustomer_passthrough_supply
34449,ct_eversource_non-hp_base_percustomer_passthrough_supply
37993,ct_eversource_non-hp_base_percustomer_passthrough_supply
43585,ct_eversource_non-hp_base_percustomer_passthrough_supply
47532,ct_eversource_hp_flat_percustomer_passthrough_supply
50606,ct_eversource_non-hp_base_percustomer_passthrough_supply
50936,ct_eversource_non-hp_base_percustomer_passthrough_supply
57750,ct_eversource_non-hp_base_percustomer_passthrough_supply
58688,ct_eversource_non-hp_base_percustomer_passthrough_supply
63562,ct_eversource_non-hp_base_percustomer_passthrough_supply
63735,ct_eversource_non-hp_base_percustomer_passthrough_supply
69340,ct_eversource_non-hp_base_percustomer_passthrough_supply
69843,ct_eversource_non-hp_base_percustomer_passthrough_supply
74332,ct_eversource_non-hp_base_percustomer_passthrough_supply
82338,ct_eversource_non-hp_base_percustomer_passthrough_supply
82999,ct_eversource_non-hp_base_percustomer_passthrough_supply
83837,ct_eversource_non-hp_base_percustomer_passthrough_supply
96220,ct_eversource_non-hp_base_percustomer_passthrough_supply
97893,ct_eversource_non-hp_base_percustomer_passthrough_supply
101832,ct_eversource_non-hp_base_percustomer_passthrough_supply
103990,ct_eversource_non-hp_base_percustomer_passthrough_supply
106304,ct_eversource_non-hp_base_percustomer_passthrough_supply
107184,ct_eversource_non-hp_base_percustomer_passthrough_supply
109583,ct_eversource_non-hp_base_percustomer_passthrough_supply
111861,ct_eversource_non-hp_base_percustomer_passthrough_supply
113670,ct_eversource_non-hp_base_percustomer_passthrough_supply
113798,ct_eversource_non-hp_base_percustomer_passthrough_supply
121534,ct_eversource_non-hp_base_percustomer_passthrough_supply
125933,ct_eversource_non-hp_base_percustomer_passthrough_supply
138250,ct_eversource_non-hp_base_percustomer_passthrough_supply
206613,ct_eversource_non-hp_base_percustomer_passthrough_supply
340556,ct_eversource_non-hp_base_percustomer_passthrough_supply
257534,ct_eversource_non-hp_base_percustomer_passthrough_supply
330826,ct_eversource_non-hp_base_percustomer_passthrough_supply
223749,ct_eversource_non-hp_base_percustomer_passthrough_supply
273771,ct_eversource_non-hp_base_percustomer_passthrough_supply
360373,ct_eversource_non-hp_base_percustomer_passthrough_supply
146459,ct_eversource_non-hp_base_percustomer_passthrough_supply
255250,ct_eversource_non-hp_base_percustomer_passthrough_supply
378659,ct_eversource_non-hp_base_percustomer_passthrough_supply
167583,ct_eversource_non-hp_base_percustomer_passthrough_supply
157844,ct_eversource_non-hp_base_percustomer_passthrough_supply
202633,ct_eversource_non-hp_base_percustomer_passthrough_supply
368774,ct_eversource_non-hp_base_percustomer_passthrough_supply
312228,ct_eversource_non-hp_base_percustomer_passthrough_supply
203226,ct_eversource_non-hp_base_percustomer_passthrough_supply
152443,ct_eversource_non-hp_base_percustomer_passthrough_supply
176430,ct_eversource_non-hp_base_percustomer_passthrough_supply
370840,ct_eversource_non-hp_base_percustomer_passthrough_supply
360828,ct_eversource_hp_flat_percustomer_passthrough_supply
153381,ct_eversource_non-hp_base_percustomer_passthrough_supply
155773,ct_eversource_non-hp_base_percustomer_passthrough_supply
164086,ct_eversource_non-hp_base_percustomer_passthrough_supply
181138,ct_eversource_non-hp_base_percustomer_passthrough_supply
186642,ct_eversource_non-hp_base_percustomer_passthrough_supply
204637,ct_eversource_non-hp_base_percustomer_passthrough_supply
205970,ct_eversource_non-hp_base_percustomer_passthrough_supply
211338,ct_eversource_non-hp_base_percustomer_passthrough_supply
212165,ct_eversource_non-hp_base_percustomer_passthrough_supply
222293,ct_eversource_non-hp_base_percustomer_passthrough_supply
240029,ct_eversource_non-hp_base_percustomer_passthrough_supply
255906,ct_eversource_non-hp_base_percustomer_passthrough_supply
263666,ct_eversource_non-hp_base_percustomer_passthrough_supply
263907,ct_eversource_non-hp_base_percustomer_passthrough_supply
268941,ct_eversource_non-hp_base_percustomer_passthrough_supply
380175,ct_eversource_non-hp_base_percustomer_passthrough_supply
285569,ct_eversource_non-hp_base_percustomer_passthrough_supply
317444,ct_eversource_non-hp_base_percustomer_passthrough_supply
393300,ct_eversource_non-hp_base_percustomer_passthrough_supply
320682,ct_eversource_non-hp_base_percustomer_passthrough_supply
370530,ct_eversource_non-hp_base_percustomer_passthrough_supply
313092,ct_eversource_non-hp_base_percustomer_passthrough_supply
408535,ct_eversource_non-hp_base_percustomer_passthrough_supply
285671,ct_eversource_non-hp_base_percustomer_passthrough_supply
296281,ct_eversource_non-hp_base_percustomer_passthrough_supply
304860,ct_eversource_non-hp_base_percustomer_passthrough_supply
304933,ct_eversource_non-hp_base_percustomer_passthrough_supply
311027,ct_eversource_non-hp_base_percustomer_passthrough_supply
313086,ct_eversource_non-hp_base_percustomer_passthrough_supply
324201,ct_eversource_non-hp_base_percustomer_passthrough_supply
325265,ct_eversource_non-hp_base_percustomer_passthrough_supply
326629,ct_eversource_non-hp_base_percustomer_passthrough_supply
362911,ct_eversource_non-hp_base_percustomer_passthrough_supply
389179,ct_eversource_non-hp_base_percustomer_passthrough_supply
41871,ct_eversource_non-hp_base_percustomer_passthrough_supply
63319,ct_eversource_non-hp_base_percustomer_passthrough_supply
190755,ct_eversource_non-hp_base_percustomer_passthrough_supply
197242,ct_eversource_non-hp_base_percustomer_passthrough_supply
427703,ct_eversource_non-hp_base_percustomer_passthrough_supply
451447,ct_eversource_non-hp_base_percustomer_passthrough_supply
452463,ct_eversource_non-hp_base_percustomer_passthrough_supply
462583,ct_eversource_non-hp_base_percustomer_passthrough_supply
472477,ct_eversource_non-hp_base_percustomer_passthrough_supply
497784,ct_eversource_non-hp_base_percustomer_passthrough_supply
500559,ct_eversource_non-hp_base_percustomer_passthrough_supply
540903,ct_eversource_non-hp_base_percustomer_passthrough_supply
83064,ct_eversource_non-hp_base_percustomer_passthrough_supply
98649,ct_eversource_non-hp_base_percustomer_passthrough_supply
111347,ct_eversource_non-hp_base_percustomer_passthrough_supply
116381,ct_eversource_non-hp_base_percustomer_passthrough_supply
306142,ct_eversource_non-hp_base_percustomer_passthrough_supply
444682,ct_eversource_non-hp_base_percustomer_passthrough_supply
209806,ct_eversource_non-hp_base_percustomer_passthrough_supply
191444,ct_eversource_hp_flat_percustomer_passthrough_supply
190140,ct_eversource_non-hp_base_percustomer_passthrough_supply
190719,ct_eversource_non-hp_base_percustomer_passthrough_supply
320074,ct_eversource_non-hp_base_percustomer_passthrough_supply
168326,ct_eversource_non-hp_base_percustomer_passthrough_supply
250517,ct_eversource_non-hp_base_percustomer_passthrough_supply
258689,ct_eversource_non-hp_base_percustomer_passthrough_supply
259034,ct_eversource_non-hp_base_percustomer_passthrough_supply
3005,ct_eversource_non-hp_base_percustomer_passthrough_supply
111471,ct_eversource_non-hp_base_percustomer_passthrough_supply
16421,ct_eversource_non-hp_base_percustomer_passthrough_supply
97626,ct_eversource_non-hp_base_percustomer_passthrough_supply
135169,ct_eversource_non-hp_base_percustomer_passthrough_supply
481351,ct_eversource_non-hp_base_percustomer_passthrough_supply
124352,ct_eversource_hp_flat_percustomer_passthrough_supply
481237,ct_eversource_non-hp_base_percustomer_passthrough_supply
541287,ct_eversource_non-hp_base_percustomer_passthrough_supply
210753,ct_eversource_non-hp_base_percustomer_passthrough_supply
497371,ct_eversource_non-hp_base_percustomer_passthrough_supply
513898,ct_eversource_non-hp_base_percustomer_passthrough_supply
527640,ct_eversource_non-hp_base_percustomer_passthrough_supply
6355,ct_eversource_non-hp_base_percustomer_passthrough_supply
83250,ct_eversource_non-hp_base_percustomer_passthrough_supply
34254,ct_eversource_non-hp_base_percustomer_passthrough_supply
41275,ct_eversource_non-hp_base_percustomer_passthrough_supply
107885,ct_eversource_non-hp_base_percustomer_passthrough_supply
229772,ct_eversource_non-hp_base_percustomer_passthrough_supply
528292,ct_eversource_non-hp_base_percustomer_passthrough_supply
533884,ct_eversource_non-hp_base_percustomer_passthrough_supply
33334,ct_eversource_non-hp_base_percustomer_passthrough_supply
48334,ct_eversource_non-hp_base_percustomer_passthrough_supply
105152,ct_eversource_non-hp_base_percustomer_passthrough_supply
148882,ct_eversource_non-hp_base_percustomer_passthrough_supply
238549,ct_eversource_non-hp_base_percustomer_passthrough_supply
258719,ct_eversource_non-hp_base_percustomer_passthrough_supply
267940,ct_eversource_non-hp_base_percustomer_passthrough_supply
291638,ct_eversource_non-hp_base_percustomer_passthrough_supply
273685,ct_eversource_hp_flat_percustomer_passthrough_supply
496876,ct_eversource_non-hp_base_percustomer_passthrough_supply
252631,ct_eversource_non-hp_base_percustomer_passthrough_supply
339039,ct_eversource_non-hp_base_percustomer_passthrough_supply
537099,ct_eversource_non-hp_base_percustomer_passthrough_supply
444274,ct_eversource_non-hp_base_percustomer_passthrough_supply
485209,ct_eversource_non-hp_base_percustomer_passthrough_supply
4184,ct_eversource_non-hp_base_percustomer_passthrough_supply
19111,ct_eversource_non-hp_base_percustomer_passthrough_supply
389787,ct_eversource_non-hp_base_percustomer_passthrough_supply
201685,ct_eversource_non-hp_base_percustomer_passthrough_supply
250458,ct_eversource_non-hp_base_percustomer_passthrough_supply
27685,ct_eversource_non-hp_base_percustomer_passthrough_supply
378440,ct_eversource_non-hp_base_percustomer_passthrough_supply
280182,ct_eversource_non-hp_base_percustomer_passthrough_supply
422754,ct_eversource_non-hp_base_percustomer_passthrough_supply
435064,ct_eversource_non-hp_base_percustomer_passthrough_supply
445773,ct_eversource_non-hp_base_percustomer_passthrough_supply
455280,ct_eversource_non-hp_base_percustomer_passthrough_supply
471886,ct_eversource_non-hp_base_percustomer_passthrough_supply
481229,ct_eversource_non-hp_base_percustomer_passthrough_supply
486935,ct_eversource_non-hp_base_percustomer_passthrough_supply
487589,ct_eversource_non-hp_base_percustomer_passthrough_supply
508486,ct_eversource_non-hp_base_percustomer_passthrough_supply
519075,ct_eversource_non-hp_base_percustomer_passthrough_supply
525413,ct_eversource_non-hp_base_percustomer_passthrough_supply
286440,ct_eversource_non-hp_base_percustomer_passthrough_supply
174908,ct_eversource_non-hp_base_percustomer_passthrough_supply
211844,ct_eversource_non-hp_base_percustomer_passthrough_supply
11894,ct_eversource_non-hp_base_percustomer_passthrough_supply
106421,ct_eversource_non-hp_base_percustomer_passthrough_supply
118525,ct_eversource_non-hp_base_percustomer_passthrough_supply
236716,ct_eversource_non-hp_base_percustomer_passthrough_supply
354115,ct_eversource_non-hp_base_percustomer_passthrough_supply
22842,ct_eversource_non-hp_base_percustomer_passthrough_supply
59236,ct_eversource_non-hp_base_percustomer_passthrough_supply
65617,ct_eversource_non-hp_base_percustomer_passthrough_supply
151079,ct_eversource_non-hp_base_percustomer_passthrough_supply
217492,ct_eversource_non-hp_base_percustomer_passthrough_supply
229325,ct_eversource_non-hp_base_percustomer_passthrough_supply
236225,ct_eversource_non-hp_base_percustomer_passthrough_supply
401111,ct_eversource_non-hp_base_percustomer_passthrough_supply
286287,ct_eversource_non-hp_base_percustomer_passthrough_supply
142742,ct_eversource_non-hp_base_percustomer_passthrough_supply
211994,ct_eversource_non-hp_base_percustomer_passthrough_supply
233555,ct_eversource_non-hp_base_percustomer_passthrough_supply
289754,ct_eversource_non-hp_base_percustomer_passthrough_supply
413621,ct_eversource_non-hp_base_percustomer_passthrough_supply
415266,ct_eversource_non-hp_base_percustomer_passthrough_supply
420246,ct_eversource_non-hp_base_percustomer_passthrough_supply
430754,ct_eversource_non-hp_base_percustomer_passthrough_supply
443848,ct_eversource_non-hp_base_percustomer_passthrough_supply
456103,ct_eversource_non-hp_base_percustomer_passthrough_supply
468052,ct_eversource_non-hp_base_percustomer_passthrough_supply
478720,ct_eversource_non-hp_base_percustomer_passthrough_supply
493423,ct_eversource_non-hp_base_percustomer_passthrough_supply
501205,ct_eversource_non-hp_base_percustomer_passthrough_supply
507856,ct_eversource_non-hp_base_percustomer_passthrough_supply
509773,ct_eversource_non-hp_base_percustomer_passthrough_supply
515205,ct_eversource_non-hp_base_percustomer_passthrough_supply
515768,ct_eversource_non-hp_base_percustomer_passthrough_supply
516626,ct_eversource_hp_flat_percustomer_passthrough_supply
516816,ct_eversource_non-hp_base_percustomer_passthrough_supply
517481,ct_eversource_non-hp_base_percustomer_passthrough_supply
517535,ct_eversource_hp_flat_percustomer_passthrough_supply
524903,ct_eversource_non-hp_base_percustomer_passthrough_supply
526273,ct_eversource_non-hp_base_percustomer_passthrough_supply
528149,ct_eversource_non-hp_base_percustomer_passthrough_supply
530718,ct_eversource_non-hp_base_percustomer_passthrough_supply
537354,ct_eversource_non-hp_base_percustomer_passthrough_supply
537612,ct_eversource_non-hp_base_percustomer_passthrough_supply
544805,ct_eversource_non-hp_base_percustomer_passthrough_supply
12274,ct_eversource_non-hp_base_percustomer_passthrough_supply
13358,ct_eversource_non-hp_base_percustomer_passthrough_supply
17497,ct_eversource_non-hp_base_percustomer_passthrough_supply
20293,ct_eversource_non-hp_base_percustomer_passthrough_supply
39292,ct_eversource_non-hp_base_percustomer_passthrough_supply
39627,ct_eversource_non-hp_base_percustomer_passthrough_supply
41654,ct_eversource_non-hp_base_percustomer_passthrough_supply
43096,ct_eversource_non-hp_base_percustomer_passthrough_supply
44270,ct_eversource_non-hp_base_percustomer_passthrough_supply
49861,ct_eversource_non-hp_base_percustomer_passthrough_supply
50065,ct_eversource_non-hp_base_percustomer_passthrough_supply
53416,ct_eversource_non-hp_base_percustomer_passthrough_supply
60301,ct_eversource_non-hp_base_percustomer_passthrough_supply
75614,ct_eversource_non-hp_base_percustomer_passthrough_supply
79518,ct_eversource_non-hp_base_percustomer_passthrough_supply
81661,ct_eversource_non-hp_base_percustomer_passthrough_supply
81912,ct_eversource_non-hp_base_percustomer_passthrough_supply
83229,ct_eversource_non-hp_base_percustomer_passthrough_supply
84959,ct_eversource_non-hp_base_percustomer_passthrough_supply
88080,ct_eversource_non-hp_base_percustomer_passthrough_supply
89983,ct_eversource_non-hp_base_percustomer_passthrough_supply
99142,ct_eversource_non-hp_base_percustomer_passthrough_supply
101749,ct_eversource_non-hp_base_percustomer_passthrough_supply
103275,ct_eversource_non-hp_base_percustomer_passthrough_supply
104498,ct_eversource_non-hp_base_percustomer_passthrough_supply
108154,ct_eversource_non-hp_base_percustomer_passthrough_supply
115750,ct_eversource_non-hp_base_percustomer_passthrough_supply
126273,ct_eversource_non-hp_base_percustomer_passthrough_supply
129812,ct_eversource_non-hp_base_percustomer_passthrough_supply
137674,ct_eversource_non-hp_base_percustomer_passthrough_supply
185328,ct_eversource_non-hp_base_percustomer_passthrough_supply
245285,ct_eversource_non-hp_base_percustomer_passthrough_supply
311754,ct_eversource_hp_flat_percustomer_passthrough_supply
341042,ct_eversource_non-hp_base_percustomer_passthrough_supply
351676,ct_eversource_hp_flat_percustomer_passthrough_supply
363886,ct_eversource_non-hp_base_percustomer_passthrough_supply
342412,ct_eversource_non-hp_base_percustomer_passthrough_supply
164598,ct_eversource_non-hp_base_percustomer_passthrough_supply
273834,ct_eversource_non-hp_base_percustomer_passthrough_supply
401767,ct_eversource_non-hp_base_percustomer_passthrough_supply
248813,ct_eversource_non-hp_base_percustomer_passthrough_supply
333274,ct_eversource_non-hp_base_percustomer_passthrough_supply
168337,ct_eversource_non-hp_base_percustomer_passthrough_supply
394093,ct_eversource_non-hp_base_percustomer_passthrough_supply
167821,ct_eversource_non-hp_base_percustomer_passthrough_supply
178154,ct_eversource_non-hp_base_percustomer_passthrough_supply
321102,ct_eversource_non-hp_base_percustomer_passthrough_supply
348722,ct_eversource_non-hp_base_percustomer_passthrough_supply
376346,ct_eversource_non-hp_base_percustomer_passthrough_supply
391602,ct_eversource_non-hp_base_percustomer_passthrough_supply
143634,ct_eversource_non-hp_base_percustomer_passthrough_supply
144435,ct_eversource_non-hp_base_percustomer_passthrough_supply
150839,ct_eversource_non-hp_base_percustomer_passthrough_supply
153049,ct_eversource_non-hp_base_percustomer_passthrough_supply
153291,ct_eversource_non-hp_base_percustomer_passthrough_supply
162080,ct_eversource_non-hp_base_percustomer_passthrough_supply
165585,ct_eversource_non-hp_base_percustomer_passthrough_supply
166362,ct_eversource_non-hp_base_percustomer_passthrough_supply
174054,ct_eversource_non-hp_base_percustomer_passthrough_supply
185384,ct_eversource_non-hp_base_percustomer_passthrough_supply
190543,ct_eversource_non-hp_base_percustomer_passthrough_supply
196662,ct_eversource_non-hp_base_percustomer_passthrough_supply
205835,ct_eversource_non-hp_base_percustomer_passthrough_supply
210755,ct_eversource_non-hp_base_percustomer_passthrough_supply
214795,ct_eversource_non-hp_base_percustomer_passthrough_supply
217893,ct_eversource_non-hp_base_percustomer_passthrough_supply
233838,ct_eversource_non-hp_base_percustomer_passthrough_supply
237919,ct_eversource_non-hp_base_percustomer_passthrough_supply
244250,ct_eversource_non-hp_base_percustomer_passthrough_supply
263100,ct_eversource_non-hp_base_percustomer_passthrough_supply
265493,ct_eversource_non-hp_base_percustomer_passthrough_supply
267238,ct_eversource_non-hp_base_percustomer_passthrough_supply
328947,ct_eversource_non-hp_base_percustomer_passthrough_supply
376960,ct_eversource_non-hp_base_percustomer_passthrough_supply
395471,ct_eversource_non-hp_base_percustomer_passthrough_supply
364523,ct_eversource_non-hp_base_percustomer_passthrough_supply
285879,ct_eversource_non-hp_base_percustomer_passthrough_supply
323764,ct_eversource_non-hp_base_percustomer_passthrough_supply
311915,ct_eversource_non-hp_base_percustomer_passthrough_supply
276084,ct_eversource_non-hp_base_percustomer_passthrough_supply
277101,ct_eversource_non-hp_base_percustomer_passthrough_supply
287089,ct_eversource_non-hp_base_percustomer_passthrough_supply
295438,ct_eversource_non-hp_base_percustomer_passthrough_supply
306482,ct_eversource_non-hp_base_percustomer_passthrough_supply
311729,ct_eversource_non-hp_base_percustomer_passthrough_supply
339085,ct_eversource_non-hp_base_percustomer_passthrough_supply
343663,ct_eversource_non-hp_base_percustomer_passthrough_supply
347101,ct_eversource_non-hp_base_percustomer_passthrough_supply
364122,ct_eversource_non-hp_base_percustomer_passthrough_supply
367759,ct_eversource_non-hp_base_percustomer_passthrough_supply
368310,ct_eversource_non-hp_base_percustomer_passthrough_supply
371649,ct_eversource_non-hp_base_percustomer_passthrough_supply
393355,ct_eversource_non-hp_base_percustomer_passthrough_supply
401641,ct_eversource_non-hp_base_percustomer_passthrough_supply
403554,ct_eversource_non-hp_base_percustomer_passthrough_supply
407449,ct_eversource_non-hp_base_percustomer_passthrough_supply
408812,ct_eversource_non-hp_base_percustomer_passthrough_supply
99558,ct_eversource_non-hp_base_percustomer_passthrough_supply
376553,ct_eversource_non-hp_base_percustomer_passthrough_supply
259211,ct_eversource_non-hp_base_percustomer_passthrough_supply
419677,ct_eversource_hp_flat_percustomer_passthrough_supply
459282,ct_eversource_non-hp_base_percustomer_passthrough_supply
464951,ct_eversource_non-hp_base_percustomer_passthrough_supply
467723,ct_eversource_non-hp_base_percustomer_passthrough_supply
273790,ct_eversource_non-hp_base_percustomer_passthrough_supply
462858,ct_eversource_non-hp_base_percustomer_passthrough_supply
482769,ct_eversource_non-hp_base_percustomer_passthrough_supply
509179,ct_eversource_non-hp_base_percustomer_passthrough_supply
530525,ct_eversource_non-hp_base_percustomer_passthrough_supply
548511,ct_eversource_non-hp_base_percustomer_passthrough_supply
74901,ct_eversource_non-hp_base_percustomer_passthrough_supply
86661,ct_eversource_non-hp_base_percustomer_passthrough_supply
115078,ct_eversource_non-hp_base_percustomer_passthrough_supply
129014,ct_eversource_non-hp_base_percustomer_passthrough_supply
379843,ct_eversource_non-hp_base_percustomer_passthrough_supply
305571,ct_eversource_non-hp_base_percustomer_passthrough_supply
407848,ct_eversource_non-hp_base_percustomer_passthrough_supply
149090,ct_eversource_hp_flat_percustomer_passthrough_supply
225818,ct_eversource_non-hp_base_percustomer_passthrough_supply
223628,ct_eversource_non-hp_base_percustomer_passthrough_supply
369753,ct_eversource_non-hp_base_percustomer_passthrough_supply
214815,ct_eversource_non-hp_base_percustomer_passthrough_supply
389503,ct_eversource_non-hp_base_percustomer_passthrough_supply
307812,ct_eversource_non-hp_base_percustomer_passthrough_supply
442187,ct_eversource_non-hp_base_percustomer_passthrough_supply
255106,ct_eversource_non-hp_base_percustomer_passthrough_supply
266533,ct_eversource_non-hp_base_percustomer_passthrough_supply
530807,ct_eversource_non-hp_base_percustomer_passthrough_supply
392987,ct_eversource_non-hp_base_percustomer_passthrough_supply
29960,ct_eversource_non-hp_base_percustomer_passthrough_supply
119339,ct_eversource_hp_flat_percustomer_passthrough_supply
49252,ct_eversource_non-hp_base_percustomer_passthrough_supply
56732,ct_eversource_non-hp_base_percustomer_passthrough_supply
258575,ct_eversource_non-hp_base_percustomer_passthrough_supply
142465,ct_eversource_non-hp_base_percustomer_passthrough_supply
262661,ct_eversource_non-hp_base_percustomer_passthrough_supply
538036,ct_eversource_non-hp_base_percustomer_passthrough_supply
176963,ct_eversource_non-hp_base_percustomer_passthrough_supply
244554,ct_eversource_non-hp_base_percustomer_passthrough_supply
351703,ct_eversource_non-hp_base_percustomer_passthrough_supply
225669,ct_eversource_non-hp_base_percustomer_passthrough_supply
506937,ct_eversource_non-hp_base_percustomer_passthrough_supply
219782,ct_eversource_non-hp_base_percustomer_passthrough_supply
30835,ct_eversource_non-hp_base_percustomer_passthrough_supply
97983,ct_eversource_non-hp_base_percustomer_passthrough_supply
38654,ct_eversource_non-hp_base_percustomer_passthrough_supply
220710,ct_eversource_non-hp_base_percustomer_passthrough_supply
241531,ct_eversource_non-hp_base_percustomer_passthrough_supply
421032,ct_eversource_non-hp_base_percustomer_passthrough_supply
429335,ct_eversource_non-hp_base_percustomer_passthrough_supply
436888,ct_eversource_non-hp_base_percustomer_passthrough_supply
451538,ct_eversource_non-hp_base_percustomer_passthrough_supply
467782,ct_eversource_non-hp_base_percustomer_passthrough_supply
471273,ct_eversource_non-hp_base_percustomer_passthrough_supply
472076,ct_eversource_non-hp_base_percustomer_passthrough_supply
487725,ct_eversource_non-hp_base_percustomer_passthrough_supply
521478,ct_eversource_non-hp_base_percustomer_passthrough_supply
522279,ct_eversource_non-hp_base_percustomer_passthrough_supply
391901,ct_eversource_non-hp_base_percustomer_passthrough_supply
193621,ct_eversource_non-hp_base_percustomer_passthrough_supply
239646,ct_eversource_non-hp_base_percustomer_passthrough_supply
194587,ct_eversource_non-hp_base_percustomer_passthrough_supply
273757,ct_eversource_non-hp_base_percustomer_passthrough_supply
324957,ct_eversource_non-hp_base_percustomer_passthrough_supply
140041,ct_eversource_non-hp_base_percustomer_passthrough_supply
167366,ct_eversource_non-hp_base_percustomer_passthrough_supply
146340,ct_eversource_non-hp_base_percustomer_passthrough_supply
155155,ct_eversource_non-hp_base_percustomer_passthrough_supply
18537,ct_eversource_non-hp_base_percustomer_passthrough_supply
72930,ct_eversource_non-hp_base_percustomer_passthrough_supply
77215,ct_eversource_non-hp_base_percustomer_passthrough_supply
129035,ct_eversource_non-hp_base_percustomer_passthrough_supply
197924,ct_eversource_non-hp_base_percustomer_passthrough_supply
202735,ct_eversource_non-hp_base_percustomer_passthrough_supply
165797,ct_eversource_non-hp_base_percustomer_passthrough_supply
160369,ct_eversource_non-hp_base_percustomer_passthrough_supply
156423,ct_eversource_non-hp_base_percustomer_passthrough_supply
184311,ct_eversource_non-hp_base_percustomer_passthrough_supply
224901,ct_eversource_non-hp_base_percustomer_passthrough_supply
202614,ct_eversource_non-hp_base_percustomer_passthrough_supply
251027,ct_eversource_non-hp_base_percustomer_passthrough_supply
331581,ct_eversource_non-hp_base_percustomer_passthrough_supply
291808,ct_eversource_non-hp_base_percustomer_passthrough_supply
164847,ct_eversource_non-hp_base_percustomer_passthrough_supply
184904,ct_eversource_non-hp_base_percustomer_passthrough_supply
321529,ct_eversource_non-hp_base_percustomer_passthrough_supply
283240,ct_eversource_non-hp_base_percustomer_passthrough_supply
414703,ct_eversource_non-hp_base_percustomer_passthrough_supply
419207,ct_eversource_hp_flat_percustomer_passthrough_supply
425521,ct_eversource_non-hp_base_percustomer_passthrough_supply
427101,ct_eversource_non-hp_base_percustomer_passthrough_supply
434410,ct_eversource_non-hp_base_percustomer_passthrough_supply
448734,ct_eversource_non-hp_base_percustomer_passthrough_supply
449166,ct_eversource_non-hp_base_percustomer_passthrough_supply
452740,ct_eversource_non-hp_base_percustomer_passthrough_supply
458233,ct_eversource_non-hp_base_percustomer_passthrough_supply
464679,ct_eversource_non-hp_base_percustomer_passthrough_supply
470584,ct_eversource_non-hp_base_percustomer_passthrough_supply
470663,ct_eversource_non-hp_base_percustomer_passthrough_supply
480676,ct_eversource_non-hp_base_percustomer_passthrough_supply
484832,ct_eversource_non-hp_base_percustomer_passthrough_supply
488252,ct_eversource_hp_flat_percustomer_passthrough_supply
488676,ct_eversource_non-hp_base_percustomer_passthrough_supply
488744,ct_eversource_non-hp_base_percustomer_passthrough_supply
507910,ct_eversource_non-hp_base_percustomer_passthrough_supply
510197,ct_eversource_non-hp_base_percustomer_passthrough_supply
511480,ct_eversource_non-hp_base_percustomer_passthrough_supply
514569,ct_eversource_non-hp_base_percustomer_passthrough_supply
515124,ct_eversource_non-hp_base_percustomer_passthrough_supply
518965,ct_eversource_non-hp_base_percustomer_passthrough_supply
520689,ct_eversource_non-hp_base_percustomer_passthrough_supply
526835,ct_eversource_non-hp_base_percustomer_passthrough_supply
543144,ct_eversource_non-hp_base_percustomer_passthrough_supply
547969,ct_eversource_non-hp_base_percustomer_passthrough_supply
106008,ct_eversource_non-hp_base_percustomer_passthrough_supply
1745,ct_eversource_non-hp_base_percustomer_passthrough_supply
5294,ct_eversource_non-hp_base_percustomer_passthrough_supply
17722,ct_eversource_hp_flat_percustomer_passthrough_supply
18791,ct_eversource_non-hp_base_percustomer_passthrough_supply
19349,ct_eversource_non-hp_base_percustomer_passthrough_supply
24243,ct_eversource_non-hp_base_percustomer_passthrough_supply
33151,ct_eversource_non-hp_base_percustomer_passthrough_supply
40355,ct_eversource_non-hp_base_percustomer_passthrough_supply
46946,ct_eversource_non-hp_base_percustomer_passthrough_supply
53756,ct_eversource_non-hp_base_percustomer_passthrough_supply
59067,ct_eversource_non-hp_base_percustomer_passthrough_supply
59367,ct_eversource_non-hp_base_percustomer_passthrough_supply
60986,ct_eversource_non-hp_base_percustomer_passthrough_supply
63124,ct_eversource_non-hp_base_percustomer_passthrough_supply
63338,ct_eversource_non-hp_base_percustomer_passthrough_supply
64995,ct_eversource_non-hp_base_percustomer_passthrough_supply
65340,ct_eversource_non-hp_base_percustomer_passthrough_supply
65684,ct_eversource_non-hp_base_percustomer_passthrough_supply
72973,ct_eversource_non-hp_base_percustomer_passthrough_supply
73452,ct_eversource_non-hp_base_percustomer_passthrough_supply
78197,ct_eversource_non-hp_base_percustomer_passthrough_supply
79425,ct_eversource_non-hp_base_percustomer_passthrough_supply
81765,ct_eversource_non-hp_base_percustomer_passthrough_supply
87814,ct_eversource_non-hp_base_percustomer_passthrough_supply
98993,ct_eversource_non-hp_base_percustomer_passthrough_supply
100957,ct_eversource_non-hp_base_percustomer_passthrough_supply
111993,ct_eversource_non-hp_base_percustomer_passthrough_supply
119723,ct_eversource_non-hp_base_percustomer_passthrough_supply
121069,ct_eversource_non-hp_base_percustomer_passthrough_supply
122130,ct_eversource_non-hp_base_percustomer_passthrough_supply
287978,ct_eversource_non-hp_base_percustomer_passthrough_supply
319862,ct_eversource_non-hp_base_percustomer_passthrough_supply
148380,ct_eversource_non-hp_base_percustomer_passthrough_supply
233579,ct_eversource_non-hp_base_percustomer_passthrough_supply
240534,ct_eversource_non-hp_base_percustomer_passthrough_supply
322691,ct_eversource_non-hp_base_percustomer_passthrough_supply
346190,ct_eversource_non-hp_base_percustomer_passthrough_supply
404287,ct_eversource_non-hp_base_percustomer_passthrough_supply
407385,ct_eversource_non-hp_base_percustomer_passthrough_supply
255969,ct_eversource_non-hp_base_percustomer_passthrough_supply
229338,ct_eversource_non-hp_base_percustomer_passthrough_supply
311711,ct_eversource_non-hp_base_percustomer_passthrough_supply
245321,ct_eversource_non-hp_base_percustomer_passthrough_supply
184621,ct_eversource_non-hp_base_percustomer_passthrough_supply
364713,ct_eversource_non-hp_base_percustomer_passthrough_supply
279828,ct_eversource_non-hp_base_percustomer_passthrough_supply
172980,ct_eversource_non-hp_base_percustomer_passthrough_supply
342536,ct_eversource_non-hp_base_percustomer_passthrough_supply
374158,ct_eversource_non-hp_base_percustomer_passthrough_supply
310833,ct_eversource_non-hp_base_percustomer_passthrough_supply
354846,ct_eversource_non-hp_base_percustomer_passthrough_supply
269609,ct_eversource_non-hp_base_percustomer_passthrough_supply
140345,ct_eversource_non-hp_base_percustomer_passthrough_supply
143600,ct_eversource_non-hp_base_percustomer_passthrough_supply
146587,ct_eversource_non-hp_base_percustomer_passthrough_supply
152605,ct_eversource_non-hp_base_percustomer_passthrough_supply
155461,ct_eversource_non-hp_base_percustomer_passthrough_supply
159383,ct_eversource_non-hp_base_percustomer_passthrough_supply
172539,ct_eversource_non-hp_base_percustomer_passthrough_supply
183822,ct_eversource_non-hp_base_percustomer_passthrough_supply
184172,ct_eversource_non-hp_base_percustomer_passthrough_supply
193975,ct_eversource_non-hp_base_percustomer_passthrough_supply
201000,ct_eversource_non-hp_base_percustomer_passthrough_supply
205800,ct_eversource_non-hp_base_percustomer_passthrough_supply
208637,ct_eversource_non-hp_base_percustomer_passthrough_supply
218716,ct_eversource_non-hp_base_percustomer_passthrough_supply
225935,ct_eversource_non-hp_base_percustomer_passthrough_supply
227854,ct_eversource_non-hp_base_percustomer_passthrough_supply
230085,ct_eversource_non-hp_base_percustomer_passthrough_supply
230861,ct_eversource_non-hp_base_percustomer_passthrough_supply
234600,ct_eversource_non-hp_base_percustomer_passthrough_supply
242745,ct_eversource_non-hp_base_percustomer_passthrough_supply
247774,ct_eversource_non-hp_base_percustomer_passthrough_supply
250608,ct_eversource_non-hp_base_percustomer_passthrough_supply
257843,ct_eversource_non-hp_base_percustomer_passthrough_supply
258860,ct_eversource_non-hp_base_percustomer_passthrough_supply
266950,ct_eversource_non-hp_base_percustomer_passthrough_supply
314882,ct_eversource_non-hp_base_percustomer_passthrough_supply
290238,ct_eversource_non-hp_base_percustomer_passthrough_supply
371306,ct_eversource_non-hp_base_percustomer_passthrough_supply
408644,ct_eversource_non-hp_base_percustomer_passthrough_supply
355922,ct_eversource_non-hp_base_percustomer_passthrough_supply
387277,ct_eversource_non-hp_base_percustomer_passthrough_supply
311667,ct_eversource_non-hp_base_percustomer_passthrough_supply
386656,ct_eversource_non-hp_base_percustomer_passthrough_supply
296427,ct_eversource_non-hp_base_percustomer_passthrough_supply
298286,ct_eversource_hp_flat_percustomer_passthrough_supply
284251,ct_eversource_non-hp_base_percustomer_passthrough_supply
301616,ct_eversource_non-hp_base_percustomer_passthrough_supply
272195,ct_eversource_non-hp_base_percustomer_passthrough_supply
282431,ct_eversource_non-hp_base_percustomer_passthrough_supply
289684,ct_eversource_non-hp_base_percustomer_passthrough_supply
305372,ct_eversource_non-hp_base_percustomer_passthrough_supply
331622,ct_eversource_non-hp_base_percustomer_passthrough_supply
339367,ct_eversource_non-hp_base_percustomer_passthrough_supply
355590,ct_eversource_non-hp_base_percustomer_passthrough_supply
357592,ct_eversource_non-hp_base_percustomer_passthrough_supply
369473,ct_eversource_non-hp_base_percustomer_passthrough_supply
380642,ct_eversource_non-hp_base_percustomer_passthrough_supply
394835,ct_eversource_non-hp_base_percustomer_passthrough_supply
464296,ct_eversource_non-hp_base_percustomer_passthrough_supply
46808,ct_eversource_non-hp_base_percustomer_passthrough_supply
412450,ct_eversource_non-hp_base_percustomer_passthrough_supply
453817,ct_eversource_non-hp_base_percustomer_passthrough_supply
476274,ct_eversource_non-hp_base_percustomer_passthrough_supply
336034,ct_eversource_non-hp_base_percustomer_passthrough_supply
415402,ct_eversource_non-hp_base_percustomer_passthrough_supply
425160,ct_eversource_non-hp_base_percustomer_passthrough_supply
442875,ct_eversource_non-hp_base_percustomer_passthrough_supply
455178,ct_eversource_non-hp_base_percustomer_passthrough_supply
461736,ct_eversource_non-hp_base_percustomer_passthrough_supply
469054,ct_eversource_non-hp_base_percustomer_passthrough_supply
470466,ct_eversource_non-hp_base_percustomer_passthrough_supply
473602,ct_eversource_non-hp_base_percustomer_passthrough_supply
479042,ct_eversource_non-hp_base_percustomer_passthrough_supply
484509,ct_eversource_non-hp_base_percustomer_passthrough_supply
497136,ct_eversource_non-hp_base_percustomer_passthrough_supply
497812,ct_eversource_non-hp_base_percustomer_passthrough_supply
502652,ct_eversource_non-hp_base_percustomer_passthrough_supply
508808,ct_eversource_non-hp_base_percustomer_passthrough_supply
514774,ct_eversource_non-hp_base_percustomer_passthrough_supply
530449,ct_eversource_non-hp_base_percustomer_passthrough_supply
70022,ct_eversource_non-hp_base_percustomer_passthrough_supply
234060,ct_eversource_non-hp_base_percustomer_passthrough_supply
228782,ct_eversource_non-hp_base_percustomer_passthrough_supply
265109,ct_eversource_non-hp_base_percustomer_passthrough_supply
98518,ct_eversource_non-hp_base_percustomer_passthrough_supply
481376,ct_eversource_non-hp_base_percustomer_passthrough_supply
274091,ct_eversource_non-hp_base_percustomer_passthrough_supply
363266,ct_eversource_non-hp_base_percustomer_passthrough_supply
292528,ct_eversource_non-hp_base_percustomer_passthrough_supply
354209,ct_eversource_non-hp_base_percustomer_passthrough_supply
329145,ct_eversource_non-hp_base_percustomer_passthrough_supply
346111,ct_eversource_non-hp_base_percustomer_passthrough_supply
384401,ct_eversource_non-hp_base_percustomer_passthrough_supply
392054,ct_eversource_non-hp_base_percustomer_passthrough_supply
401487,ct_eversource_non-hp_base_percustomer_passthrough_supply
11074,ct_eversource_hp_flat_percustomer_passthrough_supply
65356,ct_eversource_non-hp_base_percustomer_passthrough_supply
68228,ct_eversource_non-hp_base_percustomer_passthrough_supply
5874,ct_eversource_non-hp_base_percustomer_passthrough_supply
53696,ct_eversource_non-hp_base_percustomer_passthrough_supply
295864,ct_eversource_non-hp_base_percustomer_passthrough_supply
315166,ct_eversource_non-hp_base_percustomer_passthrough_supply
395953,ct_eversource_non-hp_base_percustomer_passthrough_supply
396910,ct_eversource_non-hp_base_percustomer_passthrough_supply
493305,ct_eversource_non-hp_base_percustomer_passthrough_supply
146753,ct_eversource_non-hp_base_percustomer_passthrough_supply
323128,ct_eversource_non-hp_base_percustomer_passthrough_supply
452940,ct_eversource_non-hp_base_percustomer_passthrough_supply
459979,ct_eversource_non-hp_base_percustomer_passthrough_supply
522181,ct_eversource_non-hp_base_percustomer_passthrough_supply
452982,ct_eversource_non-hp_base_percustomer_passthrough_supply
455015,ct_eversource_non-hp_base_percustomer_passthrough_supply
463534,ct_eversource_hp_flat_percustomer_passthrough_supply
523182,ct_eversource_non-hp_base_percustomer_passthrough_supply
118415,ct_eversource_non-hp_base_percustomer_passthrough_supply
283387,ct_eversource_non-hp_base_percustomer_passthrough_supply
284537,ct_eversource_non-hp_base_percustomer_passthrough_supply
419298,ct_eversource_non-hp_base_percustomer_passthrough_supply
436129,ct_eversource_non-hp_base_percustomer_passthrough_supply
442632,ct_eversource_non-hp_base_percustomer_passthrough_supply
449060,ct_eversource_non-hp_base_percustomer_passthrough_supply
494791,ct_eversource_non-hp_base_percustomer_passthrough_supply
522371,ct_eversource_non-hp_base_percustomer_passthrough_supply
539784,ct_eversource_non-hp_base_percustomer_passthrough_supply
161530,ct_eversource_non-hp_base_percustomer_passthrough_supply
40503,ct_eversource_non-hp_base_percustomer_passthrough_supply
91412,ct_eversource_non-hp_base_percustomer_passthrough_supply
113786,ct_eversource_non-hp_base_percustomer_passthrough_supply
114982,ct_eversource_non-hp_base_percustomer_passthrough_supply
336113,ct_eversource_non-hp_base_percustomer_passthrough_supply
248229,ct_eversource_non-hp_base_percustomer_passthrough_supply
6735,ct_eversource_non-hp_base_percustomer_passthrough_supply
37084,ct_eversource_non-hp_base_percustomer_passthrough_supply
53172,ct_eversource_non-hp_base_percustomer_passthrough_supply
400567,ct_eversource_non-hp_base_percustomer_passthrough_supply
354690,ct_eversource_non-hp_base_percustomer_passthrough_supply
314540,ct_eversource_hp_flat_percustomer_passthrough_supply
214956,ct_eversource_non-hp_base_percustomer_passthrough_supply
229435,ct_eversource_non-hp_base_percustomer_passthrough_supply
400694,ct_eversource_non-hp_base_percustomer_passthrough_supply
417714,ct_eversource_non-hp_base_percustomer_passthrough_supply
425535,ct_eversource_non-hp_base_percustomer_passthrough_supply
430962,ct_eversource_non-hp_base_percustomer_passthrough_supply
436974,ct_eversource_non-hp_base_percustomer_passthrough_supply
448708,ct_eversource_non-hp_base_percustomer_passthrough_supply
449294,ct_eversource_non-hp_base_percustomer_passthrough_supply
459404,ct_eversource_non-hp_base_percustomer_passthrough_supply
463434,ct_eversource_non-hp_base_percustomer_passthrough_supply
469433,ct_eversource_non-hp_base_percustomer_passthrough_supply
475049,ct_eversource_non-hp_base_percustomer_passthrough_supply
475918,ct_eversource_non-hp_base_percustomer_passthrough_supply
481669,ct_eversource_non-hp_base_percustomer_passthrough_supply
481910,ct_eversource_non-hp_base_percustomer_passthrough_supply
487949,ct_eversource_non-hp_base_percustomer_passthrough_supply
488712,ct_eversource_non-hp_base_percustomer_passthrough_supply
499053,ct_eversource_non-hp_base_percustomer_passthrough_supply
505035,ct_eversource_non-hp_base_percustomer_passthrough_supply
510857,ct_eversource_non-hp_base_percustomer_passthrough_supply
517191,ct_eversource_non-hp_base_percustomer_passthrough_supply
519442,ct_eversource_non-hp_base_percustomer_passthrough_supply
529264,ct_eversource_non-hp_base_percustomer_passthrough_supply
534898,ct_eversource_non-hp_base_percustomer_passthrough_supply
543602,ct_eversource_non-hp_base_percustomer_passthrough_supply
546634,ct_eversource_non-hp_base_percustomer_passthrough_supply
547006,ct_eversource_non-hp_base_percustomer_passthrough_supply
211,ct_eversource_non-hp_base_percustomer_passthrough_supply
6936,ct_eversource_non-hp_base_percustomer_passthrough_supply
8404,ct_eversource_non-hp_base_percustomer_passthrough_supply
9068,ct_eversource_non-hp_base_percustomer_passthrough_supply
14391,ct_eversource_non-hp_base_percustomer_passthrough_supply
14448,ct_eversource_non-hp_base_percustomer_passthrough_supply
16458,ct_eversource_non-hp_base_percustomer_passthrough_supply
20399,ct_eversource_non-hp_base_percustomer_passthrough_supply
22898,ct_eversource_non-hp_base_percustomer_passthrough_supply
25471,ct_eversource_non-hp_base_percustomer_passthrough_supply
30845,ct_eversource_non-hp_base_percustomer_passthrough_supply
32152,ct_eversource_non-hp_base_percustomer_passthrough_supply
34968,ct_eversource_non-hp_base_percustomer_passthrough_supply
37601,ct_eversource_non-hp_base_percustomer_passthrough_supply
38032,ct_eversource_non-hp_base_percustomer_passthrough_supply
38824,ct_eversource_non-hp_base_percustomer_passthrough_supply
39862,ct_eversource_non-hp_base_percustomer_passthrough_supply
44562,ct_eversource_non-hp_base_percustomer_passthrough_supply
47418,ct_eversource_non-hp_base_percustomer_passthrough_supply
51039,ct_eversource_non-hp_base_percustomer_passthrough_supply
51406,ct_eversource_non-hp_base_percustomer_passthrough_supply
54262,ct_eversource_hp_flat_percustomer_passthrough_supply
56804,ct_eversource_hp_flat_percustomer_passthrough_supply
60169,ct_eversource_non-hp_base_percustomer_passthrough_supply
61608,ct_eversource_non-hp_base_percustomer_passthrough_supply
69535,ct_eversource_non-hp_base_percustomer_passthrough_supply
77811,ct_eversource_non-hp_base_percustomer_passthrough_supply
90122,ct_eversource_non-hp_base_percustomer_passthrough_supply
95477,ct_eversource_non-hp_base_percustomer_passthrough_supply
118062,ct_eversource_non-hp_base_percustomer_passthrough_supply
119363,ct_eversource_non-hp_base_percustomer_passthrough_supply
122033,ct_eversource_non-hp_base_percustomer_passthrough_supply
122421,ct_eversource_non-hp_base_percustomer_passthrough_supply
123755,ct_eversource_non-hp_base_percustomer_passthrough_supply
130871,ct_eversource_non-hp_base_percustomer_passthrough_supply
133083,ct_eversource_non-hp_base_percustomer_passthrough_supply
134233,ct_eversource_non-hp_base_percustomer_passthrough_supply
136565,ct_eversource_non-hp_base_percustomer_passthrough_supply
138474,ct_eversource_non-hp_base_percustomer_passthrough_supply
273593,ct_eversource_non-hp_base_percustomer_passthrough_supply
357001,ct_eversource_non-hp_base_percustomer_passthrough_supply
386668,ct_eversource_non-hp_base_percustomer_passthrough_supply
386773,ct_eversource_non-hp_base_percustomer_passthrough_supply
261304,ct_eversource_non-hp_base_percustomer_passthrough_supply
310594,ct_eversource_non-hp_base_percustomer_passthrough_supply
370922,ct_eversource_non-hp_base_percustomer_passthrough_supply
303466,ct_eversource_hp_flat_percustomer_passthrough_supply
158485,ct_eversource_non-hp_base_percustomer_passthrough_supply
197312,ct_eversource_non-hp_base_percustomer_passthrough_supply
202660,ct_eversource_non-hp_base_percustomer_passthrough_supply
220404,ct_eversource_non-hp_base_percustomer_passthrough_supply
322672,ct_eversource_non-hp_base_percustomer_passthrough_supply
375689,ct_eversource_non-hp_base_percustomer_passthrough_supply
276590,ct_eversource_non-hp_base_percustomer_passthrough_supply
141134,ct_eversource_non-hp_base_percustomer_passthrough_supply
143799,ct_eversource_non-hp_base_percustomer_passthrough_supply
149395,ct_eversource_hp_flat_percustomer_passthrough_supply
152727,ct_eversource_non-hp_base_percustomer_passthrough_supply
161628,ct_eversource_non-hp_base_percustomer_passthrough_supply
168762,ct_eversource_non-hp_base_percustomer_passthrough_supply
171651,ct_eversource_non-hp_base_percustomer_passthrough_supply
174214,ct_eversource_non-hp_base_percustomer_passthrough_supply
174599,ct_eversource_non-hp_base_percustomer_passthrough_supply
175401,ct_eversource_non-hp_base_percustomer_passthrough_supply
176751,ct_eversource_non-hp_base_percustomer_passthrough_supply
180424,ct_eversource_non-hp_base_percustomer_passthrough_supply
185451,ct_eversource_non-hp_base_percustomer_passthrough_supply
188598,ct_eversource_non-hp_base_percustomer_passthrough_supply
190271,ct_eversource_non-hp_base_percustomer_passthrough_supply
198362,ct_eversource_non-hp_base_percustomer_passthrough_supply
200185,ct_eversource_non-hp_base_percustomer_passthrough_supply
205877,ct_eversource_non-hp_base_percustomer_passthrough_supply
213429,ct_eversource_non-hp_base_percustomer_passthrough_supply
214847,ct_eversource_non-hp_base_percustomer_passthrough_supply
228832,ct_eversource_non-hp_base_percustomer_passthrough_supply
231877,ct_eversource_non-hp_base_percustomer_passthrough_supply
245307,ct_eversource_non-hp_base_percustomer_passthrough_supply
257399,ct_eversource_non-hp_base_percustomer_passthrough_supply
260715,ct_eversource_non-hp_base_percustomer_passthrough_supply
267057,ct_eversource_non-hp_base_percustomer_passthrough_supply
344988,ct_eversource_non-hp_base_percustomer_passthrough_supply
368492,ct_eversource_non-hp_base_percustomer_passthrough_supply
286644,ct_eversource_non-hp_base_percustomer_passthrough_supply
271401,ct_eversource_non-hp_base_percustomer_passthrough_supply
325787,ct_eversource_non-hp_base_percustomer_passthrough_supply
372736,ct_eversource_non-hp_base_percustomer_passthrough_supply
324963,ct_eversource_non-hp_base_percustomer_passthrough_supply
297944,ct_eversource_non-hp_base_percustomer_passthrough_supply
369876,ct_eversource_non-hp_base_percustomer_passthrough_supply
365114,ct_eversource_non-hp_base_percustomer_passthrough_supply
305199,ct_eversource_non-hp_base_percustomer_passthrough_supply
269531,ct_eversource_non-hp_base_percustomer_passthrough_supply
286777,ct_eversource_non-hp_base_percustomer_passthrough_supply
290674,ct_eversource_non-hp_base_percustomer_passthrough_supply
301257,ct_eversource_non-hp_base_percustomer_passthrough_supply
306251,ct_eversource_non-hp_base_percustomer_passthrough_supply
312859,ct_eversource_non-hp_base_percustomer_passthrough_supply
332638,ct_eversource_non-hp_base_percustomer_passthrough_supply
338813,ct_eversource_non-hp_base_percustomer_passthrough_supply
375349,ct_eversource_non-hp_base_percustomer_passthrough_supply
388469,ct_eversource_non-hp_base_percustomer_passthrough_supply
397389,ct_eversource_non-hp_base_percustomer_passthrough_supply
398310,ct_eversource_non-hp_base_percustomer_passthrough_supply
157101,ct_eversource_non-hp_base_percustomer_passthrough_supply
395341,ct_eversource_non-hp_base_percustomer_passthrough_supply
412909,ct_eversource_non-hp_base_percustomer_passthrough_supply
413311,ct_eversource_non-hp_base_percustomer_passthrough_supply
438432,ct_eversource_non-hp_base_percustomer_passthrough_supply
440365,ct_eversource_non-hp_base_percustomer_passthrough_supply
445274,ct_eversource_non-hp_base_percustomer_passthrough_supply
446641,ct_eversource_non-hp_base_percustomer_passthrough_supply
459199,ct_eversource_non-hp_base_percustomer_passthrough_supply
463648,ct_eversource_non-hp_base_percustomer_passthrough_supply
269197,ct_eversource_non-hp_base_percustomer_passthrough_supply
185278,ct_eversource_non-hp_base_percustomer_passthrough_supply
377552,ct_eversource_non-hp_base_percustomer_passthrough_supply
425742,ct_eversource_non-hp_base_percustomer_passthrough_supply
427401,ct_eversource_non-hp_base_percustomer_passthrough_supply
429509,ct_eversource_non-hp_base_percustomer_passthrough_supply
439139,ct_eversource_non-hp_base_percustomer_passthrough_supply
460731,ct_eversource_non-hp_base_percustomer_passthrough_supply
479582,ct_eversource_non-hp_base_percustomer_passthrough_supply
481276,ct_eversource_non-hp_base_percustomer_passthrough_supply
488241,ct_eversource_non-hp_base_percustomer_passthrough_supply
507540,ct_eversource_non-hp_base_percustomer_passthrough_supply
534455,ct_eversource_non-hp_base_percustomer_passthrough_supply
34990,ct_eversource_non-hp_base_percustomer_passthrough_supply
137427,ct_eversource_non-hp_base_percustomer_passthrough_supply
337336,ct_eversource_non-hp_base_percustomer_passthrough_supply
275965,ct_eversource_non-hp_base_percustomer_passthrough_supply
319249,ct_eversource_non-hp_base_percustomer_passthrough_supply
541302,ct_eversource_non-hp_base_percustomer_passthrough_supply
172274,ct_eversource_non-hp_base_percustomer_passthrough_supply
309826,ct_eversource_non-hp_base_percustomer_passthrough_supply
396968,ct_eversource_non-hp_base_percustomer_passthrough_supply
476228,ct_eversource_non-hp_base_percustomer_passthrough_supply
205028,ct_eversource_non-hp_base_percustomer_passthrough_supply
250429,ct_eversource_non-hp_base_percustomer_passthrough_supply
36388,ct_eversource_non-hp_base_percustomer_passthrough_supply
450335,ct_eversource_non-hp_base_percustomer_passthrough_supply
69066,ct_eversource_non-hp_base_percustomer_passthrough_supply
299903,ct_eversource_non-hp_base_percustomer_passthrough_supply
293390,ct_eversource_non-hp_base_percustomer_passthrough_supply
398073,ct_eversource_non-hp_base_percustomer_passthrough_supply
350167,ct_eversource_non-hp_base_percustomer_passthrough_supply
363309,ct_eversource_non-hp_base_percustomer_passthrough_supply
363626,ct_eversource_non-hp_base_percustomer_passthrough_supply
366781,ct_eversource_non-hp_base_percustomer_passthrough_supply
372128,ct_eversource_non-hp_base_percustomer_passthrough_supply
388184,ct_eversource_non-hp_base_percustomer_passthrough_supply
121510,ct_eversource_non-hp_base_percustomer_passthrough_supply
478694,ct_eversource_non-hp_base_percustomer_passthrough_supply
507859,ct_eversource_non-hp_base_percustomer_passthrough_supply
545195,ct_eversource_non-hp_base_percustomer_passthrough_supply
11356,ct_eversource_non-hp_base_percustomer_passthrough_supply
211818,ct_eversource_non-hp_base_percustomer_passthrough_supply
173168,ct_eversource_non-hp_base_percustomer_passthrough_supply
241308,ct_eversource_hp_flat_percustomer_passthrough_supply
40750,ct_eversource_non-hp_base_percustomer_passthrough_supply
74282,ct_eversource_non-hp_base_percustomer_passthrough_supply
117068,ct_eversource_non-hp_base_percustomer_passthrough_supply
132787,ct_eversource_non-hp_base_percustomer_passthrough_supply
236366,ct_eversource_non-hp_base_percustomer_passthrough_supply
298741,ct_eversource_non-hp_base_percustomer_passthrough_supply
309953,ct_eversource_non-hp_base_percustomer_passthrough_supply
157426,ct_eversource_non-hp_base_percustomer_passthrough_supply
66329,ct_eversource_non-hp_base_percustomer_passthrough_supply
55018,ct_eversource_non-hp_base_percustomer_passthrough_supply
199547,ct_eversource_non-hp_base_percustomer_passthrough_supply
304905,ct_eversource_non-hp_base_percustomer_passthrough_supply
288697,ct_eversource_non-hp_base_percustomer_passthrough_supply
306937,ct_eversource_non-hp_base_percustomer_passthrough_supply
418294,ct_eversource_non-hp_base_percustomer_passthrough_supply
473520,ct_eversource_non-hp_base_percustomer_passthrough_supply
373113,ct_eversource_non-hp_base_percustomer_passthrough_supply
247788,ct_eversource_non-hp_base_percustomer_passthrough_supply
228449,ct_eversource_non-hp_base_percustomer_passthrough_supply
420746,ct_eversource_non-hp_base_percustomer_passthrough_supply
426464,ct_eversource_non-hp_base_percustomer_passthrough_supply
437649,ct_eversource_non-hp_base_percustomer_passthrough_supply
449534,ct_eversource_non-hp_base_percustomer_passthrough_supply
470072,ct_eversource_non-hp_base_percustomer_passthrough_supply
493825,ct_eversource_non-hp_base_percustomer_passthrough_supply
497440,ct_eversource_hp_flat_percustomer_passthrough_supply
514832,ct_eversource_non-hp_base_percustomer_passthrough_supply
246844,ct_eversource_non-hp_base_percustomer_passthrough_supply
387964,ct_eversource_non-hp_base_percustomer_passthrough_supply
392065,ct_eversource_non-hp_base_percustomer_passthrough_supply
341761,ct_eversource_non-hp_base_percustomer_passthrough_supply
261878,ct_eversource_non-hp_base_percustomer_passthrough_supply
16426,ct_eversource_non-hp_base_percustomer_passthrough_supply
91120,ct_eversource_hp_flat_percustomer_passthrough_supply
198339,ct_eversource_non-hp_base_percustomer_passthrough_supply
211791,ct_eversource_non-hp_base_percustomer_passthrough_supply
2252,ct_eversource_non-hp_base_percustomer_passthrough_supply
3165,ct_eversource_non-hp_base_percustomer_passthrough_supply
93966,ct_eversource_non-hp_base_percustomer_passthrough_supply
94223,ct_eversource_non-hp_base_percustomer_passthrough_supply
145504,ct_eversource_non-hp_base_percustomer_passthrough_supply
209623,ct_eversource_non-hp_base_percustomer_passthrough_supply
208165,ct_eversource_non-hp_base_percustomer_passthrough_supply
229569,ct_eversource_non-hp_base_percustomer_passthrough_supply
327407,ct_eversource_non-hp_base_percustomer_passthrough_supply
182059,ct_eversource_non-hp_base_percustomer_passthrough_supply
208748,ct_eversource_non-hp_base_percustomer_passthrough_supply
380081,ct_eversource_non-hp_base_percustomer_passthrough_supply
338446,ct_eversource_non-hp_base_percustomer_passthrough_supply
344139,ct_eversource_non-hp_base_percustomer_passthrough_supply
365984,ct_eversource_non-hp_base_percustomer_passthrough_supply
318701,ct_eversource_non-hp_base_percustomer_passthrough_supply
427181,ct_eversource_non-hp_base_percustomer_passthrough_supply
427829,ct_eversource_non-hp_base_percustomer_passthrough_supply
428595,ct_eversource_non-hp_base_percustomer_passthrough_supply
429431,ct_eversource_hp_flat_percustomer_passthrough_supply
429563,ct_eversource_non-hp_base_percustomer_passthrough_supply
429946,ct_eversource_non-hp_base_percustomer_passthrough_supply
444253,ct_eversource_non-hp_base_percustomer_passthrough_supply
445350,ct_eversource_non-hp_base_percustomer_passthrough_supply
446844,ct_eversource_non-hp_base_percustomer_passthrough_supply
454389,ct_eversource_non-hp_base_percustomer_passthrough_supply
458348,ct_eversource_non-hp_base_percustomer_passthrough_supply
459811,ct_eversource_non-hp_base_percustomer_passthrough_supply
463508,ct_eversource_non-hp_base_percustomer_passthrough_supply
464606,ct_eversource_non-hp_base_percustomer_passthrough_supply
469143,ct_eversource_non-hp_base_percustomer_passthrough_supply
470503,ct_eversource_non-hp_base_percustomer_passthrough_supply
475824,ct_eversource_non-hp_base_percustomer_passthrough_supply
477725,ct_eversource_non-hp_base_percustomer_passthrough_supply
480217,ct_eversource_non-hp_base_percustomer_passthrough_supply
487658,ct_eversource_non-hp_base_percustomer_passthrough_supply
490807,ct_eversource_non-hp_base_percustomer_passthrough_supply
492711,ct_eversource_non-hp_base_percustomer_passthrough_supply
510706,ct_eversource_hp_flat_percustomer_passthrough_supply
519343,ct_eversource_non-hp_base_percustomer_passthrough_supply
523181,ct_eversource_non-hp_base_percustomer_passthrough_supply
526241,ct_eversource_non-hp_base_percustomer_passthrough_supply
528731,ct_eversource_non-hp_base_percustomer_passthrough_supply
535592,ct_eversource_non-hp_base_percustomer_passthrough_supply
539418,ct_eversource_non-hp_base_percustomer_passthrough_supply
546827,ct_eversource_non-hp_base_percustomer_passthrough_supply
548837,ct_eversource_non-hp_base_percustomer_passthrough_supply
8517,ct_eversource_non-hp_base_percustomer_passthrough_supply
12676,ct_eversource_non-hp_base_percustomer_passthrough_supply
13728,ct_eversource_non-hp_base_percustomer_passthrough_supply
15805,ct_eversource_non-hp_base_percustomer_passthrough_supply
17557,ct_eversource_non-hp_base_percustomer_passthrough_supply
27159,ct_eversource_non-hp_base_percustomer_passthrough_supply
28921,ct_eversource_non-hp_base_percustomer_passthrough_supply
36577,ct_eversource_non-hp_base_percustomer_passthrough_supply
41298,ct_eversource_non-hp_base_percustomer_passthrough_supply
55303,ct_eversource_non-hp_base_percustomer_passthrough_supply
56990,ct_eversource_non-hp_base_percustomer_passthrough_supply
57591,ct_eversource_non-hp_base_percustomer_passthrough_supply
62509,ct_eversource_non-hp_base_percustomer_passthrough_supply
65781,ct_eversource_non-hp_base_percustomer_passthrough_supply
74727,ct_eversource_non-hp_base_percustomer_passthrough_supply
90325,ct_eversource_non-hp_base_percustomer_passthrough_supply
92537,ct_eversource_non-hp_base_percustomer_passthrough_supply
103549,ct_eversource_hp_flat_percustomer_passthrough_supply
113716,ct_eversource_non-hp_base_percustomer_passthrough_supply
115641,ct_eversource_non-hp_base_percustomer_passthrough_supply
118333,ct_eversource_hp_flat_percustomer_passthrough_supply
121194,ct_eversource_non-hp_base_percustomer_passthrough_supply
123138,ct_eversource_non-hp_base_percustomer_passthrough_supply
123848,ct_eversource_non-hp_base_percustomer_passthrough_supply
127251,ct_eversource_non-hp_base_percustomer_passthrough_supply
127949,ct_eversource_hp_flat_percustomer_passthrough_supply
165236,ct_eversource_non-hp_base_percustomer_passthrough_supply
193990,ct_eversource_non-hp_base_percustomer_passthrough_supply
155186,ct_eversource_non-hp_base_percustomer_passthrough_supply
204289,ct_eversource_non-hp_base_percustomer_passthrough_supply
237722,ct_eversource_non-hp_base_percustomer_passthrough_supply
184030,ct_eversource_non-hp_base_percustomer_passthrough_supply
150302,ct_eversource_non-hp_base_percustomer_passthrough_supply
288872,ct_eversource_non-hp_base_percustomer_passthrough_supply
157228,ct_eversource_non-hp_base_percustomer_passthrough_supply
328669,ct_eversource_non-hp_base_percustomer_passthrough_supply
384475,ct_eversource_non-hp_base_percustomer_passthrough_supply
138918,ct_eversource_non-hp_base_percustomer_passthrough_supply
144417,ct_eversource_non-hp_base_percustomer_passthrough_supply
145419,ct_eversource_non-hp_base_percustomer_passthrough_supply
146454,ct_eversource_non-hp_base_percustomer_passthrough_supply
155445,ct_eversource_non-hp_base_percustomer_passthrough_supply
158351,ct_eversource_non-hp_base_percustomer_passthrough_supply
164767,ct_eversource_non-hp_base_percustomer_passthrough_supply
174828,ct_eversource_hp_flat_percustomer_passthrough_supply
178669,ct_eversource_non-hp_base_percustomer_passthrough_supply
179383,ct_eversource_non-hp_base_percustomer_passthrough_supply
185492,ct_eversource_non-hp_base_percustomer_passthrough_supply
186040,ct_eversource_non-hp_base_percustomer_passthrough_supply
186718,ct_eversource_non-hp_base_percustomer_passthrough_supply
187297,ct_eversource_non-hp_base_percustomer_passthrough_supply
188641,ct_eversource_non-hp_base_percustomer_passthrough_supply
190193,ct_eversource_non-hp_base_percustomer_passthrough_supply
193937,ct_eversource_non-hp_base_percustomer_passthrough_supply
200121,ct_eversource_non-hp_base_percustomer_passthrough_supply
200777,ct_eversource_non-hp_base_percustomer_passthrough_supply
204042,ct_eversource_non-hp_base_percustomer_passthrough_supply
208333,ct_eversource_non-hp_base_percustomer_passthrough_supply
208351,ct_eversource_non-hp_base_percustomer_passthrough_supply
208750,ct_eversource_non-hp_base_percustomer_passthrough_supply
210921,ct_eversource_non-hp_base_percustomer_passthrough_supply
212951,ct_eversource_non-hp_base_percustomer_passthrough_supply
214876,ct_eversource_non-hp_base_percustomer_passthrough_supply
226848,ct_eversource_non-hp_base_percustomer_passthrough_supply
237812,ct_eversource_non-hp_base_percustomer_passthrough_supply
239531,ct_eversource_non-hp_base_percustomer_passthrough_supply
260482,ct_eversource_non-hp_base_percustomer_passthrough_supply
263450,ct_eversource_non-hp_base_percustomer_passthrough_supply
408682,ct_eversource_non-hp_base_percustomer_passthrough_supply
382113,ct_eversource_non-hp_base_percustomer_passthrough_supply
387714,ct_eversource_non-hp_base_percustomer_passthrough_supply
392310,ct_eversource_non-hp_base_percustomer_passthrough_supply
341314,ct_eversource_non-hp_base_percustomer_passthrough_supply
323479,ct_eversource_non-hp_base_percustomer_passthrough_supply
370733,ct_eversource_non-hp_base_percustomer_passthrough_supply
345015,ct_eversource_non-hp_base_percustomer_passthrough_supply
281756,ct_eversource_non-hp_base_percustomer_passthrough_supply
311861,ct_eversource_non-hp_base_percustomer_passthrough_supply
273469,ct_eversource_non-hp_base_percustomer_passthrough_supply
277830,ct_eversource_non-hp_base_percustomer_passthrough_supply
301199,ct_eversource_non-hp_base_percustomer_passthrough_supply
355805,ct_eversource_non-hp_base_percustomer_passthrough_supply
372571,ct_eversource_hp_flat_percustomer_passthrough_supply
285665,ct_eversource_non-hp_base_percustomer_passthrough_supply
270275,ct_eversource_non-hp_base_percustomer_passthrough_supply
271241,ct_eversource_non-hp_base_percustomer_passthrough_supply
283431,ct_eversource_non-hp_base_percustomer_passthrough_supply
284076,ct_eversource_non-hp_base_percustomer_passthrough_supply
284408,ct_eversource_non-hp_base_percustomer_passthrough_supply
287245,ct_eversource_non-hp_base_percustomer_passthrough_supply
289514,ct_eversource_non-hp_base_percustomer_passthrough_supply
301538,ct_eversource_non-hp_base_percustomer_passthrough_supply
310619,ct_eversource_non-hp_base_percustomer_passthrough_supply
323431,ct_eversource_non-hp_base_percustomer_passthrough_supply
341216,ct_eversource_non-hp_base_percustomer_passthrough_supply
344355,ct_eversource_non-hp_base_percustomer_passthrough_supply
353972,ct_eversource_non-hp_base_percustomer_passthrough_supply
354610,ct_eversource_hp_flat_percustomer_passthrough_supply
359335,ct_eversource_non-hp_base_percustomer_passthrough_supply
371827,ct_eversource_non-hp_base_percustomer_passthrough_supply
398296,ct_eversource_non-hp_base_percustomer_passthrough_supply
398557,ct_eversource_non-hp_base_percustomer_passthrough_supply
399724,ct_eversource_non-hp_base_percustomer_passthrough_supply
166660,ct_eversource_non-hp_base_percustomer_passthrough_supply
531839,ct_eversource_non-hp_base_percustomer_passthrough_supply
406897,ct_eversource_non-hp_base_percustomer_passthrough_supply
468575,ct_eversource_non-hp_base_percustomer_passthrough_supply
506716,ct_eversource_non-hp_base_percustomer_passthrough_supply
517671,ct_eversource_non-hp_base_percustomer_passthrough_supply
518231,ct_eversource_non-hp_base_percustomer_passthrough_supply
542913,ct_eversource_non-hp_base_percustomer_passthrough_supply
76304,ct_eversource_non-hp_base_percustomer_passthrough_supply
129128,ct_eversource_non-hp_base_percustomer_passthrough_supply
135467,ct_eversource_non-hp_base_percustomer_passthrough_supply
526460,ct_eversource_non-hp_base_percustomer_passthrough_supply
495633,ct_eversource_non-hp_base_percustomer_passthrough_supply
417110,ct_eversource_non-hp_base_percustomer_passthrough_supply
364174,ct_eversource_non-hp_base_percustomer_passthrough_supply
175855,ct_eversource_non-hp_base_percustomer_passthrough_supply
391030,ct_eversource_non-hp_base_percustomer_passthrough_supply
308557,ct_eversource_non-hp_base_percustomer_passthrough_supply
308319,ct_eversource_non-hp_base_percustomer_passthrough_supply
235990,ct_eversource_non-hp_base_percustomer_passthrough_supply
238269,ct_eversource_non-hp_base_percustomer_passthrough_supply
314092,ct_eversource_non-hp_base_percustomer_passthrough_supply
364142,ct_eversource_non-hp_base_percustomer_passthrough_supply
349937,ct_eversource_non-hp_base_percustomer_passthrough_supply
444882,ct_eversource_non-hp_base_percustomer_passthrough_supply
236459,ct_eversource_non-hp_base_percustomer_passthrough_supply
471164,ct_eversource_non-hp_base_percustomer_passthrough_supply
330117,ct_eversource_non-hp_base_percustomer_passthrough_supply
424150,ct_eversource_non-hp_base_percustomer_passthrough_supply
464573,ct_eversource_non-hp_base_percustomer_passthrough_supply
470869,ct_eversource_non-hp_base_percustomer_passthrough_supply
496871,ct_eversource_hp_flat_percustomer_passthrough_supply
518108,ct_eversource_non-hp_base_percustomer_passthrough_supply
528278,ct_eversource_non-hp_base_percustomer_passthrough_supply
29861,ct_eversource_non-hp_base_percustomer_passthrough_supply
3541,ct_eversource_non-hp_base_percustomer_passthrough_supply
114199,ct_eversource_non-hp_base_percustomer_passthrough_supply
308857,ct_eversource_non-hp_base_percustomer_passthrough_supply
354854,ct_eversource_hp_flat_percustomer_passthrough_supply
462689,ct_eversource_non-hp_base_percustomer_passthrough_supply
518419,ct_eversource_non-hp_base_percustomer_passthrough_supply
530141,ct_eversource_non-hp_base_percustomer_passthrough_supply
168862,ct_eversource_non-hp_base_percustomer_passthrough_supply
213583,ct_eversource_non-hp_base_percustomer_passthrough_supply
162076,ct_eversource_non-hp_base_percustomer_passthrough_supply
459169,ct_eversource_non-hp_base_percustomer_passthrough_supply
484090,ct_eversource_non-hp_base_percustomer_passthrough_supply
534714,ct_eversource_non-hp_base_percustomer_passthrough_supply
27158,ct_eversource_non-hp_base_percustomer_passthrough_supply
82784,ct_eversource_non-hp_base_percustomer_passthrough_supply
86890,ct_eversource_non-hp_base_percustomer_passthrough_supply
320188,ct_eversource_non-hp_base_percustomer_passthrough_supply
350407,ct_eversource_non-hp_base_percustomer_passthrough_supply
149789,ct_eversource_non-hp_base_percustomer_passthrough_supply
523863,ct_eversource_non-hp_base_percustomer_passthrough_supply
335324,ct_eversource_non-hp_base_percustomer_passthrough_supply
399590,ct_eversource_non-hp_base_percustomer_passthrough_supply
341891,ct_eversource_non-hp_base_percustomer_passthrough_supply
261614,ct_eversource_non-hp_base_percustomer_passthrough_supply
56396,ct_eversource_non-hp_base_percustomer_passthrough_supply
153369,ct_eversource_non-hp_base_percustomer_passthrough_supply
523784,ct_eversource_non-hp_base_percustomer_passthrough_supply
172850,ct_eversource_non-hp_base_percustomer_passthrough_supply
409981,ct_eversource_non-hp_base_percustomer_passthrough_supply
484776,ct_eversource_non-hp_base_percustomer_passthrough_supply
533746,ct_eversource_non-hp_base_percustomer_passthrough_supply
309261,ct_eversource_non-hp_base_percustomer_passthrough_supply
274090,ct_eversource_non-hp_base_percustomer_passthrough_supply
152628,ct_eversource_non-hp_base_percustomer_passthrough_supply
201019,ct_eversource_non-hp_base_percustomer_passthrough_supply
394101,ct_eversource_non-hp_base_percustomer_passthrough_supply
415966,ct_eversource_non-hp_base_percustomer_passthrough_supply
422295,ct_eversource_hp_flat_percustomer_passthrough_supply
430722,ct_eversource_non-hp_base_percustomer_passthrough_supply
486721,ct_eversource_non-hp_base_percustomer_passthrough_supply
488257,ct_eversource_non-hp_base_percustomer_passthrough_supply
519591,ct_eversource_non-hp_base_percustomer_passthrough_supply
157501,ct_eversource_non-hp_base_percustomer_passthrough_supply
376742,ct_eversource_hp_flat_percustomer_passthrough_supply
297099,ct_eversource_non-hp_base_percustomer_passthrough_supply
283518,ct_eversource_non-hp_base_percustomer_passthrough_supply
391357,ct_eversource_non-hp_base_percustomer_passthrough_supply
2331,ct_eversource_non-hp_base_percustomer_passthrough_supply
25920,ct_eversource_non-hp_base_percustomer_passthrough_supply
28430,ct_eversource_non-hp_base_percustomer_passthrough_supply
72716,ct_eversource_non-hp_base_percustomer_passthrough_supply
133607,ct_eversource_non-hp_base_percustomer_passthrough_supply
233677,ct_eversource_non-hp_base_percustomer_passthrough_supply
321480,ct_eversource_non-hp_base_percustomer_passthrough_supply
370264,ct_eversource_non-hp_base_percustomer_passthrough_supply
390642,ct_eversource_non-hp_base_percustomer_passthrough_supply
288341,ct_eversource_non-hp_base_percustomer_passthrough_supply
406990,ct_eversource_non-hp_base_percustomer_passthrough_supply
354412,ct_eversource_non-hp_base_percustomer_passthrough_supply
310144,ct_eversource_non-hp_base_percustomer_passthrough_supply
334842,ct_eversource_non-hp_base_percustomer_passthrough_supply
422960,ct_eversource_non-hp_base_percustomer_passthrough_supply
424401,ct_eversource_non-hp_base_percustomer_passthrough_supply
425831,ct_eversource_non-hp_base_percustomer_passthrough_supply
431673,ct_eversource_non-hp_base_percustomer_passthrough_supply
433647,ct_eversource_non-hp_base_percustomer_passthrough_supply
436266,ct_eversource_non-hp_base_percustomer_passthrough_supply
441053,ct_eversource_non-hp_base_percustomer_passthrough_supply
450305,ct_eversource_non-hp_base_percustomer_passthrough_supply
453942,ct_eversource_non-hp_base_percustomer_passthrough_supply
454697,ct_eversource_non-hp_base_percustomer_passthrough_supply
459622,ct_eversource_non-hp_base_percustomer_passthrough_supply
466957,ct_eversource_non-hp_base_percustomer_passthrough_supply
469812,ct_eversource_non-hp_base_percustomer_passthrough_supply
470038,ct_eversource_non-hp_base_percustomer_passthrough_supply
470125,ct_eversource_non-hp_base_percustomer_passthrough_supply
471656,ct_eversource_non-hp_base_percustomer_passthrough_supply
478960,ct_eversource_non-hp_base_percustomer_passthrough_supply
487272,ct_eversource_non-hp_base_percustomer_passthrough_supply
489275,ct_eversource_non-hp_base_percustomer_passthrough_supply
489361,ct_eversource_non-hp_base_percustomer_passthrough_supply
491777,ct_eversource_non-hp_base_percustomer_passthrough_supply
494331,ct_eversource_non-hp_base_percustomer_passthrough_supply
501602,ct_eversource_non-hp_base_percustomer_passthrough_supply
515200,ct_eversource_non-hp_base_percustomer_passthrough_supply
515737,ct_eversource_non-hp_base_percustomer_passthrough_supply
521563,ct_eversource_non-hp_base_percustomer_passthrough_supply
529661,ct_eversource_non-hp_base_percustomer_passthrough_supply
544025,ct_eversource_non-hp_base_percustomer_passthrough_supply
1233,ct_eversource_non-hp_base_percustomer_passthrough_supply
4302,ct_eversource_non-hp_base_percustomer_passthrough_supply
10917,ct_eversource_non-hp_base_percustomer_passthrough_supply
11617,ct_eversource_non-hp_base_percustomer_passthrough_supply
15333,ct_eversource_non-hp_base_percustomer_passthrough_supply
15746,ct_eversource_non-hp_base_percustomer_passthrough_supply
16566,ct_eversource_non-hp_base_percustomer_passthrough_supply
17977,ct_eversource_non-hp_base_percustomer_passthrough_supply
27095,ct_eversource_non-hp_base_percustomer_passthrough_supply
27704,ct_eversource_non-hp_base_percustomer_passthrough_supply
35658,ct_eversource_non-hp_base_percustomer_passthrough_supply
44839,ct_eversource_non-hp_base_percustomer_passthrough_supply
46489,ct_eversource_non-hp_base_percustomer_passthrough_supply
50591,ct_eversource_non-hp_base_percustomer_passthrough_supply
50980,ct_eversource_non-hp_base_percustomer_passthrough_supply
59970,ct_eversource_non-hp_base_percustomer_passthrough_supply
69863,ct_eversource_non-hp_base_percustomer_passthrough_supply
69909,ct_eversource_non-hp_base_percustomer_passthrough_supply
74793,ct_eversource_non-hp_base_percustomer_passthrough_supply
78479,ct_eversource_non-hp_base_percustomer_passthrough_supply
78995,ct_eversource_non-hp_base_percustomer_passthrough_supply
86256,ct_eversource_non-hp_base_percustomer_passthrough_supply
87012,ct_eversource_non-hp_base_percustomer_passthrough_supply
95378,ct_eversource_non-hp_base_percustomer_passthrough_supply
95661,ct_eversource_non-hp_base_percustomer_passthrough_supply
96117,ct_eversource_non-hp_base_percustomer_passthrough_supply
96779,ct_eversource_non-hp_base_percustomer_passthrough_supply
98635,ct_eversource_hp_flat_percustomer_passthrough_supply
99040,ct_eversource_non-hp_base_percustomer_passthrough_supply
99258,ct_eversource_non-hp_base_percustomer_passthrough_supply
101537,ct_eversource_non-hp_base_percustomer_passthrough_supply
106708,ct_eversource_non-hp_base_percustomer_passthrough_supply
109033,ct_eversource_non-hp_base_percustomer_passthrough_supply
117094,ct_eversource_non-hp_base_percustomer_passthrough_supply
117949,ct_eversource_non-hp_base_percustomer_passthrough_supply
120819,ct_eversource_non-hp_base_percustomer_passthrough_supply
126710,ct_eversource_non-hp_base_percustomer_passthrough_supply
138525,ct_eversource_non-hp_base_percustomer_passthrough_supply
142334,ct_eversource_non-hp_base_percustomer_passthrough_supply
214704,ct_eversource_non-hp_base_percustomer_passthrough_supply
274040,ct_eversource_non-hp_base_percustomer_passthrough_supply
213975,ct_eversource_non-hp_base_percustomer_passthrough_supply
231918,ct_eversource_non-hp_base_percustomer_passthrough_supply
365579,ct_eversource_non-hp_base_percustomer_passthrough_supply
144938,ct_eversource_non-hp_base_percustomer_passthrough_supply
155495,ct_eversource_non-hp_base_percustomer_passthrough_supply
155788,ct_eversource_non-hp_base_percustomer_passthrough_supply
172565,ct_eversource_non-hp_base_percustomer_passthrough_supply
253841,ct_eversource_non-hp_base_percustomer_passthrough_supply
298079,ct_eversource_non-hp_base_percustomer_passthrough_supply
249989,ct_eversource_non-hp_base_percustomer_passthrough_supply
333328,ct_eversource_non-hp_base_percustomer_passthrough_supply
211866,ct_eversource_non-hp_base_percustomer_passthrough_supply
244706,ct_eversource_non-hp_base_percustomer_passthrough_supply
325273,ct_eversource_hp_flat_percustomer_passthrough_supply
142637,ct_eversource_non-hp_base_percustomer_passthrough_supply
143147,ct_eversource_non-hp_base_percustomer_passthrough_supply
164924,ct_eversource_non-hp_base_percustomer_passthrough_supply
167564,ct_eversource_non-hp_base_percustomer_passthrough_supply
168816,ct_eversource_non-hp_base_percustomer_passthrough_supply
177901,ct_eversource_non-hp_base_percustomer_passthrough_supply
180529,ct_eversource_non-hp_base_percustomer_passthrough_supply
183614,ct_eversource_non-hp_base_percustomer_passthrough_supply
184457,ct_eversource_non-hp_base_percustomer_passthrough_supply
189503,ct_eversource_non-hp_base_percustomer_passthrough_supply
202822,ct_eversource_non-hp_base_percustomer_passthrough_supply
207683,ct_eversource_non-hp_base_percustomer_passthrough_supply
212627,ct_eversource_non-hp_base_percustomer_passthrough_supply
221767,ct_eversource_non-hp_base_percustomer_passthrough_supply
235147,ct_eversource_non-hp_base_percustomer_passthrough_supply
240939,ct_eversource_non-hp_base_percustomer_passthrough_supply
242063,ct_eversource_non-hp_base_percustomer_passthrough_supply
390756,ct_eversource_non-hp_base_percustomer_passthrough_supply
310489,ct_eversource_non-hp_base_percustomer_passthrough_supply
407636,ct_eversource_non-hp_base_percustomer_passthrough_supply
344862,ct_eversource_non-hp_base_percustomer_passthrough_supply
350971,ct_eversource_non-hp_base_percustomer_passthrough_supply
356196,ct_eversource_non-hp_base_percustomer_passthrough_supply
302297,ct_eversource_non-hp_base_percustomer_passthrough_supply
298456,ct_eversource_non-hp_base_percustomer_passthrough_supply
300239,ct_eversource_non-hp_base_percustomer_passthrough_supply
311280,ct_eversource_non-hp_base_percustomer_passthrough_supply
313638,ct_eversource_non-hp_base_percustomer_passthrough_supply
321603,ct_eversource_non-hp_base_percustomer_passthrough_supply
327305,ct_eversource_non-hp_base_percustomer_passthrough_supply
328282,ct_eversource_non-hp_base_percustomer_passthrough_supply
328324,ct_eversource_non-hp_base_percustomer_passthrough_supply
342568,ct_eversource_non-hp_base_percustomer_passthrough_supply
367096,ct_eversource_non-hp_base_percustomer_passthrough_supply
379973,ct_eversource_non-hp_base_percustomer_passthrough_supply
398637,ct_eversource_non-hp_base_percustomer_passthrough_supply
480646,ct_eversource_non-hp_base_percustomer_passthrough_supply
493901,ct_eversource_non-hp_base_percustomer_passthrough_supply
532040,ct_eversource_non-hp_base_percustomer_passthrough_supply
538651,ct_eversource_non-hp_base_percustomer_passthrough_supply
541025,ct_eversource_non-hp_base_percustomer_passthrough_supply
73136,ct_eversource_non-hp_base_percustomer_passthrough_supply
79682,ct_eversource_non-hp_base_percustomer_passthrough_supply
82080,ct_eversource_non-hp_base_percustomer_passthrough_supply
113238,ct_eversource_non-hp_base_percustomer_passthrough_supply
118330,ct_eversource_non-hp_base_percustomer_passthrough_supply
131195,ct_eversource_non-hp_base_percustomer_passthrough_supply
421386,ct_eversource_non-hp_base_percustomer_passthrough_supply
452977,ct_eversource_non-hp_base_percustomer_passthrough_supply
202188,ct_eversource_non-hp_base_percustomer_passthrough_supply
253223,ct_eversource_non-hp_base_percustomer_passthrough_supply
254802,ct_eversource_non-hp_base_percustomer_passthrough_supply
420487,ct_eversource_non-hp_base_percustomer_passthrough_supply
183846,ct_eversource_non-hp_base_percustomer_passthrough_supply
376462,ct_eversource_non-hp_base_percustomer_passthrough_supply
417109,ct_eversource_non-hp_base_percustomer_passthrough_supply
518242,ct_eversource_non-hp_base_percustomer_passthrough_supply
283170,ct_eversource_non-hp_base_percustomer_passthrough_supply
153024,ct_eversource_non-hp_base_percustomer_passthrough_supply
281821,ct_eversource_non-hp_base_percustomer_passthrough_supply
161590,ct_eversource_non-hp_base_percustomer_passthrough_supply
260475,ct_eversource_non-hp_base_percustomer_passthrough_supply
311215,ct_eversource_non-hp_base_percustomer_passthrough_supply
233255,ct_eversource_non-hp_base_percustomer_passthrough_supply
344965,ct_eversource_non-hp_base_percustomer_passthrough_supply
23447,ct_eversource_non-hp_base_percustomer_passthrough_supply
471490,ct_eversource_non-hp_base_percustomer_passthrough_supply
322780,ct_eversource_non-hp_base_percustomer_passthrough_supply
348539,ct_eversource_non-hp_base_percustomer_passthrough_supply
387280,ct_eversource_non-hp_base_percustomer_passthrough_supply
217354,ct_eversource_non-hp_base_percustomer_passthrough_supply
529288,ct_eversource_hp_flat_percustomer_passthrough_supply
473004,ct_eversource_non-hp_base_percustomer_passthrough_supply
206973,ct_eversource_non-hp_base_percustomer_passthrough_supply
49344,ct_eversource_non-hp_base_percustomer_passthrough_supply
98063,ct_eversource_non-hp_base_percustomer_passthrough_supply
116537,ct_eversource_non-hp_base_percustomer_passthrough_supply
295621,ct_eversource_non-hp_base_percustomer_passthrough_supply
404670,ct_eversource_non-hp_base_percustomer_passthrough_supply
228897,ct_eversource_non-hp_base_percustomer_passthrough_supply
249700,ct_eversource_non-hp_base_percustomer_passthrough_supply
423805,ct_eversource_non-hp_base_percustomer_passthrough_supply
154267,ct_eversource_non-hp_base_percustomer_passthrough_supply
459393,ct_eversource_non-hp_base_percustomer_passthrough_supply
502931,ct_eversource_non-hp_base_percustomer_passthrough_supply
544118,ct_eversource_non-hp_base_percustomer_passthrough_supply
547131,ct_eversource_non-hp_base_percustomer_passthrough_supply
548050,ct_eversource_non-hp_base_percustomer_passthrough_supply
549750,ct_eversource_non-hp_base_percustomer_passthrough_supply
268734,ct_eversource_non-hp_base_percustomer_passthrough_supply
62666,ct_eversource_non-hp_base_percustomer_passthrough_supply
386536,ct_eversource_non-hp_base_percustomer_passthrough_supply
372478,ct_eversource_non-hp_base_percustomer_passthrough_supply
342450,ct_eversource_non-hp_base_percustomer_passthrough_supply
426731,ct_eversource_non-hp_base_percustomer_passthrough_supply
466938,ct_eversource_non-hp_base_percustomer_passthrough_supply
503666,ct_eversource_non-hp_base_percustomer_passthrough_supply
520508,ct_eversource_non-hp_base_percustomer_passthrough_supply
216023,ct_eversource_non-hp_base_percustomer_passthrough_supply
74440,ct_eversource_non-hp_base_percustomer_passthrough_supply
145855,ct_eversource_non-hp_base_percustomer_passthrough_supply
82869,ct_eversource_non-hp_base_percustomer_passthrough_supply
169101,ct_eversource_non-hp_base_percustomer_passthrough_supply
234372,ct_eversource_non-hp_base_percustomer_passthrough_supply
239802,ct_eversource_non-hp_base_percustomer_passthrough_supply
29081,ct_eversource_non-hp_base_percustomer_passthrough_supply
54730,ct_eversource_non-hp_base_percustomer_passthrough_supply
57388,ct_eversource_non-hp_base_percustomer_passthrough_supply
72177,ct_eversource_non-hp_base_percustomer_passthrough_supply
72463,ct_eversource_non-hp_base_percustomer_passthrough_supply
77453,ct_eversource_non-hp_base_percustomer_passthrough_supply
93000,ct_eversource_non-hp_base_percustomer_passthrough_supply
262171,ct_eversource_non-hp_base_percustomer_passthrough_supply
308858,ct_eversource_non-hp_base_percustomer_passthrough_supply
267742,ct_eversource_non-hp_base_percustomer_passthrough_supply
191091,ct_eversource_non-hp_base_percustomer_passthrough_supply
230905,ct_eversource_non-hp_base_percustomer_passthrough_supply
270211,ct_eversource_non-hp_base_percustomer_passthrough_supply
148789,ct_eversource_non-hp_base_percustomer_passthrough_supply
151858,ct_eversource_non-hp_base_percustomer_passthrough_supply
170897,ct_eversource_non-hp_base_percustomer_passthrough_supply
173953,ct_eversource_non-hp_base_percustomer_passthrough_supply
256628,ct_eversource_non-hp_base_percustomer_passthrough_supply
289769,ct_eversource_non-hp_base_percustomer_passthrough_supply
391612,ct_eversource_non-hp_base_percustomer_passthrough_supply
278304,ct_eversource_non-hp_base_percustomer_passthrough_supply
410466,ct_eversource_non-hp_base_percustomer_passthrough_supply
411577,ct_eversource_hp_flat_percustomer_passthrough_supply
422044,ct_eversource_non-hp_base_percustomer_passthrough_supply
423330,ct_eversource_non-hp_base_percustomer_passthrough_supply
424572,ct_eversource_non-hp_base_percustomer_passthrough_supply
426200,ct_eversource_hp_flat_percustomer_passthrough_supply
434285,ct_eversource_non-hp_base_percustomer_passthrough_supply
447107,ct_eversource_non-hp_base_percustomer_passthrough_supply
450243,ct_eversource_non-hp_base_percustomer_passthrough_supply
451442,ct_eversource_non-hp_base_percustomer_passthrough_supply
454748,ct_eversource_non-hp_base_percustomer_passthrough_supply
461038,ct_eversource_non-hp_base_percustomer_passthrough_supply
461448,ct_eversource_non-hp_base_percustomer_passthrough_supply
465998,ct_eversource_non-hp_base_percustomer_passthrough_supply
470340,ct_eversource_non-hp_base_percustomer_passthrough_supply
483411,ct_eversource_non-hp_base_percustomer_passthrough_supply
484265,ct_eversource_non-hp_base_percustomer_passthrough_supply
485873,ct_eversource_non-hp_base_percustomer_passthrough_supply
486593,ct_eversource_non-hp_base_percustomer_passthrough_supply
500949,ct_eversource_non-hp_base_percustomer_passthrough_supply
501737,ct_eversource_non-hp_base_percustomer_passthrough_supply
505638,ct_eversource_non-hp_base_percustomer_passthrough_supply
517271,ct_eversource_non-hp_base_percustomer_passthrough_supply
530363,ct_eversource_non-hp_base_percustomer_passthrough_supply
545953,ct_eversource_non-hp_base_percustomer_passthrough_supply
546741,ct_eversource_non-hp_base_percustomer_passthrough_supply
2277,ct_eversource_non-hp_base_percustomer_passthrough_supply
4025,ct_eversource_non-hp_base_percustomer_passthrough_supply
13594,ct_eversource_non-hp_base_percustomer_passthrough_supply
14667,ct_eversource_non-hp_base_percustomer_passthrough_supply
20853,ct_eversource_non-hp_base_percustomer_passthrough_supply
23352,ct_eversource_non-hp_base_percustomer_passthrough_supply
25243,ct_eversource_non-hp_base_percustomer_passthrough_supply
25925,ct_eversource_non-hp_base_percustomer_passthrough_supply
26167,ct_eversource_non-hp_base_percustomer_passthrough_supply
34047,ct_eversource_non-hp_base_percustomer_passthrough_supply
34918,ct_eversource_hp_flat_percustomer_passthrough_supply
36856,ct_eversource_non-hp_base_percustomer_passthrough_supply
37269,ct_eversource_non-hp_base_percustomer_passthrough_supply
41853,ct_eversource_non-hp_base_percustomer_passthrough_supply
47391,ct_eversource_non-hp_base_percustomer_passthrough_supply
53391,ct_eversource_non-hp_base_percustomer_passthrough_supply
57468,ct_eversource_non-hp_base_percustomer_passthrough_supply
61664,ct_eversource_non-hp_base_percustomer_passthrough_supply
66839,ct_eversource_non-hp_base_percustomer_passthrough_supply
80492,ct_eversource_non-hp_base_percustomer_passthrough_supply
80969,ct_eversource_hp_flat_percustomer_passthrough_supply
82862,ct_eversource_non-hp_base_percustomer_passthrough_supply
89545,ct_eversource_non-hp_base_percustomer_passthrough_supply
90757,ct_eversource_non-hp_base_percustomer_passthrough_supply
91343,ct_eversource_non-hp_base_percustomer_passthrough_supply
101712,ct_eversource_non-hp_base_percustomer_passthrough_supply
108307,ct_eversource_non-hp_base_percustomer_passthrough_supply
110154,ct_eversource_non-hp_base_percustomer_passthrough_supply
114181,ct_eversource_non-hp_base_percustomer_passthrough_supply
114190,ct_eversource_non-hp_base_percustomer_passthrough_supply
114385,ct_eversource_non-hp_base_percustomer_passthrough_supply
116001,ct_eversource_non-hp_base_percustomer_passthrough_supply
116156,ct_eversource_non-hp_base_percustomer_passthrough_supply
116644,ct_eversource_non-hp_base_percustomer_passthrough_supply
116972,ct_eversource_non-hp_base_percustomer_passthrough_supply
123731,ct_eversource_non-hp_base_percustomer_passthrough_supply
124036,ct_eversource_non-hp_base_percustomer_passthrough_supply
126323,ct_eversource_non-hp_base_percustomer_passthrough_supply
130568,ct_eversource_non-hp_base_percustomer_passthrough_supply
184750,ct_eversource_non-hp_base_percustomer_passthrough_supply
220253,ct_eversource_non-hp_base_percustomer_passthrough_supply
146027,ct_eversource_non-hp_base_percustomer_passthrough_supply
164718,ct_eversource_non-hp_base_percustomer_passthrough_supply
211988,ct_eversource_non-hp_base_percustomer_passthrough_supply
340686,ct_eversource_non-hp_base_percustomer_passthrough_supply
398794,ct_eversource_non-hp_base_percustomer_passthrough_supply
399849,ct_eversource_non-hp_base_percustomer_passthrough_supply
208707,ct_eversource_non-hp_base_percustomer_passthrough_supply
288356,ct_eversource_non-hp_base_percustomer_passthrough_supply
160218,ct_eversource_non-hp_base_percustomer_passthrough_supply
340968,ct_eversource_non-hp_base_percustomer_passthrough_supply
229879,ct_eversource_non-hp_base_percustomer_passthrough_supply
307185,ct_eversource_non-hp_base_percustomer_passthrough_supply
249777,ct_eversource_non-hp_base_percustomer_passthrough_supply
329491,ct_eversource_non-hp_base_percustomer_passthrough_supply
277625,ct_eversource_non-hp_base_percustomer_passthrough_supply
242018,ct_eversource_non-hp_base_percustomer_passthrough_supply
152718,ct_eversource_non-hp_base_percustomer_passthrough_supply
264915,ct_eversource_non-hp_base_percustomer_passthrough_supply
366960,ct_eversource_non-hp_base_percustomer_passthrough_supply
325241,ct_eversource_non-hp_base_percustomer_passthrough_supply
290399,ct_eversource_non-hp_base_percustomer_passthrough_supply
142551,ct_eversource_hp_flat_percustomer_passthrough_supply
148478,ct_eversource_non-hp_base_percustomer_passthrough_supply
151554,ct_eversource_non-hp_base_percustomer_passthrough_supply
151658,ct_eversource_non-hp_base_percustomer_passthrough_supply
157722,ct_eversource_non-hp_base_percustomer_passthrough_supply
164420,ct_eversource_non-hp_base_percustomer_passthrough_supply
177297,ct_eversource_non-hp_base_percustomer_passthrough_supply
178062,ct_eversource_non-hp_base_percustomer_passthrough_supply
178636,ct_eversource_non-hp_base_percustomer_passthrough_supply
181938,ct_eversource_non-hp_base_percustomer_passthrough_supply
182613,ct_eversource_non-hp_base_percustomer_passthrough_supply
184296,ct_eversource_non-hp_base_percustomer_passthrough_supply
185183,ct_eversource_non-hp_base_percustomer_passthrough_supply
189805,ct_eversource_non-hp_base_percustomer_passthrough_supply
190608,ct_eversource_non-hp_base_percustomer_passthrough_supply
193111,ct_eversource_non-hp_base_percustomer_passthrough_supply
197325,ct_eversource_non-hp_base_percustomer_passthrough_supply
199728,ct_eversource_non-hp_base_percustomer_passthrough_supply
202167,ct_eversource_non-hp_base_percustomer_passthrough_supply
204113,ct_eversource_non-hp_base_percustomer_passthrough_supply
204933,ct_eversource_non-hp_base_percustomer_passthrough_supply
208199,ct_eversource_non-hp_base_percustomer_passthrough_supply
214841,ct_eversource_non-hp_base_percustomer_passthrough_supply
216043,ct_eversource_non-hp_base_percustomer_passthrough_supply
225648,ct_eversource_non-hp_base_percustomer_passthrough_supply
241785,ct_eversource_non-hp_base_percustomer_passthrough_supply
252889,ct_eversource_non-hp_base_percustomer_passthrough_supply
256547,ct_eversource_non-hp_base_percustomer_passthrough_supply
261897,ct_eversource_non-hp_base_percustomer_passthrough_supply
292197,ct_eversource_non-hp_base_percustomer_passthrough_supply
310571,ct_eversource_non-hp_base_percustomer_passthrough_supply
341809,ct_eversource_non-hp_base_percustomer_passthrough_supply
353481,ct_eversource_non-hp_base_percustomer_passthrough_supply
372098,ct_eversource_non-hp_base_percustomer_passthrough_supply
389753,ct_eversource_non-hp_base_percustomer_passthrough_supply
322629,ct_eversource_non-hp_base_percustomer_passthrough_supply
375118,ct_eversource_non-hp_base_percustomer_passthrough_supply
378152,ct_eversource_non-hp_base_percustomer_passthrough_supply
395273,ct_eversource_non-hp_base_percustomer_passthrough_supply
400746,ct_eversource_non-hp_base_percustomer_passthrough_supply
281229,ct_eversource_non-hp_base_percustomer_passthrough_supply
285136,ct_eversource_non-hp_base_percustomer_passthrough_supply
297747,ct_eversource_non-hp_base_percustomer_passthrough_supply
302645,ct_eversource_non-hp_base_percustomer_passthrough_supply
323811,ct_eversource_non-hp_base_percustomer_passthrough_supply
323900,ct_eversource_non-hp_base_percustomer_passthrough_supply
324787,ct_eversource_non-hp_base_percustomer_passthrough_supply
329282,ct_eversource_non-hp_base_percustomer_passthrough_supply
332434,ct_eversource_non-hp_base_percustomer_passthrough_supply
334257,ct_eversource_non-hp_base_percustomer_passthrough_supply
339991,ct_eversource_non-hp_base_percustomer_passthrough_supply
347846,ct_eversource_non-hp_base_percustomer_passthrough_supply
354779,ct_eversource_non-hp_base_percustomer_passthrough_supply
375754,ct_eversource_non-hp_base_percustomer_passthrough_supply
378515,ct_eversource_non-hp_base_percustomer_passthrough_supply
396413,ct_eversource_non-hp_base_percustomer_passthrough_supply
397830,ct_eversource_non-hp_base_percustomer_passthrough_supply
397988,ct_eversource_non-hp_base_percustomer_passthrough_supply
404715,ct_eversource_non-hp_base_percustomer_passthrough_supply
408458,ct_eversource_non-hp_base_percustomer_passthrough_supply
486274,ct_eversource_non-hp_base_percustomer_passthrough_supply
505849,ct_eversource_non-hp_base_percustomer_passthrough_supply
511846,ct_eversource_non-hp_base_percustomer_passthrough_supply
528448,ct_eversource_non-hp_base_percustomer_passthrough_supply
113585,ct_eversource_non-hp_base_percustomer_passthrough_supply
123709,ct_eversource_non-hp_base_percustomer_passthrough_supply
458993,ct_eversource_non-hp_base_percustomer_passthrough_supply
392014,ct_eversource_non-hp_base_percustomer_passthrough_supply
433008,ct_eversource_non-hp_base_percustomer_passthrough_supply
499678,ct_eversource_non-hp_base_percustomer_passthrough_supply
365778,ct_eversource_non-hp_base_percustomer_passthrough_supply
282665,ct_eversource_non-hp_base_percustomer_passthrough_supply
179679,ct_eversource_non-hp_base_percustomer_passthrough_supply
177032,ct_eversource_non-hp_base_percustomer_passthrough_supply
311511,ct_eversource_non-hp_base_percustomer_passthrough_supply
240564,ct_eversource_non-hp_base_percustomer_passthrough_supply
435263,ct_eversource_non-hp_base_percustomer_passthrough_supply
125327,ct_eversource_non-hp_base_percustomer_passthrough_supply
420795,ct_eversource_non-hp_base_percustomer_passthrough_supply
131249,ct_eversource_non-hp_base_percustomer_passthrough_supply
336601,ct_eversource_non-hp_base_percustomer_passthrough_supply
387751,ct_eversource_non-hp_base_percustomer_passthrough_supply
402346,ct_eversource_non-hp_base_percustomer_passthrough_supply
444331,ct_eversource_non-hp_base_percustomer_passthrough_supply
55863,ct_eversource_non-hp_base_percustomer_passthrough_supply
33975,ct_eversource_non-hp_base_percustomer_passthrough_supply
62035,ct_eversource_non-hp_base_percustomer_passthrough_supply
116226,ct_eversource_non-hp_base_percustomer_passthrough_supply
192198,ct_eversource_non-hp_base_percustomer_passthrough_supply
124571,ct_eversource_non-hp_base_percustomer_passthrough_supply
79489,ct_eversource_hp_flat_percustomer_passthrough_supply
83009,ct_eversource_non-hp_base_percustomer_passthrough_supply
189917,ct_eversource_non-hp_base_percustomer_passthrough_supply
254740,ct_eversource_non-hp_base_percustomer_passthrough_supply
313414,ct_eversource_non-hp_base_percustomer_passthrough_supply
326141,ct_eversource_non-hp_base_percustomer_passthrough_supply
33656,ct_eversource_non-hp_base_percustomer_passthrough_supply
384477,ct_eversource_hp_flat_percustomer_passthrough_supply
426522,ct_eversource_non-hp_base_percustomer_passthrough_supply
474615,ct_eversource_non-hp_base_percustomer_passthrough_supply
505902,ct_eversource_non-hp_base_percustomer_passthrough_supply
3,ct_eversource_non-hp_base_percustomer_passthrough_supply
37479,ct_eversource_non-hp_base_percustomer_passthrough_supply
7382,ct_eversource_non-hp_base_percustomer_passthrough_supply
423361,ct_eversource_non-hp_base_percustomer_passthrough_supply
445573,ct_eversource_non-hp_base_percustomer_passthrough_supply
549835,ct_eversource_non-hp_base_percustomer_passthrough_supply
9239,ct_eversource_non-hp_base_percustomer_passthrough_supply
95965,ct_eversource_non-hp_base_percustomer_passthrough_supply
398093,ct_eversource_non-hp_base_percustomer_passthrough_supply
76103,ct_eversource_non-hp_base_percustomer_passthrough_supply
206140,ct_eversource_non-hp_base_percustomer_passthrough_supply
303938,ct_eversource_non-hp_base_percustomer_passthrough_supply
345863,ct_eversource_non-hp_base_percustomer_passthrough_supply
1557,ct_eversource_non-hp_base_percustomer_passthrough_supply
100771,ct_eversource_non-hp_base_percustomer_passthrough_supply
378211,ct_eversource_non-hp_base_percustomer_passthrough_supply
381275,ct_eversource_non-hp_base_percustomer_passthrough_supply
73983,ct_eversource_non-hp_base_percustomer_passthrough_supply
173238,ct_eversource_non-hp_base_percustomer_passthrough_supply
147706,ct_eversource_non-hp_base_percustomer_passthrough_supply
24633,ct_eversource_non-hp_base_percustomer_passthrough_supply
34832,ct_eversource_non-hp_base_percustomer_passthrough_supply
61712,ct_eversource_non-hp_base_percustomer_passthrough_supply
78071,ct_eversource_non-hp_base_percustomer_passthrough_supply
316187,ct_eversource_non-hp_base_percustomer_passthrough_supply
203584,ct_eversource_non-hp_base_percustomer_passthrough_supply
223573,ct_eversource_hp_flat_percustomer_passthrough_supply
176093,ct_eversource_non-hp_base_percustomer_passthrough_supply
182100,ct_eversource_non-hp_base_percustomer_passthrough_supply
186466,ct_eversource_non-hp_base_percustomer_passthrough_supply
217786,ct_eversource_non-hp_base_percustomer_passthrough_supply
382846,ct_eversource_non-hp_base_percustomer_passthrough_supply
316939,ct_eversource_non-hp_base_percustomer_passthrough_supply
283932,ct_eversource_non-hp_base_percustomer_passthrough_supply
269988,ct_eversource_non-hp_base_percustomer_passthrough_supply
293717,ct_eversource_non-hp_base_percustomer_passthrough_supply
412808,ct_eversource_non-hp_base_percustomer_passthrough_supply
418808,ct_eversource_non-hp_base_percustomer_passthrough_supply
418864,ct_eversource_non-hp_base_percustomer_passthrough_supply
427507,ct_eversource_non-hp_base_percustomer_passthrough_supply
428852,ct_eversource_non-hp_base_percustomer_passthrough_supply
429064,ct_eversource_non-hp_base_percustomer_passthrough_supply
438283,ct_eversource_non-hp_base_percustomer_passthrough_supply
441017,ct_eversource_non-hp_base_percustomer_passthrough_supply
443644,ct_eversource_non-hp_base_percustomer_passthrough_supply
446647,ct_eversource_non-hp_base_percustomer_passthrough_supply
464494,ct_eversource_non-hp_base_percustomer_passthrough_supply
466200,ct_eversource_non-hp_base_percustomer_passthrough_supply
475357,ct_eversource_non-hp_base_percustomer_passthrough_supply
477037,ct_eversource_non-hp_base_percustomer_passthrough_supply
488486,ct_eversource_non-hp_base_percustomer_passthrough_supply
492174,ct_eversource_non-hp_base_percustomer_passthrough_supply
492815,ct_eversource_non-hp_base_percustomer_passthrough_supply
494950,ct_eversource_non-hp_base_percustomer_passthrough_supply
500061,ct_eversource_non-hp_base_percustomer_passthrough_supply
503336,ct_eversource_non-hp_base_percustomer_passthrough_supply
510774,ct_eversource_non-hp_base_percustomer_passthrough_supply
520667,ct_eversource_non-hp_base_percustomer_passthrough_supply
520868,ct_eversource_non-hp_base_percustomer_passthrough_supply
525975,ct_eversource_hp_flat_percustomer_passthrough_supply
536698,ct_eversource_non-hp_base_percustomer_passthrough_supply
541330,ct_eversource_non-hp_base_percustomer_passthrough_supply
291,ct_eversource_non-hp_base_percustomer_passthrough_supply
1753,ct_eversource_non-hp_base_percustomer_passthrough_supply
2376,ct_eversource_non-hp_base_percustomer_passthrough_supply
8668,ct_eversource_non-hp_base_percustomer_passthrough_supply
18638,ct_eversource_non-hp_base_percustomer_passthrough_supply
27801,ct_eversource_non-hp_base_percustomer_passthrough_supply
29127,ct_eversource_non-hp_base_percustomer_passthrough_supply
32110,ct_eversource_non-hp_base_percustomer_passthrough_supply
32733,ct_eversource_hp_flat_percustomer_passthrough_supply
37201,ct_eversource_non-hp_base_percustomer_passthrough_supply
38142,ct_eversource_non-hp_base_percustomer_passthrough_supply
40390,ct_eversource_non-hp_base_percustomer_passthrough_supply
47276,ct_eversource_non-hp_base_percustomer_passthrough_supply
50586,ct_eversource_non-hp_base_percustomer_passthrough_supply
53741,ct_eversource_non-hp_base_percustomer_passthrough_supply
54219,ct_eversource_non-hp_base_percustomer_passthrough_supply
57583,ct_eversource_non-hp_base_percustomer_passthrough_supply
58736,ct_eversource_non-hp_base_percustomer_passthrough_supply
70214,ct_eversource_non-hp_base_percustomer_passthrough_supply
74894,ct_eversource_non-hp_base_percustomer_passthrough_supply
80757,ct_eversource_hp_flat_percustomer_passthrough_supply
84846,ct_eversource_non-hp_base_percustomer_passthrough_supply
86074,ct_eversource_non-hp_base_percustomer_passthrough_supply
88120,ct_eversource_hp_flat_percustomer_passthrough_supply
92327,ct_eversource_non-hp_base_percustomer_passthrough_supply
95837,ct_eversource_non-hp_base_percustomer_passthrough_supply
101911,ct_eversource_non-hp_base_percustomer_passthrough_supply
109508,ct_eversource_non-hp_base_percustomer_passthrough_supply
114551,ct_eversource_non-hp_base_percustomer_passthrough_supply
115204,ct_eversource_non-hp_base_percustomer_passthrough_supply
116503,ct_eversource_non-hp_base_percustomer_passthrough_supply
128387,ct_eversource_non-hp_base_percustomer_passthrough_supply
134461,ct_eversource_non-hp_base_percustomer_passthrough_supply
136508,ct_eversource_non-hp_base_percustomer_passthrough_supply
336843,ct_eversource_hp_flat_percustomer_passthrough_supply
239181,ct_eversource_non-hp_base_percustomer_passthrough_supply
240630,ct_eversource_non-hp_base_percustomer_passthrough_supply
288367,ct_eversource_non-hp_base_percustomer_passthrough_supply
308867,ct_eversource_non-hp_base_percustomer_passthrough_supply
330961,ct_eversource_non-hp_base_percustomer_passthrough_supply
353401,ct_eversource_non-hp_base_percustomer_passthrough_supply
298341,ct_eversource_non-hp_base_percustomer_passthrough_supply
270414,ct_eversource_non-hp_base_percustomer_passthrough_supply
228430,ct_eversource_non-hp_base_percustomer_passthrough_supply
278135,ct_eversource_non-hp_base_percustomer_passthrough_supply
368655,ct_eversource_non-hp_base_percustomer_passthrough_supply
168553,ct_eversource_non-hp_base_percustomer_passthrough_supply
308289,ct_eversource_non-hp_base_percustomer_passthrough_supply
251493,ct_eversource_non-hp_base_percustomer_passthrough_supply
294442,ct_eversource_non-hp_base_percustomer_passthrough_supply
225125,ct_eversource_non-hp_base_percustomer_passthrough_supply
330748,ct_eversource_non-hp_base_percustomer_passthrough_supply
362768,ct_eversource_non-hp_base_percustomer_passthrough_supply
187198,ct_eversource_non-hp_base_percustomer_passthrough_supply
349966,ct_eversource_non-hp_base_percustomer_passthrough_supply
395002,ct_eversource_non-hp_base_percustomer_passthrough_supply
195914,ct_eversource_non-hp_base_percustomer_passthrough_supply
243667,ct_eversource_non-hp_base_percustomer_passthrough_supply
288809,ct_eversource_non-hp_base_percustomer_passthrough_supply
355276,ct_eversource_non-hp_base_percustomer_passthrough_supply
140801,ct_eversource_non-hp_base_percustomer_passthrough_supply
141585,ct_eversource_non-hp_base_percustomer_passthrough_supply
145676,ct_eversource_non-hp_base_percustomer_passthrough_supply
154304,ct_eversource_non-hp_base_percustomer_passthrough_supply
155618,ct_eversource_non-hp_base_percustomer_passthrough_supply
157515,ct_eversource_hp_flat_percustomer_passthrough_supply
157875,ct_eversource_non-hp_base_percustomer_passthrough_supply
160389,ct_eversource_non-hp_base_percustomer_passthrough_supply
171961,ct_eversource_non-hp_base_percustomer_passthrough_supply
175100,ct_eversource_non-hp_base_percustomer_passthrough_supply
175717,ct_eversource_non-hp_base_percustomer_passthrough_supply
178861,ct_eversource_non-hp_base_percustomer_passthrough_supply
180312,ct_eversource_non-hp_base_percustomer_passthrough_supply
186954,ct_eversource_non-hp_base_percustomer_passthrough_supply
199440,ct_eversource_non-hp_base_percustomer_passthrough_supply
200967,ct_eversource_non-hp_base_percustomer_passthrough_supply
210586,ct_eversource_non-hp_base_percustomer_passthrough_supply
219054,ct_eversource_non-hp_base_percustomer_passthrough_supply
227114,ct_eversource_non-hp_base_percustomer_passthrough_supply
236236,ct_eversource_non-hp_base_percustomer_passthrough_supply
237542,ct_eversource_non-hp_base_percustomer_passthrough_supply
239590,ct_eversource_non-hp_base_percustomer_passthrough_supply
243776,ct_eversource_non-hp_base_percustomer_passthrough_supply
243997,ct_eversource_non-hp_base_percustomer_passthrough_supply
254280,ct_eversource_non-hp_base_percustomer_passthrough_supply
254746,ct_eversource_non-hp_base_percustomer_passthrough_supply
263809,ct_eversource_non-hp_base_percustomer_passthrough_supply
342344,ct_eversource_non-hp_base_percustomer_passthrough_supply
277721,ct_eversource_non-hp_base_percustomer_passthrough_supply
338286,ct_eversource_non-hp_base_percustomer_passthrough_supply
383417,ct_eversource_non-hp_base_percustomer_passthrough_supply
284757,ct_eversource_non-hp_base_percustomer_passthrough_supply
372222,ct_eversource_non-hp_base_percustomer_passthrough_supply
287206,ct_eversource_non-hp_base_percustomer_passthrough_supply
371922,ct_eversource_non-hp_base_percustomer_passthrough_supply
381549,ct_eversource_non-hp_base_percustomer_passthrough_supply
362858,ct_eversource_non-hp_base_percustomer_passthrough_supply
396445,ct_eversource_non-hp_base_percustomer_passthrough_supply
296181,ct_eversource_non-hp_base_percustomer_passthrough_supply
326045,ct_eversource_non-hp_base_percustomer_passthrough_supply
287162,ct_eversource_non-hp_base_percustomer_passthrough_supply
287870,ct_eversource_non-hp_base_percustomer_passthrough_supply
316476,ct_eversource_non-hp_base_percustomer_passthrough_supply
357958,ct_eversource_non-hp_base_percustomer_passthrough_supply
360991,ct_eversource_non-hp_base_percustomer_passthrough_supply
369885,ct_eversource_non-hp_base_percustomer_passthrough_supply
374441,ct_eversource_non-hp_base_percustomer_passthrough_supply
392141,ct_eversource_non-hp_base_percustomer_passthrough_supply
395081,ct_eversource_non-hp_base_percustomer_passthrough_supply
395520,ct_eversource_non-hp_base_percustomer_passthrough_supply
399645,ct_eversource_non-hp_base_percustomer_passthrough_supply
484131,ct_eversource_non-hp_base_percustomer_passthrough_supply
492413,ct_eversource_non-hp_base_percustomer_passthrough_supply
497979,ct_eversource_non-hp_base_percustomer_passthrough_supply
525765,ct_eversource_non-hp_base_percustomer_passthrough_supply
127141,ct_eversource_non-hp_base_percustomer_passthrough_supply
137552,ct_eversource_non-hp_base_percustomer_passthrough_supply
155639,ct_eversource_non-hp_base_percustomer_passthrough_supply
278016,ct_eversource_non-hp_base_percustomer_passthrough_supply
279834,ct_eversource_non-hp_base_percustomer_passthrough_supply
346980,ct_eversource_non-hp_base_percustomer_passthrough_supply
237004,ct_eversource_non-hp_base_percustomer_passthrough_supply
256731,ct_eversource_non-hp_base_percustomer_passthrough_supply
206612,ct_eversource_hp_flat_percustomer_passthrough_supply
225154,ct_eversource_non-hp_base_percustomer_passthrough_supply
247456,ct_eversource_non-hp_base_percustomer_passthrough_supply
257424,ct_eversource_non-hp_base_percustomer_passthrough_supply
263934,ct_eversource_non-hp_base_percustomer_passthrough_supply
485086,ct_eversource_non-hp_base_percustomer_passthrough_supply
385141,ct_eversource_non-hp_base_percustomer_passthrough_supply
484780,ct_eversource_non-hp_base_percustomer_passthrough_supply
318154,ct_eversource_non-hp_base_percustomer_passthrough_supply
351306,ct_eversource_non-hp_base_percustomer_passthrough_supply
491879,ct_eversource_non-hp_base_percustomer_passthrough_supply
348692,ct_eversource_non-hp_base_percustomer_passthrough_supply
76490,ct_eversource_non-hp_base_percustomer_passthrough_supply
455971,ct_eversource_non-hp_base_percustomer_passthrough_supply
461509,ct_eversource_non-hp_base_percustomer_passthrough_supply
487319,ct_eversource_non-hp_base_percustomer_passthrough_supply
185331,ct_eversource_non-hp_base_percustomer_passthrough_supply
260758,ct_eversource_non-hp_base_percustomer_passthrough_supply
46424,ct_eversource_non-hp_base_percustomer_passthrough_supply
202653,ct_eversource_non-hp_base_percustomer_passthrough_supply
3680,ct_eversource_non-hp_base_percustomer_passthrough_supply
63060,ct_eversource_non-hp_base_percustomer_passthrough_supply
89322,ct_eversource_non-hp_base_percustomer_passthrough_supply
175251,ct_eversource_non-hp_base_percustomer_passthrough_supply
536511,ct_eversource_non-hp_base_percustomer_passthrough_supply
120803,ct_eversource_non-hp_base_percustomer_passthrough_supply
136998,ct_eversource_hp_flat_percustomer_passthrough_supply
220103,ct_eversource_non-hp_base_percustomer_passthrough_supply
253681,ct_eversource_non-hp_base_percustomer_passthrough_supply
284162,ct_eversource_non-hp_base_percustomer_passthrough_supply
319808,ct_eversource_non-hp_base_percustomer_passthrough_supply
399139,ct_eversource_non-hp_base_percustomer_passthrough_supply
399483,ct_eversource_hp_flat_percustomer_passthrough_supply
401808,ct_eversource_non-hp_base_percustomer_passthrough_supply
166544,ct_eversource_non-hp_base_percustomer_passthrough_supply
524661,ct_eversource_non-hp_base_percustomer_passthrough_supply
543241,ct_eversource_non-hp_base_percustomer_passthrough_supply
298137,ct_eversource_non-hp_base_percustomer_passthrough_supply
277655,ct_eversource_non-hp_base_percustomer_passthrough_supply
26148,ct_eversource_non-hp_base_percustomer_passthrough_supply
294932,ct_eversource_non-hp_base_percustomer_passthrough_supply
431265,ct_eversource_non-hp_base_percustomer_passthrough_supply
438146,ct_eversource_non-hp_base_percustomer_passthrough_supply
442274,ct_eversource_non-hp_base_percustomer_passthrough_supply
448483,ct_eversource_non-hp_base_percustomer_passthrough_supply
468233,ct_eversource_non-hp_base_percustomer_passthrough_supply
521195,ct_eversource_non-hp_base_percustomer_passthrough_supply
534336,ct_eversource_non-hp_base_percustomer_passthrough_supply
20203,ct_eversource_non-hp_base_percustomer_passthrough_supply
118397,ct_eversource_non-hp_base_percustomer_passthrough_supply
278927,ct_eversource_non-hp_base_percustomer_passthrough_supply
14925,ct_eversource_non-hp_base_percustomer_passthrough_supply
22036,ct_eversource_hp_flat_percustomer_passthrough_supply
30403,ct_eversource_non-hp_base_percustomer_passthrough_supply
46316,ct_eversource_non-hp_base_percustomer_passthrough_supply
63824,ct_eversource_non-hp_base_percustomer_passthrough_supply
95305,ct_eversource_non-hp_base_percustomer_passthrough_supply
118532,ct_eversource_non-hp_base_percustomer_passthrough_supply
345352,ct_eversource_non-hp_base_percustomer_passthrough_supply
236061,ct_eversource_non-hp_base_percustomer_passthrough_supply
147830,ct_eversource_non-hp_base_percustomer_passthrough_supply
401258,ct_eversource_non-hp_base_percustomer_passthrough_supply
159069,ct_eversource_non-hp_base_percustomer_passthrough_supply
283082,ct_eversource_non-hp_base_percustomer_passthrough_supply
321632,ct_eversource_non-hp_base_percustomer_passthrough_supply
233573,ct_eversource_non-hp_base_percustomer_passthrough_supply
355296,ct_eversource_non-hp_base_percustomer_passthrough_supply
186057,ct_eversource_non-hp_base_percustomer_passthrough_supply
319120,ct_eversource_hp_flat_percustomer_passthrough_supply
273523,ct_eversource_non-hp_base_percustomer_passthrough_supply
424701,ct_eversource_non-hp_base_percustomer_passthrough_supply
426326,ct_eversource_non-hp_base_percustomer_passthrough_supply
429137,ct_eversource_hp_flat_percustomer_passthrough_supply
440102,ct_eversource_non-hp_base_percustomer_passthrough_supply
442306,ct_eversource_non-hp_base_percustomer_passthrough_supply
445641,ct_eversource_non-hp_base_percustomer_passthrough_supply
446435,ct_eversource_non-hp_base_percustomer_passthrough_supply
449376,ct_eversource_non-hp_base_percustomer_passthrough_supply
449676,ct_eversource_non-hp_base_percustomer_passthrough_supply
450463,ct_eversource_non-hp_base_percustomer_passthrough_supply
452885,ct_eversource_hp_flat_percustomer_passthrough_supply
453304,ct_eversource_non-hp_base_percustomer_passthrough_supply
457572,ct_eversource_non-hp_base_percustomer_passthrough_supply
458949,ct_eversource_non-hp_base_percustomer_passthrough_supply
462968,ct_eversource_non-hp_base_percustomer_passthrough_supply
463664,ct_eversource_non-hp_base_percustomer_passthrough_supply
467582,ct_eversource_non-hp_base_percustomer_passthrough_supply
468247,ct_eversource_non-hp_base_percustomer_passthrough_supply
472249,ct_eversource_non-hp_base_percustomer_passthrough_supply
487439,ct_eversource_non-hp_base_percustomer_passthrough_supply
489118,ct_eversource_non-hp_base_percustomer_passthrough_supply
489540,ct_eversource_non-hp_base_percustomer_passthrough_supply
490023,ct_eversource_non-hp_base_percustomer_passthrough_supply
491805,ct_eversource_non-hp_base_percustomer_passthrough_supply
495173,ct_eversource_non-hp_base_percustomer_passthrough_supply
501831,ct_eversource_non-hp_base_percustomer_passthrough_supply
509329,ct_eversource_non-hp_base_percustomer_passthrough_supply
511861,ct_eversource_non-hp_base_percustomer_passthrough_supply
535929,ct_eversource_non-hp_base_percustomer_passthrough_supply
540661,ct_eversource_non-hp_base_percustomer_passthrough_supply
541349,ct_eversource_non-hp_base_percustomer_passthrough_supply
548464,ct_eversource_non-hp_base_percustomer_passthrough_supply
2159,ct_eversource_non-hp_base_percustomer_passthrough_supply
3426,ct_eversource_non-hp_base_percustomer_passthrough_supply
5662,ct_eversource_non-hp_base_percustomer_passthrough_supply
6131,ct_eversource_non-hp_base_percustomer_passthrough_supply
6844,ct_eversource_non-hp_base_percustomer_passthrough_supply
9823,ct_eversource_non-hp_base_percustomer_passthrough_supply
11115,ct_eversource_non-hp_base_percustomer_passthrough_supply
12516,ct_eversource_non-hp_base_percustomer_passthrough_supply
22557,ct_eversource_non-hp_base_percustomer_passthrough_supply
37196,ct_eversource_non-hp_base_percustomer_passthrough_supply
39461,ct_eversource_non-hp_base_percustomer_passthrough_supply
39750,ct_eversource_non-hp_base_percustomer_passthrough_supply
43941,ct_eversource_non-hp_base_percustomer_passthrough_supply
45589,ct_eversource_non-hp_base_percustomer_passthrough_supply
46519,ct_eversource_non-hp_base_percustomer_passthrough_supply
54234,ct_eversource_non-hp_base_percustomer_passthrough_supply
55603,ct_eversource_non-hp_base_percustomer_passthrough_supply
56086,ct_eversource_non-hp_base_percustomer_passthrough_supply
59281,ct_eversource_non-hp_base_percustomer_passthrough_supply
67799,ct_eversource_non-hp_base_percustomer_passthrough_supply
69195,ct_eversource_non-hp_base_percustomer_passthrough_supply
71980,ct_eversource_non-hp_base_percustomer_passthrough_supply
72022,ct_eversource_non-hp_base_percustomer_passthrough_supply
79321,ct_eversource_non-hp_base_percustomer_passthrough_supply
81315,ct_eversource_non-hp_base_percustomer_passthrough_supply
86780,ct_eversource_non-hp_base_percustomer_passthrough_supply
89917,ct_eversource_hp_flat_percustomer_passthrough_supply
90920,ct_eversource_non-hp_base_percustomer_passthrough_supply
93861,ct_eversource_non-hp_base_percustomer_passthrough_supply
100057,ct_eversource_non-hp_base_percustomer_passthrough_supply
101091,ct_eversource_non-hp_base_percustomer_passthrough_supply
106211,ct_eversource_non-hp_base_percustomer_passthrough_supply
107477,ct_eversource_non-hp_base_percustomer_passthrough_supply
117421,ct_eversource_non-hp_base_percustomer_passthrough_supply
122567,ct_eversource_non-hp_base_percustomer_passthrough_supply
124732,ct_eversource_non-hp_base_percustomer_passthrough_supply
128948,ct_eversource_non-hp_base_percustomer_passthrough_supply
131753,ct_eversource_non-hp_base_percustomer_passthrough_supply
132411,ct_eversource_non-hp_base_percustomer_passthrough_supply
137475,ct_eversource_non-hp_base_percustomer_passthrough_supply
138119,ct_eversource_non-hp_base_percustomer_passthrough_supply
255366,ct_eversource_non-hp_base_percustomer_passthrough_supply
197551,ct_eversource_non-hp_base_percustomer_passthrough_supply
329749,ct_eversource_non-hp_base_percustomer_passthrough_supply
288352,ct_eversource_non-hp_base_percustomer_passthrough_supply
304170,ct_eversource_non-hp_base_percustomer_passthrough_supply
331126,ct_eversource_non-hp_base_percustomer_passthrough_supply
392872,ct_eversource_non-hp_base_percustomer_passthrough_supply
393034,ct_eversource_non-hp_base_percustomer_passthrough_supply
222831,ct_eversource_non-hp_base_percustomer_passthrough_supply
292083,ct_eversource_non-hp_base_percustomer_passthrough_supply
402569,ct_eversource_non-hp_base_percustomer_passthrough_supply
400197,ct_eversource_non-hp_base_percustomer_passthrough_supply
349192,ct_eversource_non-hp_base_percustomer_passthrough_supply
271248,ct_eversource_non-hp_base_percustomer_passthrough_supply
144492,ct_eversource_non-hp_base_percustomer_passthrough_supply
212525,ct_eversource_non-hp_base_percustomer_passthrough_supply
266265,ct_eversource_non-hp_base_percustomer_passthrough_supply
378545,ct_eversource_non-hp_base_percustomer_passthrough_supply
175741,ct_eversource_non-hp_base_percustomer_passthrough_supply
210322,ct_eversource_non-hp_base_percustomer_passthrough_supply
218146,ct_eversource_non-hp_base_percustomer_passthrough_supply
220866,ct_eversource_non-hp_base_percustomer_passthrough_supply
333546,ct_eversource_non-hp_base_percustomer_passthrough_supply
358191,ct_eversource_non-hp_base_percustomer_passthrough_supply
301513,ct_eversource_non-hp_base_percustomer_passthrough_supply
380932,ct_eversource_non-hp_base_percustomer_passthrough_supply
145669,ct_eversource_non-hp_base_percustomer_passthrough_supply
171899,ct_eversource_non-hp_base_percustomer_passthrough_supply
185104,ct_eversource_non-hp_base_percustomer_passthrough_supply
190191,ct_eversource_non-hp_base_percustomer_passthrough_supply
201030,ct_eversource_non-hp_base_percustomer_passthrough_supply
209689,ct_eversource_non-hp_base_percustomer_passthrough_supply
209998,ct_eversource_non-hp_base_percustomer_passthrough_supply
210887,ct_eversource_non-hp_base_percustomer_passthrough_supply
216086,ct_eversource_non-hp_base_percustomer_passthrough_supply
216549,ct_eversource_non-hp_base_percustomer_passthrough_supply
224834,ct_eversource_non-hp_base_percustomer_passthrough_supply
234088,ct_eversource_non-hp_base_percustomer_passthrough_supply
240613,ct_eversource_non-hp_base_percustomer_passthrough_supply
246271,ct_eversource_non-hp_base_percustomer_passthrough_supply
249349,ct_eversource_non-hp_base_percustomer_passthrough_supply
256589,ct_eversource_non-hp_base_percustomer_passthrough_supply
257990,ct_eversource_non-hp_base_percustomer_passthrough_supply
264949,ct_eversource_non-hp_base_percustomer_passthrough_supply
267179,ct_eversource_non-hp_base_percustomer_passthrough_supply
322467,ct_eversource_non-hp_base_percustomer_passthrough_supply
368288,ct_eversource_non-hp_base_percustomer_passthrough_supply
312400,ct_eversource_non-hp_base_percustomer_passthrough_supply
356159,ct_eversource_non-hp_base_percustomer_passthrough_supply
366356,ct_eversource_non-hp_base_percustomer_passthrough_supply
392788,ct_eversource_non-hp_base_percustomer_passthrough_supply
400806,ct_eversource_non-hp_base_percustomer_passthrough_supply
401814,ct_eversource_non-hp_base_percustomer_passthrough_supply
279395,ct_eversource_non-hp_base_percustomer_passthrough_supply
298072,ct_eversource_non-hp_base_percustomer_passthrough_supply
394460,ct_eversource_non-hp_base_percustomer_passthrough_supply
335511,ct_eversource_non-hp_base_percustomer_passthrough_supply
356752,ct_eversource_non-hp_base_percustomer_passthrough_supply
273033,ct_eversource_non-hp_base_percustomer_passthrough_supply
281725,ct_eversource_non-hp_base_percustomer_passthrough_supply
288938,ct_eversource_non-hp_base_percustomer_passthrough_supply
307525,ct_eversource_non-hp_base_percustomer_passthrough_supply
317543,ct_eversource_non-hp_base_percustomer_passthrough_supply
318322,ct_eversource_non-hp_base_percustomer_passthrough_supply
326686,ct_eversource_non-hp_base_percustomer_passthrough_supply
327151,ct_eversource_non-hp_base_percustomer_passthrough_supply
334170,ct_eversource_non-hp_base_percustomer_passthrough_supply
352952,ct_eversource_non-hp_base_percustomer_passthrough_supply
357505,ct_eversource_non-hp_base_percustomer_passthrough_supply
358880,ct_eversource_non-hp_base_percustomer_passthrough_supply
371914,ct_eversource_non-hp_base_percustomer_passthrough_supply
380058,ct_eversource_non-hp_base_percustomer_passthrough_supply
383106,ct_eversource_non-hp_base_percustomer_passthrough_supply
384627,ct_eversource_non-hp_base_percustomer_passthrough_supply
388190,ct_eversource_non-hp_base_percustomer_passthrough_supply
391578,ct_eversource_non-hp_base_percustomer_passthrough_supply
