bldg_id,tariff_key
504616,ct_eversource_non-hp_base_epmc_passthrough
31933,ct_eversource_non-hp_base_epmc_passthrough
338527,ct_eversource_non-hp_base_epmc_passthrough
341661,ct_eversource_non-hp_base_epmc_passthrough
423800,ct_eversource_non-hp_base_epmc_passthrough
434670,ct_eversource_non-hp_base_epmc_passthrough
468578,ct_eversource_non-hp_base_epmc_passthrough
473101,ct_eversource_non-hp_base_epmc_passthrough
476063,ct_eversource_non-hp_base_epmc_passthrough
478657,ct_eversource_non-hp_base_epmc_passthrough
479705,ct_eversource_non-hp_base_epmc_passthrough
485987,ct_eversource_non-hp_base_epmc_passthrough
493625,ct_eversource_non-hp_base_epmc_passthrough
499391,ct_eversource_non-hp_base_epmc_passthrough
521719,ct_eversource_non-hp_base_epmc_passthrough
522677,ct_eversource_non-hp_base_epmc_passthrough
528178,ct_eversource_non-hp_base_epmc_passthrough
546748,ct_eversource_non-hp_base_epmc_passthrough
51656,ct_eversource_non-hp_base_epmc_passthrough
61739,ct_eversource_non-hp_base_epmc_passthrough
83670,ct_eversource_non-hp_base_epmc_passthrough
84498,ct_eversource_non-hp_base_epmc_passthrough
104911,ct_eversource_non-hp_base_epmc_passthrough
108209,ct_eversource_non-hp_base_epmc_passthrough
128937,ct_eversource_non-hp_base_epmc_passthrough
484451,ct_eversource_non-hp_base_epmc_passthrough
352143,ct_eversource_non-hp_base_epmc_passthrough
237239,ct_eversource_non-hp_base_epmc_passthrough
358363,ct_eversource_non-hp_base_epmc_passthrough
196743,ct_eversource_non-hp_base_epmc_passthrough
176054,ct_eversource_non-hp_base_epmc_passthrough
324718,ct_eversource_non-hp_base_epmc_passthrough
218121,ct_eversource_non-hp_base_epmc_passthrough
236241,ct_eversource_non-hp_base_epmc_passthrough
338462,ct_eversource_non-hp_base_epmc_passthrough
404054,ct_eversource_non-hp_base_epmc_passthrough
283499,ct_eversource_non-hp_base_epmc_passthrough
285979,ct_eversource_non-hp_base_epmc_passthrough
396528,ct_eversource_non-hp_base_epmc_passthrough
392290,ct_eversource_non-hp_base_epmc_passthrough
318066,ct_eversource_non-hp_base_epmc_passthrough
391422,ct_eversource_non-hp_base_epmc_passthrough
129535,ct_eversource_non-hp_base_epmc_passthrough
435778,ct_eversource_non-hp_base_epmc_passthrough
243843,ct_eversource_non-hp_base_epmc_passthrough
169001,ct_eversource_non-hp_base_epmc_passthrough
131445,ct_eversource_non-hp_base_epmc_passthrough
257043,ct_eversource_non-hp_base_epmc_passthrough
170742,ct_eversource_non-hp_base_epmc_passthrough
34869,ct_eversource_non-hp_base_epmc_passthrough
137832,ct_eversource_non-hp_base_epmc_passthrough
192807,ct_eversource_non-hp_base_epmc_passthrough
247683,ct_eversource_non-hp_base_epmc_passthrough
380283,ct_eversource_non-hp_base_epmc_passthrough
300877,ct_eversource_non-hp_base_epmc_passthrough
314303,ct_eversource_non-hp_base_epmc_passthrough
317645,ct_eversource_hp_flat_epmc_passthrough
521675,ct_eversource_non-hp_base_epmc_passthrough
36195,ct_eversource_non-hp_base_epmc_passthrough
212567,ct_eversource_non-hp_base_epmc_passthrough
161773,ct_eversource_non-hp_base_epmc_passthrough
500022,ct_eversource_hp_flat_epmc_passthrough
513576,ct_eversource_non-hp_base_epmc_passthrough
144559,ct_eversource_non-hp_base_epmc_passthrough
84258,ct_eversource_non-hp_base_epmc_passthrough
434483,ct_eversource_non-hp_base_epmc_passthrough
451425,ct_eversource_non-hp_base_epmc_passthrough
454794,ct_eversource_non-hp_base_epmc_passthrough
455241,ct_eversource_non-hp_base_epmc_passthrough
467556,ct_eversource_non-hp_base_epmc_passthrough
476442,ct_eversource_non-hp_base_epmc_passthrough
490213,ct_eversource_non-hp_base_epmc_passthrough
500821,ct_eversource_non-hp_base_epmc_passthrough
521242,ct_eversource_non-hp_base_epmc_passthrough
523355,ct_eversource_non-hp_base_epmc_passthrough
542247,ct_eversource_non-hp_base_epmc_passthrough
543247,ct_eversource_non-hp_base_epmc_passthrough
543612,ct_eversource_non-hp_base_epmc_passthrough
549100,ct_eversource_non-hp_base_epmc_passthrough
85002,ct_eversource_non-hp_base_epmc_passthrough
244258,ct_eversource_non-hp_base_epmc_passthrough
248237,ct_eversource_non-hp_base_epmc_passthrough
149118,ct_eversource_non-hp_base_epmc_passthrough
385856,ct_eversource_non-hp_base_epmc_passthrough
238190,ct_eversource_non-hp_base_epmc_passthrough
353154,ct_eversource_non-hp_base_epmc_passthrough
339299,ct_eversource_non-hp_base_epmc_passthrough
376097,ct_eversource_non-hp_base_epmc_passthrough
3154,ct_eversource_non-hp_base_epmc_passthrough
69832,ct_eversource_non-hp_base_epmc_passthrough
73380,ct_eversource_non-hp_base_epmc_passthrough
120756,ct_eversource_non-hp_base_epmc_passthrough
231500,ct_eversource_non-hp_base_epmc_passthrough
155993,ct_eversource_non-hp_base_epmc_passthrough
170761,ct_eversource_non-hp_base_epmc_passthrough
182730,ct_eversource_non-hp_base_epmc_passthrough
311592,ct_eversource_non-hp_base_epmc_passthrough
162745,ct_eversource_non-hp_base_epmc_passthrough
192384,ct_eversource_non-hp_base_epmc_passthrough
149062,ct_eversource_non-hp_base_epmc_passthrough
191944,ct_eversource_non-hp_base_epmc_passthrough
243924,ct_eversource_non-hp_base_epmc_passthrough
405100,ct_eversource_non-hp_base_epmc_passthrough
410555,ct_eversource_non-hp_base_epmc_passthrough
418596,ct_eversource_non-hp_base_epmc_passthrough
421364,ct_eversource_non-hp_base_epmc_passthrough
431114,ct_eversource_non-hp_base_epmc_passthrough
441634,ct_eversource_non-hp_base_epmc_passthrough
451143,ct_eversource_non-hp_base_epmc_passthrough
454683,ct_eversource_non-hp_base_epmc_passthrough
460454,ct_eversource_non-hp_base_epmc_passthrough
464184,ct_eversource_non-hp_base_epmc_passthrough
467830,ct_eversource_non-hp_base_epmc_passthrough
471821,ct_eversource_non-hp_base_epmc_passthrough
473583,ct_eversource_non-hp_base_epmc_passthrough
480262,ct_eversource_non-hp_base_epmc_passthrough
494593,ct_eversource_non-hp_base_epmc_passthrough
497005,ct_eversource_non-hp_base_epmc_passthrough
507419,ct_eversource_non-hp_base_epmc_passthrough
508239,ct_eversource_non-hp_base_epmc_passthrough
508519,ct_eversource_non-hp_base_epmc_passthrough
508910,ct_eversource_non-hp_base_epmc_passthrough
518006,ct_eversource_non-hp_base_epmc_passthrough
530283,ct_eversource_non-hp_base_epmc_passthrough
538180,ct_eversource_non-hp_base_epmc_passthrough
2353,ct_eversource_non-hp_base_epmc_passthrough
4174,ct_eversource_non-hp_base_epmc_passthrough
4275,ct_eversource_non-hp_base_epmc_passthrough
6883,ct_eversource_non-hp_base_epmc_passthrough
7747,ct_eversource_non-hp_base_epmc_passthrough
15817,ct_eversource_non-hp_base_epmc_passthrough
16249,ct_eversource_non-hp_base_epmc_passthrough
18617,ct_eversource_hp_flat_epmc_passthrough
18640,ct_eversource_non-hp_base_epmc_passthrough
20461,ct_eversource_non-hp_base_epmc_passthrough
20877,ct_eversource_non-hp_base_epmc_passthrough
27243,ct_eversource_non-hp_base_epmc_passthrough
28578,ct_eversource_non-hp_base_epmc_passthrough
30020,ct_eversource_non-hp_base_epmc_passthrough
38423,ct_eversource_non-hp_base_epmc_passthrough
50614,ct_eversource_non-hp_base_epmc_passthrough
50625,ct_eversource_non-hp_base_epmc_passthrough
50671,ct_eversource_non-hp_base_epmc_passthrough
61520,ct_eversource_non-hp_base_epmc_passthrough
64829,ct_eversource_non-hp_base_epmc_passthrough
68385,ct_eversource_non-hp_base_epmc_passthrough
73909,ct_eversource_non-hp_base_epmc_passthrough
74082,ct_eversource_non-hp_base_epmc_passthrough
77766,ct_eversource_non-hp_base_epmc_passthrough
98080,ct_eversource_non-hp_base_epmc_passthrough
99280,ct_eversource_non-hp_base_epmc_passthrough
100366,ct_eversource_non-hp_base_epmc_passthrough
103790,ct_eversource_non-hp_base_epmc_passthrough
106676,ct_eversource_non-hp_base_epmc_passthrough
108193,ct_eversource_non-hp_base_epmc_passthrough
109710,ct_eversource_non-hp_base_epmc_passthrough
111057,ct_eversource_non-hp_base_epmc_passthrough
111495,ct_eversource_non-hp_base_epmc_passthrough
115771,ct_eversource_non-hp_base_epmc_passthrough
115827,ct_eversource_non-hp_base_epmc_passthrough
125377,ct_eversource_non-hp_base_epmc_passthrough
125695,ct_eversource_non-hp_base_epmc_passthrough
135239,ct_eversource_non-hp_base_epmc_passthrough
223232,ct_eversource_non-hp_base_epmc_passthrough
384391,ct_eversource_hp_flat_epmc_passthrough
306652,ct_eversource_non-hp_base_epmc_passthrough
363729,ct_eversource_non-hp_base_epmc_passthrough
340100,ct_eversource_non-hp_base_epmc_passthrough
364356,ct_eversource_non-hp_base_epmc_passthrough
201756,ct_eversource_non-hp_base_epmc_passthrough
281847,ct_eversource_non-hp_base_epmc_passthrough
395189,ct_eversource_non-hp_base_epmc_passthrough
281710,ct_eversource_non-hp_base_epmc_passthrough
279732,ct_eversource_non-hp_base_epmc_passthrough
157709,ct_eversource_non-hp_base_epmc_passthrough
148361,ct_eversource_non-hp_base_epmc_passthrough
146197,ct_eversource_non-hp_base_epmc_passthrough
150419,ct_eversource_non-hp_base_epmc_passthrough
154921,ct_eversource_non-hp_base_epmc_passthrough
160258,ct_eversource_non-hp_base_epmc_passthrough
161086,ct_eversource_non-hp_base_epmc_passthrough
164172,ct_eversource_non-hp_base_epmc_passthrough
167028,ct_eversource_non-hp_base_epmc_passthrough
168741,ct_eversource_non-hp_base_epmc_passthrough
198578,ct_eversource_non-hp_base_epmc_passthrough
202021,ct_eversource_non-hp_base_epmc_passthrough
207521,ct_eversource_non-hp_base_epmc_passthrough
212274,ct_eversource_non-hp_base_epmc_passthrough
214727,ct_eversource_non-hp_base_epmc_passthrough
215434,ct_eversource_hp_flat_epmc_passthrough
221053,ct_eversource_non-hp_base_epmc_passthrough
231161,ct_eversource_non-hp_base_epmc_passthrough
232840,ct_eversource_non-hp_base_epmc_passthrough
243631,ct_eversource_non-hp_base_epmc_passthrough
265280,ct_eversource_non-hp_base_epmc_passthrough
267183,ct_eversource_non-hp_base_epmc_passthrough
267639,ct_eversource_non-hp_base_epmc_passthrough
356964,ct_eversource_non-hp_base_epmc_passthrough
356635,ct_eversource_non-hp_base_epmc_passthrough
278202,ct_eversource_non-hp_base_epmc_passthrough
276001,ct_eversource_non-hp_base_epmc_passthrough
366762,ct_eversource_non-hp_base_epmc_passthrough
407141,ct_eversource_non-hp_base_epmc_passthrough
324555,ct_eversource_non-hp_base_epmc_passthrough
373683,ct_eversource_non-hp_base_epmc_passthrough
388109,ct_eversource_non-hp_base_epmc_passthrough
291407,ct_eversource_non-hp_base_epmc_passthrough
275297,ct_eversource_non-hp_base_epmc_passthrough
286758,ct_eversource_non-hp_base_epmc_passthrough
290162,ct_eversource_non-hp_base_epmc_passthrough
294431,ct_eversource_non-hp_base_epmc_passthrough
316463,ct_eversource_hp_flat_epmc_passthrough
324312,ct_eversource_non-hp_base_epmc_passthrough
326543,ct_eversource_hp_flat_epmc_passthrough
351414,ct_eversource_non-hp_base_epmc_passthrough
354241,ct_eversource_non-hp_base_epmc_passthrough
361533,ct_eversource_non-hp_base_epmc_passthrough
363022,ct_eversource_non-hp_base_epmc_passthrough
378273,ct_eversource_non-hp_base_epmc_passthrough
381424,ct_eversource_non-hp_base_epmc_passthrough
395985,ct_eversource_non-hp_base_epmc_passthrough
397261,ct_eversource_non-hp_base_epmc_passthrough
6006,ct_eversource_non-hp_base_epmc_passthrough
300832,ct_eversource_non-hp_base_epmc_passthrough
455479,ct_eversource_non-hp_base_epmc_passthrough
482224,ct_eversource_non-hp_base_epmc_passthrough
484587,ct_eversource_non-hp_base_epmc_passthrough
496235,ct_eversource_non-hp_base_epmc_passthrough
503915,ct_eversource_non-hp_base_epmc_passthrough
509779,ct_eversource_non-hp_base_epmc_passthrough
520167,ct_eversource_non-hp_base_epmc_passthrough
539452,ct_eversource_non-hp_base_epmc_passthrough
118331,ct_eversource_non-hp_base_epmc_passthrough
538936,ct_eversource_non-hp_base_epmc_passthrough
260078,ct_eversource_non-hp_base_epmc_passthrough
386481,ct_eversource_non-hp_base_epmc_passthrough
481620,ct_eversource_non-hp_base_epmc_passthrough
448947,ct_eversource_non-hp_base_epmc_passthrough
491400,ct_eversource_non-hp_base_epmc_passthrough
315840,ct_eversource_non-hp_base_epmc_passthrough
290788,ct_eversource_non-hp_base_epmc_passthrough
208314,ct_eversource_non-hp_base_epmc_passthrough
232099,ct_eversource_non-hp_base_epmc_passthrough
238945,ct_eversource_non-hp_base_epmc_passthrough
262932,ct_eversource_non-hp_base_epmc_passthrough
71224,ct_eversource_non-hp_base_epmc_passthrough
440247,ct_eversource_non-hp_base_epmc_passthrough
528131,ct_eversource_non-hp_base_epmc_passthrough
398582,ct_eversource_non-hp_base_epmc_passthrough
113181,ct_eversource_non-hp_base_epmc_passthrough
55313,ct_eversource_non-hp_base_epmc_passthrough
405051,ct_eversource_non-hp_base_epmc_passthrough
410412,ct_eversource_non-hp_base_epmc_passthrough
325717,ct_eversource_non-hp_base_epmc_passthrough
383535,ct_eversource_non-hp_base_epmc_passthrough
387384,ct_eversource_non-hp_base_epmc_passthrough
265729,ct_eversource_non-hp_base_epmc_passthrough
35840,ct_eversource_non-hp_base_epmc_passthrough
429590,ct_eversource_non-hp_base_epmc_passthrough
126645,ct_eversource_non-hp_base_epmc_passthrough
201985,ct_eversource_non-hp_base_epmc_passthrough
150667,ct_eversource_non-hp_base_epmc_passthrough
155082,ct_eversource_non-hp_base_epmc_passthrough
247231,ct_eversource_non-hp_base_epmc_passthrough
386117,ct_eversource_non-hp_base_epmc_passthrough
314854,ct_eversource_hp_flat_epmc_passthrough
14078,ct_eversource_non-hp_base_epmc_passthrough
108548,ct_eversource_non-hp_base_epmc_passthrough
138786,ct_eversource_non-hp_base_epmc_passthrough
491812,ct_eversource_non-hp_base_epmc_passthrough
231205,ct_eversource_non-hp_base_epmc_passthrough
533976,ct_eversource_non-hp_base_epmc_passthrough
441679,ct_eversource_non-hp_base_epmc_passthrough
464901,ct_eversource_non-hp_base_epmc_passthrough
478478,ct_eversource_non-hp_base_epmc_passthrough
506411,ct_eversource_non-hp_base_epmc_passthrough
266745,ct_eversource_non-hp_base_epmc_passthrough
201559,ct_eversource_non-hp_base_epmc_passthrough
426618,ct_eversource_non-hp_base_epmc_passthrough
431949,ct_eversource_non-hp_base_epmc_passthrough
432077,ct_eversource_hp_flat_epmc_passthrough
447710,ct_eversource_non-hp_base_epmc_passthrough
452470,ct_eversource_non-hp_base_epmc_passthrough
472670,ct_eversource_non-hp_base_epmc_passthrough
548796,ct_eversource_non-hp_base_epmc_passthrough
37236,ct_eversource_non-hp_base_epmc_passthrough
372529,ct_eversource_non-hp_base_epmc_passthrough
79702,ct_eversource_hp_flat_epmc_passthrough
41021,ct_eversource_non-hp_base_epmc_passthrough
100927,ct_eversource_non-hp_base_epmc_passthrough
103158,ct_eversource_non-hp_base_epmc_passthrough
182134,ct_eversource_non-hp_base_epmc_passthrough
183175,ct_eversource_non-hp_base_epmc_passthrough
368741,ct_eversource_non-hp_base_epmc_passthrough
324099,ct_eversource_non-hp_base_epmc_passthrough
158835,ct_eversource_non-hp_base_epmc_passthrough
211466,ct_eversource_non-hp_base_epmc_passthrough
27576,ct_eversource_non-hp_base_epmc_passthrough
30667,ct_eversource_non-hp_base_epmc_passthrough
53212,ct_eversource_non-hp_base_epmc_passthrough
69628,ct_eversource_non-hp_base_epmc_passthrough
127053,ct_eversource_non-hp_base_epmc_passthrough
234407,ct_eversource_non-hp_base_epmc_passthrough
188714,ct_eversource_non-hp_base_epmc_passthrough
360945,ct_eversource_non-hp_base_epmc_passthrough
188282,ct_eversource_non-hp_base_epmc_passthrough
215946,ct_eversource_non-hp_base_epmc_passthrough
152346,ct_eversource_non-hp_base_epmc_passthrough
404078,ct_eversource_non-hp_base_epmc_passthrough
177756,ct_eversource_non-hp_base_epmc_passthrough
200504,ct_eversource_non-hp_base_epmc_passthrough
221411,ct_eversource_non-hp_base_epmc_passthrough
318217,ct_eversource_non-hp_base_epmc_passthrough
415592,ct_eversource_non-hp_base_epmc_passthrough
423277,ct_eversource_non-hp_base_epmc_passthrough
427998,ct_eversource_non-hp_base_epmc_passthrough
432173,ct_eversource_non-hp_base_epmc_passthrough
438671,ct_eversource_non-hp_base_epmc_passthrough
442434,ct_eversource_non-hp_base_epmc_passthrough
446358,ct_eversource_non-hp_base_epmc_passthrough
447191,ct_eversource_non-hp_base_epmc_passthrough
459216,ct_eversource_non-hp_base_epmc_passthrough
464659,ct_eversource_non-hp_base_epmc_passthrough
470065,ct_eversource_non-hp_base_epmc_passthrough
470066,ct_eversource_non-hp_base_epmc_passthrough
475291,ct_eversource_non-hp_base_epmc_passthrough
481914,ct_eversource_non-hp_base_epmc_passthrough
492203,ct_eversource_non-hp_base_epmc_passthrough
498983,ct_eversource_non-hp_base_epmc_passthrough
500206,ct_eversource_non-hp_base_epmc_passthrough
501485,ct_eversource_non-hp_base_epmc_passthrough
508700,ct_eversource_non-hp_base_epmc_passthrough
509852,ct_eversource_non-hp_base_epmc_passthrough
512927,ct_eversource_non-hp_base_epmc_passthrough
516407,ct_eversource_non-hp_base_epmc_passthrough
532172,ct_eversource_non-hp_base_epmc_passthrough
533296,ct_eversource_non-hp_base_epmc_passthrough
542121,ct_eversource_non-hp_base_epmc_passthrough
546407,ct_eversource_hp_flat_epmc_passthrough
549975,ct_eversource_non-hp_base_epmc_passthrough
9636,ct_eversource_non-hp_base_epmc_passthrough
9864,ct_eversource_non-hp_base_epmc_passthrough
22039,ct_eversource_non-hp_base_epmc_passthrough
22336,ct_eversource_non-hp_base_epmc_passthrough
22542,ct_eversource_non-hp_base_epmc_passthrough
23039,ct_eversource_non-hp_base_epmc_passthrough
25836,ct_eversource_non-hp_base_epmc_passthrough
31488,ct_eversource_non-hp_base_epmc_passthrough
38051,ct_eversource_non-hp_base_epmc_passthrough
39252,ct_eversource_non-hp_base_epmc_passthrough
40980,ct_eversource_non-hp_base_epmc_passthrough
45173,ct_eversource_non-hp_base_epmc_passthrough
46384,ct_eversource_non-hp_base_epmc_passthrough
50058,ct_eversource_hp_flat_epmc_passthrough
55846,ct_eversource_non-hp_base_epmc_passthrough
61362,ct_eversource_non-hp_base_epmc_passthrough
72386,ct_eversource_non-hp_base_epmc_passthrough
74455,ct_eversource_non-hp_base_epmc_passthrough
84435,ct_eversource_non-hp_base_epmc_passthrough
87526,ct_eversource_non-hp_base_epmc_passthrough
89409,ct_eversource_non-hp_base_epmc_passthrough
102052,ct_eversource_non-hp_base_epmc_passthrough
107878,ct_eversource_non-hp_base_epmc_passthrough
109102,ct_eversource_non-hp_base_epmc_passthrough
110571,ct_eversource_non-hp_base_epmc_passthrough
112550,ct_eversource_non-hp_base_epmc_passthrough
112660,ct_eversource_non-hp_base_epmc_passthrough
116050,ct_eversource_non-hp_base_epmc_passthrough
127446,ct_eversource_non-hp_base_epmc_passthrough
127474,ct_eversource_non-hp_base_epmc_passthrough
127706,ct_eversource_hp_flat_epmc_passthrough
130227,ct_eversource_non-hp_base_epmc_passthrough
130778,ct_eversource_non-hp_base_epmc_passthrough
134458,ct_eversource_non-hp_base_epmc_passthrough
137166,ct_eversource_non-hp_base_epmc_passthrough
137576,ct_eversource_non-hp_base_epmc_passthrough
141865,ct_eversource_non-hp_base_epmc_passthrough
387012,ct_eversource_non-hp_base_epmc_passthrough
241376,ct_eversource_non-hp_base_epmc_passthrough
206343,ct_eversource_non-hp_base_epmc_passthrough
194343,ct_eversource_non-hp_base_epmc_passthrough
239186,ct_eversource_non-hp_base_epmc_passthrough
404099,ct_eversource_non-hp_base_epmc_passthrough
344757,ct_eversource_non-hp_base_epmc_passthrough
263519,ct_eversource_non-hp_base_epmc_passthrough
405059,ct_eversource_non-hp_base_epmc_passthrough
152274,ct_eversource_non-hp_base_epmc_passthrough
222977,ct_eversource_non-hp_base_epmc_passthrough
170339,ct_eversource_non-hp_base_epmc_passthrough
147077,ct_eversource_non-hp_base_epmc_passthrough
223922,ct_eversource_non-hp_base_epmc_passthrough
355513,ct_eversource_non-hp_base_epmc_passthrough
401878,ct_eversource_non-hp_base_epmc_passthrough
149533,ct_eversource_non-hp_base_epmc_passthrough
151394,ct_eversource_non-hp_base_epmc_passthrough
155349,ct_eversource_non-hp_base_epmc_passthrough
159435,ct_eversource_non-hp_base_epmc_passthrough
160713,ct_eversource_non-hp_base_epmc_passthrough
164330,ct_eversource_non-hp_base_epmc_passthrough
164726,ct_eversource_non-hp_base_epmc_passthrough
166026,ct_eversource_non-hp_base_epmc_passthrough
184916,ct_eversource_non-hp_base_epmc_passthrough
190285,ct_eversource_non-hp_base_epmc_passthrough
195246,ct_eversource_non-hp_base_epmc_passthrough
195409,ct_eversource_non-hp_base_epmc_passthrough
197131,ct_eversource_non-hp_base_epmc_passthrough
197476,ct_eversource_non-hp_base_epmc_passthrough
197995,ct_eversource_non-hp_base_epmc_passthrough
198211,ct_eversource_non-hp_base_epmc_passthrough
201473,ct_eversource_non-hp_base_epmc_passthrough
204304,ct_eversource_non-hp_base_epmc_passthrough
207843,ct_eversource_non-hp_base_epmc_passthrough
209535,ct_eversource_non-hp_base_epmc_passthrough
231443,ct_eversource_non-hp_base_epmc_passthrough
235903,ct_eversource_non-hp_base_epmc_passthrough
236211,ct_eversource_non-hp_base_epmc_passthrough
250520,ct_eversource_non-hp_base_epmc_passthrough
262462,ct_eversource_non-hp_base_epmc_passthrough
268203,ct_eversource_non-hp_base_epmc_passthrough
288179,ct_eversource_non-hp_base_epmc_passthrough
280816,ct_eversource_non-hp_base_epmc_passthrough
374909,ct_eversource_non-hp_base_epmc_passthrough
309661,ct_eversource_non-hp_base_epmc_passthrough
343396,ct_eversource_non-hp_base_epmc_passthrough
294835,ct_eversource_non-hp_base_epmc_passthrough
336805,ct_eversource_non-hp_base_epmc_passthrough
279061,ct_eversource_non-hp_base_epmc_passthrough
294803,ct_eversource_non-hp_base_epmc_passthrough
295792,ct_eversource_non-hp_base_epmc_passthrough
299542,ct_eversource_non-hp_base_epmc_passthrough
300723,ct_eversource_non-hp_base_epmc_passthrough
340179,ct_eversource_non-hp_base_epmc_passthrough
352646,ct_eversource_non-hp_base_epmc_passthrough
355452,ct_eversource_non-hp_base_epmc_passthrough
361019,ct_eversource_non-hp_base_epmc_passthrough
369704,ct_eversource_non-hp_base_epmc_passthrough
378844,ct_eversource_non-hp_base_epmc_passthrough
391048,ct_eversource_non-hp_base_epmc_passthrough
436830,ct_eversource_non-hp_base_epmc_passthrough
30010,ct_eversource_non-hp_base_epmc_passthrough
237430,ct_eversource_non-hp_base_epmc_passthrough
413098,ct_eversource_non-hp_base_epmc_passthrough
433495,ct_eversource_non-hp_base_epmc_passthrough
451839,ct_eversource_non-hp_base_epmc_passthrough
472643,ct_eversource_non-hp_base_epmc_passthrough
492432,ct_eversource_non-hp_base_epmc_passthrough
496425,ct_eversource_non-hp_base_epmc_passthrough
509585,ct_eversource_non-hp_base_epmc_passthrough
521090,ct_eversource_non-hp_base_epmc_passthrough
535665,ct_eversource_non-hp_base_epmc_passthrough
540005,ct_eversource_non-hp_base_epmc_passthrough
541018,ct_eversource_non-hp_base_epmc_passthrough
129025,ct_eversource_non-hp_base_epmc_passthrough
131784,ct_eversource_non-hp_base_epmc_passthrough
163354,ct_eversource_non-hp_base_epmc_passthrough
416179,ct_eversource_non-hp_base_epmc_passthrough
421245,ct_eversource_non-hp_base_epmc_passthrough
438538,ct_eversource_non-hp_base_epmc_passthrough
521786,ct_eversource_non-hp_base_epmc_passthrough
212901,ct_eversource_non-hp_base_epmc_passthrough
185955,ct_eversource_non-hp_base_epmc_passthrough
223868,ct_eversource_non-hp_base_epmc_passthrough
362142,ct_eversource_non-hp_base_epmc_passthrough
449707,ct_eversource_non-hp_base_epmc_passthrough
222277,ct_eversource_non-hp_base_epmc_passthrough
268067,ct_eversource_non-hp_base_epmc_passthrough
493789,ct_eversource_non-hp_base_epmc_passthrough
99099,ct_eversource_non-hp_base_epmc_passthrough
137557,ct_eversource_non-hp_base_epmc_passthrough
39749,ct_eversource_non-hp_base_epmc_passthrough
367025,ct_eversource_non-hp_base_epmc_passthrough
399111,ct_eversource_non-hp_base_epmc_passthrough
319853,ct_eversource_non-hp_base_epmc_passthrough
336101,ct_eversource_non-hp_base_epmc_passthrough
378832,ct_eversource_non-hp_base_epmc_passthrough
406197,ct_eversource_non-hp_base_epmc_passthrough
406372,ct_eversource_non-hp_base_epmc_passthrough
504712,ct_eversource_non-hp_base_epmc_passthrough
33479,ct_eversource_non-hp_base_epmc_passthrough
86406,ct_eversource_non-hp_base_epmc_passthrough
431915,ct_eversource_non-hp_base_epmc_passthrough
479583,ct_eversource_non-hp_base_epmc_passthrough
543573,ct_eversource_non-hp_base_epmc_passthrough
107945,ct_eversource_non-hp_base_epmc_passthrough
113294,ct_eversource_non-hp_base_epmc_passthrough
182800,ct_eversource_non-hp_base_epmc_passthrough
249626,ct_eversource_non-hp_base_epmc_passthrough
481543,ct_eversource_non-hp_base_epmc_passthrough
532452,ct_eversource_non-hp_base_epmc_passthrough
541267,ct_eversource_non-hp_base_epmc_passthrough
438807,ct_eversource_non-hp_base_epmc_passthrough
59424,ct_eversource_non-hp_base_epmc_passthrough
91640,ct_eversource_non-hp_base_epmc_passthrough
132619,ct_eversource_non-hp_base_epmc_passthrough
65969,ct_eversource_non-hp_base_epmc_passthrough
515929,ct_eversource_non-hp_base_epmc_passthrough
159782,ct_eversource_non-hp_base_epmc_passthrough
206661,ct_eversource_non-hp_base_epmc_passthrough
215670,ct_eversource_non-hp_base_epmc_passthrough
399525,ct_eversource_non-hp_base_epmc_passthrough
358115,ct_eversource_non-hp_base_epmc_passthrough
311293,ct_eversource_non-hp_base_epmc_passthrough
56074,ct_eversource_non-hp_base_epmc_passthrough
395762,ct_eversource_non-hp_base_epmc_passthrough
464732,ct_eversource_non-hp_base_epmc_passthrough
222274,ct_eversource_non-hp_base_epmc_passthrough
306840,ct_eversource_non-hp_base_epmc_passthrough
417089,ct_eversource_non-hp_base_epmc_passthrough
428866,ct_eversource_non-hp_base_epmc_passthrough
431483,ct_eversource_non-hp_base_epmc_passthrough
433001,ct_eversource_non-hp_base_epmc_passthrough
444551,ct_eversource_non-hp_base_epmc_passthrough
473002,ct_eversource_non-hp_base_epmc_passthrough
478785,ct_eversource_non-hp_base_epmc_passthrough
485212,ct_eversource_non-hp_base_epmc_passthrough
518295,ct_eversource_non-hp_base_epmc_passthrough
529244,ct_eversource_non-hp_base_epmc_passthrough
548997,ct_eversource_non-hp_base_epmc_passthrough
367868,ct_eversource_non-hp_base_epmc_passthrough
400163,ct_eversource_non-hp_base_epmc_passthrough
20008,ct_eversource_non-hp_base_epmc_passthrough
98947,ct_eversource_non-hp_base_epmc_passthrough
74609,ct_eversource_non-hp_base_epmc_passthrough
232187,ct_eversource_non-hp_base_epmc_passthrough
345551,ct_eversource_non-hp_base_epmc_passthrough
248667,ct_eversource_non-hp_base_epmc_passthrough
351878,ct_eversource_non-hp_base_epmc_passthrough
344692,ct_eversource_non-hp_base_epmc_passthrough
12771,ct_eversource_non-hp_base_epmc_passthrough
35534,ct_eversource_non-hp_base_epmc_passthrough
43359,ct_eversource_non-hp_base_epmc_passthrough
183820,ct_eversource_non-hp_base_epmc_passthrough
225651,ct_eversource_non-hp_base_epmc_passthrough
363956,ct_eversource_non-hp_base_epmc_passthrough
321439,ct_eversource_non-hp_base_epmc_passthrough
379629,ct_eversource_non-hp_base_epmc_passthrough
192461,ct_eversource_non-hp_base_epmc_passthrough
215692,ct_eversource_non-hp_base_epmc_passthrough
226236,ct_eversource_non-hp_base_epmc_passthrough
232686,ct_eversource_non-hp_base_epmc_passthrough
400217,ct_eversource_non-hp_base_epmc_passthrough
416144,ct_eversource_non-hp_base_epmc_passthrough
423963,ct_eversource_non-hp_base_epmc_passthrough
429768,ct_eversource_non-hp_base_epmc_passthrough
450863,ct_eversource_non-hp_base_epmc_passthrough
454094,ct_eversource_non-hp_base_epmc_passthrough
456568,ct_eversource_non-hp_base_epmc_passthrough
466791,ct_eversource_non-hp_base_epmc_passthrough
469372,ct_eversource_non-hp_base_epmc_passthrough
477335,ct_eversource_non-hp_base_epmc_passthrough
484920,ct_eversource_non-hp_base_epmc_passthrough
485567,ct_eversource_non-hp_base_epmc_passthrough
486773,ct_eversource_non-hp_base_epmc_passthrough
488167,ct_eversource_non-hp_base_epmc_passthrough
489733,ct_eversource_non-hp_base_epmc_passthrough
497828,ct_eversource_non-hp_base_epmc_passthrough
499154,ct_eversource_non-hp_base_epmc_passthrough
502886,ct_eversource_non-hp_base_epmc_passthrough
506159,ct_eversource_non-hp_base_epmc_passthrough
510448,ct_eversource_non-hp_base_epmc_passthrough
522532,ct_eversource_non-hp_base_epmc_passthrough
522759,ct_eversource_non-hp_base_epmc_passthrough
525758,ct_eversource_non-hp_base_epmc_passthrough
527406,ct_eversource_non-hp_base_epmc_passthrough
535238,ct_eversource_non-hp_base_epmc_passthrough
535414,ct_eversource_non-hp_base_epmc_passthrough
535836,ct_eversource_non-hp_base_epmc_passthrough
535941,ct_eversource_non-hp_base_epmc_passthrough
10324,ct_eversource_non-hp_base_epmc_passthrough
13102,ct_eversource_non-hp_base_epmc_passthrough
18789,ct_eversource_non-hp_base_epmc_passthrough
22333,ct_eversource_non-hp_base_epmc_passthrough
26760,ct_eversource_non-hp_base_epmc_passthrough
29012,ct_eversource_non-hp_base_epmc_passthrough
34569,ct_eversource_non-hp_base_epmc_passthrough
38046,ct_eversource_non-hp_base_epmc_passthrough
42412,ct_eversource_non-hp_base_epmc_passthrough
44052,ct_eversource_non-hp_base_epmc_passthrough
48305,ct_eversource_non-hp_base_epmc_passthrough
48790,ct_eversource_non-hp_base_epmc_passthrough
50310,ct_eversource_non-hp_base_epmc_passthrough
52074,ct_eversource_non-hp_base_epmc_passthrough
52396,ct_eversource_non-hp_base_epmc_passthrough
54281,ct_eversource_non-hp_base_epmc_passthrough
58974,ct_eversource_non-hp_base_epmc_passthrough
60966,ct_eversource_non-hp_base_epmc_passthrough
66302,ct_eversource_non-hp_base_epmc_passthrough
72825,ct_eversource_non-hp_base_epmc_passthrough
74862,ct_eversource_non-hp_base_epmc_passthrough
85463,ct_eversource_non-hp_base_epmc_passthrough
86045,ct_eversource_non-hp_base_epmc_passthrough
90983,ct_eversource_non-hp_base_epmc_passthrough
95471,ct_eversource_non-hp_base_epmc_passthrough
96534,ct_eversource_non-hp_base_epmc_passthrough
108113,ct_eversource_non-hp_base_epmc_passthrough
113353,ct_eversource_non-hp_base_epmc_passthrough
113506,ct_eversource_non-hp_base_epmc_passthrough
118110,ct_eversource_non-hp_base_epmc_passthrough
126281,ct_eversource_non-hp_base_epmc_passthrough
130986,ct_eversource_non-hp_base_epmc_passthrough
395583,ct_eversource_non-hp_base_epmc_passthrough
244714,ct_eversource_hp_flat_epmc_passthrough
164495,ct_eversource_hp_flat_epmc_passthrough
187372,ct_eversource_non-hp_base_epmc_passthrough
263527,ct_eversource_non-hp_base_epmc_passthrough
253855,ct_eversource_non-hp_base_epmc_passthrough
367796,ct_eversource_non-hp_base_epmc_passthrough
395100,ct_eversource_non-hp_base_epmc_passthrough
256232,ct_eversource_non-hp_base_epmc_passthrough
185590,ct_eversource_non-hp_base_epmc_passthrough
159335,ct_eversource_non-hp_base_epmc_passthrough
153527,ct_eversource_non-hp_base_epmc_passthrough
185642,ct_eversource_non-hp_base_epmc_passthrough
392680,ct_eversource_non-hp_base_epmc_passthrough
314489,ct_eversource_non-hp_base_epmc_passthrough
187921,ct_eversource_non-hp_base_epmc_passthrough
329417,ct_eversource_non-hp_base_epmc_passthrough
178008,ct_eversource_non-hp_base_epmc_passthrough
257682,ct_eversource_non-hp_base_epmc_passthrough
349315,ct_eversource_non-hp_base_epmc_passthrough
289023,ct_eversource_non-hp_base_epmc_passthrough
139506,ct_eversource_non-hp_base_epmc_passthrough
142772,ct_eversource_hp_flat_epmc_passthrough
153589,ct_eversource_non-hp_base_epmc_passthrough
165872,ct_eversource_non-hp_base_epmc_passthrough
174657,ct_eversource_non-hp_base_epmc_passthrough
182029,ct_eversource_non-hp_base_epmc_passthrough
190668,ct_eversource_non-hp_base_epmc_passthrough
194918,ct_eversource_non-hp_base_epmc_passthrough
199525,ct_eversource_non-hp_base_epmc_passthrough
212363,ct_eversource_non-hp_base_epmc_passthrough
216890,ct_eversource_non-hp_base_epmc_passthrough
229795,ct_eversource_non-hp_base_epmc_passthrough
230972,ct_eversource_non-hp_base_epmc_passthrough
231057,ct_eversource_non-hp_base_epmc_passthrough
236915,ct_eversource_non-hp_base_epmc_passthrough
239353,ct_eversource_non-hp_base_epmc_passthrough
256182,ct_eversource_non-hp_base_epmc_passthrough
259860,ct_eversource_non-hp_base_epmc_passthrough
261326,ct_eversource_non-hp_base_epmc_passthrough
335915,ct_eversource_non-hp_base_epmc_passthrough
399175,ct_eversource_non-hp_base_epmc_passthrough
383008,ct_eversource_non-hp_base_epmc_passthrough
367624,ct_eversource_non-hp_base_epmc_passthrough
339605,ct_eversource_non-hp_base_epmc_passthrough
373956,ct_eversource_non-hp_base_epmc_passthrough
400851,ct_eversource_non-hp_base_epmc_passthrough
299316,ct_eversource_non-hp_base_epmc_passthrough
358936,ct_eversource_non-hp_base_epmc_passthrough
386156,ct_eversource_non-hp_base_epmc_passthrough
284925,ct_eversource_non-hp_base_epmc_passthrough
316309,ct_eversource_non-hp_base_epmc_passthrough
324161,ct_eversource_non-hp_base_epmc_passthrough
326049,ct_eversource_non-hp_base_epmc_passthrough
342529,ct_eversource_non-hp_base_epmc_passthrough
351701,ct_eversource_non-hp_base_epmc_passthrough
366916,ct_eversource_non-hp_base_epmc_passthrough
366920,ct_eversource_non-hp_base_epmc_passthrough
372485,ct_eversource_hp_flat_epmc_passthrough
395566,ct_eversource_non-hp_base_epmc_passthrough
409096,ct_eversource_non-hp_base_epmc_passthrough
409480,ct_eversource_non-hp_base_epmc_passthrough
8050,ct_eversource_non-hp_base_epmc_passthrough
440914,ct_eversource_non-hp_base_epmc_passthrough
393590,ct_eversource_non-hp_base_epmc_passthrough
311576,ct_eversource_non-hp_base_epmc_passthrough
419620,ct_eversource_non-hp_base_epmc_passthrough
441708,ct_eversource_non-hp_base_epmc_passthrough
483180,ct_eversource_non-hp_base_epmc_passthrough
515089,ct_eversource_non-hp_base_epmc_passthrough
525855,ct_eversource_non-hp_base_epmc_passthrough
536310,ct_eversource_non-hp_base_epmc_passthrough
536928,ct_eversource_non-hp_base_epmc_passthrough
549806,ct_eversource_non-hp_base_epmc_passthrough
25909,ct_eversource_non-hp_base_epmc_passthrough
97910,ct_eversource_non-hp_base_epmc_passthrough
127303,ct_eversource_non-hp_base_epmc_passthrough
415577,ct_eversource_non-hp_base_epmc_passthrough
310115,ct_eversource_non-hp_base_epmc_passthrough
481090,ct_eversource_hp_flat_epmc_passthrough
515316,ct_eversource_non-hp_base_epmc_passthrough
295064,ct_eversource_hp_flat_epmc_passthrough
331539,ct_eversource_non-hp_base_epmc_passthrough
324092,ct_eversource_non-hp_base_epmc_passthrough
229468,ct_eversource_non-hp_base_epmc_passthrough
247034,ct_eversource_non-hp_base_epmc_passthrough
58287,ct_eversource_non-hp_base_epmc_passthrough
71584,ct_eversource_non-hp_base_epmc_passthrough
426127,ct_eversource_non-hp_base_epmc_passthrough
79407,ct_eversource_non-hp_base_epmc_passthrough
349743,ct_eversource_non-hp_base_epmc_passthrough
413869,ct_eversource_non-hp_base_epmc_passthrough
421084,ct_eversource_non-hp_base_epmc_passthrough
435437,ct_eversource_non-hp_base_epmc_passthrough
514626,ct_eversource_non-hp_base_epmc_passthrough
323899,ct_eversource_non-hp_base_epmc_passthrough
38464,ct_eversource_non-hp_base_epmc_passthrough
97418,ct_eversource_non-hp_base_epmc_passthrough
318566,ct_eversource_non-hp_base_epmc_passthrough
333817,ct_eversource_non-hp_base_epmc_passthrough
494917,ct_eversource_non-hp_base_epmc_passthrough
386083,ct_eversource_non-hp_base_epmc_passthrough
402480,ct_eversource_non-hp_base_epmc_passthrough
177282,ct_eversource_non-hp_base_epmc_passthrough
513768,ct_eversource_non-hp_base_epmc_passthrough
45971,ct_eversource_non-hp_base_epmc_passthrough
217273,ct_eversource_non-hp_base_epmc_passthrough
140685,ct_eversource_non-hp_base_epmc_passthrough
532634,ct_eversource_non-hp_base_epmc_passthrough
535156,ct_eversource_non-hp_base_epmc_passthrough
536595,ct_eversource_non-hp_base_epmc_passthrough
545188,ct_eversource_hp_flat_epmc_passthrough
189704,ct_eversource_non-hp_base_epmc_passthrough
379198,ct_eversource_non-hp_base_epmc_passthrough
7295,ct_eversource_non-hp_base_epmc_passthrough
24359,ct_eversource_non-hp_base_epmc_passthrough
64208,ct_eversource_non-hp_base_epmc_passthrough
66301,ct_eversource_non-hp_base_epmc_passthrough
100540,ct_eversource_non-hp_base_epmc_passthrough
123593,ct_eversource_non-hp_base_epmc_passthrough
180332,ct_eversource_non-hp_base_epmc_passthrough
228932,ct_eversource_non-hp_base_epmc_passthrough
257643,ct_eversource_non-hp_base_epmc_passthrough
268963,ct_eversource_non-hp_base_epmc_passthrough
286503,ct_eversource_non-hp_base_epmc_passthrough
334796,ct_eversource_non-hp_base_epmc_passthrough
386443,ct_eversource_non-hp_base_epmc_passthrough
488710,ct_eversource_hp_flat_epmc_passthrough
114727,ct_eversource_non-hp_base_epmc_passthrough
521121,ct_eversource_non-hp_base_epmc_passthrough
472886,ct_eversource_hp_flat_epmc_passthrough
425849,ct_eversource_non-hp_base_epmc_passthrough
439024,ct_eversource_non-hp_base_epmc_passthrough
444690,ct_eversource_non-hp_base_epmc_passthrough
501088,ct_eversource_non-hp_base_epmc_passthrough
23785,ct_eversource_non-hp_base_epmc_passthrough
107961,ct_eversource_non-hp_base_epmc_passthrough
135247,ct_eversource_non-hp_base_epmc_passthrough
136393,ct_eversource_non-hp_base_epmc_passthrough
179790,ct_eversource_non-hp_base_epmc_passthrough
183395,ct_eversource_non-hp_base_epmc_passthrough
396580,ct_eversource_non-hp_base_epmc_passthrough
410069,ct_eversource_non-hp_base_epmc_passthrough
412658,ct_eversource_non-hp_base_epmc_passthrough
420474,ct_eversource_non-hp_base_epmc_passthrough
421546,ct_eversource_non-hp_base_epmc_passthrough
481626,ct_eversource_non-hp_base_epmc_passthrough
498113,ct_eversource_non-hp_base_epmc_passthrough
501886,ct_eversource_non-hp_base_epmc_passthrough
514198,ct_eversource_non-hp_base_epmc_passthrough
171838,ct_eversource_non-hp_base_epmc_passthrough
221745,ct_eversource_non-hp_base_epmc_passthrough
278775,ct_eversource_non-hp_base_epmc_passthrough
242264,ct_eversource_non-hp_base_epmc_passthrough
251450,ct_eversource_non-hp_base_epmc_passthrough
67305,ct_eversource_non-hp_base_epmc_passthrough
85078,ct_eversource_non-hp_base_epmc_passthrough
114466,ct_eversource_non-hp_base_epmc_passthrough
201713,ct_eversource_non-hp_base_epmc_passthrough
5675,ct_eversource_non-hp_base_epmc_passthrough
19183,ct_eversource_non-hp_base_epmc_passthrough
86493,ct_eversource_non-hp_base_epmc_passthrough
113586,ct_eversource_non-hp_base_epmc_passthrough
135137,ct_eversource_non-hp_base_epmc_passthrough
273267,ct_eversource_non-hp_base_epmc_passthrough
147973,ct_eversource_non-hp_base_epmc_passthrough
330795,ct_eversource_non-hp_base_epmc_passthrough
213567,ct_eversource_non-hp_base_epmc_passthrough
147150,ct_eversource_non-hp_base_epmc_passthrough
149698,ct_eversource_non-hp_base_epmc_passthrough
201591,ct_eversource_non-hp_base_epmc_passthrough
334532,ct_eversource_non-hp_base_epmc_passthrough
368146,ct_eversource_non-hp_base_epmc_passthrough
383227,ct_eversource_non-hp_base_epmc_passthrough
288310,ct_eversource_non-hp_base_epmc_passthrough
418874,ct_eversource_non-hp_base_epmc_passthrough
422492,ct_eversource_non-hp_base_epmc_passthrough
423425,ct_eversource_non-hp_base_epmc_passthrough
424934,ct_eversource_non-hp_base_epmc_passthrough
426274,ct_eversource_hp_flat_epmc_passthrough
429365,ct_eversource_non-hp_base_epmc_passthrough
434822,ct_eversource_non-hp_base_epmc_passthrough
437068,ct_eversource_non-hp_base_epmc_passthrough
438211,ct_eversource_non-hp_base_epmc_passthrough
445503,ct_eversource_non-hp_base_epmc_passthrough
452661,ct_eversource_non-hp_base_epmc_passthrough
454450,ct_eversource_non-hp_base_epmc_passthrough
462432,ct_eversource_non-hp_base_epmc_passthrough
462705,ct_eversource_non-hp_base_epmc_passthrough
465211,ct_eversource_non-hp_base_epmc_passthrough
466560,ct_eversource_non-hp_base_epmc_passthrough
466927,ct_eversource_non-hp_base_epmc_passthrough
467445,ct_eversource_non-hp_base_epmc_passthrough
475601,ct_eversource_non-hp_base_epmc_passthrough
477348,ct_eversource_non-hp_base_epmc_passthrough
477554,ct_eversource_non-hp_base_epmc_passthrough
483469,ct_eversource_non-hp_base_epmc_passthrough
489872,ct_eversource_non-hp_base_epmc_passthrough
491580,ct_eversource_non-hp_base_epmc_passthrough
491860,ct_eversource_non-hp_base_epmc_passthrough
494455,ct_eversource_non-hp_base_epmc_passthrough
496484,ct_eversource_non-hp_base_epmc_passthrough
499935,ct_eversource_non-hp_base_epmc_passthrough
505266,ct_eversource_non-hp_base_epmc_passthrough
507577,ct_eversource_non-hp_base_epmc_passthrough
509191,ct_eversource_non-hp_base_epmc_passthrough
510242,ct_eversource_non-hp_base_epmc_passthrough
513160,ct_eversource_non-hp_base_epmc_passthrough
513561,ct_eversource_non-hp_base_epmc_passthrough
525872,ct_eversource_non-hp_base_epmc_passthrough
529769,ct_eversource_non-hp_base_epmc_passthrough
531291,ct_eversource_non-hp_base_epmc_passthrough
541341,ct_eversource_non-hp_base_epmc_passthrough
548202,ct_eversource_non-hp_base_epmc_passthrough
33802,ct_eversource_non-hp_base_epmc_passthrough
73192,ct_eversource_non-hp_base_epmc_passthrough
1618,ct_eversource_non-hp_base_epmc_passthrough
4999,ct_eversource_non-hp_base_epmc_passthrough
5425,ct_eversource_non-hp_base_epmc_passthrough
8528,ct_eversource_non-hp_base_epmc_passthrough
11579,ct_eversource_non-hp_base_epmc_passthrough
17783,ct_eversource_non-hp_base_epmc_passthrough
25944,ct_eversource_non-hp_base_epmc_passthrough
32547,ct_eversource_non-hp_base_epmc_passthrough
35680,ct_eversource_non-hp_base_epmc_passthrough
37648,ct_eversource_non-hp_base_epmc_passthrough
44292,ct_eversource_non-hp_base_epmc_passthrough
52707,ct_eversource_non-hp_base_epmc_passthrough
58319,ct_eversource_non-hp_base_epmc_passthrough
58776,ct_eversource_non-hp_base_epmc_passthrough
59815,ct_eversource_non-hp_base_epmc_passthrough
60316,ct_eversource_non-hp_base_epmc_passthrough
62435,ct_eversource_non-hp_base_epmc_passthrough
67815,ct_eversource_non-hp_base_epmc_passthrough
68479,ct_eversource_non-hp_base_epmc_passthrough
68769,ct_eversource_non-hp_base_epmc_passthrough
70925,ct_eversource_non-hp_base_epmc_passthrough
71693,ct_eversource_non-hp_base_epmc_passthrough
75807,ct_eversource_non-hp_base_epmc_passthrough
75852,ct_eversource_non-hp_base_epmc_passthrough
76416,ct_eversource_non-hp_base_epmc_passthrough
79077,ct_eversource_non-hp_base_epmc_passthrough
81115,ct_eversource_non-hp_base_epmc_passthrough
87667,ct_eversource_hp_flat_epmc_passthrough
89603,ct_eversource_non-hp_base_epmc_passthrough
91637,ct_eversource_non-hp_base_epmc_passthrough
110621,ct_eversource_non-hp_base_epmc_passthrough
122360,ct_eversource_non-hp_base_epmc_passthrough
138666,ct_eversource_non-hp_base_epmc_passthrough
240509,ct_eversource_non-hp_base_epmc_passthrough
174056,ct_eversource_non-hp_base_epmc_passthrough
232441,ct_eversource_non-hp_base_epmc_passthrough
332830,ct_eversource_non-hp_base_epmc_passthrough
343593,ct_eversource_non-hp_base_epmc_passthrough
268767,ct_eversource_non-hp_base_epmc_passthrough
376228,ct_eversource_non-hp_base_epmc_passthrough
142960,ct_eversource_non-hp_base_epmc_passthrough
395296,ct_eversource_hp_flat_epmc_passthrough
143951,ct_eversource_non-hp_base_epmc_passthrough
161057,ct_eversource_non-hp_base_epmc_passthrough
164739,ct_eversource_non-hp_base_epmc_passthrough
168305,ct_eversource_non-hp_base_epmc_passthrough
168367,ct_eversource_non-hp_base_epmc_passthrough
169513,ct_eversource_non-hp_base_epmc_passthrough
181849,ct_eversource_non-hp_base_epmc_passthrough
185475,ct_eversource_non-hp_base_epmc_passthrough
191793,ct_eversource_non-hp_base_epmc_passthrough
196174,ct_eversource_non-hp_base_epmc_passthrough
200183,ct_eversource_non-hp_base_epmc_passthrough
203802,ct_eversource_non-hp_base_epmc_passthrough
210821,ct_eversource_non-hp_base_epmc_passthrough
214665,ct_eversource_non-hp_base_epmc_passthrough
217939,ct_eversource_non-hp_base_epmc_passthrough
218122,ct_eversource_non-hp_base_epmc_passthrough
222848,ct_eversource_non-hp_base_epmc_passthrough
223948,ct_eversource_non-hp_base_epmc_passthrough
227785,ct_eversource_non-hp_base_epmc_passthrough
238074,ct_eversource_non-hp_base_epmc_passthrough
242165,ct_eversource_non-hp_base_epmc_passthrough
243076,ct_eversource_non-hp_base_epmc_passthrough
252861,ct_eversource_non-hp_base_epmc_passthrough
253837,ct_eversource_non-hp_base_epmc_passthrough
257361,ct_eversource_non-hp_base_epmc_passthrough
262135,ct_eversource_non-hp_base_epmc_passthrough
303508,ct_eversource_non-hp_base_epmc_passthrough
309750,ct_eversource_non-hp_base_epmc_passthrough
349049,ct_eversource_non-hp_base_epmc_passthrough
360551,ct_eversource_non-hp_base_epmc_passthrough
384795,ct_eversource_non-hp_base_epmc_passthrough
398610,ct_eversource_non-hp_base_epmc_passthrough
344643,ct_eversource_non-hp_base_epmc_passthrough
363300,ct_eversource_non-hp_base_epmc_passthrough
381913,ct_eversource_non-hp_base_epmc_passthrough
355741,ct_eversource_non-hp_base_epmc_passthrough
375050,ct_eversource_non-hp_base_epmc_passthrough
276489,ct_eversource_non-hp_base_epmc_passthrough
312217,ct_eversource_non-hp_base_epmc_passthrough
317088,ct_eversource_non-hp_base_epmc_passthrough
329319,ct_eversource_non-hp_base_epmc_passthrough
346923,ct_eversource_non-hp_base_epmc_passthrough
398785,ct_eversource_non-hp_base_epmc_passthrough
55514,ct_eversource_non-hp_base_epmc_passthrough
227285,ct_eversource_non-hp_base_epmc_passthrough
348631,ct_eversource_non-hp_base_epmc_passthrough
416365,ct_eversource_non-hp_base_epmc_passthrough
419573,ct_eversource_non-hp_base_epmc_passthrough
425390,ct_eversource_non-hp_base_epmc_passthrough
438705,ct_eversource_non-hp_base_epmc_passthrough
459686,ct_eversource_non-hp_base_epmc_passthrough
470504,ct_eversource_non-hp_base_epmc_passthrough
479352,ct_eversource_non-hp_base_epmc_passthrough
515550,ct_eversource_non-hp_base_epmc_passthrough
516081,ct_eversource_non-hp_base_epmc_passthrough
520926,ct_eversource_non-hp_base_epmc_passthrough
524288,ct_eversource_non-hp_base_epmc_passthrough
533872,ct_eversource_non-hp_base_epmc_passthrough
537530,ct_eversource_non-hp_base_epmc_passthrough
539733,ct_eversource_non-hp_base_epmc_passthrough
85046,ct_eversource_non-hp_base_epmc_passthrough
102606,ct_eversource_non-hp_base_epmc_passthrough
105564,ct_eversource_non-hp_base_epmc_passthrough
107111,ct_eversource_hp_flat_epmc_passthrough
229704,ct_eversource_non-hp_base_epmc_passthrough
233043,ct_eversource_non-hp_base_epmc_passthrough
367696,ct_eversource_non-hp_base_epmc_passthrough
168183,ct_eversource_non-hp_base_epmc_passthrough
359327,ct_eversource_non-hp_base_epmc_passthrough
160432,ct_eversource_non-hp_base_epmc_passthrough
435536,ct_eversource_non-hp_base_epmc_passthrough
187028,ct_eversource_non-hp_base_epmc_passthrough
237171,ct_eversource_non-hp_base_epmc_passthrough
266537,ct_eversource_non-hp_base_epmc_passthrough
377726,ct_eversource_non-hp_base_epmc_passthrough
449972,ct_eversource_non-hp_base_epmc_passthrough
314179,ct_eversource_non-hp_base_epmc_passthrough
336679,ct_eversource_non-hp_base_epmc_passthrough
6446,ct_eversource_non-hp_base_epmc_passthrough
387637,ct_eversource_non-hp_base_epmc_passthrough
370876,ct_eversource_non-hp_base_epmc_passthrough
455532,ct_eversource_non-hp_base_epmc_passthrough
139207,ct_eversource_non-hp_base_epmc_passthrough
104339,ct_eversource_non-hp_base_epmc_passthrough
261746,ct_eversource_non-hp_base_epmc_passthrough
140086,ct_eversource_non-hp_base_epmc_passthrough
507271,ct_eversource_non-hp_base_epmc_passthrough
532490,ct_eversource_non-hp_base_epmc_passthrough
247009,ct_eversource_non-hp_base_epmc_passthrough
118684,ct_eversource_non-hp_base_epmc_passthrough
166250,ct_eversource_non-hp_base_epmc_passthrough
192893,ct_eversource_non-hp_base_epmc_passthrough
223328,ct_eversource_non-hp_base_epmc_passthrough
291370,ct_eversource_non-hp_base_epmc_passthrough
293494,ct_eversource_non-hp_base_epmc_passthrough
370970,ct_eversource_non-hp_base_epmc_passthrough
391475,ct_eversource_non-hp_base_epmc_passthrough
199144,ct_eversource_non-hp_base_epmc_passthrough
542718,ct_eversource_non-hp_base_epmc_passthrough
288835,ct_eversource_non-hp_base_epmc_passthrough
496823,ct_eversource_non-hp_base_epmc_passthrough
69384,ct_eversource_non-hp_base_epmc_passthrough
85985,ct_eversource_non-hp_base_epmc_passthrough
337197,ct_eversource_non-hp_base_epmc_passthrough
268893,ct_eversource_non-hp_base_epmc_passthrough
422243,ct_eversource_non-hp_base_epmc_passthrough
431614,ct_eversource_non-hp_base_epmc_passthrough
434182,ct_eversource_non-hp_base_epmc_passthrough
451699,ct_eversource_non-hp_base_epmc_passthrough
471009,ct_eversource_non-hp_base_epmc_passthrough
481042,ct_eversource_non-hp_base_epmc_passthrough
532373,ct_eversource_non-hp_base_epmc_passthrough
95522,ct_eversource_non-hp_base_epmc_passthrough
364281,ct_eversource_non-hp_base_epmc_passthrough
32232,ct_eversource_non-hp_base_epmc_passthrough
73038,ct_eversource_non-hp_base_epmc_passthrough
213812,ct_eversource_non-hp_base_epmc_passthrough
38122,ct_eversource_non-hp_base_epmc_passthrough
9514,ct_eversource_non-hp_base_epmc_passthrough
57684,ct_eversource_non-hp_base_epmc_passthrough
59436,ct_eversource_non-hp_base_epmc_passthrough
69678,ct_eversource_non-hp_base_epmc_passthrough
78013,ct_eversource_non-hp_base_epmc_passthrough
105821,ct_eversource_non-hp_base_epmc_passthrough
115964,ct_eversource_non-hp_base_epmc_passthrough
126671,ct_eversource_non-hp_base_epmc_passthrough
290509,ct_eversource_non-hp_base_epmc_passthrough
232630,ct_eversource_non-hp_base_epmc_passthrough
315941,ct_eversource_non-hp_base_epmc_passthrough
187133,ct_eversource_non-hp_base_epmc_passthrough
144124,ct_eversource_non-hp_base_epmc_passthrough
241768,ct_eversource_non-hp_base_epmc_passthrough
250042,ct_eversource_non-hp_base_epmc_passthrough
296548,ct_eversource_non-hp_base_epmc_passthrough
331346,ct_eversource_non-hp_base_epmc_passthrough
297195,ct_eversource_non-hp_base_epmc_passthrough
412269,ct_eversource_non-hp_base_epmc_passthrough
418337,ct_eversource_non-hp_base_epmc_passthrough
419237,ct_eversource_non-hp_base_epmc_passthrough
419321,ct_eversource_non-hp_base_epmc_passthrough
425189,ct_eversource_hp_flat_epmc_passthrough
427261,ct_eversource_non-hp_base_epmc_passthrough
439904,ct_eversource_non-hp_base_epmc_passthrough
450553,ct_eversource_non-hp_base_epmc_passthrough
450794,ct_eversource_non-hp_base_epmc_passthrough
458479,ct_eversource_non-hp_base_epmc_passthrough
458835,ct_eversource_non-hp_base_epmc_passthrough
484913,ct_eversource_non-hp_base_epmc_passthrough
502694,ct_eversource_non-hp_base_epmc_passthrough
506193,ct_eversource_non-hp_base_epmc_passthrough
509667,ct_eversource_non-hp_base_epmc_passthrough
519281,ct_eversource_non-hp_base_epmc_passthrough
524917,ct_eversource_non-hp_base_epmc_passthrough
545017,ct_eversource_non-hp_base_epmc_passthrough
547249,ct_eversource_non-hp_base_epmc_passthrough
547936,ct_eversource_non-hp_base_epmc_passthrough
548742,ct_eversource_non-hp_base_epmc_passthrough
11565,ct_eversource_non-hp_base_epmc_passthrough
15092,ct_eversource_non-hp_base_epmc_passthrough
15308,ct_eversource_non-hp_base_epmc_passthrough
17456,ct_eversource_non-hp_base_epmc_passthrough
24641,ct_eversource_non-hp_base_epmc_passthrough
28444,ct_eversource_non-hp_base_epmc_passthrough
31289,ct_eversource_non-hp_base_epmc_passthrough
41739,ct_eversource_non-hp_base_epmc_passthrough
44772,ct_eversource_non-hp_base_epmc_passthrough
61741,ct_eversource_non-hp_base_epmc_passthrough
64892,ct_eversource_non-hp_base_epmc_passthrough
74452,ct_eversource_non-hp_base_epmc_passthrough
75679,ct_eversource_non-hp_base_epmc_passthrough
76601,ct_eversource_non-hp_base_epmc_passthrough
81580,ct_eversource_non-hp_base_epmc_passthrough
82213,ct_eversource_non-hp_base_epmc_passthrough
83234,ct_eversource_non-hp_base_epmc_passthrough
87602,ct_eversource_non-hp_base_epmc_passthrough
89345,ct_eversource_non-hp_base_epmc_passthrough
104574,ct_eversource_hp_flat_epmc_passthrough
105576,ct_eversource_non-hp_base_epmc_passthrough
106399,ct_eversource_non-hp_base_epmc_passthrough
116225,ct_eversource_non-hp_base_epmc_passthrough
123829,ct_eversource_non-hp_base_epmc_passthrough
124950,ct_eversource_non-hp_base_epmc_passthrough
128027,ct_eversource_non-hp_base_epmc_passthrough
134582,ct_eversource_hp_flat_epmc_passthrough
155318,ct_eversource_non-hp_base_epmc_passthrough
182146,ct_eversource_non-hp_base_epmc_passthrough
336660,ct_eversource_non-hp_base_epmc_passthrough
364156,ct_eversource_non-hp_base_epmc_passthrough
405264,ct_eversource_non-hp_base_epmc_passthrough
408796,ct_eversource_non-hp_base_epmc_passthrough
318870,ct_eversource_non-hp_base_epmc_passthrough
277653,ct_eversource_non-hp_base_epmc_passthrough
152774,ct_eversource_non-hp_base_epmc_passthrough
186309,ct_eversource_non-hp_base_epmc_passthrough
238047,ct_eversource_hp_flat_epmc_passthrough
325223,ct_eversource_non-hp_base_epmc_passthrough
324303,ct_eversource_non-hp_base_epmc_passthrough
174372,ct_eversource_non-hp_base_epmc_passthrough
237540,ct_eversource_non-hp_base_epmc_passthrough
304501,ct_eversource_non-hp_base_epmc_passthrough
343123,ct_eversource_non-hp_base_epmc_passthrough
194092,ct_eversource_non-hp_base_epmc_passthrough
141414,ct_eversource_non-hp_base_epmc_passthrough
352162,ct_eversource_non-hp_base_epmc_passthrough
380039,ct_eversource_non-hp_base_epmc_passthrough
298935,ct_eversource_non-hp_base_epmc_passthrough
276978,ct_eversource_non-hp_base_epmc_passthrough
398961,ct_eversource_non-hp_base_epmc_passthrough
151796,ct_eversource_non-hp_base_epmc_passthrough
156273,ct_eversource_non-hp_base_epmc_passthrough
169863,ct_eversource_non-hp_base_epmc_passthrough
180003,ct_eversource_non-hp_base_epmc_passthrough
181185,ct_eversource_non-hp_base_epmc_passthrough
202887,ct_eversource_non-hp_base_epmc_passthrough
203770,ct_eversource_non-hp_base_epmc_passthrough
205540,ct_eversource_non-hp_base_epmc_passthrough
222080,ct_eversource_non-hp_base_epmc_passthrough
229380,ct_eversource_non-hp_base_epmc_passthrough
229552,ct_eversource_non-hp_base_epmc_passthrough
232831,ct_eversource_non-hp_base_epmc_passthrough
235345,ct_eversource_non-hp_base_epmc_passthrough
239218,ct_eversource_non-hp_base_epmc_passthrough
240549,ct_eversource_non-hp_base_epmc_passthrough
241599,ct_eversource_non-hp_base_epmc_passthrough
242992,ct_eversource_non-hp_base_epmc_passthrough
244982,ct_eversource_non-hp_base_epmc_passthrough
247002,ct_eversource_non-hp_base_epmc_passthrough
255376,ct_eversource_non-hp_base_epmc_passthrough
256412,ct_eversource_non-hp_base_epmc_passthrough
256413,ct_eversource_non-hp_base_epmc_passthrough
259915,ct_eversource_non-hp_base_epmc_passthrough
266085,ct_eversource_non-hp_base_epmc_passthrough
386939,ct_eversource_non-hp_base_epmc_passthrough
369627,ct_eversource_non-hp_base_epmc_passthrough
329865,ct_eversource_non-hp_base_epmc_passthrough
404459,ct_eversource_non-hp_base_epmc_passthrough
316418,ct_eversource_non-hp_base_epmc_passthrough
336099,ct_eversource_non-hp_base_epmc_passthrough
390377,ct_eversource_non-hp_base_epmc_passthrough
308894,ct_eversource_non-hp_base_epmc_passthrough
394663,ct_eversource_non-hp_base_epmc_passthrough
307563,ct_eversource_non-hp_base_epmc_passthrough
312302,ct_eversource_non-hp_base_epmc_passthrough
373194,ct_eversource_hp_flat_epmc_passthrough
273047,ct_eversource_non-hp_base_epmc_passthrough
297740,ct_eversource_non-hp_base_epmc_passthrough
316973,ct_eversource_non-hp_base_epmc_passthrough
321428,ct_eversource_non-hp_base_epmc_passthrough
323295,ct_eversource_non-hp_base_epmc_passthrough
338234,ct_eversource_non-hp_base_epmc_passthrough
340707,ct_eversource_non-hp_base_epmc_passthrough
354094,ct_eversource_non-hp_base_epmc_passthrough
368521,ct_eversource_non-hp_base_epmc_passthrough
369932,ct_eversource_non-hp_base_epmc_passthrough
378747,ct_eversource_non-hp_base_epmc_passthrough
526557,ct_eversource_non-hp_base_epmc_passthrough
267480,ct_eversource_non-hp_base_epmc_passthrough
314824,ct_eversource_non-hp_base_epmc_passthrough
328048,ct_eversource_non-hp_base_epmc_passthrough
328476,ct_eversource_non-hp_base_epmc_passthrough
300792,ct_eversource_non-hp_base_epmc_passthrough
464196,ct_eversource_non-hp_base_epmc_passthrough
472469,ct_eversource_non-hp_base_epmc_passthrough
474009,ct_eversource_non-hp_base_epmc_passthrough
485821,ct_eversource_non-hp_base_epmc_passthrough
515115,ct_eversource_non-hp_base_epmc_passthrough
519773,ct_eversource_non-hp_base_epmc_passthrough
527183,ct_eversource_non-hp_base_epmc_passthrough
536766,ct_eversource_non-hp_base_epmc_passthrough
543967,ct_eversource_non-hp_base_epmc_passthrough
127978,ct_eversource_non-hp_base_epmc_passthrough
128230,ct_eversource_non-hp_base_epmc_passthrough
135404,ct_eversource_non-hp_base_epmc_passthrough
137283,ct_eversource_non-hp_base_epmc_passthrough
224838,ct_eversource_non-hp_base_epmc_passthrough
376629,ct_eversource_non-hp_base_epmc_passthrough
290529,ct_eversource_non-hp_base_epmc_passthrough
199367,ct_eversource_non-hp_base_epmc_passthrough
255390,ct_eversource_non-hp_base_epmc_passthrough
210119,ct_eversource_non-hp_base_epmc_passthrough
336599,ct_eversource_non-hp_base_epmc_passthrough
318918,ct_eversource_non-hp_base_epmc_passthrough
312827,ct_eversource_non-hp_base_epmc_passthrough
279137,ct_eversource_non-hp_base_epmc_passthrough
243549,ct_eversource_non-hp_base_epmc_passthrough
263107,ct_eversource_non-hp_base_epmc_passthrough
266833,ct_eversource_non-hp_base_epmc_passthrough
52890,ct_eversource_non-hp_base_epmc_passthrough
422143,ct_eversource_non-hp_base_epmc_passthrough
496966,ct_eversource_non-hp_base_epmc_passthrough
510889,ct_eversource_non-hp_base_epmc_passthrough
363921,ct_eversource_non-hp_base_epmc_passthrough
40624,ct_eversource_non-hp_base_epmc_passthrough
354905,ct_eversource_non-hp_base_epmc_passthrough
386461,ct_eversource_non-hp_base_epmc_passthrough
286987,ct_eversource_non-hp_base_epmc_passthrough
370741,ct_eversource_non-hp_base_epmc_passthrough
517286,ct_eversource_non-hp_base_epmc_passthrough
421233,ct_eversource_non-hp_base_epmc_passthrough
526014,ct_eversource_non-hp_base_epmc_passthrough
530712,ct_eversource_non-hp_base_epmc_passthrough
18309,ct_eversource_non-hp_base_epmc_passthrough
219771,ct_eversource_non-hp_base_epmc_passthrough
285353,ct_eversource_non-hp_base_epmc_passthrough
79787,ct_eversource_non-hp_base_epmc_passthrough
7740,ct_eversource_non-hp_base_epmc_passthrough
31469,ct_eversource_non-hp_base_epmc_passthrough
39084,ct_eversource_non-hp_base_epmc_passthrough
212720,ct_eversource_non-hp_base_epmc_passthrough
207181,ct_eversource_non-hp_base_epmc_passthrough
225743,ct_eversource_non-hp_base_epmc_passthrough
410253,ct_eversource_non-hp_base_epmc_passthrough
359410,ct_eversource_non-hp_base_epmc_passthrough
218453,ct_eversource_non-hp_base_epmc_passthrough
376626,ct_eversource_non-hp_base_epmc_passthrough
472269,ct_eversource_non-hp_base_epmc_passthrough
88974,ct_eversource_non-hp_base_epmc_passthrough
5402,ct_eversource_non-hp_base_epmc_passthrough
33746,ct_eversource_non-hp_base_epmc_passthrough
280660,ct_eversource_hp_flat_epmc_passthrough
151621,ct_eversource_non-hp_base_epmc_passthrough
443583,ct_eversource_non-hp_base_epmc_passthrough
478937,ct_eversource_non-hp_base_epmc_passthrough
479087,ct_eversource_non-hp_base_epmc_passthrough
495287,ct_eversource_non-hp_base_epmc_passthrough
539937,ct_eversource_non-hp_base_epmc_passthrough
539987,ct_eversource_non-hp_base_epmc_passthrough
540590,ct_eversource_non-hp_base_epmc_passthrough
549253,ct_eversource_non-hp_base_epmc_passthrough
32659,ct_eversource_hp_flat_epmc_passthrough
5568,ct_eversource_non-hp_base_epmc_passthrough
319010,ct_eversource_non-hp_base_epmc_passthrough
52549,ct_eversource_non-hp_base_epmc_passthrough
328461,ct_eversource_non-hp_base_epmc_passthrough
125295,ct_eversource_non-hp_base_epmc_passthrough
142309,ct_eversource_non-hp_base_epmc_passthrough
219916,ct_eversource_non-hp_base_epmc_passthrough
210478,ct_eversource_non-hp_base_epmc_passthrough
382597,ct_eversource_non-hp_base_epmc_passthrough
343082,ct_eversource_non-hp_base_epmc_passthrough
252897,ct_eversource_non-hp_base_epmc_passthrough
371903,ct_eversource_non-hp_base_epmc_passthrough
404969,ct_eversource_non-hp_base_epmc_passthrough
240166,ct_eversource_non-hp_base_epmc_passthrough
243316,ct_eversource_non-hp_base_epmc_passthrough
350044,ct_eversource_hp_flat_epmc_passthrough
396659,ct_eversource_non-hp_base_epmc_passthrough
387454,ct_eversource_non-hp_base_epmc_passthrough
414552,ct_eversource_non-hp_base_epmc_passthrough
417405,ct_eversource_non-hp_base_epmc_passthrough
424819,ct_eversource_non-hp_base_epmc_passthrough
427192,ct_eversource_non-hp_base_epmc_passthrough
429647,ct_eversource_non-hp_base_epmc_passthrough
432525,ct_eversource_non-hp_base_epmc_passthrough
440596,ct_eversource_non-hp_base_epmc_passthrough
442387,ct_eversource_non-hp_base_epmc_passthrough
465633,ct_eversource_non-hp_base_epmc_passthrough
468970,ct_eversource_non-hp_base_epmc_passthrough
493159,ct_eversource_non-hp_base_epmc_passthrough
496679,ct_eversource_non-hp_base_epmc_passthrough
497464,ct_eversource_non-hp_base_epmc_passthrough
511515,ct_eversource_non-hp_base_epmc_passthrough
528639,ct_eversource_non-hp_base_epmc_passthrough
538815,ct_eversource_non-hp_base_epmc_passthrough
543443,ct_eversource_non-hp_base_epmc_passthrough
4492,ct_eversource_non-hp_base_epmc_passthrough
15784,ct_eversource_non-hp_base_epmc_passthrough
17442,ct_eversource_non-hp_base_epmc_passthrough
33175,ct_eversource_non-hp_base_epmc_passthrough
34246,ct_eversource_non-hp_base_epmc_passthrough
41696,ct_eversource_non-hp_base_epmc_passthrough
41856,ct_eversource_non-hp_base_epmc_passthrough
52218,ct_eversource_non-hp_base_epmc_passthrough
52634,ct_eversource_hp_flat_epmc_passthrough
53720,ct_eversource_non-hp_base_epmc_passthrough
54071,ct_eversource_non-hp_base_epmc_passthrough
55868,ct_eversource_non-hp_base_epmc_passthrough
56055,ct_eversource_non-hp_base_epmc_passthrough
62348,ct_eversource_non-hp_base_epmc_passthrough
64887,ct_eversource_non-hp_base_epmc_passthrough
70257,ct_eversource_non-hp_base_epmc_passthrough
75752,ct_eversource_non-hp_base_epmc_passthrough
76537,ct_eversource_non-hp_base_epmc_passthrough
77051,ct_eversource_non-hp_base_epmc_passthrough
78423,ct_eversource_non-hp_base_epmc_passthrough
78515,ct_eversource_non-hp_base_epmc_passthrough
81207,ct_eversource_non-hp_base_epmc_passthrough
84216,ct_eversource_non-hp_base_epmc_passthrough
85263,ct_eversource_non-hp_base_epmc_passthrough
90132,ct_eversource_non-hp_base_epmc_passthrough
95248,ct_eversource_non-hp_base_epmc_passthrough
96514,ct_eversource_non-hp_base_epmc_passthrough
107058,ct_eversource_non-hp_base_epmc_passthrough
111927,ct_eversource_non-hp_base_epmc_passthrough
112020,ct_eversource_non-hp_base_epmc_passthrough
115436,ct_eversource_non-hp_base_epmc_passthrough
117728,ct_eversource_non-hp_base_epmc_passthrough
122797,ct_eversource_non-hp_base_epmc_passthrough
127420,ct_eversource_non-hp_base_epmc_passthrough
207306,ct_eversource_non-hp_base_epmc_passthrough
313039,ct_eversource_non-hp_base_epmc_passthrough
295688,ct_eversource_non-hp_base_epmc_passthrough
381989,ct_eversource_non-hp_base_epmc_passthrough
408568,ct_eversource_non-hp_base_epmc_passthrough
180941,ct_eversource_non-hp_base_epmc_passthrough
387630,ct_eversource_non-hp_base_epmc_passthrough
145900,ct_eversource_non-hp_base_epmc_passthrough
181308,ct_eversource_non-hp_base_epmc_passthrough
202969,ct_eversource_non-hp_base_epmc_passthrough
255265,ct_eversource_non-hp_base_epmc_passthrough
254036,ct_eversource_non-hp_base_epmc_passthrough
329852,ct_eversource_non-hp_base_epmc_passthrough
247090,ct_eversource_non-hp_base_epmc_passthrough
376101,ct_eversource_non-hp_base_epmc_passthrough
247443,ct_eversource_non-hp_base_epmc_passthrough
219042,ct_eversource_non-hp_base_epmc_passthrough
338882,ct_eversource_non-hp_base_epmc_passthrough
213348,ct_eversource_non-hp_base_epmc_passthrough
303495,ct_eversource_non-hp_base_epmc_passthrough
342963,ct_eversource_non-hp_base_epmc_passthrough
345860,ct_eversource_non-hp_base_epmc_passthrough
342719,ct_eversource_non-hp_base_epmc_passthrough
144750,ct_eversource_non-hp_base_epmc_passthrough
155356,ct_eversource_non-hp_base_epmc_passthrough
155714,ct_eversource_non-hp_base_epmc_passthrough
158154,ct_eversource_non-hp_base_epmc_passthrough
158906,ct_eversource_non-hp_base_epmc_passthrough
162209,ct_eversource_non-hp_base_epmc_passthrough
166055,ct_eversource_non-hp_base_epmc_passthrough
170021,ct_eversource_non-hp_base_epmc_passthrough
171290,ct_eversource_non-hp_base_epmc_passthrough
173926,ct_eversource_non-hp_base_epmc_passthrough
183084,ct_eversource_non-hp_base_epmc_passthrough
186949,ct_eversource_non-hp_base_epmc_passthrough
189285,ct_eversource_non-hp_base_epmc_passthrough
192258,ct_eversource_non-hp_base_epmc_passthrough
196123,ct_eversource_non-hp_base_epmc_passthrough
199026,ct_eversource_non-hp_base_epmc_passthrough
203059,ct_eversource_non-hp_base_epmc_passthrough
212160,ct_eversource_non-hp_base_epmc_passthrough
212754,ct_eversource_non-hp_base_epmc_passthrough
221554,ct_eversource_non-hp_base_epmc_passthrough
224486,ct_eversource_non-hp_base_epmc_passthrough
229392,ct_eversource_non-hp_base_epmc_passthrough
236412,ct_eversource_non-hp_base_epmc_passthrough
261714,ct_eversource_non-hp_base_epmc_passthrough
262369,ct_eversource_hp_flat_epmc_passthrough
268518,ct_eversource_non-hp_base_epmc_passthrough
351883,ct_eversource_non-hp_base_epmc_passthrough
297901,ct_eversource_non-hp_base_epmc_passthrough
392577,ct_eversource_non-hp_base_epmc_passthrough
369980,ct_eversource_non-hp_base_epmc_passthrough
325831,ct_eversource_non-hp_base_epmc_passthrough
308750,ct_eversource_non-hp_base_epmc_passthrough
288517,ct_eversource_non-hp_base_epmc_passthrough
291466,ct_eversource_hp_flat_epmc_passthrough
293029,ct_eversource_non-hp_base_epmc_passthrough
305611,ct_eversource_hp_flat_epmc_passthrough
331662,ct_eversource_non-hp_base_epmc_passthrough
334624,ct_eversource_non-hp_base_epmc_passthrough
342553,ct_eversource_non-hp_base_epmc_passthrough
355528,ct_eversource_non-hp_base_epmc_passthrough
361929,ct_eversource_non-hp_base_epmc_passthrough
375474,ct_eversource_non-hp_base_epmc_passthrough
395638,ct_eversource_non-hp_base_epmc_passthrough
398195,ct_eversource_non-hp_base_epmc_passthrough
406111,ct_eversource_non-hp_base_epmc_passthrough
287398,ct_eversource_non-hp_base_epmc_passthrough
212003,ct_eversource_non-hp_base_epmc_passthrough
91503,ct_eversource_non-hp_base_epmc_passthrough
116550,ct_eversource_non-hp_base_epmc_passthrough
221569,ct_eversource_non-hp_base_epmc_passthrough
421298,ct_eversource_non-hp_base_epmc_passthrough
431784,ct_eversource_hp_flat_epmc_passthrough
435832,ct_eversource_non-hp_base_epmc_passthrough
456455,ct_eversource_non-hp_base_epmc_passthrough
463827,ct_eversource_non-hp_base_epmc_passthrough
475176,ct_eversource_non-hp_base_epmc_passthrough
501798,ct_eversource_non-hp_base_epmc_passthrough
510319,ct_eversource_non-hp_base_epmc_passthrough
91086,ct_eversource_non-hp_base_epmc_passthrough
112137,ct_eversource_non-hp_base_epmc_passthrough
134564,ct_eversource_non-hp_base_epmc_passthrough
442655,ct_eversource_non-hp_base_epmc_passthrough
358270,ct_eversource_non-hp_base_epmc_passthrough
346546,ct_eversource_non-hp_base_epmc_passthrough
212514,ct_eversource_non-hp_base_epmc_passthrough
258342,ct_eversource_non-hp_base_epmc_passthrough
28825,ct_eversource_non-hp_base_epmc_passthrough
135245,ct_eversource_non-hp_base_epmc_passthrough
338689,ct_eversource_non-hp_base_epmc_passthrough
77566,ct_eversource_non-hp_base_epmc_passthrough
451888,ct_eversource_non-hp_base_epmc_passthrough
451996,ct_eversource_non-hp_base_epmc_passthrough
78972,ct_eversource_non-hp_base_epmc_passthrough
308672,ct_eversource_non-hp_base_epmc_passthrough
393672,ct_eversource_hp_flat_epmc_passthrough
324722,ct_eversource_non-hp_base_epmc_passthrough
405147,ct_eversource_non-hp_base_epmc_passthrough
248038,ct_eversource_non-hp_base_epmc_passthrough
155840,ct_eversource_non-hp_base_epmc_passthrough
414935,ct_eversource_non-hp_base_epmc_passthrough
472161,ct_eversource_non-hp_base_epmc_passthrough
52323,ct_eversource_non-hp_base_epmc_passthrough
30334,ct_eversource_non-hp_base_epmc_passthrough
247246,ct_eversource_non-hp_base_epmc_passthrough
89352,ct_eversource_non-hp_base_epmc_passthrough
232373,ct_eversource_non-hp_base_epmc_passthrough
522681,ct_eversource_non-hp_base_epmc_passthrough
70463,ct_eversource_non-hp_base_epmc_passthrough
94511,ct_eversource_non-hp_base_epmc_passthrough
305165,ct_eversource_non-hp_base_epmc_passthrough
188612,ct_eversource_non-hp_base_epmc_passthrough
191171,ct_eversource_non-hp_base_epmc_passthrough
212152,ct_eversource_non-hp_base_epmc_passthrough
315398,ct_eversource_non-hp_base_epmc_passthrough
335119,ct_eversource_non-hp_base_epmc_passthrough
351891,ct_eversource_non-hp_base_epmc_passthrough
365021,ct_eversource_non-hp_base_epmc_passthrough
408920,ct_eversource_non-hp_base_epmc_passthrough
400914,ct_eversource_non-hp_base_epmc_passthrough
294624,ct_eversource_non-hp_base_epmc_passthrough
336492,ct_eversource_non-hp_base_epmc_passthrough
202615,ct_eversource_non-hp_base_epmc_passthrough
541668,ct_eversource_hp_flat_epmc_passthrough
30941,ct_eversource_non-hp_base_epmc_passthrough
57127,ct_eversource_non-hp_base_epmc_passthrough
324153,ct_eversource_non-hp_base_epmc_passthrough
292263,ct_eversource_non-hp_base_epmc_passthrough
414167,ct_eversource_non-hp_base_epmc_passthrough
414202,ct_eversource_non-hp_base_epmc_passthrough
434609,ct_eversource_non-hp_base_epmc_passthrough
435576,ct_eversource_non-hp_base_epmc_passthrough
453341,ct_eversource_non-hp_base_epmc_passthrough
457069,ct_eversource_non-hp_base_epmc_passthrough
471317,ct_eversource_non-hp_base_epmc_passthrough
514130,ct_eversource_non-hp_base_epmc_passthrough
529641,ct_eversource_non-hp_base_epmc_passthrough
531550,ct_eversource_non-hp_base_epmc_passthrough
70670,ct_eversource_non-hp_base_epmc_passthrough
372830,ct_eversource_hp_flat_epmc_passthrough
364125,ct_eversource_non-hp_base_epmc_passthrough
406166,ct_eversource_non-hp_base_epmc_passthrough
7208,ct_eversource_non-hp_base_epmc_passthrough
260859,ct_eversource_non-hp_base_epmc_passthrough
286184,ct_eversource_non-hp_base_epmc_passthrough
193067,ct_eversource_non-hp_base_epmc_passthrough
329241,ct_eversource_non-hp_base_epmc_passthrough
18396,ct_eversource_non-hp_base_epmc_passthrough
33756,ct_eversource_non-hp_base_epmc_passthrough
55013,ct_eversource_non-hp_base_epmc_passthrough
94169,ct_eversource_non-hp_base_epmc_passthrough
397518,ct_eversource_non-hp_base_epmc_passthrough
387123,ct_eversource_non-hp_base_epmc_passthrough
170333,ct_eversource_non-hp_base_epmc_passthrough
169909,ct_eversource_non-hp_base_epmc_passthrough
229174,ct_eversource_non-hp_base_epmc_passthrough
255015,ct_eversource_non-hp_base_epmc_passthrough
321704,ct_eversource_non-hp_base_epmc_passthrough
352514,ct_eversource_non-hp_base_epmc_passthrough
360869,ct_eversource_non-hp_base_epmc_passthrough
284718,ct_eversource_hp_flat_epmc_passthrough
374858,ct_eversource_non-hp_base_epmc_passthrough
411184,ct_eversource_non-hp_base_epmc_passthrough
411749,ct_eversource_non-hp_base_epmc_passthrough
424280,ct_eversource_non-hp_base_epmc_passthrough
425476,ct_eversource_non-hp_base_epmc_passthrough
438970,ct_eversource_non-hp_base_epmc_passthrough
453705,ct_eversource_non-hp_base_epmc_passthrough
458842,ct_eversource_non-hp_base_epmc_passthrough
463167,ct_eversource_non-hp_base_epmc_passthrough
469342,ct_eversource_non-hp_base_epmc_passthrough
471401,ct_eversource_non-hp_base_epmc_passthrough
472333,ct_eversource_non-hp_base_epmc_passthrough
476053,ct_eversource_non-hp_base_epmc_passthrough
479725,ct_eversource_non-hp_base_epmc_passthrough
479871,ct_eversource_non-hp_base_epmc_passthrough
497292,ct_eversource_non-hp_base_epmc_passthrough
498971,ct_eversource_hp_flat_epmc_passthrough
507033,ct_eversource_non-hp_base_epmc_passthrough
509097,ct_eversource_non-hp_base_epmc_passthrough
511947,ct_eversource_non-hp_base_epmc_passthrough
523423,ct_eversource_non-hp_base_epmc_passthrough
529527,ct_eversource_non-hp_base_epmc_passthrough
529924,ct_eversource_non-hp_base_epmc_passthrough
536674,ct_eversource_non-hp_base_epmc_passthrough
536741,ct_eversource_non-hp_base_epmc_passthrough
544299,ct_eversource_non-hp_base_epmc_passthrough
548491,ct_eversource_non-hp_base_epmc_passthrough
11040,ct_eversource_non-hp_base_epmc_passthrough
11837,ct_eversource_non-hp_base_epmc_passthrough
12130,ct_eversource_non-hp_base_epmc_passthrough
19852,ct_eversource_non-hp_base_epmc_passthrough
21637,ct_eversource_non-hp_base_epmc_passthrough
23780,ct_eversource_non-hp_base_epmc_passthrough
38697,ct_eversource_non-hp_base_epmc_passthrough
40151,ct_eversource_non-hp_base_epmc_passthrough
40760,ct_eversource_non-hp_base_epmc_passthrough
44370,ct_eversource_non-hp_base_epmc_passthrough
44983,ct_eversource_non-hp_base_epmc_passthrough
48561,ct_eversource_non-hp_base_epmc_passthrough
50841,ct_eversource_non-hp_base_epmc_passthrough
51924,ct_eversource_non-hp_base_epmc_passthrough
53499,ct_eversource_non-hp_base_epmc_passthrough
54242,ct_eversource_non-hp_base_epmc_passthrough
59642,ct_eversource_hp_flat_epmc_passthrough
65283,ct_eversource_non-hp_base_epmc_passthrough
66773,ct_eversource_non-hp_base_epmc_passthrough
75359,ct_eversource_non-hp_base_epmc_passthrough
77386,ct_eversource_non-hp_base_epmc_passthrough
77755,ct_eversource_non-hp_base_epmc_passthrough
79812,ct_eversource_non-hp_base_epmc_passthrough
86487,ct_eversource_non-hp_base_epmc_passthrough
87758,ct_eversource_non-hp_base_epmc_passthrough
116355,ct_eversource_non-hp_base_epmc_passthrough
119790,ct_eversource_non-hp_base_epmc_passthrough
122986,ct_eversource_non-hp_base_epmc_passthrough
132458,ct_eversource_non-hp_base_epmc_passthrough
134240,ct_eversource_non-hp_base_epmc_passthrough
135025,ct_eversource_non-hp_base_epmc_passthrough
138634,ct_eversource_non-hp_base_epmc_passthrough
237714,ct_eversource_non-hp_base_epmc_passthrough
183595,ct_eversource_non-hp_base_epmc_passthrough
212633,ct_eversource_non-hp_base_epmc_passthrough
192143,ct_eversource_non-hp_base_epmc_passthrough
282830,ct_eversource_non-hp_base_epmc_passthrough
299527,ct_eversource_non-hp_base_epmc_passthrough
199994,ct_eversource_non-hp_base_epmc_passthrough
291008,ct_eversource_non-hp_base_epmc_passthrough
160266,ct_eversource_non-hp_base_epmc_passthrough
338920,ct_eversource_non-hp_base_epmc_passthrough
371984,ct_eversource_non-hp_base_epmc_passthrough
310232,ct_eversource_non-hp_base_epmc_passthrough
264377,ct_eversource_non-hp_base_epmc_passthrough
143426,ct_eversource_non-hp_base_epmc_passthrough
147995,ct_eversource_non-hp_base_epmc_passthrough
152001,ct_eversource_non-hp_base_epmc_passthrough
159807,ct_eversource_non-hp_base_epmc_passthrough
169510,ct_eversource_non-hp_base_epmc_passthrough
172826,ct_eversource_non-hp_base_epmc_passthrough
179475,ct_eversource_non-hp_base_epmc_passthrough
185627,ct_eversource_non-hp_base_epmc_passthrough
189384,ct_eversource_non-hp_base_epmc_passthrough
195151,ct_eversource_non-hp_base_epmc_passthrough
196327,ct_eversource_non-hp_base_epmc_passthrough
206499,ct_eversource_non-hp_base_epmc_passthrough
208237,ct_eversource_non-hp_base_epmc_passthrough
216140,ct_eversource_non-hp_base_epmc_passthrough
217901,ct_eversource_non-hp_base_epmc_passthrough
224556,ct_eversource_non-hp_base_epmc_passthrough
225271,ct_eversource_non-hp_base_epmc_passthrough
228582,ct_eversource_non-hp_base_epmc_passthrough
245025,ct_eversource_non-hp_base_epmc_passthrough
246414,ct_eversource_non-hp_base_epmc_passthrough
246494,ct_eversource_non-hp_base_epmc_passthrough
333302,ct_eversource_non-hp_base_epmc_passthrough
376122,ct_eversource_non-hp_base_epmc_passthrough
287812,ct_eversource_non-hp_base_epmc_passthrough
363685,ct_eversource_non-hp_base_epmc_passthrough
365945,ct_eversource_hp_flat_epmc_passthrough
304436,ct_eversource_non-hp_base_epmc_passthrough
321709,ct_eversource_non-hp_base_epmc_passthrough
270772,ct_eversource_non-hp_base_epmc_passthrough
272643,ct_eversource_non-hp_base_epmc_passthrough
273185,ct_eversource_non-hp_base_epmc_passthrough
281177,ct_eversource_non-hp_base_epmc_passthrough
284147,ct_eversource_non-hp_base_epmc_passthrough
284894,ct_eversource_non-hp_base_epmc_passthrough
295009,ct_eversource_non-hp_base_epmc_passthrough
338356,ct_eversource_non-hp_base_epmc_passthrough
339142,ct_eversource_non-hp_base_epmc_passthrough
355524,ct_eversource_non-hp_base_epmc_passthrough
372147,ct_eversource_non-hp_base_epmc_passthrough
376625,ct_eversource_non-hp_base_epmc_passthrough
433531,ct_eversource_non-hp_base_epmc_passthrough
168438,ct_eversource_non-hp_base_epmc_passthrough
438090,ct_eversource_non-hp_base_epmc_passthrough
440996,ct_eversource_non-hp_base_epmc_passthrough
444132,ct_eversource_non-hp_base_epmc_passthrough
466232,ct_eversource_non-hp_base_epmc_passthrough
472345,ct_eversource_non-hp_base_epmc_passthrough
479793,ct_eversource_non-hp_base_epmc_passthrough
504826,ct_eversource_non-hp_base_epmc_passthrough
516089,ct_eversource_non-hp_base_epmc_passthrough
522925,ct_eversource_non-hp_base_epmc_passthrough
542451,ct_eversource_non-hp_base_epmc_passthrough
65432,ct_eversource_non-hp_base_epmc_passthrough
67474,ct_eversource_non-hp_base_epmc_passthrough
80147,ct_eversource_non-hp_base_epmc_passthrough
440502,ct_eversource_non-hp_base_epmc_passthrough
486851,ct_eversource_non-hp_base_epmc_passthrough
213885,ct_eversource_non-hp_base_epmc_passthrough
152924,ct_eversource_non-hp_base_epmc_passthrough
246176,ct_eversource_non-hp_base_epmc_passthrough
345221,ct_eversource_non-hp_base_epmc_passthrough
381912,ct_eversource_non-hp_base_epmc_passthrough
279714,ct_eversource_non-hp_base_epmc_passthrough
542706,ct_eversource_non-hp_base_epmc_passthrough
211296,ct_eversource_non-hp_base_epmc_passthrough
217829,ct_eversource_non-hp_base_epmc_passthrough
261873,ct_eversource_non-hp_base_epmc_passthrough
265984,ct_eversource_non-hp_base_epmc_passthrough
372677,ct_eversource_non-hp_base_epmc_passthrough
8897,ct_eversource_non-hp_base_epmc_passthrough
111574,ct_eversource_non-hp_base_epmc_passthrough
422089,ct_eversource_non-hp_base_epmc_passthrough
422428,ct_eversource_non-hp_base_epmc_passthrough
435727,ct_eversource_non-hp_base_epmc_passthrough
500993,ct_eversource_hp_flat_epmc_passthrough
29654,ct_eversource_non-hp_base_epmc_passthrough
72485,ct_eversource_non-hp_base_epmc_passthrough
367320,ct_eversource_non-hp_base_epmc_passthrough
350702,ct_eversource_non-hp_base_epmc_passthrough
354362,ct_eversource_hp_flat_epmc_passthrough
348572,ct_eversource_non-hp_base_epmc_passthrough
248918,ct_eversource_non-hp_base_epmc_passthrough
267713,ct_eversource_non-hp_base_epmc_passthrough
150542,ct_eversource_non-hp_base_epmc_passthrough
25414,ct_eversource_non-hp_base_epmc_passthrough
86996,ct_eversource_non-hp_base_epmc_passthrough
420215,ct_eversource_non-hp_base_epmc_passthrough
524928,ct_eversource_non-hp_base_epmc_passthrough
144857,ct_eversource_non-hp_base_epmc_passthrough
14108,ct_eversource_non-hp_base_epmc_passthrough
32979,ct_eversource_non-hp_base_epmc_passthrough
51759,ct_eversource_non-hp_base_epmc_passthrough
75013,ct_eversource_non-hp_base_epmc_passthrough
94925,ct_eversource_non-hp_base_epmc_passthrough
215511,ct_eversource_non-hp_base_epmc_passthrough
146623,ct_eversource_non-hp_base_epmc_passthrough
224727,ct_eversource_non-hp_base_epmc_passthrough
253910,ct_eversource_non-hp_base_epmc_passthrough
260563,ct_eversource_non-hp_base_epmc_passthrough
72516,ct_eversource_non-hp_base_epmc_passthrough
66426,ct_eversource_non-hp_base_epmc_passthrough
254875,ct_eversource_non-hp_base_epmc_passthrough
370535,ct_eversource_non-hp_base_epmc_passthrough
214531,ct_eversource_non-hp_base_epmc_passthrough
260676,ct_eversource_non-hp_base_epmc_passthrough
363928,ct_eversource_non-hp_base_epmc_passthrough
372954,ct_eversource_non-hp_base_epmc_passthrough
402180,ct_eversource_non-hp_base_epmc_passthrough
59217,ct_eversource_non-hp_base_epmc_passthrough
520632,ct_eversource_non-hp_base_epmc_passthrough
318293,ct_eversource_non-hp_base_epmc_passthrough
294096,ct_eversource_non-hp_base_epmc_passthrough
530368,ct_eversource_non-hp_base_epmc_passthrough
123377,ct_eversource_non-hp_base_epmc_passthrough
316039,ct_eversource_non-hp_base_epmc_passthrough
169371,ct_eversource_non-hp_base_epmc_passthrough
291615,ct_eversource_non-hp_base_epmc_passthrough
414313,ct_eversource_non-hp_base_epmc_passthrough
464462,ct_eversource_non-hp_base_epmc_passthrough
471534,ct_eversource_non-hp_base_epmc_passthrough
502563,ct_eversource_non-hp_base_epmc_passthrough
517891,ct_eversource_non-hp_base_epmc_passthrough
519174,ct_eversource_non-hp_base_epmc_passthrough
543479,ct_eversource_non-hp_base_epmc_passthrough
549414,ct_eversource_non-hp_base_epmc_passthrough
23403,ct_eversource_non-hp_base_epmc_passthrough
35861,ct_eversource_non-hp_base_epmc_passthrough
370969,ct_eversource_non-hp_base_epmc_passthrough
101183,ct_eversource_non-hp_base_epmc_passthrough
118209,ct_eversource_non-hp_base_epmc_passthrough
201522,ct_eversource_non-hp_base_epmc_passthrough
364547,ct_eversource_non-hp_base_epmc_passthrough
191502,ct_eversource_non-hp_base_epmc_passthrough
290636,ct_eversource_non-hp_base_epmc_passthrough
183174,ct_eversource_non-hp_base_epmc_passthrough
202643,ct_eversource_non-hp_base_epmc_passthrough
249761,ct_eversource_hp_flat_epmc_passthrough
184229,ct_eversource_non-hp_base_epmc_passthrough
206529,ct_eversource_non-hp_base_epmc_passthrough
386008,ct_eversource_non-hp_base_epmc_passthrough
289326,ct_eversource_non-hp_base_epmc_passthrough
339777,ct_eversource_non-hp_base_epmc_passthrough
335414,ct_eversource_non-hp_base_epmc_passthrough
354479,ct_eversource_non-hp_base_epmc_passthrough
392625,ct_eversource_non-hp_base_epmc_passthrough
412719,ct_eversource_non-hp_base_epmc_passthrough
417128,ct_eversource_non-hp_base_epmc_passthrough
419331,ct_eversource_non-hp_base_epmc_passthrough
422218,ct_eversource_non-hp_base_epmc_passthrough
423839,ct_eversource_non-hp_base_epmc_passthrough
424163,ct_eversource_non-hp_base_epmc_passthrough
429606,ct_eversource_non-hp_base_epmc_passthrough
436622,ct_eversource_non-hp_base_epmc_passthrough
441434,ct_eversource_non-hp_base_epmc_passthrough
442203,ct_eversource_non-hp_base_epmc_passthrough
451605,ct_eversource_non-hp_base_epmc_passthrough
459901,ct_eversource_non-hp_base_epmc_passthrough
467685,ct_eversource_non-hp_base_epmc_passthrough
485585,ct_eversource_non-hp_base_epmc_passthrough
500080,ct_eversource_non-hp_base_epmc_passthrough
526202,ct_eversource_non-hp_base_epmc_passthrough
528920,ct_eversource_hp_flat_epmc_passthrough
536169,ct_eversource_non-hp_base_epmc_passthrough
542991,ct_eversource_non-hp_base_epmc_passthrough
200,ct_eversource_non-hp_base_epmc_passthrough
2701,ct_eversource_non-hp_base_epmc_passthrough
7290,ct_eversource_non-hp_base_epmc_passthrough
15574,ct_eversource_non-hp_base_epmc_passthrough
16129,ct_eversource_non-hp_base_epmc_passthrough
27385,ct_eversource_hp_flat_epmc_passthrough
31168,ct_eversource_non-hp_base_epmc_passthrough
33335,ct_eversource_hp_flat_epmc_passthrough
34449,ct_eversource_non-hp_base_epmc_passthrough
37993,ct_eversource_non-hp_base_epmc_passthrough
43585,ct_eversource_non-hp_base_epmc_passthrough
47532,ct_eversource_hp_flat_epmc_passthrough
50606,ct_eversource_non-hp_base_epmc_passthrough
50936,ct_eversource_non-hp_base_epmc_passthrough
57750,ct_eversource_non-hp_base_epmc_passthrough
58688,ct_eversource_non-hp_base_epmc_passthrough
63562,ct_eversource_non-hp_base_epmc_passthrough
63735,ct_eversource_non-hp_base_epmc_passthrough
69340,ct_eversource_non-hp_base_epmc_passthrough
69843,ct_eversource_non-hp_base_epmc_passthrough
74332,ct_eversource_non-hp_base_epmc_passthrough
82338,ct_eversource_non-hp_base_epmc_passthrough
82999,ct_eversource_non-hp_base_epmc_passthrough
83837,ct_eversource_non-hp_base_epmc_passthrough
96220,ct_eversource_non-hp_base_epmc_passthrough
97893,ct_eversource_non-hp_base_epmc_passthrough
101832,ct_eversource_non-hp_base_epmc_passthrough
103990,ct_eversource_non-hp_base_epmc_passthrough
106304,ct_eversource_non-hp_base_epmc_passthrough
107184,ct_eversource_non-hp_base_epmc_passthrough
109583,ct_eversource_non-hp_base_epmc_passthrough
111861,ct_eversource_non-hp_base_epmc_passthrough
113670,ct_eversource_non-hp_base_epmc_passthrough
113798,ct_eversource_non-hp_base_epmc_passthrough
121534,ct_eversource_non-hp_base_epmc_passthrough
125933,ct_eversource_non-hp_base_epmc_passthrough
138250,ct_eversource_non-hp_base_epmc_passthrough
206613,ct_eversource_non-hp_base_epmc_passthrough
340556,ct_eversource_non-hp_base_epmc_passthrough
257534,ct_eversource_non-hp_base_epmc_passthrough
330826,ct_eversource_non-hp_base_epmc_passthrough
223749,ct_eversource_non-hp_base_epmc_passthrough
273771,ct_eversource_non-hp_base_epmc_passthrough
360373,ct_eversource_non-hp_base_epmc_passthrough
146459,ct_eversource_non-hp_base_epmc_passthrough
255250,ct_eversource_non-hp_base_epmc_passthrough
378659,ct_eversource_non-hp_base_epmc_passthrough
167583,ct_eversource_non-hp_base_epmc_passthrough
157844,ct_eversource_non-hp_base_epmc_passthrough
202633,ct_eversource_non-hp_base_epmc_passthrough
368774,ct_eversource_non-hp_base_epmc_passthrough
312228,ct_eversource_non-hp_base_epmc_passthrough
203226,ct_eversource_non-hp_base_epmc_passthrough
152443,ct_eversource_non-hp_base_epmc_passthrough
176430,ct_eversource_non-hp_base_epmc_passthrough
370840,ct_eversource_non-hp_base_epmc_passthrough
360828,ct_eversource_hp_flat_epmc_passthrough
153381,ct_eversource_non-hp_base_epmc_passthrough
155773,ct_eversource_non-hp_base_epmc_passthrough
164086,ct_eversource_non-hp_base_epmc_passthrough
181138,ct_eversource_non-hp_base_epmc_passthrough
186642,ct_eversource_non-hp_base_epmc_passthrough
204637,ct_eversource_non-hp_base_epmc_passthrough
205970,ct_eversource_non-hp_base_epmc_passthrough
211338,ct_eversource_non-hp_base_epmc_passthrough
212165,ct_eversource_non-hp_base_epmc_passthrough
222293,ct_eversource_non-hp_base_epmc_passthrough
240029,ct_eversource_non-hp_base_epmc_passthrough
255906,ct_eversource_non-hp_base_epmc_passthrough
263666,ct_eversource_non-hp_base_epmc_passthrough
263907,ct_eversource_non-hp_base_epmc_passthrough
268941,ct_eversource_non-hp_base_epmc_passthrough
380175,ct_eversource_non-hp_base_epmc_passthrough
285569,ct_eversource_non-hp_base_epmc_passthrough
317444,ct_eversource_non-hp_base_epmc_passthrough
393300,ct_eversource_non-hp_base_epmc_passthrough
320682,ct_eversource_non-hp_base_epmc_passthrough
370530,ct_eversource_non-hp_base_epmc_passthrough
313092,ct_eversource_non-hp_base_epmc_passthrough
408535,ct_eversource_non-hp_base_epmc_passthrough
285671,ct_eversource_non-hp_base_epmc_passthrough
296281,ct_eversource_non-hp_base_epmc_passthrough
304860,ct_eversource_non-hp_base_epmc_passthrough
304933,ct_eversource_non-hp_base_epmc_passthrough
311027,ct_eversource_non-hp_base_epmc_passthrough
313086,ct_eversource_non-hp_base_epmc_passthrough
324201,ct_eversource_non-hp_base_epmc_passthrough
325265,ct_eversource_non-hp_base_epmc_passthrough
326629,ct_eversource_non-hp_base_epmc_passthrough
362911,ct_eversource_non-hp_base_epmc_passthrough
389179,ct_eversource_non-hp_base_epmc_passthrough
41871,ct_eversource_non-hp_base_epmc_passthrough
63319,ct_eversource_non-hp_base_epmc_passthrough
190755,ct_eversource_non-hp_base_epmc_passthrough
197242,ct_eversource_non-hp_base_epmc_passthrough
427703,ct_eversource_non-hp_base_epmc_passthrough
451447,ct_eversource_non-hp_base_epmc_passthrough
452463,ct_eversource_non-hp_base_epmc_passthrough
462583,ct_eversource_non-hp_base_epmc_passthrough
472477,ct_eversource_non-hp_base_epmc_passthrough
497784,ct_eversource_non-hp_base_epmc_passthrough
500559,ct_eversource_non-hp_base_epmc_passthrough
540903,ct_eversource_non-hp_base_epmc_passthrough
83064,ct_eversource_non-hp_base_epmc_passthrough
98649,ct_eversource_non-hp_base_epmc_passthrough
111347,ct_eversource_non-hp_base_epmc_passthrough
116381,ct_eversource_non-hp_base_epmc_passthrough
306142,ct_eversource_non-hp_base_epmc_passthrough
444682,ct_eversource_non-hp_base_epmc_passthrough
209806,ct_eversource_non-hp_base_epmc_passthrough
191444,ct_eversource_hp_flat_epmc_passthrough
190140,ct_eversource_non-hp_base_epmc_passthrough
190719,ct_eversource_non-hp_base_epmc_passthrough
320074,ct_eversource_non-hp_base_epmc_passthrough
168326,ct_eversource_non-hp_base_epmc_passthrough
250517,ct_eversource_non-hp_base_epmc_passthrough
258689,ct_eversource_non-hp_base_epmc_passthrough
259034,ct_eversource_non-hp_base_epmc_passthrough
3005,ct_eversource_non-hp_base_epmc_passthrough
111471,ct_eversource_non-hp_base_epmc_passthrough
16421,ct_eversource_non-hp_base_epmc_passthrough
97626,ct_eversource_non-hp_base_epmc_passthrough
135169,ct_eversource_non-hp_base_epmc_passthrough
481351,ct_eversource_non-hp_base_epmc_passthrough
124352,ct_eversource_hp_flat_epmc_passthrough
481237,ct_eversource_non-hp_base_epmc_passthrough
541287,ct_eversource_non-hp_base_epmc_passthrough
210753,ct_eversource_non-hp_base_epmc_passthrough
497371,ct_eversource_non-hp_base_epmc_passthrough
513898,ct_eversource_non-hp_base_epmc_passthrough
527640,ct_eversource_non-hp_base_epmc_passthrough
6355,ct_eversource_non-hp_base_epmc_passthrough
83250,ct_eversource_non-hp_base_epmc_passthrough
34254,ct_eversource_non-hp_base_epmc_passthrough
41275,ct_eversource_non-hp_base_epmc_passthrough
107885,ct_eversource_non-hp_base_epmc_passthrough
229772,ct_eversource_non-hp_base_epmc_passthrough
528292,ct_eversource_non-hp_base_epmc_passthrough
533884,ct_eversource_non-hp_base_epmc_passthrough
33334,ct_eversource_non-hp_base_epmc_passthrough
48334,ct_eversource_non-hp_base_epmc_passthrough
105152,ct_eversource_non-hp_base_epmc_passthrough
148882,ct_eversource_non-hp_base_epmc_passthrough
238549,ct_eversource_non-hp_base_epmc_passthrough
258719,ct_eversource_non-hp_base_epmc_passthrough
267940,ct_eversource_non-hp_base_epmc_passthrough
291638,ct_eversource_non-hp_base_epmc_passthrough
273685,ct_eversource_hp_flat_epmc_passthrough
496876,ct_eversource_non-hp_base_epmc_passthrough
252631,ct_eversource_non-hp_base_epmc_passthrough
339039,ct_eversource_non-hp_base_epmc_passthrough
537099,ct_eversource_non-hp_base_epmc_passthrough
444274,ct_eversource_non-hp_base_epmc_passthrough
485209,ct_eversource_non-hp_base_epmc_passthrough
4184,ct_eversource_non-hp_base_epmc_passthrough
19111,ct_eversource_non-hp_base_epmc_passthrough
389787,ct_eversource_non-hp_base_epmc_passthrough
201685,ct_eversource_non-hp_base_epmc_passthrough
250458,ct_eversource_non-hp_base_epmc_passthrough
27685,ct_eversource_non-hp_base_epmc_passthrough
378440,ct_eversource_non-hp_base_epmc_passthrough
280182,ct_eversource_non-hp_base_epmc_passthrough
422754,ct_eversource_non-hp_base_epmc_passthrough
435064,ct_eversource_non-hp_base_epmc_passthrough
445773,ct_eversource_non-hp_base_epmc_passthrough
455280,ct_eversource_non-hp_base_epmc_passthrough
471886,ct_eversource_non-hp_base_epmc_passthrough
481229,ct_eversource_non-hp_base_epmc_passthrough
486935,ct_eversource_non-hp_base_epmc_passthrough
487589,ct_eversource_non-hp_base_epmc_passthrough
508486,ct_eversource_non-hp_base_epmc_passthrough
519075,ct_eversource_non-hp_base_epmc_passthrough
525413,ct_eversource_non-hp_base_epmc_passthrough
286440,ct_eversource_non-hp_base_epmc_passthrough
174908,ct_eversource_non-hp_base_epmc_passthrough
211844,ct_eversource_non-hp_base_epmc_passthrough
11894,ct_eversource_non-hp_base_epmc_passthrough
106421,ct_eversource_non-hp_base_epmc_passthrough
118525,ct_eversource_non-hp_base_epmc_passthrough
236716,ct_eversource_non-hp_base_epmc_passthrough
354115,ct_eversource_non-hp_base_epmc_passthrough
22842,ct_eversource_non-hp_base_epmc_passthrough
59236,ct_eversource_non-hp_base_epmc_passthrough
65617,ct_eversource_non-hp_base_epmc_passthrough
151079,ct_eversource_non-hp_base_epmc_passthrough
217492,ct_eversource_non-hp_base_epmc_passthrough
229325,ct_eversource_non-hp_base_epmc_passthrough
236225,ct_eversource_non-hp_base_epmc_passthrough
401111,ct_eversource_non-hp_base_epmc_passthrough
286287,ct_eversource_non-hp_base_epmc_passthrough
142742,ct_eversource_non-hp_base_epmc_passthrough
211994,ct_eversource_non-hp_base_epmc_passthrough
233555,ct_eversource_non-hp_base_epmc_passthrough
289754,ct_eversource_non-hp_base_epmc_passthrough
413621,ct_eversource_non-hp_base_epmc_passthrough
415266,ct_eversource_non-hp_base_epmc_passthrough
420246,ct_eversource_non-hp_base_epmc_passthrough
430754,ct_eversource_non-hp_base_epmc_passthrough
443848,ct_eversource_non-hp_base_epmc_passthrough
456103,ct_eversource_non-hp_base_epmc_passthrough
468052,ct_eversource_non-hp_base_epmc_passthrough
478720,ct_eversource_non-hp_base_epmc_passthrough
493423,ct_eversource_non-hp_base_epmc_passthrough
501205,ct_eversource_non-hp_base_epmc_passthrough
507856,ct_eversource_non-hp_base_epmc_passthrough
509773,ct_eversource_non-hp_base_epmc_passthrough
515205,ct_eversource_non-hp_base_epmc_passthrough
515768,ct_eversource_non-hp_base_epmc_passthrough
516626,ct_eversource_hp_flat_epmc_passthrough
516816,ct_eversource_non-hp_base_epmc_passthrough
517481,ct_eversource_non-hp_base_epmc_passthrough
517535,ct_eversource_hp_flat_epmc_passthrough
524903,ct_eversource_non-hp_base_epmc_passthrough
526273,ct_eversource_non-hp_base_epmc_passthrough
528149,ct_eversource_non-hp_base_epmc_passthrough
530718,ct_eversource_non-hp_base_epmc_passthrough
537354,ct_eversource_non-hp_base_epmc_passthrough
537612,ct_eversource_non-hp_base_epmc_passthrough
544805,ct_eversource_non-hp_base_epmc_passthrough
12274,ct_eversource_non-hp_base_epmc_passthrough
13358,ct_eversource_non-hp_base_epmc_passthrough
17497,ct_eversource_non-hp_base_epmc_passthrough
20293,ct_eversource_non-hp_base_epmc_passthrough
39292,ct_eversource_non-hp_base_epmc_passthrough
39627,ct_eversource_non-hp_base_epmc_passthrough
41654,ct_eversource_non-hp_base_epmc_passthrough
43096,ct_eversource_non-hp_base_epmc_passthrough
44270,ct_eversource_non-hp_base_epmc_passthrough
49861,ct_eversource_non-hp_base_epmc_passthrough
50065,ct_eversource_non-hp_base_epmc_passthrough
53416,ct_eversource_non-hp_base_epmc_passthrough
60301,ct_eversource_non-hp_base_epmc_passthrough
75614,ct_eversource_non-hp_base_epmc_passthrough
79518,ct_eversource_non-hp_base_epmc_passthrough
81661,ct_eversource_non-hp_base_epmc_passthrough
81912,ct_eversource_non-hp_base_epmc_passthrough
83229,ct_eversource_non-hp_base_epmc_passthrough
84959,ct_eversource_non-hp_base_epmc_passthrough
88080,ct_eversource_non-hp_base_epmc_passthrough
89983,ct_eversource_non-hp_base_epmc_passthrough
99142,ct_eversource_non-hp_base_epmc_passthrough
101749,ct_eversource_non-hp_base_epmc_passthrough
103275,ct_eversource_non-hp_base_epmc_passthrough
104498,ct_eversource_non-hp_base_epmc_passthrough
108154,ct_eversource_non-hp_base_epmc_passthrough
115750,ct_eversource_non-hp_base_epmc_passthrough
126273,ct_eversource_non-hp_base_epmc_passthrough
129812,ct_eversource_non-hp_base_epmc_passthrough
137674,ct_eversource_non-hp_base_epmc_passthrough
185328,ct_eversource_non-hp_base_epmc_passthrough
245285,ct_eversource_non-hp_base_epmc_passthrough
311754,ct_eversource_hp_flat_epmc_passthrough
341042,ct_eversource_non-hp_base_epmc_passthrough
351676,ct_eversource_hp_flat_epmc_passthrough
363886,ct_eversource_non-hp_base_epmc_passthrough
342412,ct_eversource_non-hp_base_epmc_passthrough
164598,ct_eversource_non-hp_base_epmc_passthrough
273834,ct_eversource_non-hp_base_epmc_passthrough
401767,ct_eversource_non-hp_base_epmc_passthrough
248813,ct_eversource_non-hp_base_epmc_passthrough
333274,ct_eversource_non-hp_base_epmc_passthrough
168337,ct_eversource_non-hp_base_epmc_passthrough
394093,ct_eversource_non-hp_base_epmc_passthrough
167821,ct_eversource_non-hp_base_epmc_passthrough
178154,ct_eversource_non-hp_base_epmc_passthrough
321102,ct_eversource_non-hp_base_epmc_passthrough
348722,ct_eversource_non-hp_base_epmc_passthrough
376346,ct_eversource_non-hp_base_epmc_passthrough
391602,ct_eversource_non-hp_base_epmc_passthrough
143634,ct_eversource_non-hp_base_epmc_passthrough
144435,ct_eversource_non-hp_base_epmc_passthrough
150839,ct_eversource_non-hp_base_epmc_passthrough
153049,ct_eversource_non-hp_base_epmc_passthrough
153291,ct_eversource_non-hp_base_epmc_passthrough
162080,ct_eversource_non-hp_base_epmc_passthrough
165585,ct_eversource_non-hp_base_epmc_passthrough
166362,ct_eversource_non-hp_base_epmc_passthrough
174054,ct_eversource_non-hp_base_epmc_passthrough
185384,ct_eversource_non-hp_base_epmc_passthrough
190543,ct_eversource_non-hp_base_epmc_passthrough
196662,ct_eversource_non-hp_base_epmc_passthrough
205835,ct_eversource_non-hp_base_epmc_passthrough
210755,ct_eversource_non-hp_base_epmc_passthrough
214795,ct_eversource_non-hp_base_epmc_passthrough
217893,ct_eversource_non-hp_base_epmc_passthrough
233838,ct_eversource_non-hp_base_epmc_passthrough
237919,ct_eversource_non-hp_base_epmc_passthrough
244250,ct_eversource_non-hp_base_epmc_passthrough
263100,ct_eversource_non-hp_base_epmc_passthrough
265493,ct_eversource_non-hp_base_epmc_passthrough
267238,ct_eversource_non-hp_base_epmc_passthrough
328947,ct_eversource_non-hp_base_epmc_passthrough
376960,ct_eversource_non-hp_base_epmc_passthrough
395471,ct_eversource_non-hp_base_epmc_passthrough
364523,ct_eversource_non-hp_base_epmc_passthrough
285879,ct_eversource_non-hp_base_epmc_passthrough
323764,ct_eversource_non-hp_base_epmc_passthrough
311915,ct_eversource_non-hp_base_epmc_passthrough
276084,ct_eversource_non-hp_base_epmc_passthrough
277101,ct_eversource_non-hp_base_epmc_passthrough
287089,ct_eversource_non-hp_base_epmc_passthrough
295438,ct_eversource_non-hp_base_epmc_passthrough
306482,ct_eversource_non-hp_base_epmc_passthrough
311729,ct_eversource_non-hp_base_epmc_passthrough
339085,ct_eversource_non-hp_base_epmc_passthrough
343663,ct_eversource_non-hp_base_epmc_passthrough
347101,ct_eversource_non-hp_base_epmc_passthrough
364122,ct_eversource_non-hp_base_epmc_passthrough
367759,ct_eversource_non-hp_base_epmc_passthrough
368310,ct_eversource_non-hp_base_epmc_passthrough
371649,ct_eversource_non-hp_base_epmc_passthrough
393355,ct_eversource_non-hp_base_epmc_passthrough
401641,ct_eversource_non-hp_base_epmc_passthrough
403554,ct_eversource_non-hp_base_epmc_passthrough
407449,ct_eversource_non-hp_base_epmc_passthrough
408812,ct_eversource_non-hp_base_epmc_passthrough
99558,ct_eversource_non-hp_base_epmc_passthrough
376553,ct_eversource_non-hp_base_epmc_passthrough
259211,ct_eversource_non-hp_base_epmc_passthrough
419677,ct_eversource_hp_flat_epmc_passthrough
459282,ct_eversource_non-hp_base_epmc_passthrough
464951,ct_eversource_non-hp_base_epmc_passthrough
467723,ct_eversource_non-hp_base_epmc_passthrough
273790,ct_eversource_non-hp_base_epmc_passthrough
462858,ct_eversource_non-hp_base_epmc_passthrough
482769,ct_eversource_non-hp_base_epmc_passthrough
509179,ct_eversource_non-hp_base_epmc_passthrough
530525,ct_eversource_non-hp_base_epmc_passthrough
548511,ct_eversource_non-hp_base_epmc_passthrough
74901,ct_eversource_non-hp_base_epmc_passthrough
86661,ct_eversource_non-hp_base_epmc_passthrough
115078,ct_eversource_non-hp_base_epmc_passthrough
129014,ct_eversource_non-hp_base_epmc_passthrough
379843,ct_eversource_non-hp_base_epmc_passthrough
305571,ct_eversource_non-hp_base_epmc_passthrough
407848,ct_eversource_non-hp_base_epmc_passthrough
149090,ct_eversource_hp_flat_epmc_passthrough
225818,ct_eversource_non-hp_base_epmc_passthrough
223628,ct_eversource_non-hp_base_epmc_passthrough
369753,ct_eversource_non-hp_base_epmc_passthrough
214815,ct_eversource_non-hp_base_epmc_passthrough
389503,ct_eversource_non-hp_base_epmc_passthrough
307812,ct_eversource_non-hp_base_epmc_passthrough
442187,ct_eversource_non-hp_base_epmc_passthrough
255106,ct_eversource_non-hp_base_epmc_passthrough
266533,ct_eversource_non-hp_base_epmc_passthrough
530807,ct_eversource_non-hp_base_epmc_passthrough
392987,ct_eversource_non-hp_base_epmc_passthrough
29960,ct_eversource_non-hp_base_epmc_passthrough
119339,ct_eversource_hp_flat_epmc_passthrough
49252,ct_eversource_non-hp_base_epmc_passthrough
56732,ct_eversource_non-hp_base_epmc_passthrough
258575,ct_eversource_non-hp_base_epmc_passthrough
142465,ct_eversource_non-hp_base_epmc_passthrough
262661,ct_eversource_non-hp_base_epmc_passthrough
538036,ct_eversource_non-hp_base_epmc_passthrough
176963,ct_eversource_non-hp_base_epmc_passthrough
244554,ct_eversource_non-hp_base_epmc_passthrough
351703,ct_eversource_non-hp_base_epmc_passthrough
225669,ct_eversource_non-hp_base_epmc_passthrough
506937,ct_eversource_non-hp_base_epmc_passthrough
219782,ct_eversource_non-hp_base_epmc_passthrough
30835,ct_eversource_non-hp_base_epmc_passthrough
97983,ct_eversource_non-hp_base_epmc_passthrough
38654,ct_eversource_non-hp_base_epmc_passthrough
220710,ct_eversource_non-hp_base_epmc_passthrough
241531,ct_eversource_non-hp_base_epmc_passthrough
421032,ct_eversource_non-hp_base_epmc_passthrough
429335,ct_eversource_non-hp_base_epmc_passthrough
436888,ct_eversource_non-hp_base_epmc_passthrough
451538,ct_eversource_non-hp_base_epmc_passthrough
467782,ct_eversource_non-hp_base_epmc_passthrough
471273,ct_eversource_non-hp_base_epmc_passthrough
472076,ct_eversource_non-hp_base_epmc_passthrough
487725,ct_eversource_non-hp_base_epmc_passthrough
521478,ct_eversource_non-hp_base_epmc_passthrough
522279,ct_eversource_non-hp_base_epmc_passthrough
391901,ct_eversource_non-hp_base_epmc_passthrough
193621,ct_eversource_non-hp_base_epmc_passthrough
239646,ct_eversource_non-hp_base_epmc_passthrough
194587,ct_eversource_non-hp_base_epmc_passthrough
273757,ct_eversource_non-hp_base_epmc_passthrough
324957,ct_eversource_non-hp_base_epmc_passthrough
140041,ct_eversource_non-hp_base_epmc_passthrough
167366,ct_eversource_non-hp_base_epmc_passthrough
146340,ct_eversource_non-hp_base_epmc_passthrough
155155,ct_eversource_non-hp_base_epmc_passthrough
18537,ct_eversource_non-hp_base_epmc_passthrough
72930,ct_eversource_non-hp_base_epmc_passthrough
77215,ct_eversource_non-hp_base_epmc_passthrough
129035,ct_eversource_non-hp_base_epmc_passthrough
197924,ct_eversource_non-hp_base_epmc_passthrough
202735,ct_eversource_non-hp_base_epmc_passthrough
165797,ct_eversource_non-hp_base_epmc_passthrough
160369,ct_eversource_non-hp_base_epmc_passthrough
156423,ct_eversource_non-hp_base_epmc_passthrough
184311,ct_eversource_non-hp_base_epmc_passthrough
224901,ct_eversource_non-hp_base_epmc_passthrough
202614,ct_eversource_non-hp_base_epmc_passthrough
251027,ct_eversource_non-hp_base_epmc_passthrough
331581,ct_eversource_non-hp_base_epmc_passthrough
291808,ct_eversource_non-hp_base_epmc_passthrough
164847,ct_eversource_non-hp_base_epmc_passthrough
184904,ct_eversource_non-hp_base_epmc_passthrough
321529,ct_eversource_non-hp_base_epmc_passthrough
283240,ct_eversource_non-hp_base_epmc_passthrough
414703,ct_eversource_non-hp_base_epmc_passthrough
419207,ct_eversource_hp_flat_epmc_passthrough
425521,ct_eversource_non-hp_base_epmc_passthrough
427101,ct_eversource_non-hp_base_epmc_passthrough
434410,ct_eversource_non-hp_base_epmc_passthrough
448734,ct_eversource_non-hp_base_epmc_passthrough
449166,ct_eversource_non-hp_base_epmc_passthrough
452740,ct_eversource_non-hp_base_epmc_passthrough
458233,ct_eversource_non-hp_base_epmc_passthrough
464679,ct_eversource_non-hp_base_epmc_passthrough
470584,ct_eversource_non-hp_base_epmc_passthrough
470663,ct_eversource_non-hp_base_epmc_passthrough
480676,ct_eversource_non-hp_base_epmc_passthrough
484832,ct_eversource_non-hp_base_epmc_passthrough
488252,ct_eversource_hp_flat_epmc_passthrough
488676,ct_eversource_non-hp_base_epmc_passthrough
488744,ct_eversource_non-hp_base_epmc_passthrough
507910,ct_eversource_non-hp_base_epmc_passthrough
510197,ct_eversource_non-hp_base_epmc_passthrough
511480,ct_eversource_non-hp_base_epmc_passthrough
514569,ct_eversource_non-hp_base_epmc_passthrough
515124,ct_eversource_non-hp_base_epmc_passthrough
518965,ct_eversource_non-hp_base_epmc_passthrough
520689,ct_eversource_non-hp_base_epmc_passthrough
526835,ct_eversource_non-hp_base_epmc_passthrough
543144,ct_eversource_non-hp_base_epmc_passthrough
547969,ct_eversource_non-hp_base_epmc_passthrough
106008,ct_eversource_non-hp_base_epmc_passthrough
1745,ct_eversource_non-hp_base_epmc_passthrough
5294,ct_eversource_non-hp_base_epmc_passthrough
17722,ct_eversource_hp_flat_epmc_passthrough
18791,ct_eversource_non-hp_base_epmc_passthrough
19349,ct_eversource_non-hp_base_epmc_passthrough
24243,ct_eversource_non-hp_base_epmc_passthrough
33151,ct_eversource_non-hp_base_epmc_passthrough
40355,ct_eversource_non-hp_base_epmc_passthrough
46946,ct_eversource_non-hp_base_epmc_passthrough
53756,ct_eversource_non-hp_base_epmc_passthrough
59067,ct_eversource_non-hp_base_epmc_passthrough
59367,ct_eversource_non-hp_base_epmc_passthrough
60986,ct_eversource_non-hp_base_epmc_passthrough
63124,ct_eversource_non-hp_base_epmc_passthrough
63338,ct_eversource_non-hp_base_epmc_passthrough
64995,ct_eversource_non-hp_base_epmc_passthrough
65340,ct_eversource_non-hp_base_epmc_passthrough
65684,ct_eversource_non-hp_base_epmc_passthrough
72973,ct_eversource_non-hp_base_epmc_passthrough
73452,ct_eversource_non-hp_base_epmc_passthrough
78197,ct_eversource_non-hp_base_epmc_passthrough
79425,ct_eversource_non-hp_base_epmc_passthrough
81765,ct_eversource_non-hp_base_epmc_passthrough
87814,ct_eversource_non-hp_base_epmc_passthrough
98993,ct_eversource_non-hp_base_epmc_passthrough
100957,ct_eversource_non-hp_base_epmc_passthrough
111993,ct_eversource_non-hp_base_epmc_passthrough
119723,ct_eversource_non-hp_base_epmc_passthrough
121069,ct_eversource_non-hp_base_epmc_passthrough
122130,ct_eversource_non-hp_base_epmc_passthrough
287978,ct_eversource_non-hp_base_epmc_passthrough
319862,ct_eversource_non-hp_base_epmc_passthrough
148380,ct_eversource_non-hp_base_epmc_passthrough
233579,ct_eversource_non-hp_base_epmc_passthrough
240534,ct_eversource_non-hp_base_epmc_passthrough
322691,ct_eversource_non-hp_base_epmc_passthrough
346190,ct_eversource_non-hp_base_epmc_passthrough
404287,ct_eversource_non-hp_base_epmc_passthrough
407385,ct_eversource_non-hp_base_epmc_passthrough
255969,ct_eversource_non-hp_base_epmc_passthrough
229338,ct_eversource_non-hp_base_epmc_passthrough
311711,ct_eversource_non-hp_base_epmc_passthrough
245321,ct_eversource_non-hp_base_epmc_passthrough
184621,ct_eversource_non-hp_base_epmc_passthrough
364713,ct_eversource_non-hp_base_epmc_passthrough
279828,ct_eversource_non-hp_base_epmc_passthrough
172980,ct_eversource_non-hp_base_epmc_passthrough
342536,ct_eversource_non-hp_base_epmc_passthrough
374158,ct_eversource_non-hp_base_epmc_passthrough
310833,ct_eversource_non-hp_base_epmc_passthrough
354846,ct_eversource_non-hp_base_epmc_passthrough
269609,ct_eversource_non-hp_base_epmc_passthrough
140345,ct_eversource_non-hp_base_epmc_passthrough
143600,ct_eversource_non-hp_base_epmc_passthrough
146587,ct_eversource_non-hp_base_epmc_passthrough
152605,ct_eversource_non-hp_base_epmc_passthrough
155461,ct_eversource_non-hp_base_epmc_passthrough
159383,ct_eversource_non-hp_base_epmc_passthrough
172539,ct_eversource_non-hp_base_epmc_passthrough
183822,ct_eversource_non-hp_base_epmc_passthrough
184172,ct_eversource_non-hp_base_epmc_passthrough
193975,ct_eversource_non-hp_base_epmc_passthrough
201000,ct_eversource_non-hp_base_epmc_passthrough
205800,ct_eversource_non-hp_base_epmc_passthrough
208637,ct_eversource_non-hp_base_epmc_passthrough
218716,ct_eversource_non-hp_base_epmc_passthrough
225935,ct_eversource_non-hp_base_epmc_passthrough
227854,ct_eversource_non-hp_base_epmc_passthrough
230085,ct_eversource_non-hp_base_epmc_passthrough
230861,ct_eversource_non-hp_base_epmc_passthrough
234600,ct_eversource_non-hp_base_epmc_passthrough
242745,ct_eversource_non-hp_base_epmc_passthrough
247774,ct_eversource_non-hp_base_epmc_passthrough
250608,ct_eversource_non-hp_base_epmc_passthrough
257843,ct_eversource_non-hp_base_epmc_passthrough
258860,ct_eversource_non-hp_base_epmc_passthrough
266950,ct_eversource_non-hp_base_epmc_passthrough
314882,ct_eversource_non-hp_base_epmc_passthrough
290238,ct_eversource_non-hp_base_epmc_passthrough
371306,ct_eversource_non-hp_base_epmc_passthrough
408644,ct_eversource_non-hp_base_epmc_passthrough
355922,ct_eversource_non-hp_base_epmc_passthrough
387277,ct_eversource_non-hp_base_epmc_passthrough
311667,ct_eversource_non-hp_base_epmc_passthrough
386656,ct_eversource_non-hp_base_epmc_passthrough
296427,ct_eversource_non-hp_base_epmc_passthrough
298286,ct_eversource_hp_flat_epmc_passthrough
284251,ct_eversource_non-hp_base_epmc_passthrough
301616,ct_eversource_non-hp_base_epmc_passthrough
272195,ct_eversource_non-hp_base_epmc_passthrough
282431,ct_eversource_non-hp_base_epmc_passthrough
289684,ct_eversource_non-hp_base_epmc_passthrough
305372,ct_eversource_non-hp_base_epmc_passthrough
331622,ct_eversource_non-hp_base_epmc_passthrough
339367,ct_eversource_non-hp_base_epmc_passthrough
355590,ct_eversource_non-hp_base_epmc_passthrough
357592,ct_eversource_non-hp_base_epmc_passthrough
369473,ct_eversource_non-hp_base_epmc_passthrough
380642,ct_eversource_non-hp_base_epmc_passthrough
394835,ct_eversource_non-hp_base_epmc_passthrough
464296,ct_eversource_non-hp_base_epmc_passthrough
46808,ct_eversource_non-hp_base_epmc_passthrough
412450,ct_eversource_non-hp_base_epmc_passthrough
453817,ct_eversource_non-hp_base_epmc_passthrough
476274,ct_eversource_non-hp_base_epmc_passthrough
336034,ct_eversource_non-hp_base_epmc_passthrough
415402,ct_eversource_non-hp_base_epmc_passthrough
425160,ct_eversource_non-hp_base_epmc_passthrough
442875,ct_eversource_non-hp_base_epmc_passthrough
455178,ct_eversource_non-hp_base_epmc_passthrough
461736,ct_eversource_non-hp_base_epmc_passthrough
469054,ct_eversource_non-hp_base_epmc_passthrough
470466,ct_eversource_non-hp_base_epmc_passthrough
473602,ct_eversource_non-hp_base_epmc_passthrough
479042,ct_eversource_non-hp_base_epmc_passthrough
484509,ct_eversource_non-hp_base_epmc_passthrough
497136,ct_eversource_non-hp_base_epmc_passthrough
497812,ct_eversource_non-hp_base_epmc_passthrough
502652,ct_eversource_non-hp_base_epmc_passthrough
508808,ct_eversource_non-hp_base_epmc_passthrough
514774,ct_eversource_non-hp_base_epmc_passthrough
530449,ct_eversource_non-hp_base_epmc_passthrough
70022,ct_eversource_non-hp_base_epmc_passthrough
234060,ct_eversource_non-hp_base_epmc_passthrough
228782,ct_eversource_non-hp_base_epmc_passthrough
265109,ct_eversource_non-hp_base_epmc_passthrough
98518,ct_eversource_non-hp_base_epmc_passthrough
481376,ct_eversource_non-hp_base_epmc_passthrough
274091,ct_eversource_non-hp_base_epmc_passthrough
363266,ct_eversource_non-hp_base_epmc_passthrough
292528,ct_eversource_non-hp_base_epmc_passthrough
354209,ct_eversource_non-hp_base_epmc_passthrough
329145,ct_eversource_non-hp_base_epmc_passthrough
346111,ct_eversource_non-hp_base_epmc_passthrough
384401,ct_eversource_non-hp_base_epmc_passthrough
392054,ct_eversource_non-hp_base_epmc_passthrough
401487,ct_eversource_non-hp_base_epmc_passthrough
11074,ct_eversource_hp_flat_epmc_passthrough
65356,ct_eversource_non-hp_base_epmc_passthrough
68228,ct_eversource_non-hp_base_epmc_passthrough
5874,ct_eversource_non-hp_base_epmc_passthrough
53696,ct_eversource_non-hp_base_epmc_passthrough
295864,ct_eversource_non-hp_base_epmc_passthrough
315166,ct_eversource_non-hp_base_epmc_passthrough
395953,ct_eversource_non-hp_base_epmc_passthrough
396910,ct_eversource_non-hp_base_epmc_passthrough
493305,ct_eversource_non-hp_base_epmc_passthrough
146753,ct_eversource_non-hp_base_epmc_passthrough
323128,ct_eversource_non-hp_base_epmc_passthrough
452940,ct_eversource_non-hp_base_epmc_passthrough
459979,ct_eversource_non-hp_base_epmc_passthrough
522181,ct_eversource_non-hp_base_epmc_passthrough
452982,ct_eversource_non-hp_base_epmc_passthrough
455015,ct_eversource_non-hp_base_epmc_passthrough
463534,ct_eversource_hp_flat_epmc_passthrough
523182,ct_eversource_non-hp_base_epmc_passthrough
118415,ct_eversource_non-hp_base_epmc_passthrough
283387,ct_eversource_non-hp_base_epmc_passthrough
284537,ct_eversource_non-hp_base_epmc_passthrough
419298,ct_eversource_non-hp_base_epmc_passthrough
436129,ct_eversource_non-hp_base_epmc_passthrough
442632,ct_eversource_non-hp_base_epmc_passthrough
449060,ct_eversource_non-hp_base_epmc_passthrough
494791,ct_eversource_non-hp_base_epmc_passthrough
522371,ct_eversource_non-hp_base_epmc_passthrough
539784,ct_eversource_non-hp_base_epmc_passthrough
161530,ct_eversource_non-hp_base_epmc_passthrough
40503,ct_eversource_non-hp_base_epmc_passthrough
91412,ct_eversource_non-hp_base_epmc_passthrough
113786,ct_eversource_non-hp_base_epmc_passthrough
114982,ct_eversource_non-hp_base_epmc_passthrough
336113,ct_eversource_non-hp_base_epmc_passthrough
248229,ct_eversource_non-hp_base_epmc_passthrough
6735,ct_eversource_non-hp_base_epmc_passthrough
37084,ct_eversource_non-hp_base_epmc_passthrough
53172,ct_eversource_non-hp_base_epmc_passthrough
400567,ct_eversource_non-hp_base_epmc_passthrough
354690,ct_eversource_non-hp_base_epmc_passthrough
314540,ct_eversource_hp_flat_epmc_passthrough
214956,ct_eversource_non-hp_base_epmc_passthrough
229435,ct_eversource_non-hp_base_epmc_passthrough
400694,ct_eversource_non-hp_base_epmc_passthrough
417714,ct_eversource_non-hp_base_epmc_passthrough
425535,ct_eversource_non-hp_base_epmc_passthrough
430962,ct_eversource_non-hp_base_epmc_passthrough
436974,ct_eversource_non-hp_base_epmc_passthrough
448708,ct_eversource_non-hp_base_epmc_passthrough
449294,ct_eversource_non-hp_base_epmc_passthrough
459404,ct_eversource_non-hp_base_epmc_passthrough
463434,ct_eversource_non-hp_base_epmc_passthrough
469433,ct_eversource_non-hp_base_epmc_passthrough
475049,ct_eversource_non-hp_base_epmc_passthrough
475918,ct_eversource_non-hp_base_epmc_passthrough
481669,ct_eversource_non-hp_base_epmc_passthrough
481910,ct_eversource_non-hp_base_epmc_passthrough
487949,ct_eversource_non-hp_base_epmc_passthrough
488712,ct_eversource_non-hp_base_epmc_passthrough
499053,ct_eversource_non-hp_base_epmc_passthrough
505035,ct_eversource_non-hp_base_epmc_passthrough
510857,ct_eversource_non-hp_base_epmc_passthrough
517191,ct_eversource_non-hp_base_epmc_passthrough
519442,ct_eversource_non-hp_base_epmc_passthrough
529264,ct_eversource_non-hp_base_epmc_passthrough
534898,ct_eversource_non-hp_base_epmc_passthrough
543602,ct_eversource_non-hp_base_epmc_passthrough
546634,ct_eversource_non-hp_base_epmc_passthrough
547006,ct_eversource_non-hp_base_epmc_passthrough
211,ct_eversource_non-hp_base_epmc_passthrough
6936,ct_eversource_non-hp_base_epmc_passthrough
8404,ct_eversource_non-hp_base_epmc_passthrough
9068,ct_eversource_non-hp_base_epmc_passthrough
14391,ct_eversource_non-hp_base_epmc_passthrough
14448,ct_eversource_non-hp_base_epmc_passthrough
16458,ct_eversource_non-hp_base_epmc_passthrough
20399,ct_eversource_non-hp_base_epmc_passthrough
22898,ct_eversource_non-hp_base_epmc_passthrough
25471,ct_eversource_non-hp_base_epmc_passthrough
30845,ct_eversource_non-hp_base_epmc_passthrough
32152,ct_eversource_non-hp_base_epmc_passthrough
34968,ct_eversource_non-hp_base_epmc_passthrough
37601,ct_eversource_non-hp_base_epmc_passthrough
38032,ct_eversource_non-hp_base_epmc_passthrough
38824,ct_eversource_non-hp_base_epmc_passthrough
39862,ct_eversource_non-hp_base_epmc_passthrough
44562,ct_eversource_non-hp_base_epmc_passthrough
47418,ct_eversource_non-hp_base_epmc_passthrough
51039,ct_eversource_non-hp_base_epmc_passthrough
51406,ct_eversource_non-hp_base_epmc_passthrough
54262,ct_eversource_hp_flat_epmc_passthrough
56804,ct_eversource_hp_flat_epmc_passthrough
60169,ct_eversource_non-hp_base_epmc_passthrough
61608,ct_eversource_non-hp_base_epmc_passthrough
69535,ct_eversource_non-hp_base_epmc_passthrough
77811,ct_eversource_non-hp_base_epmc_passthrough
90122,ct_eversource_non-hp_base_epmc_passthrough
95477,ct_eversource_non-hp_base_epmc_passthrough
118062,ct_eversource_non-hp_base_epmc_passthrough
119363,ct_eversource_non-hp_base_epmc_passthrough
122033,ct_eversource_non-hp_base_epmc_passthrough
122421,ct_eversource_non-hp_base_epmc_passthrough
123755,ct_eversource_non-hp_base_epmc_passthrough
130871,ct_eversource_non-hp_base_epmc_passthrough
133083,ct_eversource_non-hp_base_epmc_passthrough
134233,ct_eversource_non-hp_base_epmc_passthrough
136565,ct_eversource_non-hp_base_epmc_passthrough
138474,ct_eversource_non-hp_base_epmc_passthrough
273593,ct_eversource_non-hp_base_epmc_passthrough
357001,ct_eversource_non-hp_base_epmc_passthrough
386668,ct_eversource_non-hp_base_epmc_passthrough
386773,ct_eversource_non-hp_base_epmc_passthrough
261304,ct_eversource_non-hp_base_epmc_passthrough
310594,ct_eversource_non-hp_base_epmc_passthrough
370922,ct_eversource_non-hp_base_epmc_passthrough
303466,ct_eversource_hp_flat_epmc_passthrough
158485,ct_eversource_non-hp_base_epmc_passthrough
197312,ct_eversource_non-hp_base_epmc_passthrough
202660,ct_eversource_non-hp_base_epmc_passthrough
220404,ct_eversource_non-hp_base_epmc_passthrough
322672,ct_eversource_non-hp_base_epmc_passthrough
375689,ct_eversource_non-hp_base_epmc_passthrough
276590,ct_eversource_non-hp_base_epmc_passthrough
141134,ct_eversource_non-hp_base_epmc_passthrough
143799,ct_eversource_non-hp_base_epmc_passthrough
149395,ct_eversource_hp_flat_epmc_passthrough
152727,ct_eversource_non-hp_base_epmc_passthrough
161628,ct_eversource_non-hp_base_epmc_passthrough
168762,ct_eversource_non-hp_base_epmc_passthrough
171651,ct_eversource_non-hp_base_epmc_passthrough
174214,ct_eversource_non-hp_base_epmc_passthrough
174599,ct_eversource_non-hp_base_epmc_passthrough
175401,ct_eversource_non-hp_base_epmc_passthrough
176751,ct_eversource_non-hp_base_epmc_passthrough
180424,ct_eversource_non-hp_base_epmc_passthrough
185451,ct_eversource_non-hp_base_epmc_passthrough
188598,ct_eversource_non-hp_base_epmc_passthrough
190271,ct_eversource_non-hp_base_epmc_passthrough
198362,ct_eversource_non-hp_base_epmc_passthrough
200185,ct_eversource_non-hp_base_epmc_passthrough
205877,ct_eversource_non-hp_base_epmc_passthrough
213429,ct_eversource_non-hp_base_epmc_passthrough
214847,ct_eversource_non-hp_base_epmc_passthrough
228832,ct_eversource_non-hp_base_epmc_passthrough
231877,ct_eversource_non-hp_base_epmc_passthrough
245307,ct_eversource_non-hp_base_epmc_passthrough
257399,ct_eversource_non-hp_base_epmc_passthrough
260715,ct_eversource_non-hp_base_epmc_passthrough
267057,ct_eversource_non-hp_base_epmc_passthrough
344988,ct_eversource_non-hp_base_epmc_passthrough
368492,ct_eversource_non-hp_base_epmc_passthrough
286644,ct_eversource_non-hp_base_epmc_passthrough
271401,ct_eversource_non-hp_base_epmc_passthrough
325787,ct_eversource_non-hp_base_epmc_passthrough
372736,ct_eversource_non-hp_base_epmc_passthrough
324963,ct_eversource_non-hp_base_epmc_passthrough
297944,ct_eversource_non-hp_base_epmc_passthrough
369876,ct_eversource_non-hp_base_epmc_passthrough
365114,ct_eversource_non-hp_base_epmc_passthrough
305199,ct_eversource_non-hp_base_epmc_passthrough
269531,ct_eversource_non-hp_base_epmc_passthrough
286777,ct_eversource_non-hp_base_epmc_passthrough
290674,ct_eversource_non-hp_base_epmc_passthrough
301257,ct_eversource_non-hp_base_epmc_passthrough
306251,ct_eversource_non-hp_base_epmc_passthrough
312859,ct_eversource_non-hp_base_epmc_passthrough
332638,ct_eversource_non-hp_base_epmc_passthrough
338813,ct_eversource_non-hp_base_epmc_passthrough
375349,ct_eversource_non-hp_base_epmc_passthrough
388469,ct_eversource_non-hp_base_epmc_passthrough
397389,ct_eversource_non-hp_base_epmc_passthrough
398310,ct_eversource_non-hp_base_epmc_passthrough
157101,ct_eversource_non-hp_base_epmc_passthrough
395341,ct_eversource_non-hp_base_epmc_passthrough
412909,ct_eversource_non-hp_base_epmc_passthrough
413311,ct_eversource_non-hp_base_epmc_passthrough
438432,ct_eversource_non-hp_base_epmc_passthrough
440365,ct_eversource_non-hp_base_epmc_passthrough
445274,ct_eversource_non-hp_base_epmc_passthrough
446641,ct_eversource_non-hp_base_epmc_passthrough
459199,ct_eversource_non-hp_base_epmc_passthrough
463648,ct_eversource_non-hp_base_epmc_passthrough
269197,ct_eversource_non-hp_base_epmc_passthrough
185278,ct_eversource_non-hp_base_epmc_passthrough
377552,ct_eversource_non-hp_base_epmc_passthrough
425742,ct_eversource_non-hp_base_epmc_passthrough
427401,ct_eversource_non-hp_base_epmc_passthrough
429509,ct_eversource_non-hp_base_epmc_passthrough
439139,ct_eversource_non-hp_base_epmc_passthrough
460731,ct_eversource_non-hp_base_epmc_passthrough
479582,ct_eversource_non-hp_base_epmc_passthrough
481276,ct_eversource_non-hp_base_epmc_passthrough
488241,ct_eversource_non-hp_base_epmc_passthrough
507540,ct_eversource_non-hp_base_epmc_passthrough
534455,ct_eversource_non-hp_base_epmc_passthrough
34990,ct_eversource_non-hp_base_epmc_passthrough
137427,ct_eversource_non-hp_base_epmc_passthrough
337336,ct_eversource_non-hp_base_epmc_passthrough
275965,ct_eversource_non-hp_base_epmc_passthrough
319249,ct_eversource_non-hp_base_epmc_passthrough
541302,ct_eversource_non-hp_base_epmc_passthrough
172274,ct_eversource_non-hp_base_epmc_passthrough
309826,ct_eversource_non-hp_base_epmc_passthrough
396968,ct_eversource_non-hp_base_epmc_passthrough
476228,ct_eversource_non-hp_base_epmc_passthrough
205028,ct_eversource_non-hp_base_epmc_passthrough
250429,ct_eversource_non-hp_base_epmc_passthrough
36388,ct_eversource_non-hp_base_epmc_passthrough
450335,ct_eversource_non-hp_base_epmc_passthrough
69066,ct_eversource_non-hp_base_epmc_passthrough
299903,ct_eversource_non-hp_base_epmc_passthrough
293390,ct_eversource_non-hp_base_epmc_passthrough
398073,ct_eversource_non-hp_base_epmc_passthrough
350167,ct_eversource_non-hp_base_epmc_passthrough
363309,ct_eversource_non-hp_base_epmc_passthrough
363626,ct_eversource_non-hp_base_epmc_passthrough
366781,ct_eversource_non-hp_base_epmc_passthrough
372128,ct_eversource_non-hp_base_epmc_passthrough
388184,ct_eversource_non-hp_base_epmc_passthrough
121510,ct_eversource_non-hp_base_epmc_passthrough
478694,ct_eversource_non-hp_base_epmc_passthrough
507859,ct_eversource_non-hp_base_epmc_passthrough
545195,ct_eversource_non-hp_base_epmc_passthrough
11356,ct_eversource_non-hp_base_epmc_passthrough
211818,ct_eversource_non-hp_base_epmc_passthrough
173168,ct_eversource_non-hp_base_epmc_passthrough
241308,ct_eversource_hp_flat_epmc_passthrough
40750,ct_eversource_non-hp_base_epmc_passthrough
74282,ct_eversource_non-hp_base_epmc_passthrough
117068,ct_eversource_non-hp_base_epmc_passthrough
132787,ct_eversource_non-hp_base_epmc_passthrough
236366,ct_eversource_non-hp_base_epmc_passthrough
298741,ct_eversource_non-hp_base_epmc_passthrough
309953,ct_eversource_non-hp_base_epmc_passthrough
157426,ct_eversource_non-hp_base_epmc_passthrough
66329,ct_eversource_non-hp_base_epmc_passthrough
55018,ct_eversource_non-hp_base_epmc_passthrough
199547,ct_eversource_non-hp_base_epmc_passthrough
304905,ct_eversource_non-hp_base_epmc_passthrough
288697,ct_eversource_non-hp_base_epmc_passthrough
306937,ct_eversource_non-hp_base_epmc_passthrough
418294,ct_eversource_non-hp_base_epmc_passthrough
473520,ct_eversource_non-hp_base_epmc_passthrough
373113,ct_eversource_non-hp_base_epmc_passthrough
247788,ct_eversource_non-hp_base_epmc_passthrough
228449,ct_eversource_non-hp_base_epmc_passthrough
420746,ct_eversource_non-hp_base_epmc_passthrough
426464,ct_eversource_non-hp_base_epmc_passthrough
437649,ct_eversource_non-hp_base_epmc_passthrough
449534,ct_eversource_non-hp_base_epmc_passthrough
470072,ct_eversource_non-hp_base_epmc_passthrough
493825,ct_eversource_non-hp_base_epmc_passthrough
497440,ct_eversource_hp_flat_epmc_passthrough
514832,ct_eversource_non-hp_base_epmc_passthrough
246844,ct_eversource_non-hp_base_epmc_passthrough
387964,ct_eversource_non-hp_base_epmc_passthrough
392065,ct_eversource_non-hp_base_epmc_passthrough
341761,ct_eversource_non-hp_base_epmc_passthrough
261878,ct_eversource_non-hp_base_epmc_passthrough
16426,ct_eversource_non-hp_base_epmc_passthrough
91120,ct_eversource_hp_flat_epmc_passthrough
198339,ct_eversource_non-hp_base_epmc_passthrough
211791,ct_eversource_non-hp_base_epmc_passthrough
2252,ct_eversource_non-hp_base_epmc_passthrough
3165,ct_eversource_non-hp_base_epmc_passthrough
93966,ct_eversource_non-hp_base_epmc_passthrough
94223,ct_eversource_non-hp_base_epmc_passthrough
145504,ct_eversource_non-hp_base_epmc_passthrough
209623,ct_eversource_non-hp_base_epmc_passthrough
208165,ct_eversource_non-hp_base_epmc_passthrough
229569,ct_eversource_non-hp_base_epmc_passthrough
327407,ct_eversource_non-hp_base_epmc_passthrough
182059,ct_eversource_non-hp_base_epmc_passthrough
208748,ct_eversource_non-hp_base_epmc_passthrough
380081,ct_eversource_non-hp_base_epmc_passthrough
338446,ct_eversource_non-hp_base_epmc_passthrough
344139,ct_eversource_non-hp_base_epmc_passthrough
365984,ct_eversource_non-hp_base_epmc_passthrough
318701,ct_eversource_non-hp_base_epmc_passthrough
427181,ct_eversource_non-hp_base_epmc_passthrough
427829,ct_eversource_non-hp_base_epmc_passthrough
428595,ct_eversource_non-hp_base_epmc_passthrough
429431,ct_eversource_hp_flat_epmc_passthrough
429563,ct_eversource_non-hp_base_epmc_passthrough
429946,ct_eversource_non-hp_base_epmc_passthrough
444253,ct_eversource_non-hp_base_epmc_passthrough
445350,ct_eversource_non-hp_base_epmc_passthrough
446844,ct_eversource_non-hp_base_epmc_passthrough
454389,ct_eversource_non-hp_base_epmc_passthrough
458348,ct_eversource_non-hp_base_epmc_passthrough
459811,ct_eversource_non-hp_base_epmc_passthrough
463508,ct_eversource_non-hp_base_epmc_passthrough
464606,ct_eversource_non-hp_base_epmc_passthrough
469143,ct_eversource_non-hp_base_epmc_passthrough
470503,ct_eversource_non-hp_base_epmc_passthrough
475824,ct_eversource_non-hp_base_epmc_passthrough
477725,ct_eversource_non-hp_base_epmc_passthrough
480217,ct_eversource_non-hp_base_epmc_passthrough
487658,ct_eversource_non-hp_base_epmc_passthrough
490807,ct_eversource_non-hp_base_epmc_passthrough
492711,ct_eversource_non-hp_base_epmc_passthrough
510706,ct_eversource_hp_flat_epmc_passthrough
519343,ct_eversource_non-hp_base_epmc_passthrough
523181,ct_eversource_non-hp_base_epmc_passthrough
526241,ct_eversource_non-hp_base_epmc_passthrough
528731,ct_eversource_non-hp_base_epmc_passthrough
535592,ct_eversource_non-hp_base_epmc_passthrough
539418,ct_eversource_non-hp_base_epmc_passthrough
546827,ct_eversource_non-hp_base_epmc_passthrough
548837,ct_eversource_non-hp_base_epmc_passthrough
8517,ct_eversource_non-hp_base_epmc_passthrough
12676,ct_eversource_non-hp_base_epmc_passthrough
13728,ct_eversource_non-hp_base_epmc_passthrough
15805,ct_eversource_non-hp_base_epmc_passthrough
17557,ct_eversource_non-hp_base_epmc_passthrough
27159,ct_eversource_non-hp_base_epmc_passthrough
28921,ct_eversource_non-hp_base_epmc_passthrough
36577,ct_eversource_non-hp_base_epmc_passthrough
41298,ct_eversource_non-hp_base_epmc_passthrough
55303,ct_eversource_non-hp_base_epmc_passthrough
56990,ct_eversource_non-hp_base_epmc_passthrough
57591,ct_eversource_non-hp_base_epmc_passthrough
62509,ct_eversource_non-hp_base_epmc_passthrough
65781,ct_eversource_non-hp_base_epmc_passthrough
74727,ct_eversource_non-hp_base_epmc_passthrough
90325,ct_eversource_non-hp_base_epmc_passthrough
92537,ct_eversource_non-hp_base_epmc_passthrough
103549,ct_eversource_hp_flat_epmc_passthrough
113716,ct_eversource_non-hp_base_epmc_passthrough
115641,ct_eversource_non-hp_base_epmc_passthrough
118333,ct_eversource_hp_flat_epmc_passthrough
121194,ct_eversource_non-hp_base_epmc_passthrough
123138,ct_eversource_non-hp_base_epmc_passthrough
123848,ct_eversource_non-hp_base_epmc_passthrough
127251,ct_eversource_non-hp_base_epmc_passthrough
127949,ct_eversource_hp_flat_epmc_passthrough
165236,ct_eversource_non-hp_base_epmc_passthrough
193990,ct_eversource_non-hp_base_epmc_passthrough
155186,ct_eversource_non-hp_base_epmc_passthrough
204289,ct_eversource_non-hp_base_epmc_passthrough
237722,ct_eversource_non-hp_base_epmc_passthrough
184030,ct_eversource_non-hp_base_epmc_passthrough
150302,ct_eversource_non-hp_base_epmc_passthrough
288872,ct_eversource_non-hp_base_epmc_passthrough
157228,ct_eversource_non-hp_base_epmc_passthrough
328669,ct_eversource_non-hp_base_epmc_passthrough
384475,ct_eversource_non-hp_base_epmc_passthrough
138918,ct_eversource_non-hp_base_epmc_passthrough
144417,ct_eversource_non-hp_base_epmc_passthrough
145419,ct_eversource_non-hp_base_epmc_passthrough
146454,ct_eversource_non-hp_base_epmc_passthrough
155445,ct_eversource_non-hp_base_epmc_passthrough
158351,ct_eversource_non-hp_base_epmc_passthrough
164767,ct_eversource_non-hp_base_epmc_passthrough
174828,ct_eversource_hp_flat_epmc_passthrough
178669,ct_eversource_non-hp_base_epmc_passthrough
179383,ct_eversource_non-hp_base_epmc_passthrough
185492,ct_eversource_non-hp_base_epmc_passthrough
186040,ct_eversource_non-hp_base_epmc_passthrough
186718,ct_eversource_non-hp_base_epmc_passthrough
187297,ct_eversource_non-hp_base_epmc_passthrough
188641,ct_eversource_non-hp_base_epmc_passthrough
190193,ct_eversource_non-hp_base_epmc_passthrough
193937,ct_eversource_non-hp_base_epmc_passthrough
200121,ct_eversource_non-hp_base_epmc_passthrough
200777,ct_eversource_non-hp_base_epmc_passthrough
204042,ct_eversource_non-hp_base_epmc_passthrough
208333,ct_eversource_non-hp_base_epmc_passthrough
208351,ct_eversource_non-hp_base_epmc_passthrough
208750,ct_eversource_non-hp_base_epmc_passthrough
210921,ct_eversource_non-hp_base_epmc_passthrough
212951,ct_eversource_non-hp_base_epmc_passthrough
214876,ct_eversource_non-hp_base_epmc_passthrough
226848,ct_eversource_non-hp_base_epmc_passthrough
237812,ct_eversource_non-hp_base_epmc_passthrough
239531,ct_eversource_non-hp_base_epmc_passthrough
260482,ct_eversource_non-hp_base_epmc_passthrough
263450,ct_eversource_non-hp_base_epmc_passthrough
408682,ct_eversource_non-hp_base_epmc_passthrough
382113,ct_eversource_non-hp_base_epmc_passthrough
387714,ct_eversource_non-hp_base_epmc_passthrough
392310,ct_eversource_non-hp_base_epmc_passthrough
341314,ct_eversource_non-hp_base_epmc_passthrough
323479,ct_eversource_non-hp_base_epmc_passthrough
370733,ct_eversource_non-hp_base_epmc_passthrough
345015,ct_eversource_non-hp_base_epmc_passthrough
281756,ct_eversource_non-hp_base_epmc_passthrough
311861,ct_eversource_non-hp_base_epmc_passthrough
273469,ct_eversource_non-hp_base_epmc_passthrough
277830,ct_eversource_non-hp_base_epmc_passthrough
301199,ct_eversource_non-hp_base_epmc_passthrough
355805,ct_eversource_non-hp_base_epmc_passthrough
372571,ct_eversource_hp_flat_epmc_passthrough
285665,ct_eversource_non-hp_base_epmc_passthrough
270275,ct_eversource_non-hp_base_epmc_passthrough
271241,ct_eversource_non-hp_base_epmc_passthrough
283431,ct_eversource_non-hp_base_epmc_passthrough
284076,ct_eversource_non-hp_base_epmc_passthrough
284408,ct_eversource_non-hp_base_epmc_passthrough
287245,ct_eversource_non-hp_base_epmc_passthrough
289514,ct_eversource_non-hp_base_epmc_passthrough
301538,ct_eversource_non-hp_base_epmc_passthrough
310619,ct_eversource_non-hp_base_epmc_passthrough
323431,ct_eversource_non-hp_base_epmc_passthrough
341216,ct_eversource_non-hp_base_epmc_passthrough
344355,ct_eversource_non-hp_base_epmc_passthrough
353972,ct_eversource_non-hp_base_epmc_passthrough
354610,ct_eversource_hp_flat_epmc_passthrough
359335,ct_eversource_non-hp_base_epmc_passthrough
371827,ct_eversource_non-hp_base_epmc_passthrough
398296,ct_eversource_non-hp_base_epmc_passthrough
398557,ct_eversource_non-hp_base_epmc_passthrough
399724,ct_eversource_non-hp_base_epmc_passthrough
166660,ct_eversource_non-hp_base_epmc_passthrough
531839,ct_eversource_non-hp_base_epmc_passthrough
406897,ct_eversource_non-hp_base_epmc_passthrough
468575,ct_eversource_non-hp_base_epmc_passthrough
506716,ct_eversource_non-hp_base_epmc_passthrough
517671,ct_eversource_non-hp_base_epmc_passthrough
518231,ct_eversource_non-hp_base_epmc_passthrough
542913,ct_eversource_non-hp_base_epmc_passthrough
76304,ct_eversource_non-hp_base_epmc_passthrough
129128,ct_eversource_non-hp_base_epmc_passthrough
135467,ct_eversource_non-hp_base_epmc_passthrough
526460,ct_eversource_non-hp_base_epmc_passthrough
495633,ct_eversource_non-hp_base_epmc_passthrough
417110,ct_eversource_non-hp_base_epmc_passthrough
364174,ct_eversource_non-hp_base_epmc_passthrough
175855,ct_eversource_non-hp_base_epmc_passthrough
391030,ct_eversource_non-hp_base_epmc_passthrough
308557,ct_eversource_non-hp_base_epmc_passthrough
308319,ct_eversource_non-hp_base_epmc_passthrough
235990,ct_eversource_non-hp_base_epmc_passthrough
238269,ct_eversource_non-hp_base_epmc_passthrough
314092,ct_eversource_non-hp_base_epmc_passthrough
364142,ct_eversource_non-hp_base_epmc_passthrough
349937,ct_eversource_non-hp_base_epmc_passthrough
444882,ct_eversource_non-hp_base_epmc_passthrough
236459,ct_eversource_non-hp_base_epmc_passthrough
471164,ct_eversource_non-hp_base_epmc_passthrough
330117,ct_eversource_non-hp_base_epmc_passthrough
424150,ct_eversource_non-hp_base_epmc_passthrough
464573,ct_eversource_non-hp_base_epmc_passthrough
470869,ct_eversource_non-hp_base_epmc_passthrough
496871,ct_eversource_hp_flat_epmc_passthrough
518108,ct_eversource_non-hp_base_epmc_passthrough
528278,ct_eversource_non-hp_base_epmc_passthrough
29861,ct_eversource_non-hp_base_epmc_passthrough
3541,ct_eversource_non-hp_base_epmc_passthrough
114199,ct_eversource_non-hp_base_epmc_passthrough
308857,ct_eversource_non-hp_base_epmc_passthrough
354854,ct_eversource_hp_flat_epmc_passthrough
462689,ct_eversource_non-hp_base_epmc_passthrough
518419,ct_eversource_non-hp_base_epmc_passthrough
530141,ct_eversource_non-hp_base_epmc_passthrough
168862,ct_eversource_non-hp_base_epmc_passthrough
213583,ct_eversource_non-hp_base_epmc_passthrough
162076,ct_eversource_non-hp_base_epmc_passthrough
459169,ct_eversource_non-hp_base_epmc_passthrough
484090,ct_eversource_non-hp_base_epmc_passthrough
534714,ct_eversource_non-hp_base_epmc_passthrough
27158,ct_eversource_non-hp_base_epmc_passthrough
82784,ct_eversource_non-hp_base_epmc_passthrough
86890,ct_eversource_non-hp_base_epmc_passthrough
320188,ct_eversource_non-hp_base_epmc_passthrough
350407,ct_eversource_non-hp_base_epmc_passthrough
149789,ct_eversource_non-hp_base_epmc_passthrough
523863,ct_eversource_non-hp_base_epmc_passthrough
335324,ct_eversource_non-hp_base_epmc_passthrough
399590,ct_eversource_non-hp_base_epmc_passthrough
341891,ct_eversource_non-hp_base_epmc_passthrough
261614,ct_eversource_non-hp_base_epmc_passthrough
56396,ct_eversource_non-hp_base_epmc_passthrough
153369,ct_eversource_non-hp_base_epmc_passthrough
523784,ct_eversource_non-hp_base_epmc_passthrough
172850,ct_eversource_non-hp_base_epmc_passthrough
409981,ct_eversource_non-hp_base_epmc_passthrough
484776,ct_eversource_non-hp_base_epmc_passthrough
533746,ct_eversource_non-hp_base_epmc_passthrough
309261,ct_eversource_non-hp_base_epmc_passthrough
274090,ct_eversource_non-hp_base_epmc_passthrough
152628,ct_eversource_non-hp_base_epmc_passthrough
201019,ct_eversource_non-hp_base_epmc_passthrough
394101,ct_eversource_non-hp_base_epmc_passthrough
415966,ct_eversource_non-hp_base_epmc_passthrough
422295,ct_eversource_hp_flat_epmc_passthrough
430722,ct_eversource_non-hp_base_epmc_passthrough
486721,ct_eversource_non-hp_base_epmc_passthrough
488257,ct_eversource_non-hp_base_epmc_passthrough
519591,ct_eversource_non-hp_base_epmc_passthrough
157501,ct_eversource_non-hp_base_epmc_passthrough
376742,ct_eversource_hp_flat_epmc_passthrough
297099,ct_eversource_non-hp_base_epmc_passthrough
283518,ct_eversource_non-hp_base_epmc_passthrough
391357,ct_eversource_non-hp_base_epmc_passthrough
2331,ct_eversource_non-hp_base_epmc_passthrough
25920,ct_eversource_non-hp_base_epmc_passthrough
28430,ct_eversource_non-hp_base_epmc_passthrough
72716,ct_eversource_non-hp_base_epmc_passthrough
133607,ct_eversource_non-hp_base_epmc_passthrough
233677,ct_eversource_non-hp_base_epmc_passthrough
321480,ct_eversource_non-hp_base_epmc_passthrough
370264,ct_eversource_non-hp_base_epmc_passthrough
390642,ct_eversource_non-hp_base_epmc_passthrough
288341,ct_eversource_non-hp_base_epmc_passthrough
406990,ct_eversource_non-hp_base_epmc_passthrough
354412,ct_eversource_non-hp_base_epmc_passthrough
310144,ct_eversource_non-hp_base_epmc_passthrough
334842,ct_eversource_non-hp_base_epmc_passthrough
422960,ct_eversource_non-hp_base_epmc_passthrough
424401,ct_eversource_non-hp_base_epmc_passthrough
425831,ct_eversource_non-hp_base_epmc_passthrough
431673,ct_eversource_non-hp_base_epmc_passthrough
433647,ct_eversource_non-hp_base_epmc_passthrough
436266,ct_eversource_non-hp_base_epmc_passthrough
441053,ct_eversource_non-hp_base_epmc_passthrough
450305,ct_eversource_non-hp_base_epmc_passthrough
453942,ct_eversource_non-hp_base_epmc_passthrough
454697,ct_eversource_non-hp_base_epmc_passthrough
459622,ct_eversource_non-hp_base_epmc_passthrough
466957,ct_eversource_non-hp_base_epmc_passthrough
469812,ct_eversource_non-hp_base_epmc_passthrough
470038,ct_eversource_non-hp_base_epmc_passthrough
470125,ct_eversource_non-hp_base_epmc_passthrough
471656,ct_eversource_non-hp_base_epmc_passthrough
478960,ct_eversource_non-hp_base_epmc_passthrough
487272,ct_eversource_non-hp_base_epmc_passthrough
489275,ct_eversource_non-hp_base_epmc_passthrough
489361,ct_eversource_non-hp_base_epmc_passthrough
491777,ct_eversource_non-hp_base_epmc_passthrough
494331,ct_eversource_non-hp_base_epmc_passthrough
501602,ct_eversource_non-hp_base_epmc_passthrough
515200,ct_eversource_non-hp_base_epmc_passthrough
515737,ct_eversource_non-hp_base_epmc_passthrough
521563,ct_eversource_non-hp_base_epmc_passthrough
529661,ct_eversource_non-hp_base_epmc_passthrough
544025,ct_eversource_non-hp_base_epmc_passthrough
1233,ct_eversource_non-hp_base_epmc_passthrough
4302,ct_eversource_non-hp_base_epmc_passthrough
10917,ct_eversource_non-hp_base_epmc_passthrough
11617,ct_eversource_non-hp_base_epmc_passthrough
15333,ct_eversource_non-hp_base_epmc_passthrough
15746,ct_eversource_non-hp_base_epmc_passthrough
16566,ct_eversource_non-hp_base_epmc_passthrough
17977,ct_eversource_non-hp_base_epmc_passthrough
27095,ct_eversource_non-hp_base_epmc_passthrough
27704,ct_eversource_non-hp_base_epmc_passthrough
35658,ct_eversource_non-hp_base_epmc_passthrough
44839,ct_eversource_non-hp_base_epmc_passthrough
46489,ct_eversource_non-hp_base_epmc_passthrough
50591,ct_eversource_non-hp_base_epmc_passthrough
50980,ct_eversource_non-hp_base_epmc_passthrough
59970,ct_eversource_non-hp_base_epmc_passthrough
69863,ct_eversource_non-hp_base_epmc_passthrough
69909,ct_eversource_non-hp_base_epmc_passthrough
74793,ct_eversource_non-hp_base_epmc_passthrough
78479,ct_eversource_non-hp_base_epmc_passthrough
78995,ct_eversource_non-hp_base_epmc_passthrough
86256,ct_eversource_non-hp_base_epmc_passthrough
87012,ct_eversource_non-hp_base_epmc_passthrough
95378,ct_eversource_non-hp_base_epmc_passthrough
95661,ct_eversource_non-hp_base_epmc_passthrough
96117,ct_eversource_non-hp_base_epmc_passthrough
96779,ct_eversource_non-hp_base_epmc_passthrough
98635,ct_eversource_hp_flat_epmc_passthrough
99040,ct_eversource_non-hp_base_epmc_passthrough
99258,ct_eversource_non-hp_base_epmc_passthrough
101537,ct_eversource_non-hp_base_epmc_passthrough
106708,ct_eversource_non-hp_base_epmc_passthrough
109033,ct_eversource_non-hp_base_epmc_passthrough
117094,ct_eversource_non-hp_base_epmc_passthrough
117949,ct_eversource_non-hp_base_epmc_passthrough
120819,ct_eversource_non-hp_base_epmc_passthrough
126710,ct_eversource_non-hp_base_epmc_passthrough
138525,ct_eversource_non-hp_base_epmc_passthrough
142334,ct_eversource_non-hp_base_epmc_passthrough
214704,ct_eversource_non-hp_base_epmc_passthrough
274040,ct_eversource_non-hp_base_epmc_passthrough
213975,ct_eversource_non-hp_base_epmc_passthrough
231918,ct_eversource_non-hp_base_epmc_passthrough
365579,ct_eversource_non-hp_base_epmc_passthrough
144938,ct_eversource_non-hp_base_epmc_passthrough
155495,ct_eversource_non-hp_base_epmc_passthrough
155788,ct_eversource_non-hp_base_epmc_passthrough
172565,ct_eversource_non-hp_base_epmc_passthrough
253841,ct_eversource_non-hp_base_epmc_passthrough
298079,ct_eversource_non-hp_base_epmc_passthrough
249989,ct_eversource_non-hp_base_epmc_passthrough
333328,ct_eversource_non-hp_base_epmc_passthrough
211866,ct_eversource_non-hp_base_epmc_passthrough
244706,ct_eversource_non-hp_base_epmc_passthrough
325273,ct_eversource_hp_flat_epmc_passthrough
142637,ct_eversource_non-hp_base_epmc_passthrough
143147,ct_eversource_non-hp_base_epmc_passthrough
164924,ct_eversource_non-hp_base_epmc_passthrough
167564,ct_eversource_non-hp_base_epmc_passthrough
168816,ct_eversource_non-hp_base_epmc_passthrough
177901,ct_eversource_non-hp_base_epmc_passthrough
180529,ct_eversource_non-hp_base_epmc_passthrough
183614,ct_eversource_non-hp_base_epmc_passthrough
184457,ct_eversource_non-hp_base_epmc_passthrough
189503,ct_eversource_non-hp_base_epmc_passthrough
202822,ct_eversource_non-hp_base_epmc_passthrough
207683,ct_eversource_non-hp_base_epmc_passthrough
212627,ct_eversource_non-hp_base_epmc_passthrough
221767,ct_eversource_non-hp_base_epmc_passthrough
235147,ct_eversource_non-hp_base_epmc_passthrough
240939,ct_eversource_non-hp_base_epmc_passthrough
242063,ct_eversource_non-hp_base_epmc_passthrough
390756,ct_eversource_non-hp_base_epmc_passthrough
310489,ct_eversource_non-hp_base_epmc_passthrough
407636,ct_eversource_non-hp_base_epmc_passthrough
344862,ct_eversource_non-hp_base_epmc_passthrough
350971,ct_eversource_non-hp_base_epmc_passthrough
356196,ct_eversource_non-hp_base_epmc_passthrough
302297,ct_eversource_non-hp_base_epmc_passthrough
298456,ct_eversource_non-hp_base_epmc_passthrough
300239,ct_eversource_non-hp_base_epmc_passthrough
311280,ct_eversource_non-hp_base_epmc_passthrough
313638,ct_eversource_non-hp_base_epmc_passthrough
321603,ct_eversource_non-hp_base_epmc_passthrough
327305,ct_eversource_non-hp_base_epmc_passthrough
328282,ct_eversource_non-hp_base_epmc_passthrough
328324,ct_eversource_non-hp_base_epmc_passthrough
342568,ct_eversource_non-hp_base_epmc_passthrough
367096,ct_eversource_non-hp_base_epmc_passthrough
379973,ct_eversource_non-hp_base_epmc_passthrough
398637,ct_eversource_non-hp_base_epmc_passthrough
480646,ct_eversource_non-hp_base_epmc_passthrough
493901,ct_eversource_non-hp_base_epmc_passthrough
532040,ct_eversource_non-hp_base_epmc_passthrough
538651,ct_eversource_non-hp_base_epmc_passthrough
541025,ct_eversource_non-hp_base_epmc_passthrough
73136,ct_eversource_non-hp_base_epmc_passthrough
79682,ct_eversource_non-hp_base_epmc_passthrough
82080,ct_eversource_non-hp_base_epmc_passthrough
113238,ct_eversource_non-hp_base_epmc_passthrough
118330,ct_eversource_non-hp_base_epmc_passthrough
131195,ct_eversource_non-hp_base_epmc_passthrough
421386,ct_eversource_non-hp_base_epmc_passthrough
452977,ct_eversource_non-hp_base_epmc_passthrough
202188,ct_eversource_non-hp_base_epmc_passthrough
253223,ct_eversource_non-hp_base_epmc_passthrough
254802,ct_eversource_non-hp_base_epmc_passthrough
420487,ct_eversource_non-hp_base_epmc_passthrough
183846,ct_eversource_non-hp_base_epmc_passthrough
376462,ct_eversource_non-hp_base_epmc_passthrough
417109,ct_eversource_non-hp_base_epmc_passthrough
518242,ct_eversource_non-hp_base_epmc_passthrough
283170,ct_eversource_non-hp_base_epmc_passthrough
153024,ct_eversource_non-hp_base_epmc_passthrough
281821,ct_eversource_non-hp_base_epmc_passthrough
161590,ct_eversource_non-hp_base_epmc_passthrough
260475,ct_eversource_non-hp_base_epmc_passthrough
311215,ct_eversource_non-hp_base_epmc_passthrough
233255,ct_eversource_non-hp_base_epmc_passthrough
344965,ct_eversource_non-hp_base_epmc_passthrough
23447,ct_eversource_non-hp_base_epmc_passthrough
471490,ct_eversource_non-hp_base_epmc_passthrough
322780,ct_eversource_non-hp_base_epmc_passthrough
348539,ct_eversource_non-hp_base_epmc_passthrough
387280,ct_eversource_non-hp_base_epmc_passthrough
217354,ct_eversource_non-hp_base_epmc_passthrough
529288,ct_eversource_hp_flat_epmc_passthrough
473004,ct_eversource_non-hp_base_epmc_passthrough
206973,ct_eversource_non-hp_base_epmc_passthrough
49344,ct_eversource_non-hp_base_epmc_passthrough
98063,ct_eversource_non-hp_base_epmc_passthrough
116537,ct_eversource_non-hp_base_epmc_passthrough
295621,ct_eversource_non-hp_base_epmc_passthrough
404670,ct_eversource_non-hp_base_epmc_passthrough
228897,ct_eversource_non-hp_base_epmc_passthrough
249700,ct_eversource_non-hp_base_epmc_passthrough
423805,ct_eversource_non-hp_base_epmc_passthrough
154267,ct_eversource_non-hp_base_epmc_passthrough
459393,ct_eversource_non-hp_base_epmc_passthrough
502931,ct_eversource_non-hp_base_epmc_passthrough
544118,ct_eversource_non-hp_base_epmc_passthrough
547131,ct_eversource_non-hp_base_epmc_passthrough
548050,ct_eversource_non-hp_base_epmc_passthrough
549750,ct_eversource_non-hp_base_epmc_passthrough
268734,ct_eversource_non-hp_base_epmc_passthrough
62666,ct_eversource_non-hp_base_epmc_passthrough
386536,ct_eversource_non-hp_base_epmc_passthrough
372478,ct_eversource_non-hp_base_epmc_passthrough
342450,ct_eversource_non-hp_base_epmc_passthrough
426731,ct_eversource_non-hp_base_epmc_passthrough
466938,ct_eversource_non-hp_base_epmc_passthrough
503666,ct_eversource_non-hp_base_epmc_passthrough
520508,ct_eversource_non-hp_base_epmc_passthrough
216023,ct_eversource_non-hp_base_epmc_passthrough
74440,ct_eversource_non-hp_base_epmc_passthrough
145855,ct_eversource_non-hp_base_epmc_passthrough
82869,ct_eversource_non-hp_base_epmc_passthrough
169101,ct_eversource_non-hp_base_epmc_passthrough
234372,ct_eversource_non-hp_base_epmc_passthrough
239802,ct_eversource_non-hp_base_epmc_passthrough
29081,ct_eversource_non-hp_base_epmc_passthrough
54730,ct_eversource_non-hp_base_epmc_passthrough
57388,ct_eversource_non-hp_base_epmc_passthrough
72177,ct_eversource_non-hp_base_epmc_passthrough
72463,ct_eversource_non-hp_base_epmc_passthrough
77453,ct_eversource_non-hp_base_epmc_passthrough
93000,ct_eversource_non-hp_base_epmc_passthrough
262171,ct_eversource_non-hp_base_epmc_passthrough
308858,ct_eversource_non-hp_base_epmc_passthrough
267742,ct_eversource_non-hp_base_epmc_passthrough
191091,ct_eversource_non-hp_base_epmc_passthrough
230905,ct_eversource_non-hp_base_epmc_passthrough
270211,ct_eversource_non-hp_base_epmc_passthrough
148789,ct_eversource_non-hp_base_epmc_passthrough
151858,ct_eversource_non-hp_base_epmc_passthrough
170897,ct_eversource_non-hp_base_epmc_passthrough
173953,ct_eversource_non-hp_base_epmc_passthrough
256628,ct_eversource_non-hp_base_epmc_passthrough
289769,ct_eversource_non-hp_base_epmc_passthrough
391612,ct_eversource_non-hp_base_epmc_passthrough
278304,ct_eversource_non-hp_base_epmc_passthrough
410466,ct_eversource_non-hp_base_epmc_passthrough
411577,ct_eversource_hp_flat_epmc_passthrough
422044,ct_eversource_non-hp_base_epmc_passthrough
423330,ct_eversource_non-hp_base_epmc_passthrough
424572,ct_eversource_non-hp_base_epmc_passthrough
426200,ct_eversource_hp_flat_epmc_passthrough
434285,ct_eversource_non-hp_base_epmc_passthrough
447107,ct_eversource_non-hp_base_epmc_passthrough
450243,ct_eversource_non-hp_base_epmc_passthrough
451442,ct_eversource_non-hp_base_epmc_passthrough
454748,ct_eversource_non-hp_base_epmc_passthrough
461038,ct_eversource_non-hp_base_epmc_passthrough
461448,ct_eversource_non-hp_base_epmc_passthrough
465998,ct_eversource_non-hp_base_epmc_passthrough
470340,ct_eversource_non-hp_base_epmc_passthrough
483411,ct_eversource_non-hp_base_epmc_passthrough
484265,ct_eversource_non-hp_base_epmc_passthrough
485873,ct_eversource_non-hp_base_epmc_passthrough
486593,ct_eversource_non-hp_base_epmc_passthrough
500949,ct_eversource_non-hp_base_epmc_passthrough
501737,ct_eversource_non-hp_base_epmc_passthrough
505638,ct_eversource_non-hp_base_epmc_passthrough
517271,ct_eversource_non-hp_base_epmc_passthrough
530363,ct_eversource_non-hp_base_epmc_passthrough
545953,ct_eversource_non-hp_base_epmc_passthrough
546741,ct_eversource_non-hp_base_epmc_passthrough
2277,ct_eversource_non-hp_base_epmc_passthrough
4025,ct_eversource_non-hp_base_epmc_passthrough
13594,ct_eversource_non-hp_base_epmc_passthrough
14667,ct_eversource_non-hp_base_epmc_passthrough
20853,ct_eversource_non-hp_base_epmc_passthrough
23352,ct_eversource_non-hp_base_epmc_passthrough
25243,ct_eversource_non-hp_base_epmc_passthrough
25925,ct_eversource_non-hp_base_epmc_passthrough
26167,ct_eversource_non-hp_base_epmc_passthrough
34047,ct_eversource_non-hp_base_epmc_passthrough
34918,ct_eversource_hp_flat_epmc_passthrough
36856,ct_eversource_non-hp_base_epmc_passthrough
37269,ct_eversource_non-hp_base_epmc_passthrough
41853,ct_eversource_non-hp_base_epmc_passthrough
47391,ct_eversource_non-hp_base_epmc_passthrough
53391,ct_eversource_non-hp_base_epmc_passthrough
57468,ct_eversource_non-hp_base_epmc_passthrough
61664,ct_eversource_non-hp_base_epmc_passthrough
66839,ct_eversource_non-hp_base_epmc_passthrough
80492,ct_eversource_non-hp_base_epmc_passthrough
80969,ct_eversource_hp_flat_epmc_passthrough
82862,ct_eversource_non-hp_base_epmc_passthrough
89545,ct_eversource_non-hp_base_epmc_passthrough
90757,ct_eversource_non-hp_base_epmc_passthrough
91343,ct_eversource_non-hp_base_epmc_passthrough
101712,ct_eversource_non-hp_base_epmc_passthrough
108307,ct_eversource_non-hp_base_epmc_passthrough
110154,ct_eversource_non-hp_base_epmc_passthrough
114181,ct_eversource_non-hp_base_epmc_passthrough
114190,ct_eversource_non-hp_base_epmc_passthrough
114385,ct_eversource_non-hp_base_epmc_passthrough
116001,ct_eversource_non-hp_base_epmc_passthrough
116156,ct_eversource_non-hp_base_epmc_passthrough
116644,ct_eversource_non-hp_base_epmc_passthrough
116972,ct_eversource_non-hp_base_epmc_passthrough
123731,ct_eversource_non-hp_base_epmc_passthrough
124036,ct_eversource_non-hp_base_epmc_passthrough
126323,ct_eversource_non-hp_base_epmc_passthrough
130568,ct_eversource_non-hp_base_epmc_passthrough
184750,ct_eversource_non-hp_base_epmc_passthrough
220253,ct_eversource_non-hp_base_epmc_passthrough
146027,ct_eversource_non-hp_base_epmc_passthrough
164718,ct_eversource_non-hp_base_epmc_passthrough
211988,ct_eversource_non-hp_base_epmc_passthrough
340686,ct_eversource_non-hp_base_epmc_passthrough
398794,ct_eversource_non-hp_base_epmc_passthrough
399849,ct_eversource_non-hp_base_epmc_passthrough
208707,ct_eversource_non-hp_base_epmc_passthrough
288356,ct_eversource_non-hp_base_epmc_passthrough
160218,ct_eversource_non-hp_base_epmc_passthrough
340968,ct_eversource_non-hp_base_epmc_passthrough
229879,ct_eversource_non-hp_base_epmc_passthrough
307185,ct_eversource_non-hp_base_epmc_passthrough
249777,ct_eversource_non-hp_base_epmc_passthrough
329491,ct_eversource_non-hp_base_epmc_passthrough
277625,ct_eversource_non-hp_base_epmc_passthrough
242018,ct_eversource_non-hp_base_epmc_passthrough
152718,ct_eversource_non-hp_base_epmc_passthrough
264915,ct_eversource_non-hp_base_epmc_passthrough
366960,ct_eversource_non-hp_base_epmc_passthrough
325241,ct_eversource_non-hp_base_epmc_passthrough
290399,ct_eversource_non-hp_base_epmc_passthrough
142551,ct_eversource_hp_flat_epmc_passthrough
148478,ct_eversource_non-hp_base_epmc_passthrough
151554,ct_eversource_non-hp_base_epmc_passthrough
151658,ct_eversource_non-hp_base_epmc_passthrough
157722,ct_eversource_non-hp_base_epmc_passthrough
164420,ct_eversource_non-hp_base_epmc_passthrough
177297,ct_eversource_non-hp_base_epmc_passthrough
178062,ct_eversource_non-hp_base_epmc_passthrough
178636,ct_eversource_non-hp_base_epmc_passthrough
181938,ct_eversource_non-hp_base_epmc_passthrough
182613,ct_eversource_non-hp_base_epmc_passthrough
184296,ct_eversource_non-hp_base_epmc_passthrough
185183,ct_eversource_non-hp_base_epmc_passthrough
189805,ct_eversource_non-hp_base_epmc_passthrough
190608,ct_eversource_non-hp_base_epmc_passthrough
193111,ct_eversource_non-hp_base_epmc_passthrough
197325,ct_eversource_non-hp_base_epmc_passthrough
199728,ct_eversource_non-hp_base_epmc_passthrough
202167,ct_eversource_non-hp_base_epmc_passthrough
204113,ct_eversource_non-hp_base_epmc_passthrough
204933,ct_eversource_non-hp_base_epmc_passthrough
208199,ct_eversource_non-hp_base_epmc_passthrough
214841,ct_eversource_non-hp_base_epmc_passthrough
216043,ct_eversource_non-hp_base_epmc_passthrough
225648,ct_eversource_non-hp_base_epmc_passthrough
241785,ct_eversource_non-hp_base_epmc_passthrough
252889,ct_eversource_non-hp_base_epmc_passthrough
256547,ct_eversource_non-hp_base_epmc_passthrough
261897,ct_eversource_non-hp_base_epmc_passthrough
292197,ct_eversource_non-hp_base_epmc_passthrough
310571,ct_eversource_non-hp_base_epmc_passthrough
341809,ct_eversource_non-hp_base_epmc_passthrough
353481,ct_eversource_non-hp_base_epmc_passthrough
372098,ct_eversource_non-hp_base_epmc_passthrough
389753,ct_eversource_non-hp_base_epmc_passthrough
322629,ct_eversource_non-hp_base_epmc_passthrough
375118,ct_eversource_non-hp_base_epmc_passthrough
378152,ct_eversource_non-hp_base_epmc_passthrough
395273,ct_eversource_non-hp_base_epmc_passthrough
400746,ct_eversource_non-hp_base_epmc_passthrough
281229,ct_eversource_non-hp_base_epmc_passthrough
285136,ct_eversource_non-hp_base_epmc_passthrough
297747,ct_eversource_non-hp_base_epmc_passthrough
302645,ct_eversource_non-hp_base_epmc_passthrough
323811,ct_eversource_non-hp_base_epmc_passthrough
323900,ct_eversource_non-hp_base_epmc_passthrough
324787,ct_eversource_non-hp_base_epmc_passthrough
329282,ct_eversource_non-hp_base_epmc_passthrough
332434,ct_eversource_non-hp_base_epmc_passthrough
334257,ct_eversource_non-hp_base_epmc_passthrough
339991,ct_eversource_non-hp_base_epmc_passthrough
347846,ct_eversource_non-hp_base_epmc_passthrough
354779,ct_eversource_non-hp_base_epmc_passthrough
375754,ct_eversource_non-hp_base_epmc_passthrough
378515,ct_eversource_non-hp_base_epmc_passthrough
396413,ct_eversource_non-hp_base_epmc_passthrough
397830,ct_eversource_non-hp_base_epmc_passthrough
397988,ct_eversource_non-hp_base_epmc_passthrough
404715,ct_eversource_non-hp_base_epmc_passthrough
408458,ct_eversource_non-hp_base_epmc_passthrough
486274,ct_eversource_non-hp_base_epmc_passthrough
505849,ct_eversource_non-hp_base_epmc_passthrough
511846,ct_eversource_non-hp_base_epmc_passthrough
528448,ct_eversource_non-hp_base_epmc_passthrough
113585,ct_eversource_non-hp_base_epmc_passthrough
123709,ct_eversource_non-hp_base_epmc_passthrough
458993,ct_eversource_non-hp_base_epmc_passthrough
392014,ct_eversource_non-hp_base_epmc_passthrough
433008,ct_eversource_non-hp_base_epmc_passthrough
499678,ct_eversource_non-hp_base_epmc_passthrough
365778,ct_eversource_non-hp_base_epmc_passthrough
282665,ct_eversource_non-hp_base_epmc_passthrough
179679,ct_eversource_non-hp_base_epmc_passthrough
177032,ct_eversource_non-hp_base_epmc_passthrough
311511,ct_eversource_non-hp_base_epmc_passthrough
240564,ct_eversource_non-hp_base_epmc_passthrough
435263,ct_eversource_non-hp_base_epmc_passthrough
125327,ct_eversource_non-hp_base_epmc_passthrough
420795,ct_eversource_non-hp_base_epmc_passthrough
131249,ct_eversource_non-hp_base_epmc_passthrough
336601,ct_eversource_non-hp_base_epmc_passthrough
387751,ct_eversource_non-hp_base_epmc_passthrough
402346,ct_eversource_non-hp_base_epmc_passthrough
444331,ct_eversource_non-hp_base_epmc_passthrough
55863,ct_eversource_non-hp_base_epmc_passthrough
33975,ct_eversource_non-hp_base_epmc_passthrough
62035,ct_eversource_non-hp_base_epmc_passthrough
116226,ct_eversource_non-hp_base_epmc_passthrough
192198,ct_eversource_non-hp_base_epmc_passthrough
124571,ct_eversource_non-hp_base_epmc_passthrough
79489,ct_eversource_hp_flat_epmc_passthrough
83009,ct_eversource_non-hp_base_epmc_passthrough
189917,ct_eversource_non-hp_base_epmc_passthrough
254740,ct_eversource_non-hp_base_epmc_passthrough
313414,ct_eversource_non-hp_base_epmc_passthrough
326141,ct_eversource_non-hp_base_epmc_passthrough
33656,ct_eversource_non-hp_base_epmc_passthrough
384477,ct_eversource_hp_flat_epmc_passthrough
426522,ct_eversource_non-hp_base_epmc_passthrough
474615,ct_eversource_non-hp_base_epmc_passthrough
505902,ct_eversource_non-hp_base_epmc_passthrough
3,ct_eversource_non-hp_base_epmc_passthrough
37479,ct_eversource_non-hp_base_epmc_passthrough
7382,ct_eversource_non-hp_base_epmc_passthrough
423361,ct_eversource_non-hp_base_epmc_passthrough
445573,ct_eversource_non-hp_base_epmc_passthrough
549835,ct_eversource_non-hp_base_epmc_passthrough
9239,ct_eversource_non-hp_base_epmc_passthrough
95965,ct_eversource_non-hp_base_epmc_passthrough
398093,ct_eversource_non-hp_base_epmc_passthrough
76103,ct_eversource_non-hp_base_epmc_passthrough
206140,ct_eversource_non-hp_base_epmc_passthrough
303938,ct_eversource_non-hp_base_epmc_passthrough
345863,ct_eversource_non-hp_base_epmc_passthrough
1557,ct_eversource_non-hp_base_epmc_passthrough
100771,ct_eversource_non-hp_base_epmc_passthrough
378211,ct_eversource_non-hp_base_epmc_passthrough
381275,ct_eversource_non-hp_base_epmc_passthrough
73983,ct_eversource_non-hp_base_epmc_passthrough
173238,ct_eversource_non-hp_base_epmc_passthrough
147706,ct_eversource_non-hp_base_epmc_passthrough
24633,ct_eversource_non-hp_base_epmc_passthrough
34832,ct_eversource_non-hp_base_epmc_passthrough
61712,ct_eversource_non-hp_base_epmc_passthrough
78071,ct_eversource_non-hp_base_epmc_passthrough
316187,ct_eversource_non-hp_base_epmc_passthrough
203584,ct_eversource_non-hp_base_epmc_passthrough
223573,ct_eversource_hp_flat_epmc_passthrough
176093,ct_eversource_non-hp_base_epmc_passthrough
182100,ct_eversource_non-hp_base_epmc_passthrough
186466,ct_eversource_non-hp_base_epmc_passthrough
217786,ct_eversource_non-hp_base_epmc_passthrough
382846,ct_eversource_non-hp_base_epmc_passthrough
316939,ct_eversource_non-hp_base_epmc_passthrough
283932,ct_eversource_non-hp_base_epmc_passthrough
269988,ct_eversource_non-hp_base_epmc_passthrough
293717,ct_eversource_non-hp_base_epmc_passthrough
412808,ct_eversource_non-hp_base_epmc_passthrough
418808,ct_eversource_non-hp_base_epmc_passthrough
418864,ct_eversource_non-hp_base_epmc_passthrough
427507,ct_eversource_non-hp_base_epmc_passthrough
428852,ct_eversource_non-hp_base_epmc_passthrough
429064,ct_eversource_non-hp_base_epmc_passthrough
438283,ct_eversource_non-hp_base_epmc_passthrough
441017,ct_eversource_non-hp_base_epmc_passthrough
443644,ct_eversource_non-hp_base_epmc_passthrough
446647,ct_eversource_non-hp_base_epmc_passthrough
464494,ct_eversource_non-hp_base_epmc_passthrough
466200,ct_eversource_non-hp_base_epmc_passthrough
475357,ct_eversource_non-hp_base_epmc_passthrough
477037,ct_eversource_non-hp_base_epmc_passthrough
488486,ct_eversource_non-hp_base_epmc_passthrough
492174,ct_eversource_non-hp_base_epmc_passthrough
492815,ct_eversource_non-hp_base_epmc_passthrough
494950,ct_eversource_non-hp_base_epmc_passthrough
500061,ct_eversource_non-hp_base_epmc_passthrough
503336,ct_eversource_non-hp_base_epmc_passthrough
510774,ct_eversource_non-hp_base_epmc_passthrough
520667,ct_eversource_non-hp_base_epmc_passthrough
520868,ct_eversource_non-hp_base_epmc_passthrough
525975,ct_eversource_hp_flat_epmc_passthrough
536698,ct_eversource_non-hp_base_epmc_passthrough
541330,ct_eversource_non-hp_base_epmc_passthrough
291,ct_eversource_non-hp_base_epmc_passthrough
1753,ct_eversource_non-hp_base_epmc_passthrough
2376,ct_eversource_non-hp_base_epmc_passthrough
8668,ct_eversource_non-hp_base_epmc_passthrough
18638,ct_eversource_non-hp_base_epmc_passthrough
27801,ct_eversource_non-hp_base_epmc_passthrough
29127,ct_eversource_non-hp_base_epmc_passthrough
32110,ct_eversource_non-hp_base_epmc_passthrough
32733,ct_eversource_hp_flat_epmc_passthrough
37201,ct_eversource_non-hp_base_epmc_passthrough
38142,ct_eversource_non-hp_base_epmc_passthrough
40390,ct_eversource_non-hp_base_epmc_passthrough
47276,ct_eversource_non-hp_base_epmc_passthrough
50586,ct_eversource_non-hp_base_epmc_passthrough
53741,ct_eversource_non-hp_base_epmc_passthrough
54219,ct_eversource_non-hp_base_epmc_passthrough
57583,ct_eversource_non-hp_base_epmc_passthrough
58736,ct_eversource_non-hp_base_epmc_passthrough
70214,ct_eversource_non-hp_base_epmc_passthrough
74894,ct_eversource_non-hp_base_epmc_passthrough
80757,ct_eversource_hp_flat_epmc_passthrough
84846,ct_eversource_non-hp_base_epmc_passthrough
86074,ct_eversource_non-hp_base_epmc_passthrough
88120,ct_eversource_hp_flat_epmc_passthrough
92327,ct_eversource_non-hp_base_epmc_passthrough
95837,ct_eversource_non-hp_base_epmc_passthrough
101911,ct_eversource_non-hp_base_epmc_passthrough
109508,ct_eversource_non-hp_base_epmc_passthrough
114551,ct_eversource_non-hp_base_epmc_passthrough
115204,ct_eversource_non-hp_base_epmc_passthrough
116503,ct_eversource_non-hp_base_epmc_passthrough
128387,ct_eversource_non-hp_base_epmc_passthrough
134461,ct_eversource_non-hp_base_epmc_passthrough
136508,ct_eversource_non-hp_base_epmc_passthrough
336843,ct_eversource_hp_flat_epmc_passthrough
239181,ct_eversource_non-hp_base_epmc_passthrough
240630,ct_eversource_non-hp_base_epmc_passthrough
288367,ct_eversource_non-hp_base_epmc_passthrough
308867,ct_eversource_non-hp_base_epmc_passthrough
330961,ct_eversource_non-hp_base_epmc_passthrough
353401,ct_eversource_non-hp_base_epmc_passthrough
298341,ct_eversource_non-hp_base_epmc_passthrough
270414,ct_eversource_non-hp_base_epmc_passthrough
228430,ct_eversource_non-hp_base_epmc_passthrough
278135,ct_eversource_non-hp_base_epmc_passthrough
368655,ct_eversource_non-hp_base_epmc_passthrough
168553,ct_eversource_non-hp_base_epmc_passthrough
308289,ct_eversource_non-hp_base_epmc_passthrough
251493,ct_eversource_non-hp_base_epmc_passthrough
294442,ct_eversource_non-hp_base_epmc_passthrough
225125,ct_eversource_non-hp_base_epmc_passthrough
330748,ct_eversource_non-hp_base_epmc_passthrough
362768,ct_eversource_non-hp_base_epmc_passthrough
187198,ct_eversource_non-hp_base_epmc_passthrough
349966,ct_eversource_non-hp_base_epmc_passthrough
395002,ct_eversource_non-hp_base_epmc_passthrough
195914,ct_eversource_non-hp_base_epmc_passthrough
243667,ct_eversource_non-hp_base_epmc_passthrough
288809,ct_eversource_non-hp_base_epmc_passthrough
355276,ct_eversource_non-hp_base_epmc_passthrough
140801,ct_eversource_non-hp_base_epmc_passthrough
141585,ct_eversource_non-hp_base_epmc_passthrough
145676,ct_eversource_non-hp_base_epmc_passthrough
154304,ct_eversource_non-hp_base_epmc_passthrough
155618,ct_eversource_non-hp_base_epmc_passthrough
157515,ct_eversource_hp_flat_epmc_passthrough
157875,ct_eversource_non-hp_base_epmc_passthrough
160389,ct_eversource_non-hp_base_epmc_passthrough
171961,ct_eversource_non-hp_base_epmc_passthrough
175100,ct_eversource_non-hp_base_epmc_passthrough
175717,ct_eversource_non-hp_base_epmc_passthrough
178861,ct_eversource_non-hp_base_epmc_passthrough
180312,ct_eversource_non-hp_base_epmc_passthrough
186954,ct_eversource_non-hp_base_epmc_passthrough
199440,ct_eversource_non-hp_base_epmc_passthrough
200967,ct_eversource_non-hp_base_epmc_passthrough
210586,ct_eversource_non-hp_base_epmc_passthrough
219054,ct_eversource_non-hp_base_epmc_passthrough
227114,ct_eversource_non-hp_base_epmc_passthrough
236236,ct_eversource_non-hp_base_epmc_passthrough
237542,ct_eversource_non-hp_base_epmc_passthrough
239590,ct_eversource_non-hp_base_epmc_passthrough
243776,ct_eversource_non-hp_base_epmc_passthrough
243997,ct_eversource_non-hp_base_epmc_passthrough
254280,ct_eversource_non-hp_base_epmc_passthrough
254746,ct_eversource_non-hp_base_epmc_passthrough
263809,ct_eversource_non-hp_base_epmc_passthrough
342344,ct_eversource_non-hp_base_epmc_passthrough
277721,ct_eversource_non-hp_base_epmc_passthrough
338286,ct_eversource_non-hp_base_epmc_passthrough
383417,ct_eversource_non-hp_base_epmc_passthrough
284757,ct_eversource_non-hp_base_epmc_passthrough
372222,ct_eversource_non-hp_base_epmc_passthrough
287206,ct_eversource_non-hp_base_epmc_passthrough
371922,ct_eversource_non-hp_base_epmc_passthrough
381549,ct_eversource_non-hp_base_epmc_passthrough
362858,ct_eversource_non-hp_base_epmc_passthrough
396445,ct_eversource_non-hp_base_epmc_passthrough
296181,ct_eversource_non-hp_base_epmc_passthrough
326045,ct_eversource_non-hp_base_epmc_passthrough
287162,ct_eversource_non-hp_base_epmc_passthrough
287870,ct_eversource_non-hp_base_epmc_passthrough
316476,ct_eversource_non-hp_base_epmc_passthrough
357958,ct_eversource_non-hp_base_epmc_passthrough
360991,ct_eversource_non-hp_base_epmc_passthrough
369885,ct_eversource_non-hp_base_epmc_passthrough
374441,ct_eversource_non-hp_base_epmc_passthrough
392141,ct_eversource_non-hp_base_epmc_passthrough
395081,ct_eversource_non-hp_base_epmc_passthrough
395520,ct_eversource_non-hp_base_epmc_passthrough
399645,ct_eversource_non-hp_base_epmc_passthrough
484131,ct_eversource_non-hp_base_epmc_passthrough
492413,ct_eversource_non-hp_base_epmc_passthrough
497979,ct_eversource_non-hp_base_epmc_passthrough
525765,ct_eversource_non-hp_base_epmc_passthrough
127141,ct_eversource_non-hp_base_epmc_passthrough
137552,ct_eversource_non-hp_base_epmc_passthrough
155639,ct_eversource_non-hp_base_epmc_passthrough
278016,ct_eversource_non-hp_base_epmc_passthrough
279834,ct_eversource_non-hp_base_epmc_passthrough
346980,ct_eversource_non-hp_base_epmc_passthrough
237004,ct_eversource_non-hp_base_epmc_passthrough
256731,ct_eversource_non-hp_base_epmc_passthrough
206612,ct_eversource_hp_flat_epmc_passthrough
225154,ct_eversource_non-hp_base_epmc_passthrough
247456,ct_eversource_non-hp_base_epmc_passthrough
257424,ct_eversource_non-hp_base_epmc_passthrough
263934,ct_eversource_non-hp_base_epmc_passthrough
485086,ct_eversource_non-hp_base_epmc_passthrough
385141,ct_eversource_non-hp_base_epmc_passthrough
484780,ct_eversource_non-hp_base_epmc_passthrough
318154,ct_eversource_non-hp_base_epmc_passthrough
351306,ct_eversource_non-hp_base_epmc_passthrough
491879,ct_eversource_non-hp_base_epmc_passthrough
348692,ct_eversource_non-hp_base_epmc_passthrough
76490,ct_eversource_non-hp_base_epmc_passthrough
455971,ct_eversource_non-hp_base_epmc_passthrough
461509,ct_eversource_non-hp_base_epmc_passthrough
487319,ct_eversource_non-hp_base_epmc_passthrough
185331,ct_eversource_non-hp_base_epmc_passthrough
260758,ct_eversource_non-hp_base_epmc_passthrough
46424,ct_eversource_non-hp_base_epmc_passthrough
202653,ct_eversource_non-hp_base_epmc_passthrough
3680,ct_eversource_non-hp_base_epmc_passthrough
63060,ct_eversource_non-hp_base_epmc_passthrough
89322,ct_eversource_non-hp_base_epmc_passthrough
175251,ct_eversource_non-hp_base_epmc_passthrough
536511,ct_eversource_non-hp_base_epmc_passthrough
120803,ct_eversource_non-hp_base_epmc_passthrough
136998,ct_eversource_hp_flat_epmc_passthrough
220103,ct_eversource_non-hp_base_epmc_passthrough
253681,ct_eversource_non-hp_base_epmc_passthrough
284162,ct_eversource_non-hp_base_epmc_passthrough
319808,ct_eversource_non-hp_base_epmc_passthrough
399139,ct_eversource_non-hp_base_epmc_passthrough
399483,ct_eversource_hp_flat_epmc_passthrough
401808,ct_eversource_non-hp_base_epmc_passthrough
166544,ct_eversource_non-hp_base_epmc_passthrough
524661,ct_eversource_non-hp_base_epmc_passthrough
543241,ct_eversource_non-hp_base_epmc_passthrough
298137,ct_eversource_non-hp_base_epmc_passthrough
277655,ct_eversource_non-hp_base_epmc_passthrough
26148,ct_eversource_non-hp_base_epmc_passthrough
294932,ct_eversource_non-hp_base_epmc_passthrough
431265,ct_eversource_non-hp_base_epmc_passthrough
438146,ct_eversource_non-hp_base_epmc_passthrough
442274,ct_eversource_non-hp_base_epmc_passthrough
448483,ct_eversource_non-hp_base_epmc_passthrough
468233,ct_eversource_non-hp_base_epmc_passthrough
521195,ct_eversource_non-hp_base_epmc_passthrough
534336,ct_eversource_non-hp_base_epmc_passthrough
20203,ct_eversource_non-hp_base_epmc_passthrough
118397,ct_eversource_non-hp_base_epmc_passthrough
278927,ct_eversource_non-hp_base_epmc_passthrough
14925,ct_eversource_non-hp_base_epmc_passthrough
22036,ct_eversource_hp_flat_epmc_passthrough
30403,ct_eversource_non-hp_base_epmc_passthrough
46316,ct_eversource_non-hp_base_epmc_passthrough
63824,ct_eversource_non-hp_base_epmc_passthrough
95305,ct_eversource_non-hp_base_epmc_passthrough
118532,ct_eversource_non-hp_base_epmc_passthrough
345352,ct_eversource_non-hp_base_epmc_passthrough
236061,ct_eversource_non-hp_base_epmc_passthrough
147830,ct_eversource_non-hp_base_epmc_passthrough
401258,ct_eversource_non-hp_base_epmc_passthrough
159069,ct_eversource_non-hp_base_epmc_passthrough
283082,ct_eversource_non-hp_base_epmc_passthrough
321632,ct_eversource_non-hp_base_epmc_passthrough
233573,ct_eversource_non-hp_base_epmc_passthrough
355296,ct_eversource_non-hp_base_epmc_passthrough
186057,ct_eversource_non-hp_base_epmc_passthrough
319120,ct_eversource_hp_flat_epmc_passthrough
273523,ct_eversource_non-hp_base_epmc_passthrough
424701,ct_eversource_non-hp_base_epmc_passthrough
426326,ct_eversource_non-hp_base_epmc_passthrough
429137,ct_eversource_hp_flat_epmc_passthrough
440102,ct_eversource_non-hp_base_epmc_passthrough
442306,ct_eversource_non-hp_base_epmc_passthrough
445641,ct_eversource_non-hp_base_epmc_passthrough
446435,ct_eversource_non-hp_base_epmc_passthrough
449376,ct_eversource_non-hp_base_epmc_passthrough
449676,ct_eversource_non-hp_base_epmc_passthrough
450463,ct_eversource_non-hp_base_epmc_passthrough
452885,ct_eversource_hp_flat_epmc_passthrough
453304,ct_eversource_non-hp_base_epmc_passthrough
457572,ct_eversource_non-hp_base_epmc_passthrough
458949,ct_eversource_non-hp_base_epmc_passthrough
462968,ct_eversource_non-hp_base_epmc_passthrough
463664,ct_eversource_non-hp_base_epmc_passthrough
467582,ct_eversource_non-hp_base_epmc_passthrough
468247,ct_eversource_non-hp_base_epmc_passthrough
472249,ct_eversource_non-hp_base_epmc_passthrough
487439,ct_eversource_non-hp_base_epmc_passthrough
489118,ct_eversource_non-hp_base_epmc_passthrough
489540,ct_eversource_non-hp_base_epmc_passthrough
490023,ct_eversource_non-hp_base_epmc_passthrough
491805,ct_eversource_non-hp_base_epmc_passthrough
495173,ct_eversource_non-hp_base_epmc_passthrough
501831,ct_eversource_non-hp_base_epmc_passthrough
509329,ct_eversource_non-hp_base_epmc_passthrough
511861,ct_eversource_non-hp_base_epmc_passthrough
535929,ct_eversource_non-hp_base_epmc_passthrough
540661,ct_eversource_non-hp_base_epmc_passthrough
541349,ct_eversource_non-hp_base_epmc_passthrough
548464,ct_eversource_non-hp_base_epmc_passthrough
2159,ct_eversource_non-hp_base_epmc_passthrough
3426,ct_eversource_non-hp_base_epmc_passthrough
5662,ct_eversource_non-hp_base_epmc_passthrough
6131,ct_eversource_non-hp_base_epmc_passthrough
6844,ct_eversource_non-hp_base_epmc_passthrough
9823,ct_eversource_non-hp_base_epmc_passthrough
11115,ct_eversource_non-hp_base_epmc_passthrough
12516,ct_eversource_non-hp_base_epmc_passthrough
22557,ct_eversource_non-hp_base_epmc_passthrough
37196,ct_eversource_non-hp_base_epmc_passthrough
39461,ct_eversource_non-hp_base_epmc_passthrough
39750,ct_eversource_non-hp_base_epmc_passthrough
43941,ct_eversource_non-hp_base_epmc_passthrough
45589,ct_eversource_non-hp_base_epmc_passthrough
46519,ct_eversource_non-hp_base_epmc_passthrough
54234,ct_eversource_non-hp_base_epmc_passthrough
55603,ct_eversource_non-hp_base_epmc_passthrough
56086,ct_eversource_non-hp_base_epmc_passthrough
59281,ct_eversource_non-hp_base_epmc_passthrough
67799,ct_eversource_non-hp_base_epmc_passthrough
69195,ct_eversource_non-hp_base_epmc_passthrough
71980,ct_eversource_non-hp_base_epmc_passthrough
72022,ct_eversource_non-hp_base_epmc_passthrough
79321,ct_eversource_non-hp_base_epmc_passthrough
81315,ct_eversource_non-hp_base_epmc_passthrough
86780,ct_eversource_non-hp_base_epmc_passthrough
89917,ct_eversource_hp_flat_epmc_passthrough
90920,ct_eversource_non-hp_base_epmc_passthrough
93861,ct_eversource_non-hp_base_epmc_passthrough
100057,ct_eversource_non-hp_base_epmc_passthrough
101091,ct_eversource_non-hp_base_epmc_passthrough
106211,ct_eversource_non-hp_base_epmc_passthrough
107477,ct_eversource_non-hp_base_epmc_passthrough
117421,ct_eversource_non-hp_base_epmc_passthrough
122567,ct_eversource_non-hp_base_epmc_passthrough
124732,ct_eversource_non-hp_base_epmc_passthrough
128948,ct_eversource_non-hp_base_epmc_passthrough
131753,ct_eversource_non-hp_base_epmc_passthrough
132411,ct_eversource_non-hp_base_epmc_passthrough
137475,ct_eversource_non-hp_base_epmc_passthrough
138119,ct_eversource_non-hp_base_epmc_passthrough
255366,ct_eversource_non-hp_base_epmc_passthrough
197551,ct_eversource_non-hp_base_epmc_passthrough
329749,ct_eversource_non-hp_base_epmc_passthrough
288352,ct_eversource_non-hp_base_epmc_passthrough
304170,ct_eversource_non-hp_base_epmc_passthrough
331126,ct_eversource_non-hp_base_epmc_passthrough
392872,ct_eversource_non-hp_base_epmc_passthrough
393034,ct_eversource_non-hp_base_epmc_passthrough
222831,ct_eversource_non-hp_base_epmc_passthrough
292083,ct_eversource_non-hp_base_epmc_passthrough
402569,ct_eversource_non-hp_base_epmc_passthrough
400197,ct_eversource_non-hp_base_epmc_passthrough
349192,ct_eversource_non-hp_base_epmc_passthrough
271248,ct_eversource_non-hp_base_epmc_passthrough
144492,ct_eversource_non-hp_base_epmc_passthrough
212525,ct_eversource_non-hp_base_epmc_passthrough
266265,ct_eversource_non-hp_base_epmc_passthrough
378545,ct_eversource_non-hp_base_epmc_passthrough
175741,ct_eversource_non-hp_base_epmc_passthrough
210322,ct_eversource_non-hp_base_epmc_passthrough
218146,ct_eversource_non-hp_base_epmc_passthrough
220866,ct_eversource_non-hp_base_epmc_passthrough
333546,ct_eversource_non-hp_base_epmc_passthrough
358191,ct_eversource_non-hp_base_epmc_passthrough
301513,ct_eversource_non-hp_base_epmc_passthrough
380932,ct_eversource_non-hp_base_epmc_passthrough
145669,ct_eversource_non-hp_base_epmc_passthrough
171899,ct_eversource_non-hp_base_epmc_passthrough
185104,ct_eversource_non-hp_base_epmc_passthrough
190191,ct_eversource_non-hp_base_epmc_passthrough
201030,ct_eversource_non-hp_base_epmc_passthrough
209689,ct_eversource_non-hp_base_epmc_passthrough
209998,ct_eversource_non-hp_base_epmc_passthrough
210887,ct_eversource_non-hp_base_epmc_passthrough
216086,ct_eversource_non-hp_base_epmc_passthrough
216549,ct_eversource_non-hp_base_epmc_passthrough
224834,ct_eversource_non-hp_base_epmc_passthrough
234088,ct_eversource_non-hp_base_epmc_passthrough
240613,ct_eversource_non-hp_base_epmc_passthrough
246271,ct_eversource_non-hp_base_epmc_passthrough
249349,ct_eversource_non-hp_base_epmc_passthrough
256589,ct_eversource_non-hp_base_epmc_passthrough
257990,ct_eversource_non-hp_base_epmc_passthrough
264949,ct_eversource_non-hp_base_epmc_passthrough
267179,ct_eversource_non-hp_base_epmc_passthrough
322467,ct_eversource_non-hp_base_epmc_passthrough
368288,ct_eversource_non-hp_base_epmc_passthrough
312400,ct_eversource_non-hp_base_epmc_passthrough
356159,ct_eversource_non-hp_base_epmc_passthrough
366356,ct_eversource_non-hp_base_epmc_passthrough
392788,ct_eversource_non-hp_base_epmc_passthrough
400806,ct_eversource_non-hp_base_epmc_passthrough
401814,ct_eversource_non-hp_base_epmc_passthrough
279395,ct_eversource_non-hp_base_epmc_passthrough
298072,ct_eversource_non-hp_base_epmc_passthrough
394460,ct_eversource_non-hp_base_epmc_passthrough
335511,ct_eversource_non-hp_base_epmc_passthrough
356752,ct_eversource_non-hp_base_epmc_passthrough
273033,ct_eversource_non-hp_base_epmc_passthrough
281725,ct_eversource_non-hp_base_epmc_passthrough
288938,ct_eversource_non-hp_base_epmc_passthrough
307525,ct_eversource_non-hp_base_epmc_passthrough
317543,ct_eversource_non-hp_base_epmc_passthrough
318322,ct_eversource_non-hp_base_epmc_passthrough
326686,ct_eversource_non-hp_base_epmc_passthrough
327151,ct_eversource_non-hp_base_epmc_passthrough
334170,ct_eversource_non-hp_base_epmc_passthrough
352952,ct_eversource_non-hp_base_epmc_passthrough
357505,ct_eversource_non-hp_base_epmc_passthrough
358880,ct_eversource_non-hp_base_epmc_passthrough
371914,ct_eversource_non-hp_base_epmc_passthrough
380058,ct_eversource_non-hp_base_epmc_passthrough
383106,ct_eversource_non-hp_base_epmc_passthrough
384627,ct_eversource_non-hp_base_epmc_passthrough
388190,ct_eversource_non-hp_base_epmc_passthrough
391578,ct_eversource_non-hp_base_epmc_passthrough
