bldg_id,tariff_key
63060,ct_eversource_rate6_fixed_ratemc_trans
445641,ct_eversource_rate6_fixed_ratemc_trans
170021,ct_eversource_rate6_fixed_ratemc_trans
304501,ct_eversource_rate6_fixed_ratemc_trans
479725,ct_eversource_rate6_fixed_ratemc_trans
489361,ct_eversource_rate6_fixed_ratemc_trans
499935,ct_eversource_rate6_fixed_ratemc_trans
505849,ct_eversource_rate6_fixed_ratemc_trans
525975,ct_eversource_rate6_fixed_ratemc_trans
455178,ct_eversource_rate6_fixed_ratemc_trans
99099,ct_eversource_rate6_fixed_ratemc_trans
183846,ct_eversource_rate6_fixed_ratemc_trans
3005,ct_eversource_rate6_fixed_ratemc_trans
3165,ct_eversource_rate6_fixed_ratemc_trans
4174,ct_eversource_rate6_fixed_ratemc_trans
5425,ct_eversource_rate6_fixed_ratemc_trans
16426,ct_eversource_rate6_fixed_ratemc_trans
17557,ct_eversource_rate6_fixed_ratemc_trans
51759,ct_eversource_rate6_fixed_ratemc_trans
475601,ct_eversource_rate6_fixed_ratemc_trans
86074,ct_eversource_rate6_fixed_ratemc_trans
104911,ct_eversource_rate6_fixed_ratemc_trans
126323,ct_eversource_rate6_fixed_ratemc_trans
130778,ct_eversource_rate6_fixed_ratemc_trans
134564,ct_eversource_rate6_fixed_ratemc_trans
135025,ct_eversource_rate6_fixed_ratemc_trans
171961,ct_eversource_rate6_fixed_ratemc_trans
250520,ct_eversource_rate6_fixed_ratemc_trans
254802,ct_eversource_rate6_fixed_ratemc_trans
422089,ct_eversource_rate6_fixed_ratemc_trans
348539,ct_eversource_rate6_fixed_ratemc_trans
370530,ct_eversource_rate6_fixed_ratemc_trans
229174,ct_eversource_rate6_fixed_ratemc_trans
237542,ct_eversource_rate6_fixed_ratemc_trans
368521,ct_eversource_rate6_fixed_ratemc_trans
461509,ct_eversource_rate6_fixed_ratemc_trans
449534,ct_eversource_rate6_fixed_ratemc_trans
271248,ct_eversource_rate6_fixed_ratemc_trans
284757,ct_eversource_rate6_fixed_ratemc_trans
327407,ct_eversource_rate6_fixed_ratemc_trans
451996,ct_eversource_rate6_fixed_ratemc_trans
460454,ct_eversource_rate6_fixed_ratemc_trans
359335,ct_eversource_rate6_fixed_ratemc_trans
424572,ct_eversource_rate6_fixed_ratemc_trans
355524,ct_eversource_rate6_fixed_ratemc_trans
392065,ct_eversource_rate6_fixed_ratemc_trans
73380,ct_eversource_rate6_fixed_ratemc_trans
320074,ct_eversource_rate6_fixed_ratemc_trans
475176,ct_eversource_rate6_fixed_ratemc_trans
496876,ct_eversource_rate6_fixed_ratemc_trans
217492,ct_eversource_rate6_fixed_ratemc_trans
71224,ct_eversource_rate6_fixed_ratemc_trans
296181,ct_eversource_rate6_fixed_ratemc_trans
189917,ct_eversource_rate6_fixed_ratemc_trans
480217,ct_eversource_rate6_fixed_ratemc_trans
485212,ct_eversource_rate6_fixed_ratemc_trans
509852,ct_eversource_rate6_fixed_ratemc_trans
510319,ct_eversource_rate6_fixed_ratemc_trans
533296,ct_eversource_rate6_fixed_ratemc_trans
535238,ct_eversource_rate6_fixed_ratemc_trans
542706,ct_eversource_rate6_fixed_ratemc_trans
545188,ct_eversource_rate6_fixed_ratemc_trans
431673,ct_eversource_rate6_fixed_ratemc_trans
476063,ct_eversource_rate6_fixed_ratemc_trans
40760,ct_eversource_rate6_fixed_ratemc_trans
59970,ct_eversource_rate6_fixed_ratemc_trans
69909,ct_eversource_rate6_fixed_ratemc_trans
180941,ct_eversource_rate6_fixed_ratemc_trans
244982,ct_eversource_rate6_fixed_ratemc_trans
3426,ct_eversource_rate6_fixed_ratemc_trans
46384,ct_eversource_rate6_fixed_ratemc_trans
52396,ct_eversource_rate6_fixed_ratemc_trans
60966,ct_eversource_rate6_fixed_ratemc_trans
67305,ct_eversource_rate6_fixed_ratemc_trans
223749,ct_eversource_rate6_fixed_ratemc_trans
107961,ct_eversource_rate6_fixed_ratemc_trans
349049,ct_eversource_rate6_fixed_ratemc_trans
81661,ct_eversource_rate6_fixed_ratemc_trans
311754,ct_eversource_rate6_fixed_ratemc_trans
77811,ct_eversource_rate6_fixed_ratemc_trans
107111,ct_eversource_rate6_fixed_ratemc_trans
442274,ct_eversource_rate6_fixed_ratemc_trans
379629,ct_eversource_rate6_fixed_ratemc_trans
438970,ct_eversource_rate6_fixed_ratemc_trans
318870,ct_eversource_rate6_fixed_ratemc_trans
464494,ct_eversource_rate6_fixed_ratemc_trans
427101,ct_eversource_rate6_fixed_ratemc_trans
146197,ct_eversource_rate6_fixed_ratemc_trans
151079,ct_eversource_rate6_fixed_ratemc_trans
164767,ct_eversource_rate6_fixed_ratemc_trans
201685,ct_eversource_rate6_fixed_ratemc_trans
297195,ct_eversource_rate6_fixed_ratemc_trans
368492,ct_eversource_rate6_fixed_ratemc_trans
236459,ct_eversource_rate6_fixed_ratemc_trans
208165,ct_eversource_rate6_fixed_ratemc_trans
211988,ct_eversource_rate6_fixed_ratemc_trans
229772,ct_eversource_rate6_fixed_ratemc_trans
229879,ct_eversource_rate6_fixed_ratemc_trans
247090,ct_eversource_rate6_fixed_ratemc_trans
463534,ct_eversource_rate6_fixed_ratemc_trans
329491,ct_eversource_rate6_fixed_ratemc_trans
308857,ct_eversource_rate6_fixed_ratemc_trans
329282,ct_eversource_rate6_fixed_ratemc_trans
330961,ct_eversource_rate6_fixed_ratemc_trans
339299,ct_eversource_rate6_fixed_ratemc_trans
456455,ct_eversource_rate6_fixed_ratemc_trans
390377,ct_eversource_rate6_fixed_ratemc_trans
342412,ct_eversource_rate6_fixed_ratemc_trans
398093,ct_eversource_rate6_fixed_ratemc_trans
548997,ct_eversource_rate6_fixed_ratemc_trans
549414,ct_eversource_rate6_fixed_ratemc_trans
408796,ct_eversource_rate6_fixed_ratemc_trans
144435,ct_eversource_rate6_fixed_ratemc_trans
395520,ct_eversource_rate6_fixed_ratemc_trans
237722,ct_eversource_rate6_fixed_ratemc_trans
481090,ct_eversource_rate6_fixed_ratemc_trans
484780,ct_eversource_rate6_fixed_ratemc_trans
487949,ct_eversource_rate6_fixed_ratemc_trans
492413,ct_eversource_rate6_fixed_ratemc_trans
510774,ct_eversource_rate6_fixed_ratemc_trans
513561,ct_eversource_rate6_fixed_ratemc_trans
514198,ct_eversource_rate6_fixed_ratemc_trans
532634,ct_eversource_rate6_fixed_ratemc_trans
115204,ct_eversource_rate6_fixed_ratemc_trans
58287,ct_eversource_rate6_fixed_ratemc_trans
279732,ct_eversource_rate6_fixed_ratemc_trans
86493,ct_eversource_rate6_fixed_ratemc_trans
338527,ct_eversource_rate6_fixed_ratemc_trans
29012,ct_eversource_rate6_fixed_ratemc_trans
34254,ct_eversource_rate6_fixed_ratemc_trans
67474,ct_eversource_rate6_fixed_ratemc_trans
325273,ct_eversource_rate6_fixed_ratemc_trans
258860,ct_eversource_rate6_fixed_ratemc_trans
81315,ct_eversource_rate6_fixed_ratemc_trans
96779,ct_eversource_rate6_fixed_ratemc_trans
100540,ct_eversource_rate6_fixed_ratemc_trans
269197,ct_eversource_rate6_fixed_ratemc_trans
386656,ct_eversource_rate6_fixed_ratemc_trans
268941,ct_eversource_rate6_fixed_ratemc_trans
405264,ct_eversource_rate6_fixed_ratemc_trans
145669,ct_eversource_rate6_fixed_ratemc_trans
156273,ct_eversource_rate6_fixed_ratemc_trans
159383,ct_eversource_rate6_fixed_ratemc_trans
164420,ct_eversource_rate6_fixed_ratemc_trans
176430,ct_eversource_rate6_fixed_ratemc_trans
191444,ct_eversource_rate6_fixed_ratemc_trans
468970,ct_eversource_rate6_fixed_ratemc_trans
414552,ct_eversource_rate6_fixed_ratemc_trans
220404,ct_eversource_rate6_fixed_ratemc_trans
224486,ct_eversource_rate6_fixed_ratemc_trans
266745,ct_eversource_rate6_fixed_ratemc_trans
360945,ct_eversource_rate6_fixed_ratemc_trans
326543,ct_eversource_rate6_fixed_ratemc_trans
328461,ct_eversource_rate6_fixed_ratemc_trans
341809,ct_eversource_rate6_fixed_ratemc_trans
343082,ct_eversource_rate6_fixed_ratemc_trans
343593,ct_eversource_rate6_fixed_ratemc_trans
400197,ct_eversource_rate6_fixed_ratemc_trans
245321,ct_eversource_rate6_fixed_ratemc_trans
261614,ct_eversource_rate6_fixed_ratemc_trans
33479,ct_eversource_rate6_fixed_ratemc_trans
444690,ct_eversource_rate6_fixed_ratemc_trans
513160,ct_eversource_rate6_fixed_ratemc_trans
514130,ct_eversource_rate6_fixed_ratemc_trans
515205,ct_eversource_rate6_fixed_ratemc_trans
515550,ct_eversource_rate6_fixed_ratemc_trans
516626,ct_eversource_rate6_fixed_ratemc_trans
518231,ct_eversource_rate6_fixed_ratemc_trans
524661,ct_eversource_rate6_fixed_ratemc_trans
526835,ct_eversource_rate6_fixed_ratemc_trans
528131,ct_eversource_rate6_fixed_ratemc_trans
542718,ct_eversource_rate6_fixed_ratemc_trans
274040,ct_eversource_rate6_fixed_ratemc_trans
125695,ct_eversource_rate6_fixed_ratemc_trans
223868,ct_eversource_rate6_fixed_ratemc_trans
164495,ct_eversource_rate6_fixed_ratemc_trans
415266,ct_eversource_rate6_fixed_ratemc_trans
4999,ct_eversource_rate6_fixed_ratemc_trans
6844,ct_eversource_rate6_fixed_ratemc_trans
8528,ct_eversource_rate6_fixed_ratemc_trans
23447,ct_eversource_rate6_fixed_ratemc_trans
38046,ct_eversource_rate6_fixed_ratemc_trans
39252,ct_eversource_rate6_fixed_ratemc_trans
55846,ct_eversource_rate6_fixed_ratemc_trans
57468,ct_eversource_rate6_fixed_ratemc_trans
66426,ct_eversource_rate6_fixed_ratemc_trans
179475,ct_eversource_rate6_fixed_ratemc_trans
93861,ct_eversource_rate6_fixed_ratemc_trans
116001,ct_eversource_rate6_fixed_ratemc_trans
123731,ct_eversource_rate6_fixed_ratemc_trans
93000,ct_eversource_rate6_fixed_ratemc_trans
99280,ct_eversource_rate6_fixed_ratemc_trans
100927,ct_eversource_rate6_fixed_ratemc_trans
113716,ct_eversource_rate6_fixed_ratemc_trans
115078,ct_eversource_rate6_fixed_ratemc_trans
115964,ct_eversource_rate6_fixed_ratemc_trans
121194,ct_eversource_rate6_fixed_ratemc_trans
454794,ct_eversource_rate6_fixed_ratemc_trans
329241,ct_eversource_rate6_fixed_ratemc_trans
233573,ct_eversource_rate6_fixed_ratemc_trans
255265,ct_eversource_rate6_fixed_ratemc_trans
338286,ct_eversource_rate6_fixed_ratemc_trans
281229,ct_eversource_rate6_fixed_ratemc_trans
144124,ct_eversource_rate6_fixed_ratemc_trans
178669,ct_eversource_rate6_fixed_ratemc_trans
240029,ct_eversource_rate6_fixed_ratemc_trans
387454,ct_eversource_rate6_fixed_ratemc_trans
221767,ct_eversource_rate6_fixed_ratemc_trans
211994,ct_eversource_rate6_fixed_ratemc_trans
250458,ct_eversource_rate6_fixed_ratemc_trans
313086,ct_eversource_rate6_fixed_ratemc_trans
276978,ct_eversource_rate6_fixed_ratemc_trans
438146,ct_eversource_rate6_fixed_ratemc_trans
387277,ct_eversource_rate6_fixed_ratemc_trans
439024,ct_eversource_rate6_fixed_ratemc_trans
284147,ct_eversource_rate6_fixed_ratemc_trans
311027,ct_eversource_rate6_fixed_ratemc_trans
350971,ct_eversource_rate6_fixed_ratemc_trans
53741,ct_eversource_rate6_fixed_ratemc_trans
236225,ct_eversource_rate6_fixed_ratemc_trans
277655,ct_eversource_rate6_fixed_ratemc_trans
508486,ct_eversource_rate6_fixed_ratemc_trans
515124,ct_eversource_rate6_fixed_ratemc_trans
523181,ct_eversource_rate6_fixed_ratemc_trans
96534,ct_eversource_rate6_fixed_ratemc_trans
11074,ct_eversource_rate6_fixed_ratemc_trans
109710,ct_eversource_rate6_fixed_ratemc_trans
16421,ct_eversource_rate6_fixed_ratemc_trans
32232,ct_eversource_rate6_fixed_ratemc_trans
170761,ct_eversource_rate6_fixed_ratemc_trans
185328,ct_eversource_rate6_fixed_ratemc_trans
198339,ct_eversource_rate6_fixed_ratemc_trans
223922,ct_eversource_rate6_fixed_ratemc_trans
4025,ct_eversource_rate6_fixed_ratemc_trans
6936,ct_eversource_rate6_fixed_ratemc_trans
25920,ct_eversource_rate6_fixed_ratemc_trans
64995,ct_eversource_rate6_fixed_ratemc_trans
85002,ct_eversource_rate6_fixed_ratemc_trans
192461,ct_eversource_rate6_fixed_ratemc_trans
380642,ct_eversource_rate6_fixed_ratemc_trans
238549,ct_eversource_rate6_fixed_ratemc_trans
349743,ct_eversource_rate6_fixed_ratemc_trans
89409,ct_eversource_rate6_fixed_ratemc_trans
90325,ct_eversource_rate6_fixed_ratemc_trans
101537,ct_eversource_rate6_fixed_ratemc_trans
106211,ct_eversource_rate6_fixed_ratemc_trans
116644,ct_eversource_rate6_fixed_ratemc_trans
228582,ct_eversource_rate6_fixed_ratemc_trans
439139,ct_eversource_rate6_fixed_ratemc_trans
212525,ct_eversource_rate6_fixed_ratemc_trans
299527,ct_eversource_rate6_fixed_ratemc_trans
164924,ct_eversource_rate6_fixed_ratemc_trans
176963,ct_eversource_rate6_fixed_ratemc_trans
181308,ct_eversource_rate6_fixed_ratemc_trans
192143,ct_eversource_rate6_fixed_ratemc_trans
475357,ct_eversource_rate6_fixed_ratemc_trans
346190,ct_eversource_rate6_fixed_ratemc_trans
241531,ct_eversource_rate6_fixed_ratemc_trans
215670,ct_eversource_rate6_fixed_ratemc_trans
221745,ct_eversource_rate6_fixed_ratemc_trans
268767,ct_eversource_rate6_fixed_ratemc_trans
343663,ct_eversource_rate6_fixed_ratemc_trans
268203,ct_eversource_rate6_fixed_ratemc_trans
312228,ct_eversource_rate6_fixed_ratemc_trans
367025,ct_eversource_rate6_fixed_ratemc_trans
354690,ct_eversource_rate6_fixed_ratemc_trans
459686,ct_eversource_rate6_fixed_ratemc_trans
277721,ct_eversource_rate6_fixed_ratemc_trans
278304,ct_eversource_rate6_fixed_ratemc_trans
300832,ct_eversource_rate6_fixed_ratemc_trans
303495,ct_eversource_rate6_fixed_ratemc_trans
314824,ct_eversource_rate6_fixed_ratemc_trans
317444,ct_eversource_rate6_fixed_ratemc_trans
325265,ct_eversource_rate6_fixed_ratemc_trans
333817,ct_eversource_rate6_fixed_ratemc_trans
345860,ct_eversource_rate6_fixed_ratemc_trans
386443,ct_eversource_rate6_fixed_ratemc_trans
459404,ct_eversource_rate6_fixed_ratemc_trans
358270,ct_eversource_rate6_fixed_ratemc_trans
395081,ct_eversource_rate6_fixed_ratemc_trans
404670,ct_eversource_rate6_fixed_ratemc_trans
398310,ct_eversource_rate6_fixed_ratemc_trans
503666,ct_eversource_rate6_fixed_ratemc_trans
217786,ct_eversource_rate6_fixed_ratemc_trans
496871,ct_eversource_rate6_fixed_ratemc_trans
116226,ct_eversource_rate6_fixed_ratemc_trans
487272,ct_eversource_rate6_fixed_ratemc_trans
497371,ct_eversource_rate6_fixed_ratemc_trans
504616,ct_eversource_rate6_fixed_ratemc_trans
519773,ct_eversource_rate6_fixed_ratemc_trans
526557,ct_eversource_rate6_fixed_ratemc_trans
536169,ct_eversource_rate6_fixed_ratemc_trans
536310,ct_eversource_rate6_fixed_ratemc_trans
541668,ct_eversource_rate6_fixed_ratemc_trans
44562,ct_eversource_rate6_fixed_ratemc_trans
25836,ct_eversource_rate6_fixed_ratemc_trans
228932,ct_eversource_rate6_fixed_ratemc_trans
113506,ct_eversource_rate6_fixed_ratemc_trans
361929,ct_eversource_rate6_fixed_ratemc_trans
392625,ct_eversource_rate6_fixed_ratemc_trans
463664,ct_eversource_rate6_fixed_ratemc_trans
1233,ct_eversource_rate6_fixed_ratemc_trans
2701,ct_eversource_rate6_fixed_ratemc_trans
11565,ct_eversource_rate6_fixed_ratemc_trans
12274,ct_eversource_rate6_fixed_ratemc_trans
29654,ct_eversource_rate6_fixed_ratemc_trans
44772,ct_eversource_rate6_fixed_ratemc_trans
64208,ct_eversource_rate6_fixed_ratemc_trans
66839,ct_eversource_rate6_fixed_ratemc_trans
239590,ct_eversource_rate6_fixed_ratemc_trans
87667,ct_eversource_rate6_fixed_ratemc_trans
76304,ct_eversource_rate6_fixed_ratemc_trans
149698,ct_eversource_rate6_fixed_ratemc_trans
246414,ct_eversource_rate6_fixed_ratemc_trans
298741,ct_eversource_rate6_fixed_ratemc_trans
79518,ct_eversource_rate6_fixed_ratemc_trans
94169,ct_eversource_rate6_fixed_ratemc_trans
99142,ct_eversource_rate6_fixed_ratemc_trans
106399,ct_eversource_rate6_fixed_ratemc_trans
108154,ct_eversource_rate6_fixed_ratemc_trans
388190,ct_eversource_rate6_fixed_ratemc_trans
417714,ct_eversource_rate6_fixed_ratemc_trans
236061,ct_eversource_rate6_fixed_ratemc_trans
328669,ct_eversource_rate6_fixed_ratemc_trans
294835,ct_eversource_rate6_fixed_ratemc_trans
157501,ct_eversource_rate6_fixed_ratemc_trans
225648,ct_eversource_rate6_fixed_ratemc_trans
237239,ct_eversource_rate6_fixed_ratemc_trans
321603,ct_eversource_rate6_fixed_ratemc_trans
164086,ct_eversource_rate6_fixed_ratemc_trans
178861,ct_eversource_rate6_fixed_ratemc_trans
204637,ct_eversource_rate6_fixed_ratemc_trans
225271,ct_eversource_rate6_fixed_ratemc_trans
252861,ct_eversource_rate6_fixed_ratemc_trans
253837,ct_eversource_rate6_fixed_ratemc_trans
267639,ct_eversource_rate6_fixed_ratemc_trans
429946,ct_eversource_rate6_fixed_ratemc_trans
387964,ct_eversource_rate6_fixed_ratemc_trans
464679,ct_eversource_rate6_fixed_ratemc_trans
336099,ct_eversource_rate6_fixed_ratemc_trans
410069,ct_eversource_rate6_fixed_ratemc_trans
398785,ct_eversource_rate6_fixed_ratemc_trans
363886,ct_eversource_rate6_fixed_ratemc_trans
399483,ct_eversource_rate6_fixed_ratemc_trans
472076,ct_eversource_rate6_fixed_ratemc_trans
205800,ct_eversource_rate6_fixed_ratemc_trans
314092,ct_eversource_rate6_fixed_ratemc_trans
484509,ct_eversource_rate6_fixed_ratemc_trans
513898,ct_eversource_rate6_fixed_ratemc_trans
531291,ct_eversource_rate6_fixed_ratemc_trans
546634,ct_eversource_rate6_fixed_ratemc_trans
546748,ct_eversource_rate6_fixed_ratemc_trans
191091,ct_eversource_rate6_fixed_ratemc_trans
212754,ct_eversource_rate6_fixed_ratemc_trans
91120,ct_eversource_rate6_fixed_ratemc_trans
137427,ct_eversource_rate6_fixed_ratemc_trans
478657,ct_eversource_rate6_fixed_ratemc_trans
242063,ct_eversource_rate6_fixed_ratemc_trans
186057,ct_eversource_rate6_fixed_ratemc_trans
288310,ct_eversource_rate6_fixed_ratemc_trans
324092,ct_eversource_rate6_fixed_ratemc_trans
2252,ct_eversource_rate6_fixed_ratemc_trans
7740,ct_eversource_rate6_fixed_ratemc_trans
30334,ct_eversource_rate6_fixed_ratemc_trans
31289,ct_eversource_rate6_fixed_ratemc_trans
41871,ct_eversource_rate6_fixed_ratemc_trans
53499,ct_eversource_rate6_fixed_ratemc_trans
62348,ct_eversource_rate6_fixed_ratemc_trans
212901,ct_eversource_rate6_fixed_ratemc_trans
122033,ct_eversource_rate6_fixed_ratemc_trans
213975,ct_eversource_rate6_fixed_ratemc_trans
352162,ct_eversource_rate6_fixed_ratemc_trans
354846,ct_eversource_rate6_fixed_ratemc_trans
381989,ct_eversource_rate6_fixed_ratemc_trans
78071,ct_eversource_rate6_fixed_ratemc_trans
107885,ct_eversource_rate6_fixed_ratemc_trans
109102,ct_eversource_rate6_fixed_ratemc_trans
131195,ct_eversource_rate6_fixed_ratemc_trans
174908,ct_eversource_rate6_fixed_ratemc_trans
234372,ct_eversource_rate6_fixed_ratemc_trans
144492,ct_eversource_rate6_fixed_ratemc_trans
162076,ct_eversource_rate6_fixed_ratemc_trans
210478,ct_eversource_rate6_fixed_ratemc_trans
472477,ct_eversource_rate6_fixed_ratemc_trans
147973,ct_eversource_rate6_fixed_ratemc_trans
168183,ct_eversource_rate6_fixed_ratemc_trans
199525,ct_eversource_rate6_fixed_ratemc_trans
260758,ct_eversource_rate6_fixed_ratemc_trans
414167,ct_eversource_rate6_fixed_ratemc_trans
462432,ct_eversource_rate6_fixed_ratemc_trans
210119,ct_eversource_rate6_fixed_ratemc_trans
276489,ct_eversource_rate6_fixed_ratemc_trans
205540,ct_eversource_rate6_fixed_ratemc_trans
216890,ct_eversource_rate6_fixed_ratemc_trans
224834,ct_eversource_rate6_fixed_ratemc_trans
231205,ct_eversource_rate6_fixed_ratemc_trans
294932,ct_eversource_rate6_fixed_ratemc_trans
330117,ct_eversource_rate6_fixed_ratemc_trans
355452,ct_eversource_rate6_fixed_ratemc_trans
99558,ct_eversource_rate6_fixed_ratemc_trans
413869,ct_eversource_rate6_fixed_ratemc_trans
99258,ct_eversource_rate6_fixed_ratemc_trans
105576,ct_eversource_rate6_fixed_ratemc_trans
292263,ct_eversource_rate6_fixed_ratemc_trans
32733,ct_eversource_rate6_fixed_ratemc_trans
82869,ct_eversource_rate6_fixed_ratemc_trans
210921,ct_eversource_rate6_fixed_ratemc_trans
452977,ct_eversource_rate6_fixed_ratemc_trans
496823,ct_eversource_rate6_fixed_ratemc_trans
508808,ct_eversource_rate6_fixed_ratemc_trans
509779,ct_eversource_rate6_fixed_ratemc_trans
517271,ct_eversource_rate6_fixed_ratemc_trans
517535,ct_eversource_rate6_fixed_ratemc_trans
518295,ct_eversource_rate6_fixed_ratemc_trans
518419,ct_eversource_rate6_fixed_ratemc_trans
519343,ct_eversource_rate6_fixed_ratemc_trans
521786,ct_eversource_rate6_fixed_ratemc_trans
538936,ct_eversource_rate6_fixed_ratemc_trans
540903,ct_eversource_rate6_fixed_ratemc_trans
543247,ct_eversource_rate6_fixed_ratemc_trans
543967,ct_eversource_rate6_fixed_ratemc_trans
202887,ct_eversource_rate6_fixed_ratemc_trans
253223,ct_eversource_rate6_fixed_ratemc_trans
265984,ct_eversource_rate6_fixed_ratemc_trans
330826,ct_eversource_rate6_fixed_ratemc_trans
61739,ct_eversource_rate6_fixed_ratemc_trans
473101,ct_eversource_rate6_fixed_ratemc_trans
280182,ct_eversource_rate6_fixed_ratemc_trans
368310,ct_eversource_rate6_fixed_ratemc_trans
396528,ct_eversource_rate6_fixed_ratemc_trans
74862,ct_eversource_rate6_fixed_ratemc_trans
102606,ct_eversource_rate6_fixed_ratemc_trans
106421,ct_eversource_rate6_fixed_ratemc_trans
110571,ct_eversource_rate6_fixed_ratemc_trans
115771,ct_eversource_rate6_fixed_ratemc_trans
124352,ct_eversource_rate6_fixed_ratemc_trans
132411,ct_eversource_rate6_fixed_ratemc_trans
205835,ct_eversource_rate6_fixed_ratemc_trans
412658,ct_eversource_rate6_fixed_ratemc_trans
139506,ct_eversource_rate6_fixed_ratemc_trans
152727,ct_eversource_rate6_fixed_ratemc_trans
164718,ct_eversource_rate6_fixed_ratemc_trans
185104,ct_eversource_rate6_fixed_ratemc_trans
424163,ct_eversource_rate6_fixed_ratemc_trans
288938,ct_eversource_rate6_fixed_ratemc_trans
446844,ct_eversource_rate6_fixed_ratemc_trans
305372,ct_eversource_rate6_fixed_ratemc_trans
399849,ct_eversource_rate6_fixed_ratemc_trans
214847,ct_eversource_rate6_fixed_ratemc_trans
222277,ct_eversource_rate6_fixed_ratemc_trans
257682,ct_eversource_rate6_fixed_ratemc_trans
279061,ct_eversource_rate6_fixed_ratemc_trans
309750,ct_eversource_rate6_fixed_ratemc_trans
319808,ct_eversource_rate6_fixed_ratemc_trans
326049,ct_eversource_rate6_fixed_ratemc_trans
443583,ct_eversource_rate6_fixed_ratemc_trans
348722,ct_eversource_rate6_fixed_ratemc_trans
441017,ct_eversource_rate6_fixed_ratemc_trans
425390,ct_eversource_rate6_fixed_ratemc_trans
471009,ct_eversource_rate6_fixed_ratemc_trans
478694,ct_eversource_rate6_fixed_ratemc_trans
25925,ct_eversource_rate6_fixed_ratemc_trans
372128,ct_eversource_rate6_fixed_ratemc_trans
159435,ct_eversource_rate6_fixed_ratemc_trans
354479,ct_eversource_rate6_fixed_ratemc_trans
185278,ct_eversource_rate6_fixed_ratemc_trans
479087,ct_eversource_rate6_fixed_ratemc_trans
232831,ct_eversource_rate6_fixed_ratemc_trans
152718,ct_eversource_rate6_fixed_ratemc_trans
262369,ct_eversource_rate6_fixed_ratemc_trans
482769,ct_eversource_rate6_fixed_ratemc_trans
484832,ct_eversource_rate6_fixed_ratemc_trans
493901,ct_eversource_rate6_fixed_ratemc_trans
509585,ct_eversource_rate6_fixed_ratemc_trans
527406,ct_eversource_rate6_fixed_ratemc_trans
530141,ct_eversource_rate6_fixed_ratemc_trans
532373,ct_eversource_rate6_fixed_ratemc_trans
539733,ct_eversource_rate6_fixed_ratemc_trans
542991,ct_eversource_rate6_fixed_ratemc_trans
543241,ct_eversource_rate6_fixed_ratemc_trans
185451,ct_eversource_rate6_fixed_ratemc_trans
410555,ct_eversource_rate6_fixed_ratemc_trans
289754,ct_eversource_rate6_fixed_ratemc_trans
2376,ct_eversource_rate6_fixed_ratemc_trans
32659,ct_eversource_rate6_fixed_ratemc_trans
34047,ct_eversource_rate6_fixed_ratemc_trans
41275,ct_eversource_rate6_fixed_ratemc_trans
55018,ct_eversource_rate6_fixed_ratemc_trans
55868,ct_eversource_rate6_fixed_ratemc_trans
60301,ct_eversource_rate6_fixed_ratemc_trans
445773,ct_eversource_rate6_fixed_ratemc_trans
471656,ct_eversource_rate6_fixed_ratemc_trans
381424,ct_eversource_rate6_fixed_ratemc_trans
247009,ct_eversource_rate6_fixed_ratemc_trans
257361,ct_eversource_rate6_fixed_ratemc_trans
364142,ct_eversource_rate6_fixed_ratemc_trans
74332,ct_eversource_rate6_fixed_ratemc_trans
74452,ct_eversource_rate6_fixed_ratemc_trans
436266,ct_eversource_rate6_fixed_ratemc_trans
162209,ct_eversource_rate6_fixed_ratemc_trans
256182,ct_eversource_rate6_fixed_ratemc_trans
164598,ct_eversource_rate6_fixed_ratemc_trans
191171,ct_eversource_rate6_fixed_ratemc_trans
195151,ct_eversource_rate6_fixed_ratemc_trans
363928,ct_eversource_rate6_fixed_ratemc_trans
440502,ct_eversource_rate6_fixed_ratemc_trans
258689,ct_eversource_rate6_fixed_ratemc_trans
236412,ct_eversource_rate6_fixed_ratemc_trans
309953,ct_eversource_rate6_fixed_ratemc_trans
212951,ct_eversource_rate6_fixed_ratemc_trans
224727,ct_eversource_rate6_fixed_ratemc_trans
241768,ct_eversource_rate6_fixed_ratemc_trans
333546,ct_eversource_rate6_fixed_ratemc_trans
376960,ct_eversource_rate6_fixed_ratemc_trans
367696,ct_eversource_rate6_fixed_ratemc_trans
280660,ct_eversource_rate6_fixed_ratemc_trans
479582,ct_eversource_rate6_fixed_ratemc_trans
342963,ct_eversource_rate6_fixed_ratemc_trans
468233,ct_eversource_rate6_fixed_ratemc_trans
427261,ct_eversource_rate6_fixed_ratemc_trans
466560,ct_eversource_rate6_fixed_ratemc_trans
138786,ct_eversource_rate6_fixed_ratemc_trans
431114,ct_eversource_rate6_fixed_ratemc_trans
417128,ct_eversource_rate6_fixed_ratemc_trans
452885,ct_eversource_rate6_fixed_ratemc_trans
510242,ct_eversource_rate6_fixed_ratemc_trans
481276,ct_eversource_rate6_fixed_ratemc_trans
484131,ct_eversource_rate6_fixed_ratemc_trans
486274,ct_eversource_rate6_fixed_ratemc_trans
494593,ct_eversource_rate6_fixed_ratemc_trans
504712,ct_eversource_rate6_fixed_ratemc_trans
521719,ct_eversource_rate6_fixed_ratemc_trans
146459,ct_eversource_rate6_fixed_ratemc_trans
175717,ct_eversource_rate6_fixed_ratemc_trans
105821,ct_eversource_rate6_fixed_ratemc_trans
257643,ct_eversource_rate6_fixed_ratemc_trans
478478,ct_eversource_rate6_fixed_ratemc_trans
30403,ct_eversource_rate6_fixed_ratemc_trans
54262,ct_eversource_rate6_fixed_ratemc_trans
66773,ct_eversource_rate6_fixed_ratemc_trans
277101,ct_eversource_rate6_fixed_ratemc_trans
168367,ct_eversource_rate6_fixed_ratemc_trans
420474,ct_eversource_rate6_fixed_ratemc_trans
334257,ct_eversource_rate6_fixed_ratemc_trans
100057,ct_eversource_rate6_fixed_ratemc_trans
101749,ct_eversource_rate6_fixed_ratemc_trans
113798,ct_eversource_rate6_fixed_ratemc_trans
128387,ct_eversource_rate6_fixed_ratemc_trans
130568,ct_eversource_rate6_fixed_ratemc_trans
132787,ct_eversource_rate6_fixed_ratemc_trans
137832,ct_eversource_rate6_fixed_ratemc_trans
308557,ct_eversource_rate6_fixed_ratemc_trans
356196,ct_eversource_rate6_fixed_ratemc_trans
175855,ct_eversource_rate6_fixed_ratemc_trans
365984,ct_eversource_rate6_fixed_ratemc_trans
321709,ct_eversource_rate6_fixed_ratemc_trans
247774,ct_eversource_rate6_fixed_ratemc_trans
324718,ct_eversource_rate6_fixed_ratemc_trans
204113,ct_eversource_rate6_fixed_ratemc_trans
211866,ct_eversource_rate6_fixed_ratemc_trans
225743,ct_eversource_rate6_fixed_ratemc_trans
251027,ct_eversource_rate6_fixed_ratemc_trans
267713,ct_eversource_rate6_fixed_ratemc_trans
295438,ct_eversource_rate6_fixed_ratemc_trans
470065,ct_eversource_rate6_fixed_ratemc_trans
461448,ct_eversource_rate6_fixed_ratemc_trans
307812,ct_eversource_rate6_fixed_ratemc_trans
324787,ct_eversource_rate6_fixed_ratemc_trans
329319,ct_eversource_rate6_fixed_ratemc_trans
421032,ct_eversource_rate6_fixed_ratemc_trans
404715,ct_eversource_rate6_fixed_ratemc_trans
412909,ct_eversource_rate6_fixed_ratemc_trans
434609,ct_eversource_rate6_fixed_ratemc_trans
233255,ct_eversource_rate6_fixed_ratemc_trans
419298,ct_eversource_rate6_fixed_ratemc_trans
422143,ct_eversource_rate6_fixed_ratemc_trans
69384,ct_eversource_rate6_fixed_ratemc_trans
308867,ct_eversource_rate6_fixed_ratemc_trans
486721,ct_eversource_rate6_fixed_ratemc_trans
515316,ct_eversource_rate6_fixed_ratemc_trans
517191,ct_eversource_rate6_fixed_ratemc_trans
526273,ct_eversource_rate6_fixed_ratemc_trans
528292,ct_eversource_rate6_fixed_ratemc_trans
533872,ct_eversource_rate6_fixed_ratemc_trans
537530,ct_eversource_rate6_fixed_ratemc_trans
376462,ct_eversource_rate6_fixed_ratemc_trans
283499,ct_eversource_rate6_fixed_ratemc_trans
449676,ct_eversource_rate6_fixed_ratemc_trans
4275,ct_eversource_rate6_fixed_ratemc_trans
15574,ct_eversource_rate6_fixed_ratemc_trans
34246,ct_eversource_rate6_fixed_ratemc_trans
36388,ct_eversource_rate6_fixed_ratemc_trans
37648,ct_eversource_rate6_fixed_ratemc_trans
54281,ct_eversource_rate6_fixed_ratemc_trans
183822,ct_eversource_rate6_fixed_ratemc_trans
330748,ct_eversource_rate6_fixed_ratemc_trans
378440,ct_eversource_rate6_fixed_ratemc_trans
72485,ct_eversource_rate6_fixed_ratemc_trans
83234,ct_eversource_rate6_fixed_ratemc_trans
112550,ct_eversource_rate6_fixed_ratemc_trans
127420,ct_eversource_rate6_fixed_ratemc_trans
176751,ct_eversource_rate6_fixed_ratemc_trans
168326,ct_eversource_rate6_fixed_ratemc_trans
465211,ct_eversource_rate6_fixed_ratemc_trans
172850,ct_eversource_rate6_fixed_ratemc_trans
180529,ct_eversource_rate6_fixed_ratemc_trans
182613,ct_eversource_rate6_fixed_ratemc_trans
199026,ct_eversource_rate6_fixed_ratemc_trans
471886,ct_eversource_rate6_fixed_ratemc_trans
265493,ct_eversource_rate6_fixed_ratemc_trans
308319,ct_eversource_rate6_fixed_ratemc_trans
266533,ct_eversource_rate6_fixed_ratemc_trans
404099,ct_eversource_rate6_fixed_ratemc_trans
325787,ct_eversource_rate6_fixed_ratemc_trans
450243,ct_eversource_rate6_fixed_ratemc_trans
408535,ct_eversource_rate6_fixed_ratemc_trans
290788,ct_eversource_rate6_fixed_ratemc_trans
304860,ct_eversource_rate6_fixed_ratemc_trans
308858,ct_eversource_rate6_fixed_ratemc_trans
310144,ct_eversource_rate6_fixed_ratemc_trans
320682,ct_eversource_rate6_fixed_ratemc_trans
322691,ct_eversource_rate6_fixed_ratemc_trans
333328,ct_eversource_rate6_fixed_ratemc_trans
357592,ct_eversource_rate6_fixed_ratemc_trans
364156,ct_eversource_rate6_fixed_ratemc_trans
370733,ct_eversource_rate6_fixed_ratemc_trans
239186,ct_eversource_rate6_fixed_ratemc_trans
414935,ct_eversource_rate6_fixed_ratemc_trans
476274,ct_eversource_rate6_fixed_ratemc_trans
238190,ct_eversource_rate6_fixed_ratemc_trans
75807,ct_eversource_rate6_fixed_ratemc_trans
147706,ct_eversource_rate6_fixed_ratemc_trans
484265,ct_eversource_rate6_fixed_ratemc_trans
489872,ct_eversource_rate6_fixed_ratemc_trans
519591,ct_eversource_rate6_fixed_ratemc_trans
522371,ct_eversource_rate6_fixed_ratemc_trans
529264,ct_eversource_rate6_fixed_ratemc_trans
532172,ct_eversource_rate6_fixed_ratemc_trans
541302,ct_eversource_rate6_fixed_ratemc_trans
547969,ct_eversource_rate6_fixed_ratemc_trans
208314,ct_eversource_rate6_fixed_ratemc_trans
34569,ct_eversource_rate6_fixed_ratemc_trans
155356,ct_eversource_rate6_fixed_ratemc_trans
376742,ct_eversource_rate6_fixed_ratemc_trans
50841,ct_eversource_rate6_fixed_ratemc_trans
52074,ct_eversource_rate6_fixed_ratemc_trans
387012,ct_eversource_rate6_fixed_ratemc_trans
362858,ct_eversource_rate6_fixed_ratemc_trans
166362,ct_eversource_rate6_fixed_ratemc_trans
232441,ct_eversource_rate6_fixed_ratemc_trans
77766,ct_eversource_rate6_fixed_ratemc_trans
101183,ct_eversource_rate6_fixed_ratemc_trans
126710,ct_eversource_rate6_fixed_ratemc_trans
131445,ct_eversource_rate6_fixed_ratemc_trans
415402,ct_eversource_rate6_fixed_ratemc_trans
419573,ct_eversource_rate6_fixed_ratemc_trans
209623,ct_eversource_rate6_fixed_ratemc_trans
278016,ct_eversource_rate6_fixed_ratemc_trans
426618,ct_eversource_rate6_fixed_ratemc_trans
185384,ct_eversource_rate6_fixed_ratemc_trans
158154,ct_eversource_rate6_fixed_ratemc_trans
406166,ct_eversource_rate6_fixed_ratemc_trans
459811,ct_eversource_rate6_fixed_ratemc_trans
146587,ct_eversource_rate6_fixed_ratemc_trans
146753,ct_eversource_rate6_fixed_ratemc_trans
152924,ct_eversource_rate6_fixed_ratemc_trans
185955,ct_eversource_rate6_fixed_ratemc_trans
217901,ct_eversource_rate6_fixed_ratemc_trans
238074,ct_eversource_rate6_fixed_ratemc_trans
248237,ct_eversource_rate6_fixed_ratemc_trans
248918,ct_eversource_rate6_fixed_ratemc_trans
288356,ct_eversource_rate6_fixed_ratemc_trans
329749,ct_eversource_rate6_fixed_ratemc_trans
400163,ct_eversource_rate6_fixed_ratemc_trans
406197,ct_eversource_rate6_fixed_ratemc_trans
479793,ct_eversource_rate6_fixed_ratemc_trans
499053,ct_eversource_rate6_fixed_ratemc_trans
524288,ct_eversource_rate6_fixed_ratemc_trans
526460,ct_eversource_rate6_fixed_ratemc_trans
68769,ct_eversource_rate6_fixed_ratemc_trans
184621,ct_eversource_rate6_fixed_ratemc_trans
172274,ct_eversource_rate6_fixed_ratemc_trans
147995,ct_eversource_rate6_fixed_ratemc_trans
231918,ct_eversource_rate6_fixed_ratemc_trans
321102,ct_eversource_rate6_fixed_ratemc_trans
13594,ct_eversource_rate6_fixed_ratemc_trans
20293,ct_eversource_rate6_fixed_ratemc_trans
20461,ct_eversource_rate6_fixed_ratemc_trans
50591,ct_eversource_rate6_fixed_ratemc_trans
98993,ct_eversource_rate6_fixed_ratemc_trans
127303,ct_eversource_rate6_fixed_ratemc_trans
236915,ct_eversource_rate6_fixed_ratemc_trans
219042,ct_eversource_rate6_fixed_ratemc_trans
305165,ct_eversource_rate6_fixed_ratemc_trans
69535,ct_eversource_rate6_fixed_ratemc_trans
72716,ct_eversource_rate6_fixed_ratemc_trans
82338,ct_eversource_rate6_fixed_ratemc_trans
88120,ct_eversource_rate6_fixed_ratemc_trans
100771,ct_eversource_rate6_fixed_ratemc_trans
116225,ct_eversource_rate6_fixed_ratemc_trans
137166,ct_eversource_rate6_fixed_ratemc_trans
219054,ct_eversource_rate6_fixed_ratemc_trans
273757,ct_eversource_rate6_fixed_ratemc_trans
177901,ct_eversource_rate6_fixed_ratemc_trans
192258,ct_eversource_rate6_fixed_ratemc_trans
356752,ct_eversource_rate6_fixed_ratemc_trans
378844,ct_eversource_rate6_fixed_ratemc_trans
398610,ct_eversource_rate6_fixed_ratemc_trans
223573,ct_eversource_rate6_fixed_ratemc_trans
376553,ct_eversource_rate6_fixed_ratemc_trans
319010,ct_eversource_rate6_fixed_ratemc_trans
293029,ct_eversource_rate6_fixed_ratemc_trans
296427,ct_eversource_rate6_fixed_ratemc_trans
348572,ct_eversource_rate6_fixed_ratemc_trans
380175,ct_eversource_rate6_fixed_ratemc_trans
408682,ct_eversource_rate6_fixed_ratemc_trans
438432,ct_eversource_rate6_fixed_ratemc_trans
413621,ct_eversource_rate6_fixed_ratemc_trans
438283,ct_eversource_rate6_fixed_ratemc_trans
447107,ct_eversource_rate6_fixed_ratemc_trans
38122,ct_eversource_rate6_fixed_ratemc_trans
229325,ct_eversource_rate6_fixed_ratemc_trans
462583,ct_eversource_rate6_fixed_ratemc_trans
418874,ct_eversource_rate6_fixed_ratemc_trans
421386,ct_eversource_rate6_fixed_ratemc_trans
357001,ct_eversource_rate6_fixed_ratemc_trans
134458,ct_eversource_rate6_fixed_ratemc_trans
254875,ct_eversource_rate6_fixed_ratemc_trans
454697,ct_eversource_rate6_fixed_ratemc_trans
507540,ct_eversource_rate6_fixed_ratemc_trans
522677,ct_eversource_rate6_fixed_ratemc_trans
548796,ct_eversource_rate6_fixed_ratemc_trans
29960,ct_eversource_rate6_fixed_ratemc_trans
155773,ct_eversource_rate6_fixed_ratemc_trans
172565,ct_eversource_rate6_fixed_ratemc_trans
184172,ct_eversource_rate6_fixed_ratemc_trans
279828,ct_eversource_rate6_fixed_ratemc_trans
35658,ct_eversource_rate6_fixed_ratemc_trans
45173,ct_eversource_rate6_fixed_ratemc_trans
62666,ct_eversource_rate6_fixed_ratemc_trans
476442,ct_eversource_rate6_fixed_ratemc_trans
244250,ct_eversource_rate6_fixed_ratemc_trans
70670,ct_eversource_rate6_fixed_ratemc_trans
73038,ct_eversource_rate6_fixed_ratemc_trans
113294,ct_eversource_rate6_fixed_ratemc_trans
122360,ct_eversource_rate6_fixed_ratemc_trans
372147,ct_eversource_rate6_fixed_ratemc_trans
245307,ct_eversource_rate6_fixed_ratemc_trans
451447,ct_eversource_rate6_fixed_ratemc_trans
169101,ct_eversource_rate6_fixed_ratemc_trans
323899,ct_eversource_rate6_fixed_ratemc_trans
395341,ct_eversource_rate6_fixed_ratemc_trans
216549,ct_eversource_rate6_fixed_ratemc_trans
266950,ct_eversource_rate6_fixed_ratemc_trans
268893,ct_eversource_rate6_fixed_ratemc_trans
333274,ct_eversource_rate6_fixed_ratemc_trans
336034,ct_eversource_rate6_fixed_ratemc_trans
422960,ct_eversource_rate6_fixed_ratemc_trans
371649,ct_eversource_rate6_fixed_ratemc_trans
391422,ct_eversource_rate6_fixed_ratemc_trans
421298,ct_eversource_rate6_fixed_ratemc_trans
424819,ct_eversource_rate6_fixed_ratemc_trans
202614,ct_eversource_rate6_fixed_ratemc_trans
467582,ct_eversource_rate6_fixed_ratemc_trans
301538,ct_eversource_rate6_fixed_ratemc_trans
271241,ct_eversource_rate6_fixed_ratemc_trans
290636,ct_eversource_rate6_fixed_ratemc_trans
292197,ct_eversource_rate6_fixed_ratemc_trans
484451,ct_eversource_rate6_fixed_ratemc_trans
487725,ct_eversource_rate6_fixed_ratemc_trans
489733,ct_eversource_rate6_fixed_ratemc_trans
502652,ct_eversource_rate6_fixed_ratemc_trans
503336,ct_eversource_rate6_fixed_ratemc_trans
505266,ct_eversource_rate6_fixed_ratemc_trans
505638,ct_eversource_rate6_fixed_ratemc_trans
506411,ct_eversource_rate6_fixed_ratemc_trans
536766,ct_eversource_rate6_fixed_ratemc_trans
547006,ct_eversource_rate6_fixed_ratemc_trans
66302,ct_eversource_rate6_fixed_ratemc_trans
423839,ct_eversource_rate6_fixed_ratemc_trans
138250,ct_eversource_rate6_fixed_ratemc_trans
177032,ct_eversource_rate6_fixed_ratemc_trans
149090,ct_eversource_rate6_fixed_ratemc_trans
201591,ct_eversource_rate6_fixed_ratemc_trans
2277,ct_eversource_rate6_fixed_ratemc_trans
8668,ct_eversource_rate6_fixed_ratemc_trans
27158,ct_eversource_rate6_fixed_ratemc_trans
68228,ct_eversource_rate6_fixed_ratemc_trans
158351,ct_eversource_rate6_fixed_ratemc_trans
375754,ct_eversource_rate6_fixed_ratemc_trans
77566,ct_eversource_rate6_fixed_ratemc_trans
240534,ct_eversource_rate6_fixed_ratemc_trans
313414,ct_eversource_rate6_fixed_ratemc_trans
335511,ct_eversource_rate6_fixed_ratemc_trans
392788,ct_eversource_rate6_fixed_ratemc_trans
72973,ct_eversource_rate6_fixed_ratemc_trans
80757,ct_eversource_rate6_fixed_ratemc_trans
81765,ct_eversource_rate6_fixed_ratemc_trans
87814,ct_eversource_rate6_fixed_ratemc_trans
103549,ct_eversource_rate6_fixed_ratemc_trans
109583,ct_eversource_rate6_fixed_ratemc_trans
118062,ct_eversource_rate6_fixed_ratemc_trans
118525,ct_eversource_rate6_fixed_ratemc_trans
122986,ct_eversource_rate6_fixed_ratemc_trans
124571,ct_eversource_rate6_fixed_ratemc_trans
135239,ct_eversource_rate6_fixed_ratemc_trans
148789,ct_eversource_rate6_fixed_ratemc_trans
177756,ct_eversource_rate6_fixed_ratemc_trans
188612,ct_eversource_rate6_fixed_ratemc_trans
449294,ct_eversource_rate6_fixed_ratemc_trans
140086,ct_eversource_rate6_fixed_ratemc_trans
196662,ct_eversource_rate6_fixed_ratemc_trans
395296,ct_eversource_rate6_fixed_ratemc_trans
285671,ct_eversource_rate6_fixed_ratemc_trans
401808,ct_eversource_rate6_fixed_ratemc_trans
250429,ct_eversource_rate6_fixed_ratemc_trans
267183,ct_eversource_rate6_fixed_ratemc_trans
404078,ct_eversource_rate6_fixed_ratemc_trans
412719,ct_eversource_rate6_fixed_ratemc_trans
353401,ct_eversource_rate6_fixed_ratemc_trans
311915,ct_eversource_rate6_fixed_ratemc_trans
328947,ct_eversource_rate6_fixed_ratemc_trans
345551,ct_eversource_rate6_fixed_ratemc_trans
361533,ct_eversource_rate6_fixed_ratemc_trans
372098,ct_eversource_rate6_fixed_ratemc_trans
398637,ct_eversource_rate6_fixed_ratemc_trans
400217,ct_eversource_rate6_fixed_ratemc_trans
452463,ct_eversource_rate6_fixed_ratemc_trans
467723,ct_eversource_rate6_fixed_ratemc_trans
173953,ct_eversource_rate6_fixed_ratemc_trans
259915,ct_eversource_rate6_fixed_ratemc_trans
286644,ct_eversource_rate6_fixed_ratemc_trans
166026,ct_eversource_rate6_fixed_ratemc_trans
512927,ct_eversource_rate6_fixed_ratemc_trans
142551,ct_eversource_rate6_fixed_ratemc_trans
95661,ct_eversource_rate6_fixed_ratemc_trans
481351,ct_eversource_rate6_fixed_ratemc_trans
484920,ct_eversource_rate6_fixed_ratemc_trans
492432,ct_eversource_rate6_fixed_ratemc_trans
511947,ct_eversource_rate6_fixed_ratemc_trans
517286,ct_eversource_rate6_fixed_ratemc_trans
529641,ct_eversource_rate6_fixed_ratemc_trans
535665,ct_eversource_rate6_fixed_ratemc_trans
205877,ct_eversource_rate6_fixed_ratemc_trans
27243,ct_eversource_rate6_fixed_ratemc_trans
46424,ct_eversource_rate6_fixed_ratemc_trans
233579,ct_eversource_rate6_fixed_ratemc_trans
284251,ct_eversource_rate6_fixed_ratemc_trans
9823,ct_eversource_rate6_fixed_ratemc_trans
9864,ct_eversource_rate6_fixed_ratemc_trans
26760,ct_eversource_rate6_fixed_ratemc_trans
36195,ct_eversource_rate6_fixed_ratemc_trans
44292,ct_eversource_rate6_fixed_ratemc_trans
45971,ct_eversource_rate6_fixed_ratemc_trans
52890,ct_eversource_rate6_fixed_ratemc_trans
207683,ct_eversource_rate6_fixed_ratemc_trans
176093,ct_eversource_rate6_fixed_ratemc_trans
72516,ct_eversource_rate6_fixed_ratemc_trans
76490,ct_eversource_rate6_fixed_ratemc_trans
78423,ct_eversource_rate6_fixed_ratemc_trans
104498,ct_eversource_rate6_fixed_ratemc_trans
108548,ct_eversource_rate6_fixed_ratemc_trans
117094,ct_eversource_rate6_fixed_ratemc_trans
352514,ct_eversource_rate6_fixed_ratemc_trans
145900,ct_eversource_rate6_fixed_ratemc_trans
180003,ct_eversource_rate6_fixed_ratemc_trans
195914,ct_eversource_rate6_fixed_ratemc_trans
370535,ct_eversource_rate6_fixed_ratemc_trans
419331,ct_eversource_rate6_fixed_ratemc_trans
366781,ct_eversource_rate6_fixed_ratemc_trans
234060,ct_eversource_rate6_fixed_ratemc_trans
236716,ct_eversource_rate6_fixed_ratemc_trans
262462,ct_eversource_rate6_fixed_ratemc_trans
270772,ct_eversource_rate6_fixed_ratemc_trans
418294,ct_eversource_rate6_fixed_ratemc_trans
344355,ct_eversource_rate6_fixed_ratemc_trans
338813,ct_eversource_rate6_fixed_ratemc_trans
331539,ct_eversource_rate6_fixed_ratemc_trans
379973,ct_eversource_rate6_fixed_ratemc_trans
375349,ct_eversource_rate6_fixed_ratemc_trans
395953,ct_eversource_rate6_fixed_ratemc_trans
360991,ct_eversource_rate6_fixed_ratemc_trans
468052,ct_eversource_rate6_fixed_ratemc_trans
464196,ct_eversource_rate6_fixed_ratemc_trans
426127,ct_eversource_rate6_fixed_ratemc_trans
395762,ct_eversource_rate6_fixed_ratemc_trans
425831,ct_eversource_rate6_fixed_ratemc_trans
445350,ct_eversource_rate6_fixed_ratemc_trans
489540,ct_eversource_rate6_fixed_ratemc_trans
498983,ct_eversource_rate6_fixed_ratemc_trans
502886,ct_eversource_rate6_fixed_ratemc_trans
477348,ct_eversource_rate6_fixed_ratemc_trans
283932,ct_eversource_rate6_fixed_ratemc_trans
128937,ct_eversource_rate6_fixed_ratemc_trans
381912,ct_eversource_rate6_fixed_ratemc_trans
313039,ct_eversource_rate6_fixed_ratemc_trans
462689,ct_eversource_rate6_fixed_ratemc_trans
18537,ct_eversource_rate6_fixed_ratemc_trans
24641,ct_eversource_rate6_fixed_ratemc_trans
27385,ct_eversource_rate6_fixed_ratemc_trans
33175,ct_eversource_rate6_fixed_ratemc_trans
53720,ct_eversource_rate6_fixed_ratemc_trans
61712,ct_eversource_rate6_fixed_ratemc_trans
450794,ct_eversource_rate6_fixed_ratemc_trans
269609,ct_eversource_rate6_fixed_ratemc_trans
154921,ct_eversource_rate6_fixed_ratemc_trans
75614,ct_eversource_rate6_fixed_ratemc_trans
284162,ct_eversource_rate6_fixed_ratemc_trans
394835,ct_eversource_rate6_fixed_ratemc_trans
241308,ct_eversource_rate6_fixed_ratemc_trans
233838,ct_eversource_rate6_fixed_ratemc_trans
336601,ct_eversource_rate6_fixed_ratemc_trans
97418,ct_eversource_rate6_fixed_ratemc_trans
130986,ct_eversource_rate6_fixed_ratemc_trans
410253,ct_eversource_rate6_fixed_ratemc_trans
429606,ct_eversource_rate6_fixed_ratemc_trans
155618,ct_eversource_rate6_fixed_ratemc_trans
289023,ct_eversource_rate6_fixed_ratemc_trans
267742,ct_eversource_rate6_fixed_ratemc_trans
140041,ct_eversource_rate6_fixed_ratemc_trans
149395,ct_eversource_rate6_fixed_ratemc_trans
157709,ct_eversource_rate6_fixed_ratemc_trans
169510,ct_eversource_rate6_fixed_ratemc_trans
192807,ct_eversource_rate6_fixed_ratemc_trans
202615,ct_eversource_rate6_fixed_ratemc_trans
321529,ct_eversource_rate6_fixed_ratemc_trans
232373,ct_eversource_rate6_fixed_ratemc_trans
214956,ct_eversource_rate6_fixed_ratemc_trans
381549,ct_eversource_rate6_fixed_ratemc_trans
210586,ct_eversource_rate6_fixed_ratemc_trans
222274,ct_eversource_rate6_fixed_ratemc_trans
230085,ct_eversource_rate6_fixed_ratemc_trans
234088,ct_eversource_rate6_fixed_ratemc_trans
255376,ct_eversource_rate6_fixed_ratemc_trans
256547,ct_eversource_rate6_fixed_ratemc_trans
257424,ct_eversource_rate6_fixed_ratemc_trans
313638,ct_eversource_rate6_fixed_ratemc_trans
377726,ct_eversource_rate6_fixed_ratemc_trans
438090,ct_eversource_rate6_fixed_ratemc_trans
283240,ct_eversource_rate6_fixed_ratemc_trans
386939,ct_eversource_rate6_fixed_ratemc_trans
345221,ct_eversource_rate6_fixed_ratemc_trans
455971,ct_eversource_rate6_fixed_ratemc_trans
419620,ct_eversource_rate6_fixed_ratemc_trans
466957,ct_eversource_rate6_fixed_ratemc_trans
304905,ct_eversource_rate6_fixed_ratemc_trans
330795,ct_eversource_rate6_fixed_ratemc_trans
164726,ct_eversource_rate6_fixed_ratemc_trans
481376,ct_eversource_rate6_fixed_ratemc_trans
494917,ct_eversource_rate6_fixed_ratemc_trans
497812,ct_eversource_rate6_fixed_ratemc_trans
501205,ct_eversource_rate6_fixed_ratemc_trans
514569,ct_eversource_rate6_fixed_ratemc_trans
530525,ct_eversource_rate6_fixed_ratemc_trans
548050,ct_eversource_rate6_fixed_ratemc_trans
32547,ct_eversource_rate6_fixed_ratemc_trans
458348,ct_eversource_rate6_fixed_ratemc_trans
230861,ct_eversource_rate6_fixed_ratemc_trans
159807,ct_eversource_rate6_fixed_ratemc_trans
189805,ct_eversource_rate6_fixed_ratemc_trans
422492,ct_eversource_rate6_fixed_ratemc_trans
5402,ct_eversource_rate6_fixed_ratemc_trans
12130,ct_eversource_rate6_fixed_ratemc_trans
17722,ct_eversource_rate6_fixed_ratemc_trans
27159,ct_eversource_rate6_fixed_ratemc_trans
57684,ct_eversource_rate6_fixed_ratemc_trans
59642,ct_eversource_rate6_fixed_ratemc_trans
63319,ct_eversource_rate6_fixed_ratemc_trans
469433,ct_eversource_rate6_fixed_ratemc_trans
155495,ct_eversource_rate6_fixed_ratemc_trans
344965,ct_eversource_rate6_fixed_ratemc_trans
370741,ct_eversource_rate6_fixed_ratemc_trans
83250,ct_eversource_rate6_fixed_ratemc_trans
86996,ct_eversource_rate6_fixed_ratemc_trans
95471,ct_eversource_rate6_fixed_ratemc_trans
113670,ct_eversource_rate6_fixed_ratemc_trans
123377,ct_eversource_rate6_fixed_ratemc_trans
278927,ct_eversource_rate6_fixed_ratemc_trans
467556,ct_eversource_rate6_fixed_ratemc_trans
255906,ct_eversource_rate6_fixed_ratemc_trans
161057,ct_eversource_rate6_fixed_ratemc_trans
235903,ct_eversource_rate6_fixed_ratemc_trans
264915,ct_eversource_rate6_fixed_ratemc_trans
189384,ct_eversource_rate6_fixed_ratemc_trans
201473,ct_eversource_rate6_fixed_ratemc_trans
409096,ct_eversource_rate6_fixed_ratemc_trans
477335,ct_eversource_rate6_fixed_ratemc_trans
213348,ct_eversource_rate6_fixed_ratemc_trans
323479,ct_eversource_rate6_fixed_ratemc_trans
393672,ct_eversource_rate6_fixed_ratemc_trans
444682,ct_eversource_rate6_fixed_ratemc_trans
207521,ct_eversource_rate6_fixed_ratemc_trans
209535,ct_eversource_rate6_fixed_ratemc_trans
246176,ct_eversource_rate6_fixed_ratemc_trans
266833,ct_eversource_rate6_fixed_ratemc_trans
286758,ct_eversource_rate6_fixed_ratemc_trans
369980,ct_eversource_rate6_fixed_ratemc_trans
351703,ct_eversource_rate6_fixed_ratemc_trans
289326,ct_eversource_rate6_fixed_ratemc_trans
287870,ct_eversource_rate6_fixed_ratemc_trans
372571,ct_eversource_rate6_fixed_ratemc_trans
365021,ct_eversource_rate6_fixed_ratemc_trans
438211,ct_eversource_rate6_fixed_ratemc_trans
440365,ct_eversource_rate6_fixed_ratemc_trans
376101,ct_eversource_rate6_fixed_ratemc_trans
464901,ct_eversource_rate6_fixed_ratemc_trans
473002,ct_eversource_rate6_fixed_ratemc_trans
339039,ct_eversource_rate6_fixed_ratemc_trans
487658,ct_eversource_rate6_fixed_ratemc_trans
491879,ct_eversource_rate6_fixed_ratemc_trans
493159,ct_eversource_rate6_fixed_ratemc_trans
496484,ct_eversource_rate6_fixed_ratemc_trans
497979,ct_eversource_rate6_fixed_ratemc_trans
502563,ct_eversource_rate6_fixed_ratemc_trans
518006,ct_eversource_rate6_fixed_ratemc_trans
521242,ct_eversource_rate6_fixed_ratemc_trans
530807,ct_eversource_rate6_fixed_ratemc_trans
539937,ct_eversource_rate6_fixed_ratemc_trans
544299,ct_eversource_rate6_fixed_ratemc_trans
548202,ct_eversource_rate6_fixed_ratemc_trans
186466,ct_eversource_rate6_fixed_ratemc_trans
169371,ct_eversource_rate6_fixed_ratemc_trans
396445,ct_eversource_rate6_fixed_ratemc_trans
11115,ct_eversource_rate6_fixed_ratemc_trans
13102,ct_eversource_rate6_fixed_ratemc_trans
28825,ct_eversource_rate6_fixed_ratemc_trans
37196,ct_eversource_rate6_fixed_ratemc_trans
39749,ct_eversource_rate6_fixed_ratemc_trans
43941,ct_eversource_rate6_fixed_ratemc_trans
52634,ct_eversource_rate6_fixed_ratemc_trans
351676,ct_eversource_rate6_fixed_ratemc_trans
389179,ct_eversource_rate6_fixed_ratemc_trans
218453,ct_eversource_rate6_fixed_ratemc_trans
254036,ct_eversource_rate6_fixed_ratemc_trans
415577,ct_eversource_rate6_fixed_ratemc_trans
74793,ct_eversource_rate6_fixed_ratemc_trans
79077,ct_eversource_rate6_fixed_ratemc_trans
79321,ct_eversource_rate6_fixed_ratemc_trans
79682,ct_eversource_rate6_fixed_ratemc_trans
80969,ct_eversource_rate6_fixed_ratemc_trans
106676,ct_eversource_rate6_fixed_ratemc_trans
109508,ct_eversource_rate6_fixed_ratemc_trans
111347,ct_eversource_rate6_fixed_ratemc_trans
263934,ct_eversource_rate6_fixed_ratemc_trans
246271,ct_eversource_rate6_fixed_ratemc_trans
334624,ct_eversource_rate6_fixed_ratemc_trans
142742,ct_eversource_rate6_fixed_ratemc_trans
143634,ct_eversource_rate6_fixed_ratemc_trans
149062,ct_eversource_rate6_fixed_ratemc_trans
152443,ct_eversource_rate6_fixed_ratemc_trans
175100,ct_eversource_rate6_fixed_ratemc_trans
181138,ct_eversource_rate6_fixed_ratemc_trans
191793,ct_eversource_rate6_fixed_ratemc_trans
202643,ct_eversource_rate6_fixed_ratemc_trans
395273,ct_eversource_rate6_fixed_ratemc_trans
479583,ct_eversource_rate6_fixed_ratemc_trans
218716,ct_eversource_rate6_fixed_ratemc_trans
303508,ct_eversource_rate6_fixed_ratemc_trans
390756,ct_eversource_rate6_fixed_ratemc_trans
270414,ct_eversource_rate6_fixed_ratemc_trans
336660,ct_eversource_rate6_fixed_ratemc_trans
336805,ct_eversource_rate6_fixed_ratemc_trans
342536,ct_eversource_rate6_fixed_ratemc_trans
369932,ct_eversource_rate6_fixed_ratemc_trans
386117,ct_eversource_rate6_fixed_ratemc_trans
387714,ct_eversource_rate6_fixed_ratemc_trans
396659,ct_eversource_rate6_fixed_ratemc_trans
478720,ct_eversource_rate6_fixed_ratemc_trans
429064,ct_eversource_rate6_fixed_ratemc_trans
396910,ct_eversource_rate6_fixed_ratemc_trans
402569,ct_eversource_rate6_fixed_ratemc_trans
494791,ct_eversource_rate6_fixed_ratemc_trans
495173,ct_eversource_rate6_fixed_ratemc_trans
520868,ct_eversource_rate6_fixed_ratemc_trans
523355,ct_eversource_rate6_fixed_ratemc_trans
548511,ct_eversource_rate6_fixed_ratemc_trans
51406,ct_eversource_rate6_fixed_ratemc_trans
216140,ct_eversource_rate6_fixed_ratemc_trans
165872,ct_eversource_rate6_fixed_ratemc_trans
430722,ct_eversource_rate6_fixed_ratemc_trans
454748,ct_eversource_rate6_fixed_ratemc_trans
449060,ct_eversource_rate6_fixed_ratemc_trans
6883,ct_eversource_rate6_fixed_ratemc_trans
39862,ct_eversource_rate6_fixed_ratemc_trans
54071,ct_eversource_rate6_fixed_ratemc_trans
58974,ct_eversource_rate6_fixed_ratemc_trans
60169,ct_eversource_rate6_fixed_ratemc_trans
62435,ct_eversource_rate6_fixed_ratemc_trans
360828,ct_eversource_rate6_fixed_ratemc_trans
212720,ct_eversource_rate6_fixed_ratemc_trans
387280,ct_eversource_rate6_fixed_ratemc_trans
455280,ct_eversource_rate6_fixed_ratemc_trans
71693,ct_eversource_rate6_fixed_ratemc_trans
86890,ct_eversource_rate6_fixed_ratemc_trans
91640,ct_eversource_rate6_fixed_ratemc_trans
99040,ct_eversource_rate6_fixed_ratemc_trans
107184,ct_eversource_rate6_fixed_ratemc_trans
249700,ct_eversource_rate6_fixed_ratemc_trans
140685,ct_eversource_rate6_fixed_ratemc_trans
141865,ct_eversource_rate6_fixed_ratemc_trans
145855,ct_eversource_rate6_fixed_ratemc_trans
153024,ct_eversource_rate6_fixed_ratemc_trans
169863,ct_eversource_rate6_fixed_ratemc_trans
182800,ct_eversource_rate6_fixed_ratemc_trans
193937,ct_eversource_rate6_fixed_ratemc_trans
368655,ct_eversource_rate6_fixed_ratemc_trans
291008,ct_eversource_rate6_fixed_ratemc_trans
206529,ct_eversource_rate6_fixed_ratemc_trans
217273,ct_eversource_rate6_fixed_ratemc_trans
229704,ct_eversource_rate6_fixed_ratemc_trans
457572,ct_eversource_rate6_fixed_ratemc_trans
470503,ct_eversource_rate6_fixed_ratemc_trans
364356,ct_eversource_rate6_fixed_ratemc_trans
344988,ct_eversource_rate6_fixed_ratemc_trans
434410,ct_eversource_rate6_fixed_ratemc_trans
418337,ct_eversource_rate6_fixed_ratemc_trans
369704,ct_eversource_rate6_fixed_ratemc_trans
318066,ct_eversource_rate6_fixed_ratemc_trans
288341,ct_eversource_rate6_fixed_ratemc_trans
492711,ct_eversource_rate6_fixed_ratemc_trans
514626,ct_eversource_rate6_fixed_ratemc_trans
544118,ct_eversource_rate6_fixed_ratemc_trans
7295,ct_eversource_rate6_fixed_ratemc_trans
74082,ct_eversource_rate6_fixed_ratemc_trans
116550,ct_eversource_rate6_fixed_ratemc_trans
121510,ct_eversource_rate6_fixed_ratemc_trans
128948,ct_eversource_rate6_fixed_ratemc_trans
360373,ct_eversource_rate6_fixed_ratemc_trans
336113,ct_eversource_rate6_fixed_ratemc_trans
9514,ct_eversource_rate6_fixed_ratemc_trans
35680,ct_eversource_rate6_fixed_ratemc_trans
37993,ct_eversource_rate6_fixed_ratemc_trans
39084,ct_eversource_rate6_fixed_ratemc_trans
55514,ct_eversource_rate6_fixed_ratemc_trans
66329,ct_eversource_rate6_fixed_ratemc_trans
378273,ct_eversource_rate6_fixed_ratemc_trans
127949,ct_eversource_rate6_fixed_ratemc_trans
356964,ct_eversource_rate6_fixed_ratemc_trans
419207,ct_eversource_rate6_fixed_ratemc_trans
335119,ct_eversource_rate6_fixed_ratemc_trans
354779,ct_eversource_rate6_fixed_ratemc_trans
70463,ct_eversource_rate6_fixed_ratemc_trans
101712,ct_eversource_rate6_fixed_ratemc_trans
109033,ct_eversource_rate6_fixed_ratemc_trans
146623,ct_eversource_rate6_fixed_ratemc_trans
183395,ct_eversource_rate6_fixed_ratemc_trans
151554,ct_eversource_rate6_fixed_ratemc_trans
161530,ct_eversource_rate6_fixed_ratemc_trans
431265,ct_eversource_rate6_fixed_ratemc_trans
233555,ct_eversource_rate6_fixed_ratemc_trans
454389,ct_eversource_rate6_fixed_ratemc_trans
423361,ct_eversource_rate6_fixed_ratemc_trans
318566,ct_eversource_rate6_fixed_ratemc_trans
371903,ct_eversource_rate6_fixed_ratemc_trans
362142,ct_eversource_rate6_fixed_ratemc_trans
412808,ct_eversource_rate6_fixed_ratemc_trans
341761,ct_eversource_rate6_fixed_ratemc_trans
387384,ct_eversource_rate6_fixed_ratemc_trans
397830,ct_eversource_rate6_fixed_ratemc_trans
471534,ct_eversource_rate6_fixed_ratemc_trans
453304,ct_eversource_rate6_fixed_ratemc_trans
410466,ct_eversource_rate6_fixed_ratemc_trans
434670,ct_eversource_rate6_fixed_ratemc_trans
340556,ct_eversource_rate6_fixed_ratemc_trans
429431,ct_eversource_rate6_fixed_ratemc_trans
497005,ct_eversource_rate6_fixed_ratemc_trans
497292,ct_eversource_rate6_fixed_ratemc_trans
75013,ct_eversource_rate6_fixed_ratemc_trans
153381,ct_eversource_rate6_fixed_ratemc_trans
370264,ct_eversource_rate6_fixed_ratemc_trans
371922,ct_eversource_rate6_fixed_ratemc_trans
5294,ct_eversource_rate6_fixed_ratemc_trans
23403,ct_eversource_rate6_fixed_ratemc_trans
44270,ct_eversource_rate6_fixed_ratemc_trans
44839,ct_eversource_rate6_fixed_ratemc_trans
50671,ct_eversource_rate6_fixed_ratemc_trans
57388,ct_eversource_rate6_fixed_ratemc_trans
64829,ct_eversource_rate6_fixed_ratemc_trans
219916,ct_eversource_rate6_fixed_ratemc_trans
278135,ct_eversource_rate6_fixed_ratemc_trans
310833,ct_eversource_rate6_fixed_ratemc_trans
89603,ct_eversource_rate6_fixed_ratemc_trans
95837,ct_eversource_rate6_fixed_ratemc_trans
114727,ct_eversource_rate6_fixed_ratemc_trans
116050,ct_eversource_rate6_fixed_ratemc_trans
137552,ct_eversource_rate6_fixed_ratemc_trans
444882,ct_eversource_rate6_fixed_ratemc_trans
138918,ct_eversource_rate6_fixed_ratemc_trans
142772,ct_eversource_rate6_fixed_ratemc_trans
165236,ct_eversource_rate6_fixed_ratemc_trans
168816,ct_eversource_rate6_fixed_ratemc_trans
184296,ct_eversource_rate6_fixed_ratemc_trans
187133,ct_eversource_rate6_fixed_ratemc_trans
190668,ct_eversource_rate6_fixed_ratemc_trans
256412,ct_eversource_rate6_fixed_ratemc_trans
339142,ct_eversource_rate6_fixed_ratemc_trans
226236,ct_eversource_rate6_fixed_ratemc_trans
225669,ct_eversource_rate6_fixed_ratemc_trans
234407,ct_eversource_rate6_fixed_ratemc_trans
243631,ct_eversource_rate6_fixed_ratemc_trans
245025,ct_eversource_rate6_fixed_ratemc_trans
262135,ct_eversource_rate6_fixed_ratemc_trans
267238,ct_eversource_rate6_fixed_ratemc_trans
276590,ct_eversource_rate6_fixed_ratemc_trans
286503,ct_eversource_rate6_fixed_ratemc_trans
338356,ct_eversource_rate6_fixed_ratemc_trans
478960,ct_eversource_rate6_fixed_ratemc_trans
412450,ct_eversource_rate6_fixed_ratemc_trans
401814,ct_eversource_rate6_fixed_ratemc_trans
350407,ct_eversource_rate6_fixed_ratemc_trans
429768,ct_eversource_rate6_fixed_ratemc_trans
434822,ct_eversource_rate6_fixed_ratemc_trans
456568,ct_eversource_rate6_fixed_ratemc_trans
468575,ct_eversource_rate6_fixed_ratemc_trans
470340,ct_eversource_rate6_fixed_ratemc_trans
471164,ct_eversource_rate6_fixed_ratemc_trans
390642,ct_eversource_rate6_fixed_ratemc_trans
300723,ct_eversource_rate6_fixed_ratemc_trans
167821,ct_eversource_rate6_fixed_ratemc_trans
370922,ct_eversource_rate6_fixed_ratemc_trans
409480,ct_eversource_rate6_fixed_ratemc_trans
208199,ct_eversource_rate6_fixed_ratemc_trans
510197,ct_eversource_rate6_fixed_ratemc_trans
511515,ct_eversource_rate6_fixed_ratemc_trans
519442,ct_eversource_rate6_fixed_ratemc_trans
536698,ct_eversource_rate6_fixed_ratemc_trans
539418,ct_eversource_rate6_fixed_ratemc_trans
543144,ct_eversource_rate6_fixed_ratemc_trans
252889,ct_eversource_rate6_fixed_ratemc_trans
243316,ct_eversource_rate6_fixed_ratemc_trans
170742,ct_eversource_rate6_fixed_ratemc_trans
223328,ct_eversource_rate6_fixed_ratemc_trans
5662,ct_eversource_rate6_fixed_ratemc_trans
8050,ct_eversource_rate6_fixed_ratemc_trans
9636,ct_eversource_rate6_fixed_ratemc_trans
201985,ct_eversource_rate6_fixed_ratemc_trans
475918,ct_eversource_rate6_fixed_ratemc_trans
244554,ct_eversource_rate6_fixed_ratemc_trans
285665,ct_eversource_rate6_fixed_ratemc_trans
446435,ct_eversource_rate6_fixed_ratemc_trans
79812,ct_eversource_rate6_fixed_ratemc_trans
81580,ct_eversource_rate6_fixed_ratemc_trans
116972,ct_eversource_rate6_fixed_ratemc_trans
133607,ct_eversource_rate6_fixed_ratemc_trans
282665,ct_eversource_rate6_fixed_ratemc_trans
354854,ct_eversource_rate6_fixed_ratemc_trans
144857,ct_eversource_rate6_fixed_ratemc_trans
151394,ct_eversource_rate6_fixed_ratemc_trans
168305,ct_eversource_rate6_fixed_ratemc_trans
175741,ct_eversource_rate6_fixed_ratemc_trans
185627,ct_eversource_rate6_fixed_ratemc_trans
188282,ct_eversource_rate6_fixed_ratemc_trans
194918,ct_eversource_rate6_fixed_ratemc_trans
197312,ct_eversource_rate6_fixed_ratemc_trans
364122,ct_eversource_rate6_fixed_ratemc_trans
239353,ct_eversource_rate6_fixed_ratemc_trans
466927,ct_eversource_rate6_fixed_ratemc_trans
382846,ct_eversource_rate6_fixed_ratemc_trans
243997,ct_eversource_rate6_fixed_ratemc_trans
261897,ct_eversource_rate6_fixed_ratemc_trans
363300,ct_eversource_rate6_fixed_ratemc_trans
472249,ct_eversource_rate6_fixed_ratemc_trans
290238,ct_eversource_rate6_fixed_ratemc_trans
305571,ct_eversource_rate6_fixed_ratemc_trans
318217,ct_eversource_rate6_fixed_ratemc_trans
339367,ct_eversource_rate6_fixed_ratemc_trans
371914,ct_eversource_rate6_fixed_ratemc_trans
375118,ct_eversource_rate6_fixed_ratemc_trans
394093,ct_eversource_rate6_fixed_ratemc_trans
127978,ct_eversource_rate6_fixed_ratemc_trans
407141,ct_eversource_rate6_fixed_ratemc_trans
481910,ct_eversource_rate6_fixed_ratemc_trans
520689,ct_eversource_rate6_fixed_ratemc_trans
523182,ct_eversource_rate6_fixed_ratemc_trans
526241,ct_eversource_rate6_fixed_ratemc_trans
535592,ct_eversource_rate6_fixed_ratemc_trans
546741,ct_eversource_rate6_fixed_ratemc_trans
547936,ct_eversource_rate6_fixed_ratemc_trans
23039,ct_eversource_rate6_fixed_ratemc_trans
291407,ct_eversource_rate6_fixed_ratemc_trans
157101,ct_eversource_rate6_fixed_ratemc_trans
435536,ct_eversource_rate6_fixed_ratemc_trans
289514,ct_eversource_rate6_fixed_ratemc_trans
13728,ct_eversource_rate6_fixed_ratemc_trans
30667,ct_eversource_rate6_fixed_ratemc_trans
79702,ct_eversource_rate6_fixed_ratemc_trans
475824,ct_eversource_rate6_fixed_ratemc_trans
216023,ct_eversource_rate6_fixed_ratemc_trans
284718,ct_eversource_rate6_fixed_ratemc_trans
78479,ct_eversource_rate6_fixed_ratemc_trans
88974,ct_eversource_rate6_fixed_ratemc_trans
106708,ct_eversource_rate6_fixed_ratemc_trans
107945,ct_eversource_rate6_fixed_ratemc_trans
113585,ct_eversource_rate6_fixed_ratemc_trans
281756,ct_eversource_rate6_fixed_ratemc_trans
453705,ct_eversource_rate6_fixed_ratemc_trans
324303,ct_eversource_rate6_fixed_ratemc_trans
363266,ct_eversource_rate6_fixed_ratemc_trans
153527,ct_eversource_rate6_fixed_ratemc_trans
288697,ct_eversource_rate6_fixed_ratemc_trans
272195,ct_eversource_rate6_fixed_ratemc_trans
241785,ct_eversource_rate6_fixed_ratemc_trans
301616,ct_eversource_rate6_fixed_ratemc_trans
365945,ct_eversource_rate6_fixed_ratemc_trans
448734,ct_eversource_rate6_fixed_ratemc_trans
283082,ct_eversource_rate6_fixed_ratemc_trans
325223,ct_eversource_rate6_fixed_ratemc_trans
380081,ct_eversource_rate6_fixed_ratemc_trans
386008,ct_eversource_rate6_fixed_ratemc_trans
351891,ct_eversource_rate6_fixed_ratemc_trans
443848,ct_eversource_rate6_fixed_ratemc_trans
453942,ct_eversource_rate6_fixed_ratemc_trans
363309,ct_eversource_rate6_fixed_ratemc_trans
391048,ct_eversource_rate6_fixed_ratemc_trans
107058,ct_eversource_rate6_fixed_ratemc_trans
112020,ct_eversource_rate6_fixed_ratemc_trans
123709,ct_eversource_rate6_fixed_ratemc_trans
318322,ct_eversource_rate6_fixed_ratemc_trans
380039,ct_eversource_rate6_fixed_ratemc_trans
485086,ct_eversource_rate6_fixed_ratemc_trans
501886,ct_eversource_rate6_fixed_ratemc_trans
524903,ct_eversource_rate6_fixed_ratemc_trans
535414,ct_eversource_rate6_fixed_ratemc_trans
231057,ct_eversource_rate6_fixed_ratemc_trans
266265,ct_eversource_rate6_fixed_ratemc_trans
208351,ct_eversource_rate6_fixed_ratemc_trans
392987,ct_eversource_rate6_fixed_ratemc_trans
48561,ct_eversource_rate6_fixed_ratemc_trans
19852,ct_eversource_rate6_fixed_ratemc_trans
20399,ct_eversource_rate6_fixed_ratemc_trans
26148,ct_eversource_rate6_fixed_ratemc_trans
48790,ct_eversource_rate6_fixed_ratemc_trans
56396,ct_eversource_rate6_fixed_ratemc_trans
68479,ct_eversource_rate6_fixed_ratemc_trans
131753,ct_eversource_rate6_fixed_ratemc_trans
281710,ct_eversource_rate6_fixed_ratemc_trans
363729,ct_eversource_rate6_fixed_ratemc_trans
279137,ct_eversource_rate6_fixed_ratemc_trans
337336,ct_eversource_rate6_fixed_ratemc_trans
76103,ct_eversource_rate6_fixed_ratemc_trans
127251,ct_eversource_rate6_fixed_ratemc_trans
135247,ct_eversource_rate6_fixed_ratemc_trans
472643,ct_eversource_rate6_fixed_ratemc_trans
395471,ct_eversource_rate6_fixed_ratemc_trans
154304,ct_eversource_rate6_fixed_ratemc_trans
442306,ct_eversource_rate6_fixed_ratemc_trans
450305,ct_eversource_rate6_fixed_ratemc_trans
393034,ct_eversource_rate6_fixed_ratemc_trans
160258,ct_eversource_rate6_fixed_ratemc_trans
160266,ct_eversource_rate6_fixed_ratemc_trans
169909,ct_eversource_rate6_fixed_ratemc_trans
170897,ct_eversource_rate6_fixed_ratemc_trans
190543,ct_eversource_rate6_fixed_ratemc_trans
400694,ct_eversource_rate6_fixed_ratemc_trans
257534,ct_eversource_rate6_fixed_ratemc_trans
342450,ct_eversource_rate6_fixed_ratemc_trans
204289,ct_eversource_rate6_fixed_ratemc_trans
206661,ct_eversource_rate6_fixed_ratemc_trans
232630,ct_eversource_rate6_fixed_ratemc_trans
420215,ct_eversource_rate6_fixed_ratemc_trans
417110,ct_eversource_rate6_fixed_ratemc_trans
269531,ct_eversource_rate6_fixed_ratemc_trans
273469,ct_eversource_rate6_fixed_ratemc_trans
280816,ct_eversource_rate6_fixed_ratemc_trans
287162,ct_eversource_rate6_fixed_ratemc_trans
309826,ct_eversource_rate6_fixed_ratemc_trans
310115,ct_eversource_rate6_fixed_ratemc_trans
315840,ct_eversource_rate6_fixed_ratemc_trans
318918,ct_eversource_rate6_fixed_ratemc_trans
466200,ct_eversource_rate6_fixed_ratemc_trans
477725,ct_eversource_rate6_fixed_ratemc_trans
399525,ct_eversource_rate6_fixed_ratemc_trans
458479,ct_eversource_rate6_fixed_ratemc_trans
387637,ct_eversource_rate6_fixed_ratemc_trans
149789,ct_eversource_rate6_fixed_ratemc_trans
521478,ct_eversource_rate6_fixed_ratemc_trans
534336,ct_eversource_rate6_fixed_ratemc_trans
535836,ct_eversource_rate6_fixed_ratemc_trans
537354,ct_eversource_rate6_fixed_ratemc_trans
427401,ct_eversource_rate6_fixed_ratemc_trans
267940,ct_eversource_rate6_fixed_ratemc_trans
288179,ct_eversource_rate6_fixed_ratemc_trans
21637,ct_eversource_rate6_fixed_ratemc_trans
26167,ct_eversource_rate6_fixed_ratemc_trans
52707,ct_eversource_rate6_fixed_ratemc_trans
58319,ct_eversource_rate6_fixed_ratemc_trans
60986,ct_eversource_rate6_fixed_ratemc_trans
352143,ct_eversource_rate6_fixed_ratemc_trans
372677,ct_eversource_rate6_fixed_ratemc_trans
78995,ct_eversource_rate6_fixed_ratemc_trans
106304,ct_eversource_rate6_fixed_ratemc_trans
170339,ct_eversource_rate6_fixed_ratemc_trans
384401,ct_eversource_rate6_fixed_ratemc_trans
389787,ct_eversource_rate6_fixed_ratemc_trans
84959,ct_eversource_rate6_fixed_ratemc_trans
90757,ct_eversource_rate6_fixed_ratemc_trans
102052,ct_eversource_rate6_fixed_ratemc_trans
116537,ct_eversource_rate6_fixed_ratemc_trans
151796,ct_eversource_rate6_fixed_ratemc_trans
425742,ct_eversource_rate6_fixed_ratemc_trans
427181,ct_eversource_rate6_fixed_ratemc_trans
152774,ct_eversource_rate6_fixed_ratemc_trans
189503,ct_eversource_rate6_fixed_ratemc_trans
201030,ct_eversource_rate6_fixed_ratemc_trans
407449,ct_eversource_rate6_fixed_ratemc_trans
463827,ct_eversource_rate6_fixed_ratemc_trans
471821,ct_eversource_rate6_fixed_ratemc_trans
324153,ct_eversource_rate6_fixed_ratemc_trans
386083,ct_eversource_rate6_fixed_ratemc_trans
397518,ct_eversource_rate6_fixed_ratemc_trans
212633,ct_eversource_rate6_fixed_ratemc_trans
214727,ct_eversource_rate6_fixed_ratemc_trans
242018,ct_eversource_rate6_fixed_ratemc_trans
249626,ct_eversource_rate6_fixed_ratemc_trans
257399,ct_eversource_rate6_fixed_ratemc_trans
261878,ct_eversource_rate6_fixed_ratemc_trans
325717,ct_eversource_rate6_fixed_ratemc_trans
408812,ct_eversource_rate6_fixed_ratemc_trans
15746,ct_eversource_rate6_fixed_ratemc_trans
266537,ct_eversource_rate6_fixed_ratemc_trans
311729,ct_eversource_rate6_fixed_ratemc_trans
467685,ct_eversource_rate6_fixed_ratemc_trans
492203,ct_eversource_rate6_fixed_ratemc_trans
481237,ct_eversource_rate6_fixed_ratemc_trans
488257,ct_eversource_rate6_fixed_ratemc_trans
136508,ct_eversource_rate6_fixed_ratemc_trans
343123,ct_eversource_rate6_fixed_ratemc_trans
130227,ct_eversource_rate6_fixed_ratemc_trans
270275,ct_eversource_rate6_fixed_ratemc_trans
145504,ct_eversource_rate6_fixed_ratemc_trans
243924,ct_eversource_rate6_fixed_ratemc_trans
268963,ct_eversource_rate6_fixed_ratemc_trans
336101,ct_eversource_rate6_fixed_ratemc_trans
353154,ct_eversource_rate6_fixed_ratemc_trans
436622,ct_eversource_rate6_fixed_ratemc_trans
3154,ct_eversource_rate6_fixed_ratemc_trans
11617,ct_eversource_rate6_fixed_ratemc_trans
22898,ct_eversource_rate6_fixed_ratemc_trans
31469,ct_eversource_rate6_fixed_ratemc_trans
34990,ct_eversource_rate6_fixed_ratemc_trans
40503,ct_eversource_rate6_fixed_ratemc_trans
58688,ct_eversource_rate6_fixed_ratemc_trans
61608,ct_eversource_rate6_fixed_ratemc_trans
65432,ct_eversource_rate6_fixed_ratemc_trans
425476,ct_eversource_rate6_fixed_ratemc_trans
239218,ct_eversource_rate6_fixed_ratemc_trans
372485,ct_eversource_rate6_fixed_ratemc_trans
86406,ct_eversource_rate6_fixed_ratemc_trans
111574,ct_eversource_rate6_fixed_ratemc_trans
114181,ct_eversource_rate6_fixed_ratemc_trans
115827,ct_eversource_rate6_fixed_ratemc_trans
127706,ct_eversource_rate6_fixed_ratemc_trans
134233,ct_eversource_rate6_fixed_ratemc_trans
450553,ct_eversource_rate6_fixed_ratemc_trans
351883,ct_eversource_rate6_fixed_ratemc_trans
361019,ct_eversource_rate6_fixed_ratemc_trans
176054,ct_eversource_rate6_fixed_ratemc_trans
254746,ct_eversource_rate6_fixed_ratemc_trans
434285,ct_eversource_rate6_fixed_ratemc_trans
201756,ct_eversource_rate6_fixed_ratemc_trans
218146,ct_eversource_rate6_fixed_ratemc_trans
263107,ct_eversource_rate6_fixed_ratemc_trans
229795,ct_eversource_rate6_fixed_ratemc_trans
231443,ct_eversource_rate6_fixed_ratemc_trans
233677,ct_eversource_rate6_fixed_ratemc_trans
234600,ct_eversource_rate6_fixed_ratemc_trans
238945,ct_eversource_rate6_fixed_ratemc_trans
249349,ct_eversource_rate6_fixed_ratemc_trans
260475,ct_eversource_rate6_fixed_ratemc_trans
264949,ct_eversource_rate6_fixed_ratemc_trans
366920,ct_eversource_rate6_fixed_ratemc_trans
318701,ct_eversource_rate6_fixed_ratemc_trans
335324,ct_eversource_rate6_fixed_ratemc_trans
444132,ct_eversource_rate6_fixed_ratemc_trans
269988,ct_eversource_rate6_fixed_ratemc_trans
310232,ct_eversource_rate6_fixed_ratemc_trans
314489,ct_eversource_rate6_fixed_ratemc_trans
317088,ct_eversource_rate6_fixed_ratemc_trans
385856,ct_eversource_rate6_fixed_ratemc_trans
418808,ct_eversource_rate6_fixed_ratemc_trans
528920,ct_eversource_rate6_fixed_ratemc_trans
544025,ct_eversource_rate6_fixed_ratemc_trans
137576,ct_eversource_rate6_fixed_ratemc_trans
321480,ct_eversource_rate6_fixed_ratemc_trans
221554,ct_eversource_rate6_fixed_ratemc_trans
131784,ct_eversource_rate6_fixed_ratemc_trans
467782,ct_eversource_rate6_fixed_ratemc_trans
483411,ct_eversource_rate6_fixed_ratemc_trans
507859,ct_eversource_rate6_fixed_ratemc_trans
520508,ct_eversource_rate6_fixed_ratemc_trans
523863,ct_eversource_rate6_fixed_ratemc_trans
70257,ct_eversource_rate6_fixed_ratemc_trans
148882,ct_eversource_rate6_fixed_ratemc_trans
175401,ct_eversource_rate6_fixed_ratemc_trans
386481,ct_eversource_rate6_fixed_ratemc_trans
14391,ct_eversource_rate6_fixed_ratemc_trans
19183,ct_eversource_rate6_fixed_ratemc_trans
20203,ct_eversource_rate6_fixed_ratemc_trans
28444,ct_eversource_rate6_fixed_ratemc_trans
61664,ct_eversource_rate6_fixed_ratemc_trans
63338,ct_eversource_rate6_fixed_ratemc_trans
124732,ct_eversource_rate6_fixed_ratemc_trans
190608,ct_eversource_rate6_fixed_ratemc_trans
408568,ct_eversource_rate6_fixed_ratemc_trans
366356,ct_eversource_rate6_fixed_ratemc_trans
70022,ct_eversource_rate6_fixed_ratemc_trans
86780,ct_eversource_rate6_fixed_ratemc_trans
94925,ct_eversource_rate6_fixed_ratemc_trans
114199,ct_eversource_rate6_fixed_ratemc_trans
114982,ct_eversource_rate6_fixed_ratemc_trans
138119,ct_eversource_rate6_fixed_ratemc_trans
398582,ct_eversource_rate6_fixed_ratemc_trans
295009,ct_eversource_rate6_fixed_ratemc_trans
273790,ct_eversource_rate6_fixed_ratemc_trans
441708,ct_eversource_rate6_fixed_ratemc_trans
441679,ct_eversource_rate6_fixed_ratemc_trans
378832,ct_eversource_rate6_fixed_ratemc_trans
349966,ct_eversource_rate6_fixed_ratemc_trans
231161,ct_eversource_rate6_fixed_ratemc_trans
231500,ct_eversource_rate6_fixed_ratemc_trans
248813,ct_eversource_rate6_fixed_ratemc_trans
326686,ct_eversource_rate6_fixed_ratemc_trans
476053,ct_eversource_rate6_fixed_ratemc_trans
304436,ct_eversource_rate6_fixed_ratemc_trans
447710,ct_eversource_rate6_fixed_ratemc_trans
288872,ct_eversource_rate6_fixed_ratemc_trans
298072,ct_eversource_rate6_fixed_ratemc_trans
331126,ct_eversource_rate6_fixed_ratemc_trans
355590,ct_eversource_rate6_fixed_ratemc_trans
250517,ct_eversource_rate6_fixed_ratemc_trans
464606,ct_eversource_rate6_fixed_ratemc_trans
484776,ct_eversource_rate6_fixed_ratemc_trans
487319,ct_eversource_rate6_fixed_ratemc_trans
488744,ct_eversource_rate6_fixed_ratemc_trans
499391,ct_eversource_rate6_fixed_ratemc_trans
505902,ct_eversource_rate6_fixed_ratemc_trans
521121,ct_eversource_rate6_fixed_ratemc_trans
526014,ct_eversource_rate6_fixed_ratemc_trans
540590,ct_eversource_rate6_fixed_ratemc_trans
541349,ct_eversource_rate6_fixed_ratemc_trans
548837,ct_eversource_rate6_fixed_ratemc_trans
549253,ct_eversource_rate6_fixed_ratemc_trans
250608,ct_eversource_rate6_fixed_ratemc_trans
282431,ct_eversource_rate6_fixed_ratemc_trans
237919,ct_eversource_rate6_fixed_ratemc_trans
464184,ct_eversource_rate6_fixed_ratemc_trans
8404,ct_eversource_rate6_fixed_ratemc_trans
30835,ct_eversource_rate6_fixed_ratemc_trans
32110,ct_eversource_rate6_fixed_ratemc_trans
33334,ct_eversource_rate6_fixed_ratemc_trans
40355,ct_eversource_rate6_fixed_ratemc_trans
40750,ct_eversource_rate6_fixed_ratemc_trans
53212,ct_eversource_rate6_fixed_ratemc_trans
83837,ct_eversource_rate6_fixed_ratemc_trans
385141,ct_eversource_rate6_fixed_ratemc_trans
84435,ct_eversource_rate6_fixed_ratemc_trans
84498,ct_eversource_rate6_fixed_ratemc_trans
85463,ct_eversource_rate6_fixed_ratemc_trans
100957,ct_eversource_rate6_fixed_ratemc_trans
111057,ct_eversource_rate6_fixed_ratemc_trans
122797,ct_eversource_rate6_fixed_ratemc_trans
137674,ct_eversource_rate6_fixed_ratemc_trans
300877,ct_eversource_rate6_fixed_ratemc_trans
427829,ct_eversource_rate6_fixed_ratemc_trans
415592,ct_eversource_rate6_fixed_ratemc_trans
259860,ct_eversource_rate6_fixed_ratemc_trans
158906,ct_eversource_rate6_fixed_ratemc_trans
161086,ct_eversource_rate6_fixed_ratemc_trans
193111,ct_eversource_rate6_fixed_ratemc_trans
200183,ct_eversource_rate6_fixed_ratemc_trans
202167,ct_eversource_rate6_fixed_ratemc_trans
343396,ct_eversource_rate6_fixed_ratemc_trans
454094,ct_eversource_rate6_fixed_ratemc_trans
209806,ct_eversource_rate6_fixed_ratemc_trans
332830,ct_eversource_rate6_fixed_ratemc_trans
214665,ct_eversource_rate6_fixed_ratemc_trans
221569,ct_eversource_rate6_fixed_ratemc_trans
243776,ct_eversource_rate6_fixed_ratemc_trans
254280,ct_eversource_rate6_fixed_ratemc_trans
257043,ct_eversource_rate6_fixed_ratemc_trans
471401,ct_eversource_rate6_fixed_ratemc_trans
328324,ct_eversource_rate6_fixed_ratemc_trans
293390,ct_eversource_rate6_fixed_ratemc_trans
298456,ct_eversource_rate6_fixed_ratemc_trans
308894,ct_eversource_rate6_fixed_ratemc_trans
202188,ct_eversource_rate6_fixed_ratemc_trans
136393,ct_eversource_rate6_fixed_ratemc_trans
413098,ct_eversource_rate6_fixed_ratemc_trans
198578,ct_eversource_rate6_fixed_ratemc_trans
27801,ct_eversource_rate6_fixed_ratemc_trans
210887,ct_eversource_rate6_fixed_ratemc_trans
487439,ct_eversource_rate6_fixed_ratemc_trans
508239,ct_eversource_rate6_fixed_ratemc_trans
534898,ct_eversource_rate6_fixed_ratemc_trans
27704,ct_eversource_rate6_fixed_ratemc_trans
82862,ct_eversource_rate6_fixed_ratemc_trans
237812,ct_eversource_rate6_fixed_ratemc_trans
116355,ct_eversource_rate6_fixed_ratemc_trans
420487,ct_eversource_rate6_fixed_ratemc_trans
11356,ct_eversource_rate6_fixed_ratemc_trans
18309,ct_eversource_rate6_fixed_ratemc_trans
28430,ct_eversource_rate6_fixed_ratemc_trans
69066,ct_eversource_rate6_fixed_ratemc_trans
395985,ct_eversource_rate6_fixed_ratemc_trans
166544,ct_eversource_rate6_fixed_ratemc_trans
217893,ct_eversource_rate6_fixed_ratemc_trans
429137,ct_eversource_rate6_fixed_ratemc_trans
287089,ct_eversource_rate6_fixed_ratemc_trans
71584,ct_eversource_rate6_fixed_ratemc_trans
77755,ct_eversource_rate6_fixed_ratemc_trans
85985,ct_eversource_rate6_fixed_ratemc_trans
88080,ct_eversource_rate6_fixed_ratemc_trans
108113,ct_eversource_rate6_fixed_ratemc_trans
113181,ct_eversource_rate6_fixed_ratemc_trans
126645,ct_eversource_rate6_fixed_ratemc_trans
324963,ct_eversource_rate6_fixed_ratemc_trans
209689,ct_eversource_rate6_fixed_ratemc_trans
421084,ct_eversource_rate6_fixed_ratemc_trans
143426,ct_eversource_rate6_fixed_ratemc_trans
144938,ct_eversource_rate6_fixed_ratemc_trans
179679,ct_eversource_rate6_fixed_ratemc_trans
187921,ct_eversource_rate6_fixed_ratemc_trans
193990,ct_eversource_rate6_fixed_ratemc_trans
408644,ct_eversource_rate6_fixed_ratemc_trans
375474,ct_eversource_rate6_fixed_ratemc_trans
204304,ct_eversource_rate6_fixed_ratemc_trans
206140,ct_eversource_rate6_fixed_ratemc_trans
210753,ct_eversource_rate6_fixed_ratemc_trans
223232,ct_eversource_rate6_fixed_ratemc_trans
240564,ct_eversource_rate6_fixed_ratemc_trans
249761,ct_eversource_rate6_fixed_ratemc_trans
251493,ct_eversource_rate6_fixed_ratemc_trans
398073,ct_eversource_rate6_fixed_ratemc_trans
475291,ct_eversource_rate6_fixed_ratemc_trans
287398,ct_eversource_rate6_fixed_ratemc_trans
386773,ct_eversource_rate6_fixed_ratemc_trans
292083,ct_eversource_rate6_fixed_ratemc_trans
271401,ct_eversource_rate6_fixed_ratemc_trans
273685,ct_eversource_rate6_fixed_ratemc_trans
324555,ct_eversource_rate6_fixed_ratemc_trans
422243,ct_eversource_rate6_fixed_ratemc_trans
322672,ct_eversource_rate6_fixed_ratemc_trans
422428,ct_eversource_rate6_fixed_ratemc_trans
268734,ct_eversource_rate6_fixed_ratemc_trans
327305,ct_eversource_rate6_fixed_ratemc_trans
498971,ct_eversource_rate6_fixed_ratemc_trans
525413,ct_eversource_rate6_fixed_ratemc_trans
528731,ct_eversource_rate6_fixed_ratemc_trans
216086,ct_eversource_rate6_fixed_ratemc_trans
66301,ct_eversource_rate6_fixed_ratemc_trans
214876,ct_eversource_rate6_fixed_ratemc_trans
440247,ct_eversource_rate6_fixed_ratemc_trans
93966,ct_eversource_rate6_fixed_ratemc_trans
273523,ct_eversource_rate6_fixed_ratemc_trans
314540,ct_eversource_rate6_fixed_ratemc_trans
1745,ct_eversource_rate6_fixed_ratemc_trans
8897,ct_eversource_rate6_fixed_ratemc_trans
31168,ct_eversource_rate6_fixed_ratemc_trans
41696,ct_eversource_rate6_fixed_ratemc_trans
55313,ct_eversource_rate6_fixed_ratemc_trans
59067,ct_eversource_rate6_fixed_ratemc_trans
288835,ct_eversource_rate6_fixed_ratemc_trans
142465,ct_eversource_rate6_fixed_ratemc_trans
133083,ct_eversource_rate6_fixed_ratemc_trans
380058,ct_eversource_rate6_fixed_ratemc_trans
476228,ct_eversource_rate6_fixed_ratemc_trans
429590,ct_eversource_rate6_fixed_ratemc_trans
107477,ct_eversource_rate6_fixed_ratemc_trans
126273,ct_eversource_rate6_fixed_ratemc_trans
312859,ct_eversource_rate6_fixed_ratemc_trans
248038,ct_eversource_rate6_fixed_ratemc_trans
468247,ct_eversource_rate6_fixed_ratemc_trans
171651,ct_eversource_rate6_fixed_ratemc_trans
366916,ct_eversource_rate6_fixed_ratemc_trans
140801,ct_eversource_rate6_fixed_ratemc_trans
443644,ct_eversource_rate6_fixed_ratemc_trans
449376,ct_eversource_rate6_fixed_ratemc_trans
237714,ct_eversource_rate6_fixed_ratemc_trans
261326,ct_eversource_rate6_fixed_ratemc_trans
207306,ct_eversource_rate6_fixed_ratemc_trans
254740,ct_eversource_rate6_fixed_ratemc_trans
461038,ct_eversource_rate6_fixed_ratemc_trans
283518,ct_eversource_rate6_fixed_ratemc_trans
314303,ct_eversource_rate6_fixed_ratemc_trans
463648,ct_eversource_rate6_fixed_ratemc_trans
475049,ct_eversource_rate6_fixed_ratemc_trans
405051,ct_eversource_rate6_fixed_ratemc_trans
374441,ct_eversource_rate6_fixed_ratemc_trans
50586,ct_eversource_rate6_fixed_ratemc_trans
338446,ct_eversource_rate6_fixed_ratemc_trans
89917,ct_eversource_rate6_fixed_ratemc_trans
367320,ct_eversource_rate6_fixed_ratemc_trans
273771,ct_eversource_rate6_fixed_ratemc_trans
376228,ct_eversource_rate6_fixed_ratemc_trans
488676,ct_eversource_rate6_fixed_ratemc_trans
523423,ct_eversource_rate6_fixed_ratemc_trans
524917,ct_eversource_rate6_fixed_ratemc_trans
530283,ct_eversource_rate6_fixed_ratemc_trans
538036,ct_eversource_rate6_fixed_ratemc_trans
89983,ct_eversource_rate6_fixed_ratemc_trans
207181,ct_eversource_rate6_fixed_ratemc_trans
310619,ct_eversource_rate6_fixed_ratemc_trans
31933,ct_eversource_rate6_fixed_ratemc_trans
43096,ct_eversource_rate6_fixed_ratemc_trans
51924,ct_eversource_rate6_fixed_ratemc_trans
56086,ct_eversource_rate6_fixed_ratemc_trans
61362,ct_eversource_rate6_fixed_ratemc_trans
194092,ct_eversource_rate6_fixed_ratemc_trans
355296,ct_eversource_rate6_fixed_ratemc_trans
410412,ct_eversource_rate6_fixed_ratemc_trans
72177,ct_eversource_rate6_fixed_ratemc_trans
95378,ct_eversource_rate6_fixed_ratemc_trans
120803,ct_eversource_rate6_fixed_ratemc_trans
123848,ct_eversource_rate6_fixed_ratemc_trans
202633,ct_eversource_rate6_fixed_ratemc_trans
161628,ct_eversource_rate6_fixed_ratemc_trans
197551,ct_eversource_rate6_fixed_ratemc_trans
315398,ct_eversource_rate6_fixed_ratemc_trans
383417,ct_eversource_rate6_fixed_ratemc_trans
470663,ct_eversource_rate6_fixed_ratemc_trans
141585,ct_eversource_rate6_fixed_ratemc_trans
182146,ct_eversource_rate6_fixed_ratemc_trans
183614,ct_eversource_rate6_fixed_ratemc_trans
203584,ct_eversource_rate6_fixed_ratemc_trans
329865,ct_eversource_rate6_fixed_ratemc_trans
323295,ct_eversource_rate6_fixed_ratemc_trans
248667,ct_eversource_rate6_fixed_ratemc_trans
283431,ct_eversource_rate6_fixed_ratemc_trans
378515,ct_eversource_rate6_fixed_ratemc_trans
215434,ct_eversource_rate6_fixed_ratemc_trans
229552,ct_eversource_rate6_fixed_ratemc_trans
239802,ct_eversource_rate6_fixed_ratemc_trans
267480,ct_eversource_rate6_fixed_ratemc_trans
470066,ct_eversource_rate6_fixed_ratemc_trans
389753,ct_eversource_rate6_fixed_ratemc_trans
341661,ct_eversource_rate6_fixed_ratemc_trans
401258,ct_eversource_rate6_fixed_ratemc_trans
363956,ct_eversource_rate6_fixed_ratemc_trans
400746,ct_eversource_rate6_fixed_ratemc_trans
451538,ct_eversource_rate6_fixed_ratemc_trans
469143,ct_eversource_rate6_fixed_ratemc_trans
174372,ct_eversource_rate6_fixed_ratemc_trans
190140,ct_eversource_rate6_fixed_ratemc_trans
486593,ct_eversource_rate6_fixed_ratemc_trans
496966,ct_eversource_rate6_fixed_ratemc_trans
228430,ct_eversource_rate6_fixed_ratemc_trans
211844,ct_eversource_rate6_fixed_ratemc_trans
316476,ct_eversource_rate6_fixed_ratemc_trans
352646,ct_eversource_rate6_fixed_ratemc_trans
267057,ct_eversource_rate6_fixed_ratemc_trans
424150,ct_eversource_rate6_fixed_ratemc_trans
9068,ct_eversource_rate6_fixed_ratemc_trans
12516,ct_eversource_rate6_fixed_ratemc_trans
22036,ct_eversource_rate6_fixed_ratemc_trans
38032,ct_eversource_rate6_fixed_ratemc_trans
46519,ct_eversource_rate6_fixed_ratemc_trans
355805,ct_eversource_rate6_fixed_ratemc_trans
69863,ct_eversource_rate6_fixed_ratemc_trans
195246,ct_eversource_rate6_fixed_ratemc_trans
384795,ct_eversource_rate6_fixed_ratemc_trans
81207,ct_eversource_rate6_fixed_ratemc_trans
121069,ct_eversource_rate6_fixed_ratemc_trans
137557,ct_eversource_rate6_fixed_ratemc_trans
412269,ct_eversource_rate6_fixed_ratemc_trans
222080,ct_eversource_rate6_fixed_ratemc_trans
151621,ct_eversource_rate6_fixed_ratemc_trans
159335,ct_eversource_rate6_fixed_ratemc_trans
190271,ct_eversource_rate6_fixed_ratemc_trans
387123,ct_eversource_rate6_fixed_ratemc_trans
470504,ct_eversource_rate6_fixed_ratemc_trans
426731,ct_eversource_rate6_fixed_ratemc_trans
301199,ct_eversource_rate6_fixed_ratemc_trans
394101,ct_eversource_rate6_fixed_ratemc_trans
402346,ct_eversource_rate6_fixed_ratemc_trans
424401,ct_eversource_rate6_fixed_ratemc_trans
244714,ct_eversource_rate6_fixed_ratemc_trans
250042,ct_eversource_rate6_fixed_ratemc_trans
263666,ct_eversource_rate6_fixed_ratemc_trans
474615,ct_eversource_rate6_fixed_ratemc_trans
384475,ct_eversource_rate6_fixed_ratemc_trans
452940,ct_eversource_rate6_fixed_ratemc_trans
324722,ct_eversource_rate6_fixed_ratemc_trans
386536,ct_eversource_rate6_fixed_ratemc_trans
358191,ct_eversource_rate6_fixed_ratemc_trans
420795,ct_eversource_rate6_fixed_ratemc_trans
238269,ct_eversource_rate6_fixed_ratemc_trans
341042,ct_eversource_rate6_fixed_ratemc_trans
117949,ct_eversource_rate6_fixed_ratemc_trans
400914,ct_eversource_rate6_fixed_ratemc_trans
306251,ct_eversource_rate6_fixed_ratemc_trans
464462,ct_eversource_rate6_fixed_ratemc_trans
480646,ct_eversource_rate6_fixed_ratemc_trans
484090,ct_eversource_rate6_fixed_ratemc_trans
489118,ct_eversource_rate6_fixed_ratemc_trans
515200,ct_eversource_rate6_fixed_ratemc_trans
522925,ct_eversource_rate6_fixed_ratemc_trans
532452,ct_eversource_rate6_fixed_ratemc_trans
534455,ct_eversource_rate6_fixed_ratemc_trans
549750,ct_eversource_rate6_fixed_ratemc_trans
232686,ct_eversource_rate6_fixed_ratemc_trans
358115,ct_eversource_rate6_fixed_ratemc_trans
229569,ct_eversource_rate6_fixed_ratemc_trans
365778,ct_eversource_rate6_fixed_ratemc_trans
323811,ct_eversource_rate6_fixed_ratemc_trans
164739,ct_eversource_rate6_fixed_ratemc_trans
16566,ct_eversource_rate6_fixed_ratemc_trans
30845,ct_eversource_rate6_fixed_ratemc_trans
34449,ct_eversource_rate6_fixed_ratemc_trans
346980,ct_eversource_rate6_fixed_ratemc_trans
70214,ct_eversource_rate6_fixed_ratemc_trans
74440,ct_eversource_rate6_fixed_ratemc_trans
115750,ct_eversource_rate6_fixed_ratemc_trans
118209,ct_eversource_rate6_fixed_ratemc_trans
376626,ct_eversource_rate6_fixed_ratemc_trans
152605,ct_eversource_rate6_fixed_ratemc_trans
157844,ct_eversource_rate6_fixed_ratemc_trans
192893,ct_eversource_rate6_fixed_ratemc_trans
197325,ct_eversource_rate6_fixed_ratemc_trans
255250,ct_eversource_rate6_fixed_ratemc_trans
391357,ct_eversource_rate6_fixed_ratemc_trans
208707,ct_eversource_rate6_fixed_ratemc_trans
232840,ct_eversource_rate6_fixed_ratemc_trans
239646,ct_eversource_rate6_fixed_ratemc_trans
240549,ct_eversource_rate6_fixed_ratemc_trans
449166,ct_eversource_rate6_fixed_ratemc_trans
334532,ct_eversource_rate6_fixed_ratemc_trans
307185,ct_eversource_rate6_fixed_ratemc_trans
316309,ct_eversource_rate6_fixed_ratemc_trans
354412,ct_eversource_rate6_fixed_ratemc_trans
367624,ct_eversource_rate6_fixed_ratemc_trans
394460,ct_eversource_rate6_fixed_ratemc_trans
345352,ct_eversource_rate6_fixed_ratemc_trans
378545,ct_eversource_rate6_fixed_ratemc_trans
399724,ct_eversource_rate6_fixed_ratemc_trans
393355,ct_eversource_rate6_fixed_ratemc_trans
464951,ct_eversource_rate6_fixed_ratemc_trans
472269,ct_eversource_rate6_fixed_ratemc_trans
48305,ct_eversource_rate6_fixed_ratemc_trans
65283,ct_eversource_rate6_fixed_ratemc_trans
539987,ct_eversource_rate6_fixed_ratemc_trans
478937,ct_eversource_rate6_fixed_ratemc_trans
395002,ct_eversource_rate6_fixed_ratemc_trans
334842,ct_eversource_rate6_fixed_ratemc_trans
290529,ct_eversource_rate6_fixed_ratemc_trans
480262,ct_eversource_rate6_fixed_ratemc_trans
481669,ct_eversource_rate6_fixed_ratemc_trans
496425,ct_eversource_rate6_fixed_ratemc_trans
506937,ct_eversource_rate6_fixed_ratemc_trans
517891,ct_eversource_rate6_fixed_ratemc_trans
524928,ct_eversource_rate6_fixed_ratemc_trans
543602,ct_eversource_rate6_fixed_ratemc_trans
549100,ct_eversource_rate6_fixed_ratemc_trans
37479,ct_eversource_rate6_fixed_ratemc_trans
435437,ct_eversource_rate6_fixed_ratemc_trans
150542,ct_eversource_rate6_fixed_ratemc_trans
15817,ct_eversource_rate6_fixed_ratemc_trans
18791,ct_eversource_rate6_fixed_ratemc_trans
32152,ct_eversource_rate6_fixed_ratemc_trans
81912,ct_eversource_rate6_fixed_ratemc_trans
211,ct_eversource_rate6_fixed_ratemc_trans
14448,ct_eversource_rate6_fixed_ratemc_trans
15333,ct_eversource_rate6_fixed_ratemc_trans
40980,ct_eversource_rate6_fixed_ratemc_trans
50310,ct_eversource_rate6_fixed_ratemc_trans
289769,ct_eversource_rate6_fixed_ratemc_trans
373194,ct_eversource_rate6_fixed_ratemc_trans
127446,ct_eversource_rate6_fixed_ratemc_trans
148478,ct_eversource_rate6_fixed_ratemc_trans
357958,ct_eversource_rate6_fixed_ratemc_trans
393300,ct_eversource_rate6_fixed_ratemc_trans
69340,ct_eversource_rate6_fixed_ratemc_trans
117068,ct_eversource_rate6_fixed_ratemc_trans
121534,ct_eversource_rate6_fixed_ratemc_trans
126671,ct_eversource_rate6_fixed_ratemc_trans
132619,ct_eversource_rate6_fixed_ratemc_trans
262932,ct_eversource_rate6_fixed_ratemc_trans
432173,ct_eversource_rate6_fixed_ratemc_trans
167583,ct_eversource_rate6_fixed_ratemc_trans
173926,ct_eversource_rate6_fixed_ratemc_trans
187372,ct_eversource_rate6_fixed_ratemc_trans
190285,ct_eversource_rate6_fixed_ratemc_trans
199440,ct_eversource_rate6_fixed_ratemc_trans
212567,ct_eversource_rate6_fixed_ratemc_trans
215946,ct_eversource_rate6_fixed_ratemc_trans
240509,ct_eversource_rate6_fixed_ratemc_trans
302645,ct_eversource_rate6_fixed_ratemc_trans
304170,ct_eversource_rate6_fixed_ratemc_trans
342568,ct_eversource_rate6_fixed_ratemc_trans
402180,ct_eversource_rate6_fixed_ratemc_trans
421233,ct_eversource_rate6_fixed_ratemc_trans
459199,ct_eversource_rate6_fixed_ratemc_trans
463167,ct_eversource_rate6_fixed_ratemc_trans
470038,ct_eversource_rate6_fixed_ratemc_trans
135404,ct_eversource_rate6_fixed_ratemc_trans
134461,ct_eversource_rate6_fixed_ratemc_trans
183084,ct_eversource_rate6_fixed_ratemc_trans
369885,ct_eversource_rate6_fixed_ratemc_trans
308750,ct_eversource_rate6_fixed_ratemc_trans
155840,ct_eversource_rate6_fixed_ratemc_trans
481620,ct_eversource_rate6_fixed_ratemc_trans
484587,ct_eversource_rate6_fixed_ratemc_trans
490213,ct_eversource_rate6_fixed_ratemc_trans
494950,ct_eversource_rate6_fixed_ratemc_trans
495287,ct_eversource_rate6_fixed_ratemc_trans
513768,ct_eversource_rate6_fixed_ratemc_trans
514832,ct_eversource_rate6_fixed_ratemc_trans
519075,ct_eversource_rate6_fixed_ratemc_trans
530712,ct_eversource_rate6_fixed_ratemc_trans
536511,ct_eversource_rate6_fixed_ratemc_trans
537612,ct_eversource_rate6_fixed_ratemc_trans
309661,ct_eversource_rate6_fixed_ratemc_trans
323128,ct_eversource_rate6_fixed_ratemc_trans
6446,ct_eversource_rate6_fixed_ratemc_trans
7208,ct_eversource_rate6_fixed_ratemc_trans
22336,ct_eversource_rate6_fixed_ratemc_trans
39461,ct_eversource_rate6_fixed_ratemc_trans
40390,ct_eversource_rate6_fixed_ratemc_trans
41021,ct_eversource_rate6_fixed_ratemc_trans
47418,ct_eversource_rate6_fixed_ratemc_trans
50058,ct_eversource_rate6_fixed_ratemc_trans
59367,ct_eversource_rate6_fixed_ratemc_trans
63735,ct_eversource_rate6_fixed_ratemc_trans
65969,ct_eversource_rate6_fixed_ratemc_trans
78197,ct_eversource_rate6_fixed_ratemc_trans
75852,ct_eversource_rate6_fixed_ratemc_trans
298935,ct_eversource_rate6_fixed_ratemc_trans
90983,ct_eversource_rate6_fixed_ratemc_trans
155349,ct_eversource_rate6_fixed_ratemc_trans
172826,ct_eversource_rate6_fixed_ratemc_trans
431915,ct_eversource_rate6_fixed_ratemc_trans
95305,ct_eversource_rate6_fixed_ratemc_trans
104574,ct_eversource_rate6_fixed_ratemc_trans
119723,ct_eversource_rate6_fixed_ratemc_trans
448483,ct_eversource_rate6_fixed_ratemc_trans
350044,ct_eversource_rate6_fixed_ratemc_trans
429647,ct_eversource_rate6_fixed_ratemc_trans
278775,ct_eversource_rate6_fixed_ratemc_trans
142309,ct_eversource_rate6_fixed_ratemc_trans
147150,ct_eversource_rate6_fixed_ratemc_trans
179790,ct_eversource_rate6_fixed_ratemc_trans
184916,ct_eversource_rate6_fixed_ratemc_trans
317645,ct_eversource_rate6_fixed_ratemc_trans
219771,ct_eversource_rate6_fixed_ratemc_trans
206612,ct_eversource_rate6_fixed_ratemc_trans
212003,ct_eversource_rate6_fixed_ratemc_trans
249989,ct_eversource_rate6_fixed_ratemc_trans
256589,ct_eversource_rate6_fixed_ratemc_trans
407848,ct_eversource_rate6_fixed_ratemc_trans
464659,ct_eversource_rate6_fixed_ratemc_trans
360551,ct_eversource_rate6_fixed_ratemc_trans
273593,ct_eversource_rate6_fixed_ratemc_trans
295064,ct_eversource_rate6_fixed_ratemc_trans
316187,ct_eversource_rate6_fixed_ratemc_trans
328048,ct_eversource_rate6_fixed_ratemc_trans
329145,ct_eversource_rate6_fixed_ratemc_trans
406372,ct_eversource_rate6_fixed_ratemc_trans
405100,ct_eversource_rate6_fixed_ratemc_trans
411749,ct_eversource_rate6_fixed_ratemc_trans
469342,ct_eversource_rate6_fixed_ratemc_trans
391578,ct_eversource_rate6_fixed_ratemc_trans
427507,ct_eversource_rate6_fixed_ratemc_trans
435064,ct_eversource_rate6_fixed_ratemc_trans
485873,ct_eversource_rate6_fixed_ratemc_trans
392577,ct_eversource_rate6_fixed_ratemc_trans
470466,ct_eversource_rate6_fixed_ratemc_trans
491400,ct_eversource_rate6_fixed_ratemc_trans
491805,ct_eversource_rate6_fixed_ratemc_trans
501602,ct_eversource_rate6_fixed_ratemc_trans
506193,ct_eversource_rate6_fixed_ratemc_trans
513576,ct_eversource_rate6_fixed_ratemc_trans
516816,ct_eversource_rate6_fixed_ratemc_trans
541341,ct_eversource_rate6_fixed_ratemc_trans
543573,ct_eversource_rate6_fixed_ratemc_trans
479352,ct_eversource_rate6_fixed_ratemc_trans
171899,ct_eversource_rate6_fixed_ratemc_trans
306482,ct_eversource_rate6_fixed_ratemc_trans
472161,ct_eversource_rate6_fixed_ratemc_trans
40151,ct_eversource_rate6_fixed_ratemc_trans
50606,ct_eversource_rate6_fixed_ratemc_trans
116381,ct_eversource_rate6_fixed_ratemc_trans
439904,ct_eversource_rate6_fixed_ratemc_trans
431949,ct_eversource_rate6_fixed_ratemc_trans
74282,ct_eversource_rate6_fixed_ratemc_trans
96220,ct_eversource_rate6_fixed_ratemc_trans
129035,ct_eversource_rate6_fixed_ratemc_trans
228782,ct_eversource_rate6_fixed_ratemc_trans
193975,ct_eversource_rate6_fixed_ratemc_trans
222293,ct_eversource_rate6_fixed_ratemc_trans
352952,ct_eversource_rate6_fixed_ratemc_trans
145419,ct_eversource_rate6_fixed_ratemc_trans
152274,ct_eversource_rate6_fixed_ratemc_trans
169001,ct_eversource_rate6_fixed_ratemc_trans
180312,ct_eversource_rate6_fixed_ratemc_trans
184750,ct_eversource_rate6_fixed_ratemc_trans
185183,ct_eversource_rate6_fixed_ratemc_trans
185475,ct_eversource_rate6_fixed_ratemc_trans
199994,ct_eversource_rate6_fixed_ratemc_trans
367096,ct_eversource_rate6_fixed_ratemc_trans
211791,ct_eversource_rate6_fixed_ratemc_trans
212152,ct_eversource_rate6_fixed_ratemc_trans
221411,ct_eversource_rate6_fixed_ratemc_trans
262171,ct_eversource_rate6_fixed_ratemc_trans
403554,ct_eversource_rate6_fixed_ratemc_trans
297099,ct_eversource_rate6_fixed_ratemc_trans
395566,ct_eversource_rate6_fixed_ratemc_trans
436888,ct_eversource_rate6_fixed_ratemc_trans
433001,ct_eversource_rate6_fixed_ratemc_trans
463434,ct_eversource_rate6_fixed_ratemc_trans
381275,ct_eversource_rate6_fixed_ratemc_trans
363626,ct_eversource_rate6_fixed_ratemc_trans
376625,ct_eversource_rate6_fixed_ratemc_trans
461736,ct_eversource_rate6_fixed_ratemc_trans
538180,ct_eversource_rate6_fixed_ratemc_trans
27685,ct_eversource_rate6_fixed_ratemc_trans
63824,ct_eversource_rate6_fixed_ratemc_trans
33975,ct_eversource_rate6_fixed_ratemc_trans
135245,ct_eversource_rate6_fixed_ratemc_trans
499678,ct_eversource_rate6_fixed_ratemc_trans
508519,ct_eversource_rate6_fixed_ratemc_trans
536741,ct_eversource_rate6_fixed_ratemc_trans
160389,ct_eversource_rate6_fixed_ratemc_trans
243843,ct_eversource_rate6_fixed_ratemc_trans
50980,ct_eversource_rate6_fixed_ratemc_trans
118331,ct_eversource_rate6_fixed_ratemc_trans
139207,ct_eversource_rate6_fixed_ratemc_trans
239181,ct_eversource_rate6_fixed_ratemc_trans
211338,ct_eversource_rate6_fixed_ratemc_trans
345015,ct_eversource_rate6_fixed_ratemc_trans
16458,ct_eversource_rate6_fixed_ratemc_trans
44370,ct_eversource_rate6_fixed_ratemc_trans
55013,ct_eversource_rate6_fixed_ratemc_trans
473520,ct_eversource_rate6_fixed_ratemc_trans
89545,ct_eversource_rate6_fixed_ratemc_trans
118397,ct_eversource_rate6_fixed_ratemc_trans
143600,ct_eversource_rate6_fixed_ratemc_trans
154267,ct_eversource_rate6_fixed_ratemc_trans
367868,ct_eversource_rate6_fixed_ratemc_trans
71980,ct_eversource_rate6_fixed_ratemc_trans
94223,ct_eversource_rate6_fixed_ratemc_trans
95965,ct_eversource_rate6_fixed_ratemc_trans
98080,ct_eversource_rate6_fixed_ratemc_trans
105152,ct_eversource_rate6_fixed_ratemc_trans
114551,ct_eversource_rate6_fixed_ratemc_trans
229338,ct_eversource_rate6_fixed_ratemc_trans
441434,ct_eversource_rate6_fixed_ratemc_trans
151658,ct_eversource_rate6_fixed_ratemc_trans
155445,ct_eversource_rate6_fixed_ratemc_trans
157228,ct_eversource_rate6_fixed_ratemc_trans
159069,ct_eversource_rate6_fixed_ratemc_trans
173238,ct_eversource_rate6_fixed_ratemc_trans
452740,ct_eversource_rate6_fixed_ratemc_trans
464732,ct_eversource_rate6_fixed_ratemc_trans
316418,ct_eversource_rate6_fixed_ratemc_trans
206343,ct_eversource_rate6_fixed_ratemc_trans
244258,ct_eversource_rate6_fixed_ratemc_trans
245285,ct_eversource_rate6_fixed_ratemc_trans
253681,ct_eversource_rate6_fixed_ratemc_trans
310571,ct_eversource_rate6_fixed_ratemc_trans
371827,ct_eversource_rate6_fixed_ratemc_trans
307525,ct_eversource_rate6_fixed_ratemc_trans
311215,ct_eversource_rate6_fixed_ratemc_trans
311592,ct_eversource_rate6_fixed_ratemc_trans
354362,ct_eversource_rate6_fixed_ratemc_trans
378659,ct_eversource_rate6_fixed_ratemc_trans
366960,ct_eversource_rate6_fixed_ratemc_trans
391475,ct_eversource_rate6_fixed_ratemc_trans
425521,ct_eversource_rate6_fixed_ratemc_trans
111861,ct_eversource_rate6_fixed_ratemc_trans
394663,ct_eversource_rate6_fixed_ratemc_trans
459901,ct_eversource_rate6_fixed_ratemc_trans
149533,ct_eversource_rate6_fixed_ratemc_trans
462705,ct_eversource_rate6_fixed_ratemc_trans
59815,ct_eversource_rate6_fixed_ratemc_trans
78013,ct_eversource_rate6_fixed_ratemc_trans
487589,ct_eversource_rate6_fixed_ratemc_trans
497784,ct_eversource_rate6_fixed_ratemc_trans
516407,ct_eversource_rate6_fixed_ratemc_trans
528149,ct_eversource_rate6_fixed_ratemc_trans
533746,ct_eversource_rate6_fixed_ratemc_trans
534714,ct_eversource_rate6_fixed_ratemc_trans
541287,ct_eversource_rate6_fixed_ratemc_trans
35840,ct_eversource_rate6_fixed_ratemc_trans
39627,ct_eversource_rate6_fixed_ratemc_trans
4302,ct_eversource_rate6_fixed_ratemc_trans
14078,ct_eversource_rate6_fixed_ratemc_trans
22333,ct_eversource_rate6_fixed_ratemc_trans
28578,ct_eversource_rate6_fixed_ratemc_trans
37084,ct_eversource_rate6_fixed_ratemc_trans
50614,ct_eversource_rate6_fixed_ratemc_trans
425849,ct_eversource_rate6_fixed_ratemc_trans
112660,ct_eversource_rate6_fixed_ratemc_trans
72022,ct_eversource_rate6_fixed_ratemc_trans
75679,ct_eversource_rate6_fixed_ratemc_trans
76416,ct_eversource_rate6_fixed_ratemc_trans
87758,ct_eversource_rate6_fixed_ratemc_trans
95522,ct_eversource_rate6_fixed_ratemc_trans
115436,ct_eversource_rate6_fixed_ratemc_trans
136998,ct_eversource_rate6_fixed_ratemc_trans
184457,ct_eversource_rate6_fixed_ratemc_trans
441053,ct_eversource_rate6_fixed_ratemc_trans
318154,ct_eversource_rate6_fixed_ratemc_trans
324312,ct_eversource_rate6_fixed_ratemc_trans
392290,ct_eversource_rate6_fixed_ratemc_trans
150419,ct_eversource_rate6_fixed_ratemc_trans
153589,ct_eversource_rate6_fixed_ratemc_trans
157875,ct_eversource_rate6_fixed_ratemc_trans
168553,ct_eversource_rate6_fixed_ratemc_trans
174599,ct_eversource_rate6_fixed_ratemc_trans
175251,ct_eversource_rate6_fixed_ratemc_trans
189704,ct_eversource_rate6_fixed_ratemc_trans
200504,ct_eversource_rate6_fixed_ratemc_trans
202660,ct_eversource_rate6_fixed_ratemc_trans
477554,ct_eversource_rate6_fixed_ratemc_trans
223948,ct_eversource_rate6_fixed_ratemc_trans
239531,ct_eversource_rate6_fixed_ratemc_trans
208750,ct_eversource_rate6_fixed_ratemc_trans
221053,ct_eversource_rate6_fixed_ratemc_trans
228897,ct_eversource_rate6_fixed_ratemc_trans
246844,ct_eversource_rate6_fixed_ratemc_trans
263907,ct_eversource_rate6_fixed_ratemc_trans
312217,ct_eversource_rate6_fixed_ratemc_trans
398794,ct_eversource_rate6_fixed_ratemc_trans
298286,ct_eversource_rate6_fixed_ratemc_trans
339085,ct_eversource_rate6_fixed_ratemc_trans
305199,ct_eversource_rate6_fixed_ratemc_trans
311280,ct_eversource_rate6_fixed_ratemc_trans
319249,ct_eversource_rate6_fixed_ratemc_trans
466232,ct_eversource_rate6_fixed_ratemc_trans
444253,ct_eversource_rate6_fixed_ratemc_trans
353481,ct_eversource_rate6_fixed_ratemc_trans
428866,ct_eversource_rate6_fixed_ratemc_trans
370876,ct_eversource_rate6_fixed_ratemc_trans
407385,ct_eversource_rate6_fixed_ratemc_trans
458233,ct_eversource_rate6_fixed_ratemc_trans
522759,ct_eversource_rate6_fixed_ratemc_trans
336492,ct_eversource_rate6_fixed_ratemc_trans
25471,ct_eversource_rate6_fixed_ratemc_trans
445503,ct_eversource_rate6_fixed_ratemc_trans
236366,ct_eversource_rate6_fixed_ratemc_trans
496235,ct_eversource_rate6_fixed_ratemc_trans
497440,ct_eversource_rate6_fixed_ratemc_trans
500061,ct_eversource_rate6_fixed_ratemc_trans
525855,ct_eversource_rate6_fixed_ratemc_trans
532490,ct_eversource_rate6_fixed_ratemc_trans
546407,ct_eversource_rate6_fixed_ratemc_trans
59236,ct_eversource_rate6_fixed_ratemc_trans
73909,ct_eversource_rate6_fixed_ratemc_trans
335414,ct_eversource_rate6_fixed_ratemc_trans
399139,ct_eversource_rate6_fixed_ratemc_trans
426274,ct_eversource_rate6_fixed_ratemc_trans
354241,ct_eversource_rate6_fixed_ratemc_trans
16129,ct_eversource_rate6_fixed_ratemc_trans
18640,ct_eversource_rate6_fixed_ratemc_trans
58776,ct_eversource_rate6_fixed_ratemc_trans
65684,ct_eversource_rate6_fixed_ratemc_trans
186309,ct_eversource_rate6_fixed_ratemc_trans
247034,ct_eversource_rate6_fixed_ratemc_trans
392141,ct_eversource_rate6_fixed_ratemc_trans
86487,ct_eversource_rate6_fixed_ratemc_trans
98063,ct_eversource_rate6_fixed_ratemc_trans
98649,ct_eversource_rate6_fixed_ratemc_trans
122567,ct_eversource_rate6_fixed_ratemc_trans
125295,ct_eversource_rate6_fixed_ratemc_trans
286287,ct_eversource_rate6_fixed_ratemc_trans
155714,ct_eversource_rate6_fixed_ratemc_trans
470869,ct_eversource_rate6_fixed_ratemc_trans
295864,ct_eversource_rate6_fixed_ratemc_trans
227114,ct_eversource_rate6_fixed_ratemc_trans
237171,ct_eversource_rate6_fixed_ratemc_trans
260859,ct_eversource_rate6_fixed_ratemc_trans
285879,ct_eversource_rate6_fixed_ratemc_trans
285136,ct_eversource_rate6_fixed_ratemc_trans
295688,ct_eversource_rate6_fixed_ratemc_trans
434182,ct_eversource_rate6_fixed_ratemc_trans
422218,ct_eversource_rate6_fixed_ratemc_trans
396580,ct_eversource_rate6_fixed_ratemc_trans
399590,ct_eversource_rate6_fixed_ratemc_trans
404054,ct_eversource_rate6_fixed_ratemc_trans
444551,ct_eversource_rate6_fixed_ratemc_trans
454683,ct_eversource_rate6_fixed_ratemc_trans
37201,ct_eversource_rate6_fixed_ratemc_trans
414313,ct_eversource_rate6_fixed_ratemc_trans
213885,ct_eversource_rate6_fixed_ratemc_trans
103790,ct_eversource_rate6_fixed_ratemc_trans
372222,ct_eversource_rate6_fixed_ratemc_trans
290674,ct_eversource_rate6_fixed_ratemc_trans
351414,ct_eversource_rate6_fixed_ratemc_trans
500821,ct_eversource_rate6_fixed_ratemc_trans
501798,ct_eversource_rate6_fixed_ratemc_trans
510857,ct_eversource_rate6_fixed_ratemc_trans
521195,ct_eversource_rate6_fixed_ratemc_trans
529769,ct_eversource_rate6_fixed_ratemc_trans
315166,ct_eversource_rate6_fixed_ratemc_trans
123829,ct_eversource_rate6_fixed_ratemc_trans
319120,ct_eversource_rate6_fixed_ratemc_trans
118330,ct_eversource_rate6_fixed_ratemc_trans
7290,ct_eversource_rate6_fixed_ratemc_trans
16249,ct_eversource_rate6_fixed_ratemc_trans
33802,ct_eversource_rate6_fixed_ratemc_trans
34832,ct_eversource_rate6_fixed_ratemc_trans
46489,ct_eversource_rate6_fixed_ratemc_trans
58736,ct_eversource_rate6_fixed_ratemc_trans
62035,ct_eversource_rate6_fixed_ratemc_trans
285353,ct_eversource_rate6_fixed_ratemc_trans
202735,ct_eversource_rate6_fixed_ratemc_trans
281177,ct_eversource_rate6_fixed_ratemc_trans
82213,ct_eversource_rate6_fixed_ratemc_trans
83229,ct_eversource_rate6_fixed_ratemc_trans
89352,ct_eversource_rate6_fixed_ratemc_trans
101091,ct_eversource_rate6_fixed_ratemc_trans
101832,ct_eversource_rate6_fixed_ratemc_trans
135169,ct_eversource_rate6_fixed_ratemc_trans
160432,ct_eversource_rate6_fixed_ratemc_trans
189285,ct_eversource_rate6_fixed_ratemc_trans
273185,ct_eversource_rate6_fixed_ratemc_trans
143799,ct_eversource_rate6_fixed_ratemc_trans
171838,ct_eversource_rate6_fixed_ratemc_trans
370840,ct_eversource_rate6_fixed_ratemc_trans
408920,ct_eversource_rate6_fixed_ratemc_trans
156423,ct_eversource_rate6_fixed_ratemc_trans
181185,ct_eversource_rate6_fixed_ratemc_trans
185590,ct_eversource_rate6_fixed_ratemc_trans
192384,ct_eversource_rate6_fixed_ratemc_trans
378211,ct_eversource_rate6_fixed_ratemc_trans
474009,ct_eversource_rate6_fixed_ratemc_trans
218122,ct_eversource_rate6_fixed_ratemc_trans
222848,ct_eversource_rate6_fixed_ratemc_trans
322467,ct_eversource_rate6_fixed_ratemc_trans
222977,ct_eversource_rate6_fixed_ratemc_trans
306652,ct_eversource_rate6_fixed_ratemc_trans
453341,ct_eversource_rate6_fixed_ratemc_trans
311576,ct_eversource_rate6_fixed_ratemc_trans
339991,ct_eversource_rate6_fixed_ratemc_trans
362911,ct_eversource_rate6_fixed_ratemc_trans
472670,ct_eversource_rate6_fixed_ratemc_trans
363022,ct_eversource_rate6_fixed_ratemc_trans
341216,ct_eversource_rate6_fixed_ratemc_trans
225125,ct_eversource_rate6_fixed_ratemc_trans
70925,ct_eversource_rate6_fixed_ratemc_trans
369876,ct_eversource_rate6_fixed_ratemc_trans
77453,ct_eversource_rate6_fixed_ratemc_trans
507910,ct_eversource_rate6_fixed_ratemc_trans
509097,ct_eversource_rate6_fixed_ratemc_trans
515737,ct_eversource_rate6_fixed_ratemc_trans
516081,ct_eversource_rate6_fixed_ratemc_trans
520167,ct_eversource_rate6_fixed_ratemc_trans
529924,ct_eversource_rate6_fixed_ratemc_trans
533976,ct_eversource_rate6_fixed_ratemc_trans
536595,ct_eversource_rate6_fixed_ratemc_trans
538815,ct_eversource_rate6_fixed_ratemc_trans
422044,ct_eversource_rate6_fixed_ratemc_trans
198362,ct_eversource_rate6_fixed_ratemc_trans
72463,ct_eversource_rate6_fixed_ratemc_trans
199367,ct_eversource_rate6_fixed_ratemc_trans
338462,ct_eversource_rate6_fixed_ratemc_trans
396413,ct_eversource_rate6_fixed_ratemc_trans
229468,ct_eversource_rate6_fixed_ratemc_trans
299316,ct_eversource_rate6_fixed_ratemc_trans
367796,ct_eversource_rate6_fixed_ratemc_trans
200,ct_eversource_rate6_fixed_ratemc_trans
1557,ct_eversource_rate6_fixed_ratemc_trans
9239,ct_eversource_rate6_fixed_ratemc_trans
11894,ct_eversource_rate6_fixed_ratemc_trans
35861,ct_eversource_rate6_fixed_ratemc_trans
52218,ct_eversource_rate6_fixed_ratemc_trans
54234,ct_eversource_rate6_fixed_ratemc_trans
59217,ct_eversource_rate6_fixed_ratemc_trans
63124,ct_eversource_rate6_fixed_ratemc_trans
200185,ct_eversource_rate6_fixed_ratemc_trans
358363,ct_eversource_rate6_fixed_ratemc_trans
384477,ct_eversource_rate6_fixed_ratemc_trans
329852,ct_eversource_rate6_fixed_ratemc_trans
421546,ct_eversource_rate6_fixed_ratemc_trans
69843,ct_eversource_rate6_fixed_ratemc_trans
76601,ct_eversource_rate6_fixed_ratemc_trans
125933,ct_eversource_rate6_fixed_ratemc_trans
127141,ct_eversource_rate6_fixed_ratemc_trans
138474,ct_eversource_rate6_fixed_ratemc_trans
187028,ct_eversource_rate6_fixed_ratemc_trans
155639,ct_eversource_rate6_fixed_ratemc_trans
310489,ct_eversource_rate6_fixed_ratemc_trans
142637,ct_eversource_rate6_fixed_ratemc_trans
158835,ct_eversource_rate6_fixed_ratemc_trans
183595,ct_eversource_rate6_fixed_ratemc_trans
182029,ct_eversource_rate6_fixed_ratemc_trans
192198,ct_eversource_rate6_fixed_ratemc_trans
440102,ct_eversource_rate6_fixed_ratemc_trans
401767,ct_eversource_rate6_fixed_ratemc_trans
470072,ct_eversource_rate6_fixed_ratemc_trans
218121,ct_eversource_rate6_fixed_ratemc_trans
331346,ct_eversource_rate6_fixed_ratemc_trans
253910,ct_eversource_rate6_fixed_ratemc_trans
259211,ct_eversource_rate6_fixed_ratemc_trans
263527,ct_eversource_rate6_fixed_ratemc_trans
458949,ct_eversource_rate6_fixed_ratemc_trans
331662,ct_eversource_rate6_fixed_ratemc_trans
426464,ct_eversource_rate6_fixed_ratemc_trans
328476,ct_eversource_rate6_fixed_ratemc_trans
339777,ct_eversource_rate6_fixed_ratemc_trans
442387,ct_eversource_rate6_fixed_ratemc_trans
375689,ct_eversource_rate6_fixed_ratemc_trans
416144,ct_eversource_rate6_fixed_ratemc_trans
419237,ct_eversource_rate6_fixed_ratemc_trans
350167,ct_eversource_rate6_fixed_ratemc_trans
360869,ct_eversource_rate6_fixed_ratemc_trans
367759,ct_eversource_rate6_fixed_ratemc_trans
368146,ct_eversource_rate6_fixed_ratemc_trans
445274,ct_eversource_rate6_fixed_ratemc_trans
50625,ct_eversource_rate6_fixed_ratemc_trans
500559,ct_eversource_rate6_fixed_ratemc_trans
479871,ct_eversource_rate6_fixed_ratemc_trans
486851,ct_eversource_rate6_fixed_ratemc_trans
488241,ct_eversource_rate6_fixed_ratemc_trans
488252,ct_eversource_rate6_fixed_ratemc_trans
492815,ct_eversource_rate6_fixed_ratemc_trans
493825,ct_eversource_rate6_fixed_ratemc_trans
509773,ct_eversource_rate6_fixed_ratemc_trans
511861,ct_eversource_rate6_fixed_ratemc_trans
541025,ct_eversource_rate6_fixed_ratemc_trans
453817,ct_eversource_rate6_fixed_ratemc_trans
284537,ct_eversource_rate6_fixed_ratemc_trans
464296,ct_eversource_rate6_fixed_ratemc_trans
284076,ct_eversource_rate6_fixed_ratemc_trans
423805,ct_eversource_rate6_fixed_ratemc_trans
291,ct_eversource_rate6_fixed_ratemc_trans
31488,ct_eversource_rate6_fixed_ratemc_trans
65781,ct_eversource_rate6_fixed_ratemc_trans
124036,ct_eversource_rate6_fixed_ratemc_trans
356635,ct_eversource_rate6_fixed_ratemc_trans
287245,ct_eversource_rate6_fixed_ratemc_trans
372830,ct_eversource_rate6_fixed_ratemc_trans
100366,ct_eversource_rate6_fixed_ratemc_trans
155993,ct_eversource_rate6_fixed_ratemc_trans
371984,ct_eversource_rate6_fixed_ratemc_trans
220710,ct_eversource_rate6_fixed_ratemc_trans
257843,ct_eversource_rate6_fixed_ratemc_trans
369473,ct_eversource_rate6_fixed_ratemc_trans
74894,ct_eversource_rate6_fixed_ratemc_trans
83009,ct_eversource_rate6_fixed_ratemc_trans
101911,ct_eversource_rate6_fixed_ratemc_trans
116503,ct_eversource_rate6_fixed_ratemc_trans
431483,ct_eversource_rate6_fixed_ratemc_trans
237540,ct_eversource_rate6_fixed_ratemc_trans
297901,ct_eversource_rate6_fixed_ratemc_trans
307563,ct_eversource_rate6_fixed_ratemc_trans
438538,ct_eversource_rate6_fixed_ratemc_trans
168438,ct_eversource_rate6_fixed_ratemc_trans
174214,ct_eversource_rate6_fixed_ratemc_trans
177282,ct_eversource_rate6_fixed_ratemc_trans
180332,ct_eversource_rate6_fixed_ratemc_trans
187297,ct_eversource_rate6_fixed_ratemc_trans
293717,ct_eversource_rate6_fixed_ratemc_trans
297944,ct_eversource_rate6_fixed_ratemc_trans
470584,ct_eversource_rate6_fixed_ratemc_trans
228832,ct_eversource_rate6_fixed_ratemc_trans
240939,ct_eversource_rate6_fixed_ratemc_trans
358880,ct_eversource_rate6_fixed_ratemc_trans
351878,ct_eversource_rate6_fixed_ratemc_trans
275297,ct_eversource_rate6_fixed_ratemc_trans
290162,ct_eversource_rate6_fixed_ratemc_trans
405147,ct_eversource_rate6_fixed_ratemc_trans
212165,ct_eversource_rate6_fixed_ratemc_trans
279395,ct_eversource_rate6_fixed_ratemc_trans
87602,ct_eversource_rate6_fixed_ratemc_trans
81115,ct_eversource_rate6_fixed_ratemc_trans
484913,ct_eversource_rate6_fixed_ratemc_trans
497464,ct_eversource_rate6_fixed_ratemc_trans
527640,ct_eversource_rate6_fixed_ratemc_trans
528278,ct_eversource_rate6_fixed_ratemc_trans
529527,ct_eversource_rate6_fixed_ratemc_trans
531839,ct_eversource_rate6_fixed_ratemc_trans
540661,ct_eversource_rate6_fixed_ratemc_trans
281847,ct_eversource_rate6_fixed_ratemc_trans
73192,ct_eversource_rate6_fixed_ratemc_trans
416365,ct_eversource_rate6_fixed_ratemc_trans
11837,ct_eversource_rate6_fixed_ratemc_trans
17497,ct_eversource_rate6_fixed_ratemc_trans
30010,ct_eversource_rate6_fixed_ratemc_trans
33746,ct_eversource_rate6_fixed_ratemc_trans
34918,ct_eversource_rate6_fixed_ratemc_trans
38142,ct_eversource_rate6_fixed_ratemc_trans
40624,ct_eversource_rate6_fixed_ratemc_trans
49861,ct_eversource_rate6_fixed_ratemc_trans
54242,ct_eversource_rate6_fixed_ratemc_trans
55603,ct_eversource_rate6_fixed_ratemc_trans
59281,ct_eversource_rate6_fixed_ratemc_trans
61520,ct_eversource_rate6_fixed_ratemc_trans
400851,ct_eversource_rate6_fixed_ratemc_trans
191944,ct_eversource_rate6_fixed_ratemc_trans
127053,ct_eversource_rate6_fixed_ratemc_trans
111927,ct_eversource_rate6_fixed_ratemc_trans
73136,ct_eversource_rate6_fixed_ratemc_trans
77051,ct_eversource_rate6_fixed_ratemc_trans
78515,ct_eversource_rate6_fixed_ratemc_trans
82080,ct_eversource_rate6_fixed_ratemc_trans
83064,ct_eversource_rate6_fixed_ratemc_trans
86045,ct_eversource_rate6_fixed_ratemc_trans
89345,ct_eversource_rate6_fixed_ratemc_trans
90132,ct_eversource_rate6_fixed_ratemc_trans
128027,ct_eversource_rate6_fixed_ratemc_trans
270211,ct_eversource_rate6_fixed_ratemc_trans
365114,ct_eversource_rate6_fixed_ratemc_trans
354905,ct_eversource_rate6_fixed_ratemc_trans
148361,ct_eversource_rate6_fixed_ratemc_trans
166250,ct_eversource_rate6_fixed_ratemc_trans
185642,ct_eversource_rate6_fixed_ratemc_trans
190755,ct_eversource_rate6_fixed_ratemc_trans
201019,ct_eversource_rate6_fixed_ratemc_trans
395189,ct_eversource_rate6_fixed_ratemc_trans
233043,ct_eversource_rate6_fixed_ratemc_trans
347846,ct_eversource_rate6_fixed_ratemc_trans
452661,ct_eversource_rate6_fixed_ratemc_trans
373113,ct_eversource_rate6_fixed_ratemc_trans
447191,ct_eversource_rate6_fixed_ratemc_trans
219782,ct_eversource_rate6_fixed_ratemc_trans
225935,ct_eversource_rate6_fixed_ratemc_trans
263100,ct_eversource_rate6_fixed_ratemc_trans
363921,ct_eversource_rate6_fixed_ratemc_trans
452982,ct_eversource_rate6_fixed_ratemc_trans
314882,ct_eversource_rate6_fixed_ratemc_trans
324161,ct_eversource_rate6_fixed_ratemc_trans
470125,ct_eversource_rate6_fixed_ratemc_trans
348631,ct_eversource_rate6_fixed_ratemc_trans
357505,ct_eversource_rate6_fixed_ratemc_trans
540005,ct_eversource_rate6_fixed_ratemc_trans
544805,ct_eversource_rate6_fixed_ratemc_trans
149118,ct_eversource_rate6_fixed_ratemc_trans
199547,ct_eversource_rate6_fixed_ratemc_trans
196743,ct_eversource_rate6_fixed_ratemc_trans
336843,ct_eversource_rate6_fixed_ratemc_trans
494331,ct_eversource_rate6_fixed_ratemc_trans
497828,ct_eversource_rate6_fixed_ratemc_trans
507033,ct_eversource_rate6_fixed_ratemc_trans
519174,ct_eversource_rate6_fixed_ratemc_trans
521563,ct_eversource_rate6_fixed_ratemc_trans
523784,ct_eversource_rate6_fixed_ratemc_trans
525758,ct_eversource_rate6_fixed_ratemc_trans
532040,ct_eversource_rate6_fixed_ratemc_trans
543612,ct_eversource_rate6_fixed_ratemc_trans
43585,ct_eversource_rate6_fixed_ratemc_trans
304933,ct_eversource_rate6_fixed_ratemc_trans
286440,ct_eversource_rate6_fixed_ratemc_trans
225154,ct_eversource_rate6_fixed_ratemc_trans
285569,ct_eversource_rate6_fixed_ratemc_trans
435832,ct_eversource_rate6_fixed_ratemc_trans
438671,ct_eversource_rate6_fixed_ratemc_trans
14667,ct_eversource_rate6_fixed_ratemc_trans
17783,ct_eversource_rate6_fixed_ratemc_trans
18396,ct_eversource_rate6_fixed_ratemc_trans
24243,ct_eversource_rate6_fixed_ratemc_trans
25243,ct_eversource_rate6_fixed_ratemc_trans
33335,ct_eversource_rate6_fixed_ratemc_trans
39292,ct_eversource_rate6_fixed_ratemc_trans
41856,ct_eversource_rate6_fixed_ratemc_trans
56804,ct_eversource_rate6_fixed_ratemc_trans
327151,ct_eversource_rate6_fixed_ratemc_trans
104339,ct_eversource_rate6_fixed_ratemc_trans
358936,ct_eversource_rate6_fixed_ratemc_trans
76537,ct_eversource_rate6_fixed_ratemc_trans
108209,ct_eversource_rate6_fixed_ratemc_trans
196174,ct_eversource_rate6_fixed_ratemc_trans
364713,ct_eversource_rate6_fixed_ratemc_trans
324201,ct_eversource_rate6_fixed_ratemc_trans
85046,ct_eversource_rate6_fixed_ratemc_trans
105564,ct_eversource_rate6_fixed_ratemc_trans
110621,ct_eversource_rate6_fixed_ratemc_trans
119790,ct_eversource_rate6_fixed_ratemc_trans
265109,ct_eversource_rate6_fixed_ratemc_trans
171290,ct_eversource_rate6_fixed_ratemc_trans
185331,ct_eversource_rate6_fixed_ratemc_trans
334170,ct_eversource_rate6_fixed_ratemc_trans
433495,ct_eversource_rate6_fixed_ratemc_trans
243667,ct_eversource_rate6_fixed_ratemc_trans
383227,ct_eversource_rate6_fixed_ratemc_trans
397988,ct_eversource_rate6_fixed_ratemc_trans
345863,ct_eversource_rate6_fixed_ratemc_trans
404287,ct_eversource_rate6_fixed_ratemc_trans
376629,ct_eversource_rate6_fixed_ratemc_trans
446641,ct_eversource_rate6_fixed_ratemc_trans
284894,ct_eversource_rate6_fixed_ratemc_trans
306937,ct_eversource_rate6_fixed_ratemc_trans
332434,ct_eversource_rate6_fixed_ratemc_trans
338882,ct_eversource_rate6_fixed_ratemc_trans
5568,ct_eversource_rate6_fixed_ratemc_trans
328282,ct_eversource_rate6_fixed_ratemc_trans
481543,ct_eversource_rate6_fixed_ratemc_trans
486773,ct_eversource_rate6_fixed_ratemc_trans
488167,ct_eversource_rate6_fixed_ratemc_trans
493789,ct_eversource_rate6_fixed_ratemc_trans
499154,ct_eversource_rate6_fixed_ratemc_trans
507577,ct_eversource_rate6_fixed_ratemc_trans
525872,ct_eversource_rate6_fixed_ratemc_trans
536928,ct_eversource_rate6_fixed_ratemc_trans
542247,ct_eversource_rate6_fixed_ratemc_trans
543479,ct_eversource_rate6_fixed_ratemc_trans
547249,ct_eversource_rate6_fixed_ratemc_trans
41853,ct_eversource_rate6_fixed_ratemc_trans
55863,ct_eversource_rate6_fixed_ratemc_trans
142960,ct_eversource_rate6_fixed_ratemc_trans
466791,ct_eversource_rate6_fixed_ratemc_trans
205028,ct_eversource_rate6_fixed_ratemc_trans
409981,ct_eversource_rate6_fixed_ratemc_trans
11040,ct_eversource_rate6_fixed_ratemc_trans
20853,ct_eversource_rate6_fixed_ratemc_trans
22039,ct_eversource_rate6_fixed_ratemc_trans
41739,ct_eversource_rate6_fixed_ratemc_trans
188641,ct_eversource_rate6_fixed_ratemc_trans
258575,ct_eversource_rate6_fixed_ratemc_trans
378747,ct_eversource_rate6_fixed_ratemc_trans
366762,ct_eversource_rate6_fixed_ratemc_trans
340707,ct_eversource_rate6_fixed_ratemc_trans
202822,ct_eversource_rate6_fixed_ratemc_trans
260078,ct_eversource_rate6_fixed_ratemc_trans
69678,ct_eversource_rate6_fixed_ratemc_trans
72825,ct_eversource_rate6_fixed_ratemc_trans
111471,ct_eversource_rate6_fixed_ratemc_trans
126281,ct_eversource_rate6_fixed_ratemc_trans
129128,ct_eversource_rate6_fixed_ratemc_trans
135467,ct_eversource_rate6_fixed_ratemc_trans
177297,ct_eversource_rate6_fixed_ratemc_trans
275965,ct_eversource_rate6_fixed_ratemc_trans
208237,ct_eversource_rate6_fixed_ratemc_trans
298341,ct_eversource_rate6_fixed_ratemc_trans
164172,ct_eversource_rate6_fixed_ratemc_trans
354115,ct_eversource_rate6_fixed_ratemc_trans
162080,ct_eversource_rate6_fixed_ratemc_trans
196123,ct_eversource_rate6_fixed_ratemc_trans
212274,ct_eversource_rate6_fixed_ratemc_trans
431784,ct_eversource_rate6_fixed_ratemc_trans
210755,ct_eversource_rate6_fixed_ratemc_trans
298137,ct_eversource_rate6_fixed_ratemc_trans
308672,ct_eversource_rate6_fixed_ratemc_trans
469372,ct_eversource_rate6_fixed_ratemc_trans
316973,ct_eversource_rate6_fixed_ratemc_trans
79787,ct_eversource_rate6_fixed_ratemc_trans
480676,ct_eversource_rate6_fixed_ratemc_trans
485585,ct_eversource_rate6_fixed_ratemc_trans
491580,ct_eversource_rate6_fixed_ratemc_trans
491860,ct_eversource_rate6_fixed_ratemc_trans
500080,ct_eversource_rate6_fixed_ratemc_trans
533884,ct_eversource_rate6_fixed_ratemc_trans
542451,ct_eversource_rate6_fixed_ratemc_trans
547131,ct_eversource_rate6_fixed_ratemc_trans
140345,ct_eversource_rate6_fixed_ratemc_trans
433531,ct_eversource_rate6_fixed_ratemc_trans
155788,ct_eversource_rate6_fixed_ratemc_trans
255390,ct_eversource_rate6_fixed_ratemc_trans
321704,ct_eversource_rate6_fixed_ratemc_trans
355741,ct_eversource_rate6_fixed_ratemc_trans
425160,ct_eversource_rate6_fixed_ratemc_trans
15805,ct_eversource_rate6_fixed_ratemc_trans
54730,ct_eversource_rate6_fixed_ratemc_trans
62509,ct_eversource_rate6_fixed_ratemc_trans
64887,ct_eversource_rate6_fixed_ratemc_trans
472345,ct_eversource_rate6_fixed_ratemc_trans
213812,ct_eversource_rate6_fixed_ratemc_trans
430962,ct_eversource_rate6_fixed_ratemc_trans
442203,ct_eversource_rate6_fixed_ratemc_trans
354209,ct_eversource_rate6_fixed_ratemc_trans
396968,ct_eversource_rate6_fixed_ratemc_trans
91412,ct_eversource_rate6_fixed_ratemc_trans
97893,ct_eversource_rate6_fixed_ratemc_trans
123755,ct_eversource_rate6_fixed_ratemc_trans
201000,ct_eversource_rate6_fixed_ratemc_trans
321439,ct_eversource_rate6_fixed_ratemc_trans
340968,ct_eversource_rate6_fixed_ratemc_trans
220253,ct_eversource_rate6_fixed_ratemc_trans
432077,ct_eversource_rate6_fixed_ratemc_trans
150667,ct_eversource_rate6_fixed_ratemc_trans
155186,ct_eversource_rate6_fixed_ratemc_trans
194343,ct_eversource_rate6_fixed_ratemc_trans
203059,ct_eversource_rate6_fixed_ratemc_trans
465998,ct_eversource_rate6_fixed_ratemc_trans
279834,ct_eversource_rate6_fixed_ratemc_trans
208748,ct_eversource_rate6_fixed_ratemc_trans
235147,ct_eversource_rate6_fixed_ratemc_trans
241599,ct_eversource_rate6_fixed_ratemc_trans
258342,ct_eversource_rate6_fixed_ratemc_trans
282830,ct_eversource_rate6_fixed_ratemc_trans
392680,ct_eversource_rate6_fixed_ratemc_trans
405059,ct_eversource_rate6_fixed_ratemc_trans
535941,ct_eversource_rate6_fixed_ratemc_trans
309261,ct_eversource_rate6_fixed_ratemc_trans
288809,ct_eversource_rate6_fixed_ratemc_trans
446358,ct_eversource_rate6_fixed_ratemc_trans
59424,ct_eversource_rate6_fixed_ratemc_trans
73983,ct_eversource_rate6_fixed_ratemc_trans
186642,ct_eversource_rate6_fixed_ratemc_trans
483180,ct_eversource_rate6_fixed_ratemc_trans
500949,ct_eversource_rate6_fixed_ratemc_trans
501088,ct_eversource_rate6_fixed_ratemc_trans
520667,ct_eversource_rate6_fixed_ratemc_trans
525765,ct_eversource_rate6_fixed_ratemc_trans
528639,ct_eversource_rate6_fixed_ratemc_trans
39750,ct_eversource_rate6_fixed_ratemc_trans
84216,ct_eversource_rate6_fixed_ratemc_trans
376122,ct_eversource_rate6_fixed_ratemc_trans
255015,ct_eversource_rate6_fixed_ratemc_trans
224556,ct_eversource_rate6_fixed_ratemc_trans
445573,ct_eversource_rate6_fixed_ratemc_trans
32979,ct_eversource_rate6_fixed_ratemc_trans
44052,ct_eversource_rate6_fixed_ratemc_trans
51656,ct_eversource_rate6_fixed_ratemc_trans
386668,ct_eversource_rate6_fixed_ratemc_trans
124950,ct_eversource_rate6_fixed_ratemc_trans
184311,ct_eversource_rate6_fixed_ratemc_trans
199728,ct_eversource_rate6_fixed_ratemc_trans
273267,ct_eversource_rate6_fixed_ratemc_trans
284408,ct_eversource_rate6_fixed_ratemc_trans
95248,ct_eversource_rate6_fixed_ratemc_trans
123593,ct_eversource_rate6_fixed_ratemc_trans
129025,ct_eversource_rate6_fixed_ratemc_trans
153369,ct_eversource_rate6_fixed_ratemc_trans
158485,ct_eversource_rate6_fixed_ratemc_trans
285979,ct_eversource_rate6_fixed_ratemc_trans
429365,ct_eversource_rate6_fixed_ratemc_trans
313092,ct_eversource_rate6_fixed_ratemc_trans
325831,ct_eversource_rate6_fixed_ratemc_trans
404459,ct_eversource_rate6_fixed_ratemc_trans
152628,ct_eversource_rate6_fixed_ratemc_trans
174056,ct_eversource_rate6_fixed_ratemc_trans
174828,ct_eversource_rate6_fixed_ratemc_trans
182134,ct_eversource_rate6_fixed_ratemc_trans
201713,ct_eversource_rate6_fixed_ratemc_trans
471490,ct_eversource_rate6_fixed_ratemc_trans
382113,ct_eversource_rate6_fixed_ratemc_trans
373683,ct_eversource_rate6_fixed_ratemc_trans
350702,ct_eversource_rate6_fixed_ratemc_trans
240613,ct_eversource_rate6_fixed_ratemc_trans
364174,ct_eversource_rate6_fixed_ratemc_trans
428852,ct_eversource_rate6_fixed_ratemc_trans
288352,ct_eversource_rate6_fixed_ratemc_trans
294624,ct_eversource_rate6_fixed_ratemc_trans
301257,ct_eversource_rate6_fixed_ratemc_trans
305611,ct_eversource_rate6_fixed_ratemc_trans
311667,ct_eversource_rate6_fixed_ratemc_trans
334796,ct_eversource_rate6_fixed_ratemc_trans
337197,ct_eversource_rate6_fixed_ratemc_trans
429563,ct_eversource_rate6_fixed_ratemc_trans
508910,ct_eversource_rate6_fixed_ratemc_trans
543443,ct_eversource_rate6_fixed_ratemc_trans
522532,ct_eversource_rate6_fixed_ratemc_trans
37269,ct_eversource_rate6_fixed_ratemc_trans
182730,ct_eversource_rate6_fixed_ratemc_trans
500993,ct_eversource_rate6_fixed_ratemc_trans
535156,ct_eversource_rate6_fixed_ratemc_trans
548491,ct_eversource_rate6_fixed_ratemc_trans
91637,ct_eversource_rate6_fixed_ratemc_trans
116156,ct_eversource_rate6_fixed_ratemc_trans
143147,ct_eversource_rate6_fixed_ratemc_trans
362768,ct_eversource_rate6_fixed_ratemc_trans
208637,ct_eversource_rate6_fixed_ratemc_trans
273033,ct_eversource_rate6_fixed_ratemc_trans
294096,ct_eversource_rate6_fixed_ratemc_trans
3,ct_eversource_rate6_fixed_ratemc_trans
3680,ct_eversource_rate6_fixed_ratemc_trans
4184,ct_eversource_rate6_fixed_ratemc_trans
50936,ct_eversource_rate6_fixed_ratemc_trans
434483,ct_eversource_rate6_fixed_ratemc_trans
144559,ct_eversource_rate6_fixed_ratemc_trans
373956,ct_eversource_rate6_fixed_ratemc_trans
204933,ct_eversource_rate6_fixed_ratemc_trans
329417,ct_eversource_rate6_fixed_ratemc_trans
291370,ct_eversource_rate6_fixed_ratemc_trans
95477,ct_eversource_rate6_fixed_ratemc_trans
96514,ct_eversource_rate6_fixed_ratemc_trans
129014,ct_eversource_rate6_fixed_ratemc_trans
130871,ct_eversource_rate6_fixed_ratemc_trans
157426,ct_eversource_rate6_fixed_ratemc_trans
295792,ct_eversource_rate6_fixed_ratemc_trans
355528,ct_eversource_rate6_fixed_ratemc_trans
344643,ct_eversource_rate6_fixed_ratemc_trans
442187,ct_eversource_rate6_fixed_ratemc_trans
160713,ct_eversource_rate6_fixed_ratemc_trans
167028,ct_eversource_rate6_fixed_ratemc_trans
167366,ct_eversource_rate6_fixed_ratemc_trans
174054,ct_eversource_rate6_fixed_ratemc_trans
184030,ct_eversource_rate6_fixed_ratemc_trans
201559,ct_eversource_rate6_fixed_ratemc_trans
294431,ct_eversource_rate6_fixed_ratemc_trans
380932,ct_eversource_rate6_fixed_ratemc_trans
263450,ct_eversource_rate6_fixed_ratemc_trans
247683,ct_eversource_rate6_fixed_ratemc_trans
252897,ct_eversource_rate6_fixed_ratemc_trans
256731,ct_eversource_rate6_fixed_ratemc_trans
274090,ct_eversource_rate6_fixed_ratemc_trans
287812,ct_eversource_rate6_fixed_ratemc_trans
288517,ct_eversource_rate6_fixed_ratemc_trans
419321,ct_eversource_rate6_fixed_ratemc_trans
436974,ct_eversource_rate6_fixed_ratemc_trans
398296,ct_eversource_rate6_fixed_ratemc_trans
355513,ct_eversource_rate6_fixed_ratemc_trans
371306,ct_eversource_rate6_fixed_ratemc_trans
407636,ct_eversource_rate6_fixed_ratemc_trans
411577,ct_eversource_rate6_fixed_ratemc_trans
455532,ct_eversource_rate6_fixed_ratemc_trans
458842,ct_eversource_rate6_fixed_ratemc_trans
80147,ct_eversource_rate6_fixed_ratemc_trans
56074,ct_eversource_rate6_fixed_ratemc_trans
197242,ct_eversource_rate6_fixed_ratemc_trans
438807,ct_eversource_rate6_fixed_ratemc_trans
197995,ct_eversource_rate6_fixed_ratemc_trans
479705,ct_eversource_rate6_fixed_ratemc_trans
505035,ct_eversource_rate6_fixed_ratemc_trans
509667,ct_eversource_rate6_fixed_ratemc_trans
541018,ct_eversource_rate6_fixed_ratemc_trans
548464,ct_eversource_rate6_fixed_ratemc_trans
549975,ct_eversource_rate6_fixed_ratemc_trans
159782,ct_eversource_rate6_fixed_ratemc_trans
197476,ct_eversource_rate6_fixed_ratemc_trans
252631,ct_eversource_rate6_fixed_ratemc_trans
427703,ct_eversource_rate6_fixed_ratemc_trans
2159,ct_eversource_rate6_fixed_ratemc_trans
10324,ct_eversource_rate6_fixed_ratemc_trans
10917,ct_eversource_rate6_fixed_ratemc_trans
12676,ct_eversource_rate6_fixed_ratemc_trans
15784,ct_eversource_rate6_fixed_ratemc_trans
30020,ct_eversource_rate6_fixed_ratemc_trans
67799,ct_eversource_rate6_fixed_ratemc_trans
325241,ct_eversource_rate6_fixed_ratemc_trans
261304,ct_eversource_rate6_fixed_ratemc_trans
279714,ct_eversource_rate6_fixed_ratemc_trans
376097,ct_eversource_rate6_fixed_ratemc_trans
77215,ct_eversource_rate6_fixed_ratemc_trans
90122,ct_eversource_rate6_fixed_ratemc_trans
134582,ct_eversource_rate6_fixed_ratemc_trans
478785,ct_eversource_rate6_fixed_ratemc_trans
415966,ct_eversource_rate6_fixed_ratemc_trans
155461,ct_eversource_rate6_fixed_ratemc_trans
392054,ct_eversource_rate6_fixed_ratemc_trans
414202,ct_eversource_rate6_fixed_ratemc_trans
287206,ct_eversource_rate6_fixed_ratemc_trans
364281,ct_eversource_rate6_fixed_ratemc_trans
146454,ct_eversource_rate6_fixed_ratemc_trans
165797,ct_eversource_rate6_fixed_ratemc_trans
178062,ct_eversource_rate6_fixed_ratemc_trans
182100,ct_eversource_rate6_fixed_ratemc_trans
183820,ct_eversource_rate6_fixed_ratemc_trans
195409,ct_eversource_rate6_fixed_ratemc_trans
197924,ct_eversource_rate6_fixed_ratemc_trans
202021,ct_eversource_rate6_fixed_ratemc_trans
277653,ct_eversource_rate6_fixed_ratemc_trans
354610,ct_eversource_rate6_fixed_ratemc_trans
387751,ct_eversource_rate6_fixed_ratemc_trans
224838,ct_eversource_rate6_fixed_ratemc_trans
237004,ct_eversource_rate6_fixed_ratemc_trans
268518,ct_eversource_rate6_fixed_ratemc_trans
425535,ct_eversource_rate6_fixed_ratemc_trans
317543,ct_eversource_rate6_fixed_ratemc_trans
456103,ct_eversource_rate6_fixed_ratemc_trans
451425,ct_eversource_rate6_fixed_ratemc_trans
449972,ct_eversource_rate6_fixed_ratemc_trans
306142,ct_eversource_rate6_fixed_ratemc_trans
311293,ct_eversource_rate6_fixed_ratemc_trans
340179,ct_eversource_rate6_fixed_ratemc_trans
421245,ct_eversource_rate6_fixed_ratemc_trans
272643,ct_eversource_rate6_fixed_ratemc_trans
406990,ct_eversource_rate6_fixed_ratemc_trans
203770,ct_eversource_rate6_fixed_ratemc_trans
384391,ct_eversource_rate6_fixed_ratemc_trans
451143,ct_eversource_rate6_fixed_ratemc_trans
143951,ct_eversource_rate6_fixed_ratemc_trans
194587,ct_eversource_rate6_fixed_ratemc_trans
511846,ct_eversource_rate6_fixed_ratemc_trans
517671,ct_eversource_rate6_fixed_ratemc_trans
37601,ct_eversource_rate6_fixed_ratemc_trans
137283,ct_eversource_rate6_fixed_ratemc_trans
74455,ct_eversource_rate6_fixed_ratemc_trans
351306,ct_eversource_rate6_fixed_ratemc_trans
316463,ct_eversource_rate6_fixed_ratemc_trans
217354,ct_eversource_rate6_fixed_ratemc_trans
448947,ct_eversource_rate6_fixed_ratemc_trans
4492,ct_eversource_rate6_fixed_ratemc_trans
18617,ct_eversource_rate6_fixed_ratemc_trans
22557,ct_eversource_rate6_fixed_ratemc_trans
25414,ct_eversource_rate6_fixed_ratemc_trans
36856,ct_eversource_rate6_fixed_ratemc_trans
38051,ct_eversource_rate6_fixed_ratemc_trans
56990,ct_eversource_rate6_fixed_ratemc_trans
64892,ct_eversource_rate6_fixed_ratemc_trans
227785,ct_eversource_rate6_fixed_ratemc_trans
131249,ct_eversource_rate6_fixed_ratemc_trans
74727,ct_eversource_rate6_fixed_ratemc_trans
75359,ct_eversource_rate6_fixed_ratemc_trans
92327,ct_eversource_rate6_fixed_ratemc_trans
103990,ct_eversource_rate6_fixed_ratemc_trans
118415,ct_eversource_rate6_fixed_ratemc_trans
134240,ct_eversource_rate6_fixed_ratemc_trans
183174,ct_eversource_rate6_fixed_ratemc_trans
395638,ct_eversource_rate6_fixed_ratemc_trans
283387,ct_eversource_rate6_fixed_ratemc_trans
291638,ct_eversource_rate6_fixed_ratemc_trans
297747,ct_eversource_rate6_fixed_ratemc_trans
168741,ct_eversource_rate6_fixed_ratemc_trans
168762,ct_eversource_rate6_fixed_ratemc_trans
310594,ct_eversource_rate6_fixed_ratemc_trans
349937,ct_eversource_rate6_fixed_ratemc_trans
339605,ct_eversource_rate6_fixed_ratemc_trans
237430,ct_eversource_rate6_fixed_ratemc_trans
238047,ct_eversource_rate6_fixed_ratemc_trans
247443,ct_eversource_rate6_fixed_ratemc_trans
262661,ct_eversource_rate6_fixed_ratemc_trans
386156,ct_eversource_rate6_fixed_ratemc_trans
406111,ct_eversource_rate6_fixed_ratemc_trans
416179,ct_eversource_rate6_fixed_ratemc_trans
286184,ct_eversource_rate6_fixed_ratemc_trans
471273,ct_eversource_rate6_fixed_ratemc_trans
341891,ct_eversource_rate6_fixed_ratemc_trans
389503,ct_eversource_rate6_fixed_ratemc_trans
430754,ct_eversource_rate6_fixed_ratemc_trans
422295,ct_eversource_rate6_fixed_ratemc_trans
372478,ct_eversource_rate6_fixed_ratemc_trans
459622,ct_eversource_rate6_fixed_ratemc_trans
472469,ct_eversource_rate6_fixed_ratemc_trans
444274,ct_eversource_rate6_fixed_ratemc_trans
490807,ct_eversource_rate6_fixed_ratemc_trans
501737,ct_eversource_rate6_fixed_ratemc_trans
518108,ct_eversource_rate6_fixed_ratemc_trans
520632,ct_eversource_rate6_fixed_ratemc_trans
153291,ct_eversource_rate6_fixed_ratemc_trans
118110,ct_eversource_rate6_fixed_ratemc_trans
14925,ct_eversource_rate6_fixed_ratemc_trans
225818,ct_eversource_rate6_fixed_ratemc_trans
386461,ct_eversource_rate6_fixed_ratemc_trans
6131,ct_eversource_rate6_fixed_ratemc_trans
14108,ct_eversource_rate6_fixed_ratemc_trans
44983,ct_eversource_rate6_fixed_ratemc_trans
47276,ct_eversource_rate6_fixed_ratemc_trans
53391,ct_eversource_rate6_fixed_ratemc_trans
226848,ct_eversource_rate6_fixed_ratemc_trans
417405,ct_eversource_rate6_fixed_ratemc_trans
83670,ct_eversource_rate6_fixed_ratemc_trans
84258,ct_eversource_rate6_fixed_ratemc_trans
91503,ct_eversource_rate6_fixed_ratemc_trans
127474,ct_eversource_rate6_fixed_ratemc_trans
132458,ct_eversource_rate6_fixed_ratemc_trans
444331,ct_eversource_rate6_fixed_ratemc_trans
323764,ct_eversource_rate6_fixed_ratemc_trans
400806,ct_eversource_rate6_fixed_ratemc_trans
162745,ct_eversource_rate6_fixed_ratemc_trans
168862,ct_eversource_rate6_fixed_ratemc_trans
170333,ct_eversource_rate6_fixed_ratemc_trans
179383,ct_eversource_rate6_fixed_ratemc_trans
213429,ct_eversource_rate6_fixed_ratemc_trans
293494,ct_eversource_rate6_fixed_ratemc_trans
322629,ct_eversource_rate6_fixed_ratemc_trans
433647,ct_eversource_rate6_fixed_ratemc_trans
227285,ct_eversource_rate6_fixed_ratemc_trans
241376,ct_eversource_rate6_fixed_ratemc_trans
244706,ct_eversource_rate6_fixed_ratemc_trans
259034,ct_eversource_rate6_fixed_ratemc_trans
364125,ct_eversource_rate6_fixed_ratemc_trans
382597,ct_eversource_rate6_fixed_ratemc_trans
292528,ct_eversource_rate6_fixed_ratemc_trans
428595,ct_eversource_rate6_fixed_ratemc_trans
346111,ct_eversource_rate6_fixed_ratemc_trans
355276,ct_eversource_rate6_fixed_ratemc_trans
359410,ct_eversource_rate6_fixed_ratemc_trans
392872,ct_eversource_rate6_fixed_ratemc_trans
455479,ct_eversource_rate6_fixed_ratemc_trans
429509,ct_eversource_rate6_fixed_ratemc_trans
418596,ct_eversource_rate6_fixed_ratemc_trans
160369,ct_eversource_rate6_fixed_ratemc_trans
437649,ct_eversource_rate6_fixed_ratemc_trans
488712,ct_eversource_rate6_fixed_ratemc_trans
492174,ct_eversource_rate6_fixed_ratemc_trans
511480,ct_eversource_rate6_fixed_ratemc_trans
514774,ct_eversource_rate6_fixed_ratemc_trans
515089,ct_eversource_rate6_fixed_ratemc_trans
541330,ct_eversource_rate6_fixed_ratemc_trans
68385,ct_eversource_rate6_fixed_ratemc_trans
200777,ct_eversource_rate6_fixed_ratemc_trans
125377,ct_eversource_rate6_fixed_ratemc_trans
383535,ct_eversource_rate6_fixed_ratemc_trans
20877,ct_eversource_rate6_fixed_ratemc_trans
34869,ct_eversource_rate6_fixed_ratemc_trans
152346,ct_eversource_rate6_fixed_ratemc_trans
365579,ct_eversource_rate6_fixed_ratemc_trans
355922,ct_eversource_rate6_fixed_ratemc_trans
466938,ct_eversource_rate6_fixed_ratemc_trans
6006,ct_eversource_rate6_fixed_ratemc_trans
11579,ct_eversource_rate6_fixed_ratemc_trans
18638,ct_eversource_rate6_fixed_ratemc_trans
38423,ct_eversource_rate6_fixed_ratemc_trans
46316,ct_eversource_rate6_fixed_ratemc_trans
49344,ct_eversource_rate6_fixed_ratemc_trans
53756,ct_eversource_rate6_fixed_ratemc_trans
137475,ct_eversource_rate6_fixed_ratemc_trans
232187,ct_eversource_rate6_fixed_ratemc_trans
161590,ct_eversource_rate6_fixed_ratemc_trans
185492,ct_eversource_rate6_fixed_ratemc_trans
91343,ct_eversource_rate6_fixed_ratemc_trans
111993,ct_eversource_rate6_fixed_ratemc_trans
112137,ct_eversource_rate6_fixed_ratemc_trans
118333,ct_eversource_rate6_fixed_ratemc_trans
383008,ct_eversource_rate6_fixed_ratemc_trans
235990,ct_eversource_rate6_fixed_ratemc_trans
260676,ct_eversource_rate6_fixed_ratemc_trans
278202,ct_eversource_rate6_fixed_ratemc_trans
287978,ct_eversource_rate6_fixed_ratemc_trans
161773,ct_eversource_rate6_fixed_ratemc_trans
172980,ct_eversource_rate6_fixed_ratemc_trans
174657,ct_eversource_rate6_fixed_ratemc_trans
178154,ct_eversource_rate6_fixed_ratemc_trans
183175,ct_eversource_rate6_fixed_ratemc_trans
186040,ct_eversource_rate6_fixed_ratemc_trans
459282,ct_eversource_rate6_fixed_ratemc_trans
257990,ct_eversource_rate6_fixed_ratemc_trans
206499,ct_eversource_rate6_fixed_ratemc_trans
273047,ct_eversource_rate6_fixed_ratemc_trans
232099,ct_eversource_rate6_fixed_ratemc_trans
242165,ct_eversource_rate6_fixed_ratemc_trans
261714,ct_eversource_rate6_fixed_ratemc_trans
442875,ct_eversource_rate6_fixed_ratemc_trans
349315,ct_eversource_rate6_fixed_ratemc_trans
324099,ct_eversource_rate6_fixed_ratemc_trans
472333,ct_eversource_rate6_fixed_ratemc_trans
397389,ct_eversource_rate6_fixed_ratemc_trans
401111,ct_eversource_rate6_fixed_ratemc_trans
473602,ct_eversource_rate6_fixed_ratemc_trans
209998,ct_eversource_rate6_fixed_ratemc_trans
247231,ct_eversource_rate6_fixed_ratemc_trans
424280,ct_eversource_rate6_fixed_ratemc_trans
442632,ct_eversource_rate6_fixed_ratemc_trans
48334,ct_eversource_rate6_fixed_ratemc_trans
152001,ct_eversource_rate6_fixed_ratemc_trans
370969,ct_eversource_rate6_fixed_ratemc_trans
253855,ct_eversource_rate6_fixed_ratemc_trans
507419,ct_eversource_rate6_fixed_ratemc_trans
542121,ct_eversource_rate6_fixed_ratemc_trans
22542,ct_eversource_rate6_fixed_ratemc_trans
163354,ct_eversource_rate6_fixed_ratemc_trans
2331,ct_eversource_rate6_fixed_ratemc_trans
33756,ct_eversource_rate6_fixed_ratemc_trans
324957,ct_eversource_rate6_fixed_ratemc_trans
423800,ct_eversource_rate6_fixed_ratemc_trans
391901,ct_eversource_rate6_fixed_ratemc_trans
251450,ct_eversource_rate6_fixed_ratemc_trans
414703,ct_eversource_rate6_fixed_ratemc_trans
8517,ct_eversource_rate6_fixed_ratemc_trans
18789,ct_eversource_rate6_fixed_ratemc_trans
38654,ct_eversource_rate6_fixed_ratemc_trans
41298,ct_eversource_rate6_fixed_ratemc_trans
41654,ct_eversource_rate6_fixed_ratemc_trans
144750,ct_eversource_rate6_fixed_ratemc_trans
113238,ct_eversource_rate6_fixed_ratemc_trans
283170,ct_eversource_rate6_fixed_ratemc_trans
182059,ct_eversource_rate6_fixed_ratemc_trans
263809,ct_eversource_rate6_fixed_ratemc_trans
380283,ct_eversource_rate6_fixed_ratemc_trans
75752,ct_eversource_rate6_fixed_ratemc_trans
80492,ct_eversource_rate6_fixed_ratemc_trans
82999,ct_eversource_rate6_fixed_ratemc_trans
91086,ct_eversource_rate6_fixed_ratemc_trans
98635,ct_eversource_rate6_fixed_ratemc_trans
138666,ct_eversource_rate6_fixed_ratemc_trans
426522,ct_eversource_rate6_fixed_ratemc_trans
291808,ct_eversource_rate6_fixed_ratemc_trans
294442,ct_eversource_rate6_fixed_ratemc_trans
379198,ct_eversource_rate6_fixed_ratemc_trans
180424,ct_eversource_rate6_fixed_ratemc_trans
188598,ct_eversource_rate6_fixed_ratemc_trans
322780,ct_eversource_rate6_fixed_ratemc_trans
296548,ct_eversource_rate6_fixed_ratemc_trans
321632,ct_eversource_rate6_fixed_ratemc_trans
216043,ct_eversource_rate6_fixed_ratemc_trans
211818,ct_eversource_rate6_fixed_ratemc_trans
212363,ct_eversource_rate6_fixed_ratemc_trans
247246,ct_eversource_rate6_fixed_ratemc_trans
261873,ct_eversource_rate6_fixed_ratemc_trans
306840,ct_eversource_rate6_fixed_ratemc_trans
316939,ct_eversource_rate6_fixed_ratemc_trans
318293,ct_eversource_rate6_fixed_ratemc_trans
319862,ct_eversource_rate6_fixed_ratemc_trans
377552,ct_eversource_rate6_fixed_ratemc_trans
457069,ct_eversource_rate6_fixed_ratemc_trans
454450,ct_eversource_rate6_fixed_ratemc_trans
94511,ct_eversource_rate6_fixed_ratemc_trans
459393,ct_eversource_rate6_fixed_ratemc_trans
354094,ct_eversource_rate6_fixed_ratemc_trans
17456,ct_eversource_rate6_fixed_ratemc_trans
85263,ct_eversource_rate6_fixed_ratemc_trans
498113,ct_eversource_rate6_fixed_ratemc_trans
452470,ct_eversource_rate6_fixed_ratemc_trans
451605,ct_eversource_rate6_fixed_ratemc_trans
489275,ct_eversource_rate6_fixed_ratemc_trans
515115,ct_eversource_rate6_fixed_ratemc_trans
516089,ct_eversource_rate6_fixed_ratemc_trans
517481,ct_eversource_rate6_fixed_ratemc_trans
528448,ct_eversource_rate6_fixed_ratemc_trans
530363,ct_eversource_rate6_fixed_ratemc_trans
530368,ct_eversource_rate6_fixed_ratemc_trans
537099,ct_eversource_rate6_fixed_ratemc_trans
545017,ct_eversource_rate6_fixed_ratemc_trans
546827,ct_eversource_rate6_fixed_ratemc_trans
151858,ct_eversource_rate6_fixed_ratemc_trans
113786,ct_eversource_rate6_fixed_ratemc_trans
69832,ct_eversource_rate6_fixed_ratemc_trans
23780,ct_eversource_rate6_fixed_ratemc_trans
42412,ct_eversource_rate6_fixed_ratemc_trans
79425,ct_eversource_rate6_fixed_ratemc_trans
153049,ct_eversource_rate6_fixed_ratemc_trans
274091,ct_eversource_rate6_fixed_ratemc_trans
388109,ct_eversource_rate6_fixed_ratemc_trans
5874,ct_eversource_rate6_fixed_ratemc_trans
7747,ct_eversource_rate6_fixed_ratemc_trans
19349,ct_eversource_rate6_fixed_ratemc_trans
24633,ct_eversource_rate6_fixed_ratemc_trans
25944,ct_eversource_rate6_fixed_ratemc_trans
49252,ct_eversource_rate6_fixed_ratemc_trans
50065,ct_eversource_rate6_fixed_ratemc_trans
464573,ct_eversource_rate6_fixed_ratemc_trans
114190,ct_eversource_rate6_fixed_ratemc_trans
247456,ct_eversource_rate6_fixed_ratemc_trans
113353,ct_eversource_rate6_fixed_ratemc_trans
129535,ct_eversource_rate6_fixed_ratemc_trans
467830,ct_eversource_rate6_fixed_ratemc_trans
205970,ct_eversource_rate6_fixed_ratemc_trans
145676,ct_eversource_rate6_fixed_ratemc_trans
295621,ct_eversource_rate6_fixed_ratemc_trans
215692,ct_eversource_rate6_fixed_ratemc_trans
397261,ct_eversource_rate6_fixed_ratemc_trans
147077,ct_eversource_rate6_fixed_ratemc_trans
166660,ct_eversource_rate6_fixed_ratemc_trans
173168,ct_eversource_rate6_fixed_ratemc_trans
312302,ct_eversource_rate6_fixed_ratemc_trans
206973,ct_eversource_rate6_fixed_ratemc_trans
220103,ct_eversource_rate6_fixed_ratemc_trans
230972,ct_eversource_rate6_fixed_ratemc_trans
247788,ct_eversource_rate6_fixed_ratemc_trans
260563,ct_eversource_rate6_fixed_ratemc_trans
408458,ct_eversource_rate6_fixed_ratemc_trans
276001,ct_eversource_rate6_fixed_ratemc_trans
281725,ct_eversource_rate6_fixed_ratemc_trans
284925,ct_eversource_rate6_fixed_ratemc_trans
288367,ct_eversource_rate6_fixed_ratemc_trans
312827,ct_eversource_rate6_fixed_ratemc_trans
420746,ct_eversource_rate6_fixed_ratemc_trans
342529,ct_eversource_rate6_fixed_ratemc_trans
6355,ct_eversource_rate6_fixed_ratemc_trans
348692,ct_eversource_rate6_fixed_ratemc_trans
488710,ct_eversource_rate6_fixed_ratemc_trans
491777,ct_eversource_rate6_fixed_ratemc_trans
497136,ct_eversource_rate6_fixed_ratemc_trans
503915,ct_eversource_rate6_fixed_ratemc_trans
506159,ct_eversource_rate6_fixed_ratemc_trans
507856,ct_eversource_rate6_fixed_ratemc_trans
519281,ct_eversource_rate6_fixed_ratemc_trans
535929,ct_eversource_rate6_fixed_ratemc_trans
539452,ct_eversource_rate6_fixed_ratemc_trans
542913,ct_eversource_rate6_fixed_ratemc_trans
545195,ct_eversource_rate6_fixed_ratemc_trans
117421,ct_eversource_rate6_fixed_ratemc_trans
72930,ct_eversource_rate6_fixed_ratemc_trans
119339,ct_eversource_rate6_fixed_ratemc_trans
441634,ct_eversource_rate6_fixed_ratemc_trans
2353,ct_eversource_rate6_fixed_ratemc_trans
6735,ct_eversource_rate6_fixed_ratemc_trans
12771,ct_eversource_rate6_fixed_ratemc_trans
23352,ct_eversource_rate6_fixed_ratemc_trans
51039,ct_eversource_rate6_fixed_ratemc_trans
53172,ct_eversource_rate6_fixed_ratemc_trans
55303,ct_eversource_rate6_fixed_ratemc_trans
56732,ct_eversource_rate6_fixed_ratemc_trans
57750,ct_eversource_rate6_fixed_ratemc_trans
60316,ct_eversource_rate6_fixed_ratemc_trans
120819,ct_eversource_rate6_fixed_ratemc_trans
450863,ct_eversource_rate6_fixed_ratemc_trans
240630,ct_eversource_rate6_fixed_ratemc_trans
255366,ct_eversource_rate6_fixed_ratemc_trans
450335,ct_eversource_rate6_fixed_ratemc_trans
69628,ct_eversource_rate6_fixed_ratemc_trans
79407,ct_eversource_rate6_fixed_ratemc_trans
113586,ct_eversource_rate6_fixed_ratemc_trans
118532,ct_eversource_rate6_fixed_ratemc_trans
122421,ct_eversource_rate6_fixed_ratemc_trans
435576,ct_eversource_rate6_fixed_ratemc_trans
311711,ct_eversource_rate6_fixed_ratemc_trans
249777,ct_eversource_rate6_fixed_ratemc_trans
165585,ct_eversource_rate6_fixed_ratemc_trans
184229,ct_eversource_rate6_fixed_ratemc_trans
190193,ct_eversource_rate6_fixed_ratemc_trans
336679,ct_eversource_rate6_fixed_ratemc_trans
242264,ct_eversource_rate6_fixed_ratemc_trans
333302,ct_eversource_rate6_fixed_ratemc_trans
338234,ct_eversource_rate6_fixed_ratemc_trans
424934,ct_eversource_rate6_fixed_ratemc_trans
438705,ct_eversource_rate6_fixed_ratemc_trans
442434,ct_eversource_rate6_fixed_ratemc_trans
459979,ct_eversource_rate6_fixed_ratemc_trans
392014,ct_eversource_rate6_fixed_ratemc_trans
398961,ct_eversource_rate6_fixed_ratemc_trans
319853,ct_eversource_rate6_fixed_ratemc_trans
336599,ct_eversource_rate6_fixed_ratemc_trans
243549,ct_eversource_rate6_fixed_ratemc_trans
481626,ct_eversource_rate6_fixed_ratemc_trans
502694,ct_eversource_rate6_fixed_ratemc_trans
507271,ct_eversource_rate6_fixed_ratemc_trans
515768,ct_eversource_rate6_fixed_ratemc_trans
518965,ct_eversource_rate6_fixed_ratemc_trans
522279,ct_eversource_rate6_fixed_ratemc_trans
303466,ct_eversource_rate6_fixed_ratemc_trans
85078,ct_eversource_rate6_fixed_ratemc_trans
98947,ct_eversource_rate6_fixed_ratemc_trans
229435,ct_eversource_rate6_fixed_ratemc_trans
342719,ct_eversource_rate6_fixed_ratemc_trans
401878,ct_eversource_rate6_fixed_ratemc_trans
13358,ct_eversource_rate6_fixed_ratemc_trans
25909,ct_eversource_rate6_fixed_ratemc_trans
29081,ct_eversource_rate6_fixed_ratemc_trans
30941,ct_eversource_rate6_fixed_ratemc_trans
47532,ct_eversource_rate6_fixed_ratemc_trans
372736,ct_eversource_rate6_fixed_ratemc_trans
413311,ct_eversource_rate6_fixed_ratemc_trans
193067,ct_eversource_rate6_fixed_ratemc_trans
225651,ct_eversource_rate6_fixed_ratemc_trans
103158,ct_eversource_rate6_fixed_ratemc_trans
406897,ct_eversource_rate6_fixed_ratemc_trans
381913,ct_eversource_rate6_fixed_ratemc_trans
213567,ct_eversource_rate6_fixed_ratemc_trans
146027,ct_eversource_rate6_fixed_ratemc_trans
261746,ct_eversource_rate6_fixed_ratemc_trans
267179,ct_eversource_rate6_fixed_ratemc_trans
387630,ct_eversource_rate6_fixed_ratemc_trans
142334,ct_eversource_rate6_fixed_ratemc_trans
160218,ct_eversource_rate6_fixed_ratemc_trans
311861,ct_eversource_rate6_fixed_ratemc_trans
203802,ct_eversource_rate6_fixed_ratemc_trans
268067,ct_eversource_rate6_fixed_ratemc_trans
340100,ct_eversource_rate6_fixed_ratemc_trans
208333,ct_eversource_rate6_fixed_ratemc_trans
214815,ct_eversource_rate6_fixed_ratemc_trans
224901,ct_eversource_rate6_fixed_ratemc_trans
228449,ct_eversource_rate6_fixed_ratemc_trans
243076,ct_eversource_rate6_fixed_ratemc_trans
255106,ct_eversource_rate6_fixed_ratemc_trans
364523,ct_eversource_rate6_fixed_ratemc_trans
273834,ct_eversource_rate6_fixed_ratemc_trans
298079,ct_eversource_rate6_fixed_ratemc_trans
303938,ct_eversource_rate6_fixed_ratemc_trans
425189,ct_eversource_rate6_fixed_ratemc_trans
376346,ct_eversource_rate6_fixed_ratemc_trans
401487,ct_eversource_rate6_fixed_ratemc_trans
401641,ct_eversource_rate6_fixed_ratemc_trans
472886,ct_eversource_rate6_fixed_ratemc_trans
372954,ct_eversource_rate6_fixed_ratemc_trans
440596,ct_eversource_rate6_fixed_ratemc_trans
427998,ct_eversource_rate6_fixed_ratemc_trans
120756,ct_eversource_rate6_fixed_ratemc_trans
235345,ct_eversource_rate6_fixed_ratemc_trans
150839,ct_eversource_rate6_fixed_ratemc_trans
202653,ct_eversource_rate6_fixed_ratemc_trans
481914,ct_eversource_rate6_fixed_ratemc_trans
482224,ct_eversource_rate6_fixed_ratemc_trans
506716,ct_eversource_rate6_fixed_ratemc_trans
526202,ct_eversource_rate6_fixed_ratemc_trans
529244,ct_eversource_rate6_fixed_ratemc_trans
529288,ct_eversource_rate6_fixed_ratemc_trans
545953,ct_eversource_rate6_fixed_ratemc_trans
184904,ct_eversource_rate6_fixed_ratemc_trans
45589,ct_eversource_rate6_fixed_ratemc_trans
419677,ct_eversource_rate6_fixed_ratemc_trans
115641,ct_eversource_rate6_fixed_ratemc_trans
230905,ct_eversource_rate6_fixed_ratemc_trans
369753,ct_eversource_rate6_fixed_ratemc_trans
286777,ct_eversource_rate6_fixed_ratemc_trans
290509,ct_eversource_rate6_fixed_ratemc_trans
19111,ct_eversource_rate6_fixed_ratemc_trans
28921,ct_eversource_rate6_fixed_ratemc_trans
29861,ct_eversource_rate6_fixed_ratemc_trans
38697,ct_eversource_rate6_fixed_ratemc_trans
53696,ct_eversource_rate6_fixed_ratemc_trans
59436,ct_eversource_rate6_fixed_ratemc_trans
61741,ct_eversource_rate6_fixed_ratemc_trans
423330,ct_eversource_rate6_fixed_ratemc_trans
458993,ct_eversource_rate6_fixed_ratemc_trans
196327,ct_eversource_rate6_fixed_ratemc_trans
222831,ct_eversource_rate6_fixed_ratemc_trans
388469,ct_eversource_rate6_fixed_ratemc_trans
197131,ct_eversource_rate6_fixed_ratemc_trans
217829,ct_eversource_rate6_fixed_ratemc_trans
455241,ct_eversource_rate6_fixed_ratemc_trans
73452,ct_eversource_rate6_fixed_ratemc_trans
74901,ct_eversource_rate6_fixed_ratemc_trans
110154,ct_eversource_rate6_fixed_ratemc_trans
326141,ct_eversource_rate6_fixed_ratemc_trans
316039,ct_eversource_rate6_fixed_ratemc_trans
424701,ct_eversource_rate6_fixed_ratemc_trans
147830,ct_eversource_rate6_fixed_ratemc_trans
157722,ct_eversource_rate6_fixed_ratemc_trans
302297,ct_eversource_rate6_fixed_ratemc_trans
344139,ct_eversource_rate6_fixed_ratemc_trans
404969,ct_eversource_rate6_fixed_ratemc_trans
212627,ct_eversource_rate6_fixed_ratemc_trans
213583,ct_eversource_rate6_fixed_ratemc_trans
227854,ct_eversource_rate6_fixed_ratemc_trans
265280,ct_eversource_rate6_fixed_ratemc_trans
378152,ct_eversource_rate6_fixed_ratemc_trans
469054,ct_eversource_rate6_fixed_ratemc_trans
364547,ct_eversource_rate6_fixed_ratemc_trans
297740,ct_eversource_rate6_fixed_ratemc_trans
398195,ct_eversource_rate6_fixed_ratemc_trans
342553,ct_eversource_rate6_fixed_ratemc_trans
384627,ct_eversource_rate6_fixed_ratemc_trans
391612,ct_eversource_rate6_fixed_ratemc_trans
446647,ct_eversource_rate6_fixed_ratemc_trans
433008,ct_eversource_rate6_fixed_ratemc_trans
459169,ct_eversource_rate6_fixed_ratemc_trans
240166,ct_eversource_rate6_fixed_ratemc_trans
190719,ct_eversource_rate6_fixed_ratemc_trans
1618,ct_eversource_rate6_fixed_ratemc_trans
79489,ct_eversource_rate6_fixed_ratemc_trans
449707,ct_eversource_rate6_fixed_ratemc_trans
144417,ct_eversource_rate6_fixed_ratemc_trans
481229,ct_eversource_rate6_fixed_ratemc_trans
494455,ct_eversource_rate6_fixed_ratemc_trans
500022,ct_eversource_rate6_fixed_ratemc_trans
509329,ct_eversource_rate6_fixed_ratemc_trans
515929,ct_eversource_rate6_fixed_ratemc_trans
520926,ct_eversource_rate6_fixed_ratemc_trans
521090,ct_eversource_rate6_fixed_ratemc_trans
521675,ct_eversource_rate6_fixed_ratemc_trans
528178,ct_eversource_rate6_fixed_ratemc_trans
548742,ct_eversource_rate6_fixed_ratemc_trans
96117,ct_eversource_rate6_fixed_ratemc_trans
65617,ct_eversource_rate6_fixed_ratemc_trans
391602,ct_eversource_rate6_fixed_ratemc_trans
432525,ct_eversource_rate6_fixed_ratemc_trans
356159,ct_eversource_rate6_fixed_ratemc_trans
38824,ct_eversource_rate6_fixed_ratemc_trans
43359,ct_eversource_rate6_fixed_ratemc_trans
65340,ct_eversource_rate6_fixed_ratemc_trans
247002,ct_eversource_rate6_fixed_ratemc_trans
215511,ct_eversource_rate6_fixed_ratemc_trans
300792,ct_eversource_rate6_fixed_ratemc_trans
87526,ct_eversource_rate6_fixed_ratemc_trans
118684,ct_eversource_rate6_fixed_ratemc_trans
128230,ct_eversource_rate6_fixed_ratemc_trans
469812,ct_eversource_rate6_fixed_ratemc_trans
326045,ct_eversource_rate6_fixed_ratemc_trans
166055,ct_eversource_rate6_fixed_ratemc_trans
391030,ct_eversource_rate6_fixed_ratemc_trans
427192,ct_eversource_rate6_fixed_ratemc_trans
150302,ct_eversource_rate6_fixed_ratemc_trans
188714,ct_eversource_rate6_fixed_ratemc_trans
193621,ct_eversource_rate6_fixed_ratemc_trans
198211,ct_eversource_rate6_fixed_ratemc_trans
200121,ct_eversource_rate6_fixed_ratemc_trans
392310,ct_eversource_rate6_fixed_ratemc_trans
435778,ct_eversource_rate6_fixed_ratemc_trans
299542,ct_eversource_rate6_fixed_ratemc_trans
210322,ct_eversource_rate6_fixed_ratemc_trans
256413,ct_eversource_rate6_fixed_ratemc_trans
442655,ct_eversource_rate6_fixed_ratemc_trans
204042,ct_eversource_rate6_fixed_ratemc_trans
236241,ct_eversource_rate6_fixed_ratemc_trans
242745,ct_eversource_rate6_fixed_ratemc_trans
344862,ct_eversource_rate6_fixed_ratemc_trans
323900,ct_eversource_rate6_fixed_ratemc_trans
370970,ct_eversource_rate6_fixed_ratemc_trans
289684,ct_eversource_rate6_fixed_ratemc_trans
314179,ct_eversource_rate6_fixed_ratemc_trans
331622,ct_eversource_rate6_fixed_ratemc_trans
368741,ct_eversource_rate6_fixed_ratemc_trans
374909,ct_eversource_rate6_fixed_ratemc_trans
420246,ct_eversource_rate6_fixed_ratemc_trans
473583,ct_eversource_rate6_fixed_ratemc_trans
467445,ct_eversource_rate6_fixed_ratemc_trans
463508,ct_eversource_rate6_fixed_ratemc_trans
400567,ct_eversource_rate6_fixed_ratemc_trans
181849,ct_eversource_rate6_fixed_ratemc_trans
210821,ct_eversource_rate6_fixed_ratemc_trans
477037,ct_eversource_rate6_fixed_ratemc_trans
429335,ct_eversource_rate6_fixed_ratemc_trans
485987,ct_eversource_rate6_fixed_ratemc_trans
490023,ct_eversource_rate6_fixed_ratemc_trans
491812,ct_eversource_rate6_fixed_ratemc_trans
496679,ct_eversource_rate6_fixed_ratemc_trans
508700,ct_eversource_rate6_fixed_ratemc_trans
509179,ct_eversource_rate6_fixed_ratemc_trans
510889,ct_eversource_rate6_fixed_ratemc_trans
522181,ct_eversource_rate6_fixed_ratemc_trans
146340,ct_eversource_rate6_fixed_ratemc_trans
34968,ct_eversource_rate6_fixed_ratemc_trans
35534,ct_eversource_rate6_fixed_ratemc_trans
86661,ct_eversource_rate6_fixed_ratemc_trans
276084,ct_eversource_rate6_fixed_ratemc_trans
296281,ct_eversource_rate6_fixed_ratemc_trans
395100,ct_eversource_rate6_fixed_ratemc_trans
3541,ct_eversource_rate6_fixed_ratemc_trans
17977,ct_eversource_rate6_fixed_ratemc_trans
33151,ct_eversource_rate6_fixed_ratemc_trans
47391,ct_eversource_rate6_fixed_ratemc_trans
56055,ct_eversource_rate6_fixed_ratemc_trans
57127,ct_eversource_rate6_fixed_ratemc_trans
65356,ct_eversource_rate6_fixed_ratemc_trans
178636,ct_eversource_rate6_fixed_ratemc_trans
191502,ct_eversource_rate6_fixed_ratemc_trans
291466,ct_eversource_rate6_fixed_ratemc_trans
77386,ct_eversource_rate6_fixed_ratemc_trans
89322,ct_eversource_rate6_fixed_ratemc_trans
97626,ct_eversource_rate6_fixed_ratemc_trans
106008,ct_eversource_rate6_fixed_ratemc_trans
111495,ct_eversource_rate6_fixed_ratemc_trans
114466,ct_eversource_rate6_fixed_ratemc_trans
122130,ct_eversource_rate6_fixed_ratemc_trans
164847,ct_eversource_rate6_fixed_ratemc_trans
199144,ct_eversource_rate6_fixed_ratemc_trans
264377,ct_eversource_rate6_fixed_ratemc_trans
212514,ct_eversource_rate6_fixed_ratemc_trans
402480,ct_eversource_rate6_fixed_ratemc_trans
214704,ct_eversource_rate6_fixed_ratemc_trans
236211,ct_eversource_rate6_fixed_ratemc_trans
242992,ct_eversource_rate6_fixed_ratemc_trans
246494,ct_eversource_rate6_fixed_ratemc_trans
256628,ct_eversource_rate6_fixed_ratemc_trans
258719,ct_eversource_rate6_fixed_ratemc_trans
265729,ct_eversource_rate6_fixed_ratemc_trans
426200,ct_eversource_rate6_fixed_ratemc_trans
344692,ct_eversource_rate6_fixed_ratemc_trans
294803,ct_eversource_rate6_fixed_ratemc_trans
300239,ct_eversource_rate6_fixed_ratemc_trans
338920,ct_eversource_rate6_fixed_ratemc_trans
411184,ct_eversource_rate6_fixed_ratemc_trans
468578,ct_eversource_rate6_fixed_ratemc_trans
436830,ct_eversource_rate6_fixed_ratemc_trans
422754,ct_eversource_rate6_fixed_ratemc_trans
460731,ct_eversource_rate6_fixed_ratemc_trans
344757,ct_eversource_rate6_fixed_ratemc_trans
423963,ct_eversource_rate6_fixed_ratemc_trans
479042,ct_eversource_rate6_fixed_ratemc_trans
423277,ct_eversource_rate6_fixed_ratemc_trans
223628,ct_eversource_rate6_fixed_ratemc_trans
82784,ct_eversource_rate6_fixed_ratemc_trans
485567,ct_eversource_rate6_fixed_ratemc_trans
509191,ct_eversource_rate6_fixed_ratemc_trans
518242,ct_eversource_rate6_fixed_ratemc_trans
538651,ct_eversource_rate6_fixed_ratemc_trans
97983,ct_eversource_rate6_fixed_ratemc_trans
374858,ct_eversource_rate6_fixed_ratemc_trans
57591,ct_eversource_rate6_fixed_ratemc_trans
72386,ct_eversource_rate6_fixed_ratemc_trans
15308,ct_eversource_rate6_fixed_ratemc_trans
24359,ct_eversource_rate6_fixed_ratemc_trans
33656,ct_eversource_rate6_fixed_ratemc_trans
38464,ct_eversource_rate6_fixed_ratemc_trans
53416,ct_eversource_rate6_fixed_ratemc_trans
214531,ct_eversource_rate6_fixed_ratemc_trans
455015,ct_eversource_rate6_fixed_ratemc_trans
141134,ct_eversource_rate6_fixed_ratemc_trans
172539,ct_eversource_rate6_fixed_ratemc_trans
229392,ct_eversource_rate6_fixed_ratemc_trans
74609,ct_eversource_rate6_fixed_ratemc_trans
86256,ct_eversource_rate6_fixed_ratemc_trans
98518,ct_eversource_rate6_fixed_ratemc_trans
117728,ct_eversource_rate6_fixed_ratemc_trans
119363,ct_eversource_rate6_fixed_ratemc_trans
417089,ct_eversource_rate6_fixed_ratemc_trans
399111,ct_eversource_rate6_fixed_ratemc_trans
266085,ct_eversource_rate6_fixed_ratemc_trans
314854,ct_eversource_rate6_fixed_ratemc_trans
217939,ct_eversource_rate6_fixed_ratemc_trans
451442,ct_eversource_rate6_fixed_ratemc_trans
181938,ct_eversource_rate6_fixed_ratemc_trans
186718,ct_eversource_rate6_fixed_ratemc_trans
187198,ct_eversource_rate6_fixed_ratemc_trans
311511,ct_eversource_rate6_fixed_ratemc_trans
214841,ct_eversource_rate6_fixed_ratemc_trans
220866,ct_eversource_rate6_fixed_ratemc_trans
260715,ct_eversource_rate6_fixed_ratemc_trans
290399,ct_eversource_rate6_fixed_ratemc_trans
321428,ct_eversource_rate6_fixed_ratemc_trans
229380,ct_eversource_rate6_fixed_ratemc_trans
231877,ct_eversource_rate6_fixed_ratemc_trans
320188,ct_eversource_rate6_fixed_ratemc_trans
369627,ct_eversource_rate6_fixed_ratemc_trans
388184,ct_eversource_rate6_fixed_ratemc_trans
323431,ct_eversource_rate6_fixed_ratemc_trans
359327,ct_eversource_rate6_fixed_ratemc_trans
375050,ct_eversource_rate6_fixed_ratemc_trans
374158,ct_eversource_rate6_fixed_ratemc_trans
436129,ct_eversource_rate6_fixed_ratemc_trans
451839,ct_eversource_rate6_fixed_ratemc_trans
437068,ct_eversource_rate6_fixed_ratemc_trans
448708,ct_eversource_rate6_fixed_ratemc_trans
69195,ct_eversource_rate6_fixed_ratemc_trans
299903,ct_eversource_rate6_fixed_ratemc_trans
399175,ct_eversource_rate6_fixed_ratemc_trans
346923,ct_eversource_rate6_fixed_ratemc_trans
202969,ct_eversource_rate6_fixed_ratemc_trans
493423,ct_eversource_rate6_fixed_ratemc_trans
510448,ct_eversource_rate6_fixed_ratemc_trans
510706,ct_eversource_rate6_fixed_ratemc_trans
529661,ct_eversource_rate6_fixed_ratemc_trans
530449,ct_eversource_rate6_fixed_ratemc_trans
549806,ct_eversource_rate6_fixed_ratemc_trans
549835,ct_eversource_rate6_fixed_ratemc_trans
440996,ct_eversource_rate6_fixed_ratemc_trans
349192,ct_eversource_rate6_fixed_ratemc_trans
435263,ct_eversource_rate6_fixed_ratemc_trans
1753,ct_eversource_rate6_fixed_ratemc_trans
5675,ct_eversource_rate6_fixed_ratemc_trans
7382,ct_eversource_rate6_fixed_ratemc_trans
15092,ct_eversource_rate6_fixed_ratemc_trans
22842,ct_eversource_rate6_fixed_ratemc_trans
27095,ct_eversource_rate6_fixed_ratemc_trans
36577,ct_eversource_rate6_fixed_ratemc_trans
46946,ct_eversource_rate6_fixed_ratemc_trans
52549,ct_eversource_rate6_fixed_ratemc_trans
97910,ct_eversource_rate6_fixed_ratemc_trans
123138,ct_eversource_rate6_fixed_ratemc_trans
135137,ct_eversource_rate6_fixed_ratemc_trans
451699,ct_eversource_rate6_fixed_ratemc_trans
277625,ct_eversource_rate6_fixed_ratemc_trans
87012,ct_eversource_rate6_fixed_ratemc_trans
107878,ct_eversource_rate6_fixed_ratemc_trans
114385,ct_eversource_rate6_fixed_ratemc_trans
125327,ct_eversource_rate6_fixed_ratemc_trans
201522,ct_eversource_rate6_fixed_ratemc_trans
435727,ct_eversource_rate6_fixed_ratemc_trans
393590,ct_eversource_rate6_fixed_ratemc_trans
157515,ct_eversource_rate6_fixed_ratemc_trans
164330,ct_eversource_rate6_fixed_ratemc_trans
178008,ct_eversource_rate6_fixed_ratemc_trans
186949,ct_eversource_rate6_fixed_ratemc_trans
236236,ct_eversource_rate6_fixed_ratemc_trans
383106,ct_eversource_rate6_fixed_ratemc_trans
211466,ct_eversource_rate6_fixed_ratemc_trans
248229,ct_eversource_rate6_fixed_ratemc_trans
206613,ct_eversource_rate6_fixed_ratemc_trans
211296,ct_eversource_rate6_fixed_ratemc_trans
418864,ct_eversource_rate6_fixed_ratemc_trans
341314,ct_eversource_rate6_fixed_ratemc_trans
277830,ct_eversource_rate6_fixed_ratemc_trans
423425,ct_eversource_rate6_fixed_ratemc_trans
347101,ct_eversource_rate6_fixed_ratemc_trans
462968,ct_eversource_rate6_fixed_ratemc_trans
346546,ct_eversource_rate6_fixed_ratemc_trans
473004,ct_eversource_rate6_fixed_ratemc_trans
458835,ct_eversource_rate6_fixed_ratemc_trans
417109,ct_eversource_rate6_fixed_ratemc_trans
451888,ct_eversource_rate6_fixed_ratemc_trans
169513,ct_eversource_rate6_fixed_ratemc_trans
399645,ct_eversource_rate6_fixed_ratemc_trans
332638,ct_eversource_rate6_fixed_ratemc_trans
190191,ct_eversource_rate6_fixed_ratemc_trans
483469,ct_eversource_rate6_fixed_ratemc_trans
485821,ct_eversource_rate6_fixed_ratemc_trans
488486,ct_eversource_rate6_fixed_ratemc_trans
493625,ct_eversource_rate6_fixed_ratemc_trans
495633,ct_eversource_rate6_fixed_ratemc_trans
501831,ct_eversource_rate6_fixed_ratemc_trans
522681,ct_eversource_rate6_fixed_ratemc_trans
527183,ct_eversource_rate6_fixed_ratemc_trans
530718,ct_eversource_rate6_fixed_ratemc_trans
539784,ct_eversource_rate6_fixed_ratemc_trans
541267,ct_eversource_rate6_fixed_ratemc_trans
335915,ct_eversource_rate6_fixed_ratemc_trans
351701,ct_eversource_rate6_fixed_ratemc_trans
78972,ct_eversource_rate6_fixed_ratemc_trans
301513,ct_eversource_rate6_fixed_ratemc_trans
379843,ct_eversource_rate6_fixed_ratemc_trans
17442,ct_eversource_rate6_fixed_ratemc_trans
23785,ct_eversource_rate6_fixed_ratemc_trans
29127,ct_eversource_rate6_fixed_ratemc_trans
37236,ct_eversource_rate6_fixed_ratemc_trans
52323,ct_eversource_rate6_fixed_ratemc_trans
57583,ct_eversource_rate6_fixed_ratemc_trans
67815,ct_eversource_rate6_fixed_ratemc_trans
138634,ct_eversource_rate6_fixed_ratemc_trans
255969,ct_eversource_rate6_fixed_ratemc_trans
340686,ct_eversource_rate6_fixed_ratemc_trans
426326,ct_eversource_rate6_fixed_ratemc_trans
103275,ct_eversource_rate6_fixed_ratemc_trans
108193,ct_eversource_rate6_fixed_ratemc_trans
129812,ct_eversource_rate6_fixed_ratemc_trans
136565,ct_eversource_rate6_fixed_ratemc_trans
398557,ct_eversource_rate6_fixed_ratemc_trans
155082,ct_eversource_rate6_fixed_ratemc_trans
281821,ct_eversource_rate6_fixed_ratemc_trans
256232,ct_eversource_rate6_fixed_ratemc_trans
263519,ct_eversource_rate6_fixed_ratemc_trans
431614,ct_eversource_rate6_fixed_ratemc_trans
363685,ct_eversource_rate6_fixed_ratemc_trans
368774,ct_eversource_rate6_fixed_ratemc_trans
372529,ct_eversource_rate6_fixed_ratemc_trans
353972,ct_eversource_rate6_fixed_ratemc_trans
450463,ct_eversource_rate6_fixed_ratemc_trans
395583,ct_eversource_rate6_fixed_ratemc_trans
141414,ct_eversource_rate6_fixed_ratemc_trans
138525,ct_eversource_rate6_fixed_ratemc_trans
338689,ct_eversource_rate6_fixed_ratemc_trans
481042,ct_eversource_rate6_fixed_ratemc_trans
485209,ct_eversource_rate6_fixed_ratemc_trans
486935,ct_eversource_rate6_fixed_ratemc_trans
493305,ct_eversource_rate6_fixed_ratemc_trans
500206,ct_eversource_rate6_fixed_ratemc_trans
501485,ct_eversource_rate6_fixed_ratemc_trans
502931,ct_eversource_rate6_fixed_ratemc_trans
504826,ct_eversource_rate6_fixed_ratemc_trans
531550,ct_eversource_rate6_fixed_ratemc_trans
536674,ct_eversource_rate6_fixed_ratemc_trans
168337,ct_eversource_rate6_fixed_ratemc_trans
155155,ct_eversource_rate6_fixed_ratemc_trans
462858,ct_eversource_rate6_fixed_ratemc_trans
20008,ct_eversource_rate6_fixed_ratemc_trans
27576,ct_eversource_rate6_fixed_ratemc_trans
46808,ct_eversource_rate6_fixed_ratemc_trans
54219,ct_eversource_rate6_fixed_ratemc_trans
63562,ct_eversource_rate6_fixed_ratemc_trans
108307,ct_eversource_rate6_fixed_ratemc_trans
214795,ct_eversource_rate6_fixed_ratemc_trans
459216,ct_eversource_rate6_fixed_ratemc_trans
90920,ct_eversource_rate6_fixed_ratemc_trans
155318,ct_eversource_rate6_fixed_ratemc_trans
186954,ct_eversource_rate6_fixed_ratemc_trans
331581,ct_eversource_rate6_fixed_ratemc_trans
84846,ct_eversource_rate6_fixed_ratemc_trans
92537,ct_eversource_rate6_fixed_ratemc_trans
260482,ct_eversource_rate6_fixed_ratemc_trans
342344,ct_eversource_rate6_fixed_ratemc_trans
286987,ct_eversource_rate6_fixed_ratemc_trans
291615,ct_eversource_rate6_fixed_ratemc_trans
440914,ct_eversource_rate6_fixed_ratemc_trans
148380,ct_eversource_rate6_fixed_ratemc_trans
167564,ct_eversource_rate6_fixed_ratemc_trans
200967,ct_eversource_rate6_fixed_ratemc_trans
203226,ct_eversource_rate6_fixed_ratemc_trans
212160,ct_eversource_rate6_fixed_ratemc_trans
315941,ct_eversource_rate6_fixed_ratemc_trans
207843,ct_eversource_rate6_fixed_ratemc_trans
253841,ct_eversource_rate6_fixed_ratemc_trans
308289,ct_eversource_rate6_fixed_ratemc_trans
326629,ct_eversource_rate6_fixed_ratemc_trans
465633,ct_eversource_rate6_fixed_ratemc_trans
312400,ct_eversource_rate6_fixed_ratemc_trans
368288,ct_eversource_rate6_fixed_ratemc_trans
421364,ct_eversource_rate6_fixed_ratemc_trans
471317,ct_eversource_rate6_fixed_ratemc_trans
