bldg_id,tariff_key
504616,ct_eversource_default
31933,ct_eversource_default
338527,ct_eversource_default
341661,ct_eversource_default
423800,ct_eversource_default
434670,ct_eversource_default
468578,ct_eversource_default
473101,ct_eversource_default
476063,ct_eversource_default
478657,ct_eversource_default
479705,ct_eversource_default
485987,ct_eversource_default
493625,ct_eversource_default
499391,ct_eversource_default
521719,ct_eversource_default
522677,ct_eversource_default
528178,ct_eversource_default
546748,ct_eversource_default
51656,ct_eversource_default
61739,ct_eversource_default
83670,ct_eversource_default
84498,ct_eversource_default
104911,ct_eversource_default
108209,ct_eversource_default
128937,ct_eversource_default
484451,ct_eversource_default
352143,ct_eversource_default
237239,ct_eversource_default
358363,ct_eversource_default
196743,ct_eversource_default
176054,ct_eversource_default
324718,ct_eversource_default
218121,ct_eversource_default
236241,ct_eversource_default
338462,ct_eversource_default
404054,ct_eversource_default
283499,ct_eversource_default
285979,ct_eversource_default
396528,ct_eversource_default
392290,ct_eversource_default
318066,ct_eversource_default
391422,ct_eversource_default
129535,ct_eversource_default
435778,ct_eversource_default
243843,ct_eversource_default
169001,ct_eversource_default
131445,ct_eversource_default
257043,ct_eversource_default
170742,ct_eversource_default
34869,ct_eversource_default
137832,ct_eversource_default
192807,ct_eversource_default
247683,ct_eversource_default
380283,ct_eversource_default
300877,ct_eversource_default
314303,ct_eversource_default
317645,ct_eversource_default
521675,ct_eversource_default
36195,ct_eversource_default
212567,ct_eversource_default
161773,ct_eversource_default
500022,ct_eversource_default
513576,ct_eversource_default
144559,ct_eversource_default
84258,ct_eversource_default
434483,ct_eversource_default
451425,ct_eversource_default
454794,ct_eversource_default
455241,ct_eversource_default
467556,ct_eversource_default
476442,ct_eversource_default
490213,ct_eversource_default
500821,ct_eversource_default
521242,ct_eversource_default
523355,ct_eversource_default
542247,ct_eversource_default
543247,ct_eversource_default
543612,ct_eversource_default
549100,ct_eversource_default
85002,ct_eversource_default
244258,ct_eversource_default
248237,ct_eversource_default
149118,ct_eversource_default
385856,ct_eversource_default
238190,ct_eversource_default
353154,ct_eversource_default
339299,ct_eversource_default
376097,ct_eversource_default
3154,ct_eversource_default
69832,ct_eversource_default
73380,ct_eversource_default
120756,ct_eversource_default
231500,ct_eversource_default
155993,ct_eversource_default
170761,ct_eversource_default
182730,ct_eversource_default
311592,ct_eversource_default
162745,ct_eversource_default
192384,ct_eversource_default
149062,ct_eversource_default
191944,ct_eversource_default
243924,ct_eversource_default
405100,ct_eversource_default
410555,ct_eversource_default
418596,ct_eversource_default
421364,ct_eversource_default
431114,ct_eversource_default
441634,ct_eversource_default
451143,ct_eversource_default
454683,ct_eversource_default
460454,ct_eversource_default
464184,ct_eversource_default
467830,ct_eversource_default
471821,ct_eversource_default
473583,ct_eversource_default
480262,ct_eversource_default
494593,ct_eversource_default
497005,ct_eversource_default
507419,ct_eversource_default
508239,ct_eversource_default
508519,ct_eversource_default
508910,ct_eversource_default
518006,ct_eversource_default
530283,ct_eversource_default
538180,ct_eversource_default
2353,ct_eversource_default
4174,ct_eversource_default
4275,ct_eversource_default
6883,ct_eversource_default
7747,ct_eversource_default
15817,ct_eversource_default
16249,ct_eversource_default
18617,ct_eversource_default
18640,ct_eversource_default
20461,ct_eversource_default
20877,ct_eversource_default
27243,ct_eversource_default
28578,ct_eversource_default
30020,ct_eversource_default
38423,ct_eversource_default
50614,ct_eversource_default
50625,ct_eversource_default
50671,ct_eversource_default
61520,ct_eversource_default
64829,ct_eversource_default
68385,ct_eversource_default
73909,ct_eversource_default
74082,ct_eversource_default
77766,ct_eversource_default
98080,ct_eversource_default
99280,ct_eversource_default
100366,ct_eversource_default
103790,ct_eversource_default
106676,ct_eversource_default
108193,ct_eversource_default
109710,ct_eversource_default
111057,ct_eversource_default
111495,ct_eversource_default
115771,ct_eversource_default
115827,ct_eversource_default
125377,ct_eversource_default
125695,ct_eversource_default
135239,ct_eversource_default
223232,ct_eversource_default
384391,ct_eversource_default
306652,ct_eversource_default
363729,ct_eversource_default
340100,ct_eversource_default
364356,ct_eversource_default
201756,ct_eversource_default
281847,ct_eversource_default
395189,ct_eversource_default
281710,ct_eversource_default
279732,ct_eversource_default
157709,ct_eversource_default
148361,ct_eversource_default
146197,ct_eversource_default
150419,ct_eversource_default
154921,ct_eversource_default
160258,ct_eversource_default
161086,ct_eversource_default
164172,ct_eversource_default
167028,ct_eversource_default
168741,ct_eversource_default
198578,ct_eversource_default
202021,ct_eversource_default
207521,ct_eversource_default
212274,ct_eversource_default
214727,ct_eversource_default
215434,ct_eversource_default
221053,ct_eversource_default
231161,ct_eversource_default
232840,ct_eversource_default
243631,ct_eversource_default
265280,ct_eversource_default
267183,ct_eversource_default
267639,ct_eversource_default
356964,ct_eversource_default
356635,ct_eversource_default
278202,ct_eversource_default
276001,ct_eversource_default
366762,ct_eversource_default
407141,ct_eversource_default
324555,ct_eversource_default
373683,ct_eversource_default
388109,ct_eversource_default
291407,ct_eversource_default
275297,ct_eversource_default
286758,ct_eversource_default
290162,ct_eversource_default
294431,ct_eversource_default
316463,ct_eversource_default
324312,ct_eversource_default
326543,ct_eversource_default
351414,ct_eversource_default
354241,ct_eversource_default
361533,ct_eversource_default
363022,ct_eversource_default
378273,ct_eversource_default
381424,ct_eversource_default
395985,ct_eversource_default
397261,ct_eversource_default
6006,ct_eversource_default
300832,ct_eversource_default
455479,ct_eversource_default
482224,ct_eversource_default
484587,ct_eversource_default
496235,ct_eversource_default
503915,ct_eversource_default
509779,ct_eversource_default
520167,ct_eversource_default
539452,ct_eversource_default
118331,ct_eversource_default
538936,ct_eversource_default
260078,ct_eversource_default
386481,ct_eversource_default
481620,ct_eversource_default
448947,ct_eversource_default
491400,ct_eversource_default
315840,ct_eversource_default
290788,ct_eversource_default
208314,ct_eversource_default
232099,ct_eversource_default
238945,ct_eversource_default
262932,ct_eversource_default
71224,ct_eversource_default
440247,ct_eversource_default
528131,ct_eversource_default
398582,ct_eversource_default
113181,ct_eversource_default
55313,ct_eversource_default
405051,ct_eversource_default
410412,ct_eversource_default
325717,ct_eversource_default
383535,ct_eversource_default
387384,ct_eversource_default
265729,ct_eversource_default
35840,ct_eversource_default
429590,ct_eversource_default
126645,ct_eversource_default
201985,ct_eversource_default
150667,ct_eversource_default
155082,ct_eversource_default
247231,ct_eversource_default
386117,ct_eversource_default
314854,ct_eversource_default
14078,ct_eversource_default
108548,ct_eversource_default
138786,ct_eversource_default
491812,ct_eversource_default
231205,ct_eversource_default
533976,ct_eversource_default
441679,ct_eversource_default
464901,ct_eversource_default
478478,ct_eversource_default
506411,ct_eversource_default
266745,ct_eversource_default
201559,ct_eversource_default
426618,ct_eversource_default
431949,ct_eversource_default
432077,ct_eversource_default
447710,ct_eversource_default
452470,ct_eversource_default
472670,ct_eversource_default
548796,ct_eversource_default
37236,ct_eversource_default
372529,ct_eversource_default
79702,ct_eversource_default
41021,ct_eversource_default
100927,ct_eversource_default
103158,ct_eversource_default
182134,ct_eversource_default
183175,ct_eversource_default
368741,ct_eversource_default
324099,ct_eversource_default
158835,ct_eversource_default
211466,ct_eversource_default
27576,ct_eversource_default
30667,ct_eversource_default
53212,ct_eversource_default
69628,ct_eversource_default
127053,ct_eversource_default
234407,ct_eversource_default
188714,ct_eversource_default
360945,ct_eversource_default
188282,ct_eversource_default
215946,ct_eversource_default
152346,ct_eversource_default
404078,ct_eversource_default
177756,ct_eversource_default
200504,ct_eversource_default
221411,ct_eversource_default
318217,ct_eversource_default
415592,ct_eversource_default
423277,ct_eversource_default
427998,ct_eversource_default
432173,ct_eversource_default
438671,ct_eversource_default
442434,ct_eversource_default
446358,ct_eversource_default
447191,ct_eversource_default
459216,ct_eversource_default
464659,ct_eversource_default
470065,ct_eversource_default
470066,ct_eversource_default
475291,ct_eversource_default
481914,ct_eversource_default
492203,ct_eversource_default
498983,ct_eversource_default
500206,ct_eversource_default
501485,ct_eversource_default
508700,ct_eversource_default
509852,ct_eversource_default
512927,ct_eversource_default
516407,ct_eversource_default
532172,ct_eversource_default
533296,ct_eversource_default
542121,ct_eversource_default
546407,ct_eversource_default
549975,ct_eversource_default
9636,ct_eversource_default
9864,ct_eversource_default
22039,ct_eversource_default
22336,ct_eversource_default
22542,ct_eversource_default
23039,ct_eversource_default
25836,ct_eversource_default
31488,ct_eversource_default
38051,ct_eversource_default
39252,ct_eversource_default
40980,ct_eversource_default
45173,ct_eversource_default
46384,ct_eversource_default
50058,ct_eversource_default
55846,ct_eversource_default
61362,ct_eversource_default
72386,ct_eversource_default
74455,ct_eversource_default
84435,ct_eversource_default
87526,ct_eversource_default
89409,ct_eversource_default
102052,ct_eversource_default
107878,ct_eversource_default
109102,ct_eversource_default
110571,ct_eversource_default
112550,ct_eversource_default
112660,ct_eversource_default
116050,ct_eversource_default
127446,ct_eversource_default
127474,ct_eversource_default
127706,ct_eversource_default
130227,ct_eversource_default
130778,ct_eversource_default
134458,ct_eversource_default
137166,ct_eversource_default
137576,ct_eversource_default
141865,ct_eversource_default
387012,ct_eversource_default
241376,ct_eversource_default
206343,ct_eversource_default
194343,ct_eversource_default
239186,ct_eversource_default
404099,ct_eversource_default
344757,ct_eversource_default
263519,ct_eversource_default
405059,ct_eversource_default
152274,ct_eversource_default
222977,ct_eversource_default
170339,ct_eversource_default
147077,ct_eversource_default
223922,ct_eversource_default
355513,ct_eversource_default
401878,ct_eversource_default
149533,ct_eversource_default
151394,ct_eversource_default
155349,ct_eversource_default
159435,ct_eversource_default
160713,ct_eversource_default
164330,ct_eversource_default
164726,ct_eversource_default
166026,ct_eversource_default
184916,ct_eversource_default
190285,ct_eversource_default
195246,ct_eversource_default
195409,ct_eversource_default
197131,ct_eversource_default
197476,ct_eversource_default
197995,ct_eversource_default
198211,ct_eversource_default
201473,ct_eversource_default
204304,ct_eversource_default
207843,ct_eversource_default
209535,ct_eversource_default
231443,ct_eversource_default
235903,ct_eversource_default
236211,ct_eversource_default
250520,ct_eversource_default
262462,ct_eversource_default
268203,ct_eversource_default
288179,ct_eversource_default
280816,ct_eversource_default
374909,ct_eversource_default
309661,ct_eversource_default
343396,ct_eversource_default
294835,ct_eversource_default
336805,ct_eversource_default
279061,ct_eversource_default
294803,ct_eversource_default
295792,ct_eversource_default
299542,ct_eversource_default
300723,ct_eversource_default
340179,ct_eversource_default
352646,ct_eversource_default
355452,ct_eversource_default
361019,ct_eversource_default
369704,ct_eversource_default
378844,ct_eversource_default
391048,ct_eversource_default
436830,ct_eversource_default
30010,ct_eversource_default
237430,ct_eversource_default
413098,ct_eversource_default
433495,ct_eversource_default
451839,ct_eversource_default
472643,ct_eversource_default
492432,ct_eversource_default
496425,ct_eversource_default
509585,ct_eversource_default
521090,ct_eversource_default
535665,ct_eversource_default
540005,ct_eversource_default
541018,ct_eversource_default
129025,ct_eversource_default
131784,ct_eversource_default
163354,ct_eversource_default
416179,ct_eversource_default
421245,ct_eversource_default
438538,ct_eversource_default
521786,ct_eversource_default
212901,ct_eversource_default
185955,ct_eversource_default
223868,ct_eversource_default
362142,ct_eversource_default
449707,ct_eversource_default
222277,ct_eversource_default
268067,ct_eversource_default
493789,ct_eversource_default
99099,ct_eversource_default
137557,ct_eversource_default
39749,ct_eversource_default
367025,ct_eversource_default
399111,ct_eversource_default
319853,ct_eversource_default
336101,ct_eversource_default
378832,ct_eversource_default
406197,ct_eversource_default
406372,ct_eversource_default
504712,ct_eversource_default
33479,ct_eversource_default
86406,ct_eversource_default
431915,ct_eversource_default
479583,ct_eversource_default
543573,ct_eversource_default
107945,ct_eversource_default
113294,ct_eversource_default
182800,ct_eversource_default
249626,ct_eversource_default
481543,ct_eversource_default
532452,ct_eversource_default
541267,ct_eversource_default
438807,ct_eversource_default
59424,ct_eversource_default
91640,ct_eversource_default
132619,ct_eversource_default
65969,ct_eversource_default
515929,ct_eversource_default
159782,ct_eversource_default
206661,ct_eversource_default
215670,ct_eversource_default
399525,ct_eversource_default
358115,ct_eversource_default
311293,ct_eversource_default
56074,ct_eversource_default
395762,ct_eversource_default
464732,ct_eversource_default
222274,ct_eversource_default
306840,ct_eversource_default
417089,ct_eversource_default
428866,ct_eversource_default
431483,ct_eversource_default
433001,ct_eversource_default
444551,ct_eversource_default
473002,ct_eversource_default
478785,ct_eversource_default
485212,ct_eversource_default
518295,ct_eversource_default
529244,ct_eversource_default
548997,ct_eversource_default
367868,ct_eversource_default
400163,ct_eversource_default
20008,ct_eversource_default
98947,ct_eversource_default
74609,ct_eversource_default
232187,ct_eversource_default
345551,ct_eversource_default
248667,ct_eversource_default
351878,ct_eversource_default
344692,ct_eversource_default
12771,ct_eversource_default
35534,ct_eversource_default
43359,ct_eversource_default
183820,ct_eversource_default
225651,ct_eversource_default
363956,ct_eversource_default
321439,ct_eversource_default
379629,ct_eversource_default
192461,ct_eversource_default
215692,ct_eversource_default
226236,ct_eversource_default
232686,ct_eversource_default
400217,ct_eversource_default
416144,ct_eversource_default
423963,ct_eversource_default
429768,ct_eversource_default
450863,ct_eversource_default
454094,ct_eversource_default
456568,ct_eversource_default
466791,ct_eversource_default
469372,ct_eversource_default
477335,ct_eversource_default
484920,ct_eversource_default
485567,ct_eversource_default
486773,ct_eversource_default
488167,ct_eversource_default
489733,ct_eversource_default
497828,ct_eversource_default
499154,ct_eversource_default
502886,ct_eversource_default
506159,ct_eversource_default
510448,ct_eversource_default
522532,ct_eversource_default
522759,ct_eversource_default
525758,ct_eversource_default
527406,ct_eversource_default
535238,ct_eversource_default
535414,ct_eversource_default
535836,ct_eversource_default
535941,ct_eversource_default
10324,ct_eversource_default
13102,ct_eversource_default
18789,ct_eversource_default
22333,ct_eversource_default
26760,ct_eversource_default
29012,ct_eversource_default
34569,ct_eversource_default
38046,ct_eversource_default
42412,ct_eversource_default
44052,ct_eversource_default
48305,ct_eversource_default
48790,ct_eversource_default
50310,ct_eversource_default
52074,ct_eversource_default
52396,ct_eversource_default
54281,ct_eversource_default
58974,ct_eversource_default
60966,ct_eversource_default
66302,ct_eversource_default
72825,ct_eversource_default
74862,ct_eversource_default
85463,ct_eversource_default
86045,ct_eversource_default
90983,ct_eversource_default
95471,ct_eversource_default
96534,ct_eversource_default
108113,ct_eversource_default
113353,ct_eversource_default
113506,ct_eversource_default
118110,ct_eversource_default
126281,ct_eversource_default
130986,ct_eversource_default
395583,ct_eversource_default
244714,ct_eversource_default
164495,ct_eversource_default
187372,ct_eversource_default
263527,ct_eversource_default
253855,ct_eversource_default
367796,ct_eversource_default
395100,ct_eversource_default
256232,ct_eversource_default
185590,ct_eversource_default
159335,ct_eversource_default
153527,ct_eversource_default
185642,ct_eversource_default
392680,ct_eversource_default
314489,ct_eversource_default
187921,ct_eversource_default
329417,ct_eversource_default
178008,ct_eversource_default
257682,ct_eversource_default
349315,ct_eversource_default
289023,ct_eversource_default
139506,ct_eversource_default
142772,ct_eversource_default
153589,ct_eversource_default
165872,ct_eversource_default
174657,ct_eversource_default
182029,ct_eversource_default
190668,ct_eversource_default
194918,ct_eversource_default
199525,ct_eversource_default
212363,ct_eversource_default
216890,ct_eversource_default
229795,ct_eversource_default
230972,ct_eversource_default
231057,ct_eversource_default
236915,ct_eversource_default
239353,ct_eversource_default
256182,ct_eversource_default
259860,ct_eversource_default
261326,ct_eversource_default
335915,ct_eversource_default
399175,ct_eversource_default
383008,ct_eversource_default
367624,ct_eversource_default
339605,ct_eversource_default
373956,ct_eversource_default
400851,ct_eversource_default
299316,ct_eversource_default
358936,ct_eversource_default
386156,ct_eversource_default
284925,ct_eversource_default
316309,ct_eversource_default
324161,ct_eversource_default
326049,ct_eversource_default
342529,ct_eversource_default
351701,ct_eversource_default
366916,ct_eversource_default
366920,ct_eversource_default
372485,ct_eversource_default
395566,ct_eversource_default
409096,ct_eversource_default
409480,ct_eversource_default
8050,ct_eversource_default
440914,ct_eversource_default
393590,ct_eversource_default
311576,ct_eversource_default
419620,ct_eversource_default
441708,ct_eversource_default
483180,ct_eversource_default
515089,ct_eversource_default
525855,ct_eversource_default
536310,ct_eversource_default
536928,ct_eversource_default
549806,ct_eversource_default
25909,ct_eversource_default
97910,ct_eversource_default
127303,ct_eversource_default
415577,ct_eversource_default
310115,ct_eversource_default
481090,ct_eversource_default
515316,ct_eversource_default
295064,ct_eversource_default
331539,ct_eversource_default
324092,ct_eversource_default
229468,ct_eversource_default
247034,ct_eversource_default
58287,ct_eversource_default
71584,ct_eversource_default
426127,ct_eversource_default
79407,ct_eversource_default
349743,ct_eversource_default
413869,ct_eversource_default
421084,ct_eversource_default
435437,ct_eversource_default
514626,ct_eversource_default
323899,ct_eversource_default
38464,ct_eversource_default
97418,ct_eversource_default
318566,ct_eversource_default
333817,ct_eversource_default
494917,ct_eversource_default
386083,ct_eversource_default
402480,ct_eversource_default
177282,ct_eversource_default
513768,ct_eversource_default
45971,ct_eversource_default
217273,ct_eversource_default
140685,ct_eversource_default
532634,ct_eversource_default
535156,ct_eversource_default
536595,ct_eversource_default
545188,ct_eversource_default
189704,ct_eversource_default
379198,ct_eversource_default
7295,ct_eversource_default
24359,ct_eversource_default
64208,ct_eversource_default
66301,ct_eversource_default
100540,ct_eversource_default
123593,ct_eversource_default
180332,ct_eversource_default
228932,ct_eversource_default
257643,ct_eversource_default
268963,ct_eversource_default
286503,ct_eversource_default
334796,ct_eversource_default
386443,ct_eversource_default
488710,ct_eversource_default
114727,ct_eversource_default
521121,ct_eversource_default
472886,ct_eversource_default
425849,ct_eversource_default
439024,ct_eversource_default
444690,ct_eversource_default
501088,ct_eversource_default
23785,ct_eversource_default
107961,ct_eversource_default
135247,ct_eversource_default
136393,ct_eversource_default
179790,ct_eversource_default
183395,ct_eversource_default
396580,ct_eversource_default
410069,ct_eversource_default
412658,ct_eversource_default
420474,ct_eversource_default
421546,ct_eversource_default
481626,ct_eversource_default
498113,ct_eversource_default
501886,ct_eversource_default
514198,ct_eversource_default
171838,ct_eversource_default
221745,ct_eversource_default
278775,ct_eversource_default
242264,ct_eversource_default
251450,ct_eversource_default
67305,ct_eversource_default
85078,ct_eversource_default
114466,ct_eversource_default
201713,ct_eversource_default
5675,ct_eversource_default
19183,ct_eversource_default
86493,ct_eversource_default
113586,ct_eversource_default
135137,ct_eversource_default
273267,ct_eversource_default
147973,ct_eversource_default
330795,ct_eversource_default
213567,ct_eversource_default
147150,ct_eversource_default
149698,ct_eversource_default
201591,ct_eversource_default
334532,ct_eversource_default
368146,ct_eversource_default
383227,ct_eversource_default
288310,ct_eversource_default
418874,ct_eversource_default
422492,ct_eversource_default
423425,ct_eversource_default
424934,ct_eversource_default
426274,ct_eversource_default
429365,ct_eversource_default
434822,ct_eversource_default
437068,ct_eversource_default
438211,ct_eversource_default
445503,ct_eversource_default
452661,ct_eversource_default
454450,ct_eversource_default
462432,ct_eversource_default
462705,ct_eversource_default
465211,ct_eversource_default
466560,ct_eversource_default
466927,ct_eversource_default
467445,ct_eversource_default
475601,ct_eversource_default
477348,ct_eversource_default
477554,ct_eversource_default
483469,ct_eversource_default
489872,ct_eversource_default
491580,ct_eversource_default
491860,ct_eversource_default
494455,ct_eversource_default
496484,ct_eversource_default
499935,ct_eversource_default
505266,ct_eversource_default
507577,ct_eversource_default
509191,ct_eversource_default
510242,ct_eversource_default
513160,ct_eversource_default
513561,ct_eversource_default
525872,ct_eversource_default
529769,ct_eversource_default
531291,ct_eversource_default
541341,ct_eversource_default
548202,ct_eversource_default
33802,ct_eversource_default
73192,ct_eversource_default
1618,ct_eversource_default
4999,ct_eversource_default
5425,ct_eversource_default
8528,ct_eversource_default
11579,ct_eversource_default
17783,ct_eversource_default
25944,ct_eversource_default
32547,ct_eversource_default
35680,ct_eversource_default
37648,ct_eversource_default
44292,ct_eversource_default
52707,ct_eversource_default
58319,ct_eversource_default
58776,ct_eversource_default
59815,ct_eversource_default
60316,ct_eversource_default
62435,ct_eversource_default
67815,ct_eversource_default
68479,ct_eversource_default
68769,ct_eversource_default
70925,ct_eversource_default
71693,ct_eversource_default
75807,ct_eversource_default
75852,ct_eversource_default
76416,ct_eversource_default
79077,ct_eversource_default
81115,ct_eversource_default
87667,ct_eversource_default
89603,ct_eversource_default
91637,ct_eversource_default
110621,ct_eversource_default
122360,ct_eversource_default
138666,ct_eversource_default
240509,ct_eversource_default
174056,ct_eversource_default
232441,ct_eversource_default
332830,ct_eversource_default
343593,ct_eversource_default
268767,ct_eversource_default
376228,ct_eversource_default
142960,ct_eversource_default
395296,ct_eversource_default
143951,ct_eversource_default
161057,ct_eversource_default
164739,ct_eversource_default
168305,ct_eversource_default
168367,ct_eversource_default
169513,ct_eversource_default
181849,ct_eversource_default
185475,ct_eversource_default
191793,ct_eversource_default
196174,ct_eversource_default
200183,ct_eversource_default
203802,ct_eversource_default
210821,ct_eversource_default
214665,ct_eversource_default
217939,ct_eversource_default
218122,ct_eversource_default
222848,ct_eversource_default
223948,ct_eversource_default
227785,ct_eversource_default
238074,ct_eversource_default
242165,ct_eversource_default
243076,ct_eversource_default
252861,ct_eversource_default
253837,ct_eversource_default
257361,ct_eversource_default
262135,ct_eversource_default
303508,ct_eversource_default
309750,ct_eversource_default
349049,ct_eversource_default
360551,ct_eversource_default
384795,ct_eversource_default
398610,ct_eversource_default
344643,ct_eversource_default
363300,ct_eversource_default
381913,ct_eversource_default
355741,ct_eversource_default
375050,ct_eversource_default
276489,ct_eversource_default
312217,ct_eversource_default
317088,ct_eversource_default
329319,ct_eversource_default
346923,ct_eversource_default
398785,ct_eversource_default
55514,ct_eversource_default
227285,ct_eversource_default
348631,ct_eversource_default
416365,ct_eversource_default
419573,ct_eversource_default
425390,ct_eversource_default
438705,ct_eversource_default
459686,ct_eversource_default
470504,ct_eversource_default
479352,ct_eversource_default
515550,ct_eversource_default
516081,ct_eversource_default
520926,ct_eversource_default
524288,ct_eversource_default
533872,ct_eversource_default
537530,ct_eversource_default
539733,ct_eversource_default
85046,ct_eversource_default
102606,ct_eversource_default
105564,ct_eversource_default
107111,ct_eversource_default
229704,ct_eversource_default
233043,ct_eversource_default
367696,ct_eversource_default
168183,ct_eversource_default
359327,ct_eversource_default
160432,ct_eversource_default
435536,ct_eversource_default
187028,ct_eversource_default
237171,ct_eversource_default
266537,ct_eversource_default
377726,ct_eversource_default
449972,ct_eversource_default
314179,ct_eversource_default
336679,ct_eversource_default
6446,ct_eversource_default
387637,ct_eversource_default
370876,ct_eversource_default
455532,ct_eversource_default
139207,ct_eversource_default
104339,ct_eversource_default
261746,ct_eversource_default
140086,ct_eversource_default
507271,ct_eversource_default
532490,ct_eversource_default
247009,ct_eversource_default
118684,ct_eversource_default
166250,ct_eversource_default
192893,ct_eversource_default
223328,ct_eversource_default
291370,ct_eversource_default
293494,ct_eversource_default
370970,ct_eversource_default
391475,ct_eversource_default
199144,ct_eversource_default
542718,ct_eversource_default
288835,ct_eversource_default
496823,ct_eversource_default
69384,ct_eversource_default
85985,ct_eversource_default
337197,ct_eversource_default
268893,ct_eversource_default
422243,ct_eversource_default
431614,ct_eversource_default
434182,ct_eversource_default
451699,ct_eversource_default
471009,ct_eversource_default
481042,ct_eversource_default
532373,ct_eversource_default
95522,ct_eversource_default
364281,ct_eversource_default
32232,ct_eversource_default
73038,ct_eversource_default
213812,ct_eversource_default
38122,ct_eversource_default
9514,ct_eversource_default
57684,ct_eversource_default
59436,ct_eversource_default
69678,ct_eversource_default
78013,ct_eversource_default
105821,ct_eversource_default
115964,ct_eversource_default
126671,ct_eversource_default
290509,ct_eversource_default
232630,ct_eversource_default
315941,ct_eversource_default
187133,ct_eversource_default
144124,ct_eversource_default
241768,ct_eversource_default
250042,ct_eversource_default
296548,ct_eversource_default
331346,ct_eversource_default
297195,ct_eversource_default
412269,ct_eversource_default
418337,ct_eversource_default
419237,ct_eversource_default
419321,ct_eversource_default
425189,ct_eversource_default
427261,ct_eversource_default
439904,ct_eversource_default
450553,ct_eversource_default
450794,ct_eversource_default
458479,ct_eversource_default
458835,ct_eversource_default
484913,ct_eversource_default
502694,ct_eversource_default
506193,ct_eversource_default
509667,ct_eversource_default
519281,ct_eversource_default
524917,ct_eversource_default
545017,ct_eversource_default
547249,ct_eversource_default
547936,ct_eversource_default
548742,ct_eversource_default
11565,ct_eversource_default
15092,ct_eversource_default
15308,ct_eversource_default
17456,ct_eversource_default
24641,ct_eversource_default
28444,ct_eversource_default
31289,ct_eversource_default
41739,ct_eversource_default
44772,ct_eversource_default
61741,ct_eversource_default
64892,ct_eversource_default
74452,ct_eversource_default
75679,ct_eversource_default
76601,ct_eversource_default
81580,ct_eversource_default
82213,ct_eversource_default
83234,ct_eversource_default
87602,ct_eversource_default
89345,ct_eversource_default
104574,ct_eversource_default
105576,ct_eversource_default
106399,ct_eversource_default
116225,ct_eversource_default
123829,ct_eversource_default
124950,ct_eversource_default
128027,ct_eversource_default
134582,ct_eversource_default
155318,ct_eversource_default
182146,ct_eversource_default
336660,ct_eversource_default
364156,ct_eversource_default
405264,ct_eversource_default
408796,ct_eversource_default
318870,ct_eversource_default
277653,ct_eversource_default
152774,ct_eversource_default
186309,ct_eversource_default
238047,ct_eversource_default
325223,ct_eversource_default
324303,ct_eversource_default
174372,ct_eversource_default
237540,ct_eversource_default
304501,ct_eversource_default
343123,ct_eversource_default
194092,ct_eversource_default
141414,ct_eversource_default
352162,ct_eversource_default
380039,ct_eversource_default
298935,ct_eversource_default
276978,ct_eversource_default
398961,ct_eversource_default
151796,ct_eversource_default
156273,ct_eversource_default
169863,ct_eversource_default
180003,ct_eversource_default
181185,ct_eversource_default
202887,ct_eversource_default
203770,ct_eversource_default
205540,ct_eversource_default
222080,ct_eversource_default
229380,ct_eversource_default
229552,ct_eversource_default
232831,ct_eversource_default
235345,ct_eversource_default
239218,ct_eversource_default
240549,ct_eversource_default
241599,ct_eversource_default
242992,ct_eversource_default
244982,ct_eversource_default
247002,ct_eversource_default
255376,ct_eversource_default
256412,ct_eversource_default
256413,ct_eversource_default
259915,ct_eversource_default
266085,ct_eversource_default
386939,ct_eversource_default
369627,ct_eversource_default
329865,ct_eversource_default
404459,ct_eversource_default
316418,ct_eversource_default
336099,ct_eversource_default
390377,ct_eversource_default
308894,ct_eversource_default
394663,ct_eversource_default
307563,ct_eversource_default
312302,ct_eversource_default
373194,ct_eversource_default
273047,ct_eversource_default
297740,ct_eversource_default
316973,ct_eversource_default
321428,ct_eversource_default
323295,ct_eversource_default
338234,ct_eversource_default
340707,ct_eversource_default
354094,ct_eversource_default
368521,ct_eversource_default
369932,ct_eversource_default
378747,ct_eversource_default
526557,ct_eversource_default
267480,ct_eversource_default
314824,ct_eversource_default
328048,ct_eversource_default
328476,ct_eversource_default
300792,ct_eversource_default
464196,ct_eversource_default
472469,ct_eversource_default
474009,ct_eversource_default
485821,ct_eversource_default
515115,ct_eversource_default
519773,ct_eversource_default
527183,ct_eversource_default
536766,ct_eversource_default
543967,ct_eversource_default
127978,ct_eversource_default
128230,ct_eversource_default
135404,ct_eversource_default
137283,ct_eversource_default
224838,ct_eversource_default
376629,ct_eversource_default
290529,ct_eversource_default
199367,ct_eversource_default
255390,ct_eversource_default
210119,ct_eversource_default
336599,ct_eversource_default
318918,ct_eversource_default
312827,ct_eversource_default
279137,ct_eversource_default
243549,ct_eversource_default
263107,ct_eversource_default
266833,ct_eversource_default
52890,ct_eversource_default
422143,ct_eversource_default
496966,ct_eversource_default
510889,ct_eversource_default
363921,ct_eversource_default
40624,ct_eversource_default
354905,ct_eversource_default
386461,ct_eversource_default
286987,ct_eversource_default
370741,ct_eversource_default
517286,ct_eversource_default
421233,ct_eversource_default
526014,ct_eversource_default
530712,ct_eversource_default
18309,ct_eversource_default
219771,ct_eversource_default
285353,ct_eversource_default
79787,ct_eversource_default
7740,ct_eversource_default
31469,ct_eversource_default
39084,ct_eversource_default
212720,ct_eversource_default
207181,ct_eversource_default
225743,ct_eversource_default
410253,ct_eversource_default
359410,ct_eversource_default
218453,ct_eversource_default
376626,ct_eversource_default
472269,ct_eversource_default
88974,ct_eversource_default
5402,ct_eversource_default
33746,ct_eversource_default
280660,ct_eversource_default
151621,ct_eversource_default
443583,ct_eversource_default
478937,ct_eversource_default
479087,ct_eversource_default
495287,ct_eversource_default
539937,ct_eversource_default
539987,ct_eversource_default
540590,ct_eversource_default
549253,ct_eversource_default
32659,ct_eversource_default
5568,ct_eversource_default
319010,ct_eversource_default
52549,ct_eversource_default
328461,ct_eversource_default
125295,ct_eversource_default
142309,ct_eversource_default
219916,ct_eversource_default
210478,ct_eversource_default
382597,ct_eversource_default
343082,ct_eversource_default
252897,ct_eversource_default
371903,ct_eversource_default
404969,ct_eversource_default
240166,ct_eversource_default
243316,ct_eversource_default
350044,ct_eversource_default
396659,ct_eversource_default
387454,ct_eversource_default
414552,ct_eversource_default
417405,ct_eversource_default
424819,ct_eversource_default
427192,ct_eversource_default
429647,ct_eversource_default
432525,ct_eversource_default
440596,ct_eversource_default
442387,ct_eversource_default
465633,ct_eversource_default
468970,ct_eversource_default
493159,ct_eversource_default
496679,ct_eversource_default
497464,ct_eversource_default
511515,ct_eversource_default
528639,ct_eversource_default
538815,ct_eversource_default
543443,ct_eversource_default
4492,ct_eversource_default
15784,ct_eversource_default
17442,ct_eversource_default
33175,ct_eversource_default
34246,ct_eversource_default
41696,ct_eversource_default
41856,ct_eversource_default
52218,ct_eversource_default
52634,ct_eversource_default
53720,ct_eversource_default
54071,ct_eversource_default
55868,ct_eversource_default
56055,ct_eversource_default
62348,ct_eversource_default
64887,ct_eversource_default
70257,ct_eversource_default
75752,ct_eversource_default
76537,ct_eversource_default
77051,ct_eversource_default
78423,ct_eversource_default
78515,ct_eversource_default
81207,ct_eversource_default
84216,ct_eversource_default
85263,ct_eversource_default
90132,ct_eversource_default
95248,ct_eversource_default
96514,ct_eversource_default
107058,ct_eversource_default
111927,ct_eversource_default
112020,ct_eversource_default
115436,ct_eversource_default
117728,ct_eversource_default
122797,ct_eversource_default
127420,ct_eversource_default
207306,ct_eversource_default
313039,ct_eversource_default
295688,ct_eversource_default
381989,ct_eversource_default
408568,ct_eversource_default
180941,ct_eversource_default
387630,ct_eversource_default
145900,ct_eversource_default
181308,ct_eversource_default
202969,ct_eversource_default
255265,ct_eversource_default
254036,ct_eversource_default
329852,ct_eversource_default
247090,ct_eversource_default
376101,ct_eversource_default
247443,ct_eversource_default
219042,ct_eversource_default
338882,ct_eversource_default
213348,ct_eversource_default
303495,ct_eversource_default
342963,ct_eversource_default
345860,ct_eversource_default
342719,ct_eversource_default
144750,ct_eversource_default
155356,ct_eversource_default
155714,ct_eversource_default
158154,ct_eversource_default
158906,ct_eversource_default
162209,ct_eversource_default
166055,ct_eversource_default
170021,ct_eversource_default
171290,ct_eversource_default
173926,ct_eversource_default
183084,ct_eversource_default
186949,ct_eversource_default
189285,ct_eversource_default
192258,ct_eversource_default
196123,ct_eversource_default
199026,ct_eversource_default
203059,ct_eversource_default
212160,ct_eversource_default
212754,ct_eversource_default
221554,ct_eversource_default
224486,ct_eversource_default
229392,ct_eversource_default
236412,ct_eversource_default
261714,ct_eversource_default
262369,ct_eversource_default
268518,ct_eversource_default
351883,ct_eversource_default
297901,ct_eversource_default
392577,ct_eversource_default
369980,ct_eversource_default
325831,ct_eversource_default
308750,ct_eversource_default
288517,ct_eversource_default
291466,ct_eversource_default
293029,ct_eversource_default
305611,ct_eversource_default
331662,ct_eversource_default
334624,ct_eversource_default
342553,ct_eversource_default
355528,ct_eversource_default
361929,ct_eversource_default
375474,ct_eversource_default
395638,ct_eversource_default
398195,ct_eversource_default
406111,ct_eversource_default
287398,ct_eversource_default
212003,ct_eversource_default
91503,ct_eversource_default
116550,ct_eversource_default
221569,ct_eversource_default
421298,ct_eversource_default
431784,ct_eversource_default
435832,ct_eversource_default
456455,ct_eversource_default
463827,ct_eversource_default
475176,ct_eversource_default
501798,ct_eversource_default
510319,ct_eversource_default
91086,ct_eversource_default
112137,ct_eversource_default
134564,ct_eversource_default
442655,ct_eversource_default
358270,ct_eversource_default
346546,ct_eversource_default
212514,ct_eversource_default
258342,ct_eversource_default
28825,ct_eversource_default
135245,ct_eversource_default
338689,ct_eversource_default
77566,ct_eversource_default
451888,ct_eversource_default
451996,ct_eversource_default
78972,ct_eversource_default
308672,ct_eversource_default
393672,ct_eversource_default
324722,ct_eversource_default
405147,ct_eversource_default
248038,ct_eversource_default
155840,ct_eversource_default
414935,ct_eversource_default
472161,ct_eversource_default
52323,ct_eversource_default
30334,ct_eversource_default
247246,ct_eversource_default
89352,ct_eversource_default
232373,ct_eversource_default
522681,ct_eversource_default
70463,ct_eversource_default
94511,ct_eversource_default
305165,ct_eversource_default
188612,ct_eversource_default
191171,ct_eversource_default
212152,ct_eversource_default
315398,ct_eversource_default
335119,ct_eversource_default
351891,ct_eversource_default
365021,ct_eversource_default
408920,ct_eversource_default
400914,ct_eversource_default
294624,ct_eversource_default
336492,ct_eversource_default
202615,ct_eversource_default
541668,ct_eversource_default
30941,ct_eversource_default
57127,ct_eversource_default
324153,ct_eversource_default
292263,ct_eversource_default
414167,ct_eversource_default
414202,ct_eversource_default
434609,ct_eversource_default
435576,ct_eversource_default
453341,ct_eversource_default
457069,ct_eversource_default
471317,ct_eversource_default
514130,ct_eversource_default
529641,ct_eversource_default
531550,ct_eversource_default
70670,ct_eversource_default
372830,ct_eversource_default
364125,ct_eversource_default
406166,ct_eversource_default
7208,ct_eversource_default
260859,ct_eversource_default
286184,ct_eversource_default
193067,ct_eversource_default
329241,ct_eversource_default
18396,ct_eversource_default
33756,ct_eversource_default
55013,ct_eversource_default
94169,ct_eversource_default
397518,ct_eversource_default
387123,ct_eversource_default
170333,ct_eversource_default
169909,ct_eversource_default
229174,ct_eversource_default
255015,ct_eversource_default
321704,ct_eversource_default
352514,ct_eversource_default
360869,ct_eversource_default
284718,ct_eversource_default
374858,ct_eversource_default
411184,ct_eversource_default
411749,ct_eversource_default
424280,ct_eversource_default
425476,ct_eversource_default
438970,ct_eversource_default
453705,ct_eversource_default
458842,ct_eversource_default
463167,ct_eversource_default
469342,ct_eversource_default
471401,ct_eversource_default
472333,ct_eversource_default
476053,ct_eversource_default
479725,ct_eversource_default
479871,ct_eversource_default
497292,ct_eversource_default
498971,ct_eversource_default
507033,ct_eversource_default
509097,ct_eversource_default
511947,ct_eversource_default
523423,ct_eversource_default
529527,ct_eversource_default
529924,ct_eversource_default
536674,ct_eversource_default
536741,ct_eversource_default
544299,ct_eversource_default
548491,ct_eversource_default
11040,ct_eversource_default
11837,ct_eversource_default
12130,ct_eversource_default
19852,ct_eversource_default
21637,ct_eversource_default
23780,ct_eversource_default
38697,ct_eversource_default
40151,ct_eversource_default
40760,ct_eversource_default
44370,ct_eversource_default
44983,ct_eversource_default
48561,ct_eversource_default
50841,ct_eversource_default
51924,ct_eversource_default
53499,ct_eversource_default
54242,ct_eversource_default
59642,ct_eversource_default
65283,ct_eversource_default
66773,ct_eversource_default
75359,ct_eversource_default
77386,ct_eversource_default
77755,ct_eversource_default
79812,ct_eversource_default
86487,ct_eversource_default
87758,ct_eversource_default
116355,ct_eversource_default
119790,ct_eversource_default
122986,ct_eversource_default
132458,ct_eversource_default
134240,ct_eversource_default
135025,ct_eversource_default
138634,ct_eversource_default
237714,ct_eversource_default
183595,ct_eversource_default
212633,ct_eversource_default
192143,ct_eversource_default
282830,ct_eversource_default
299527,ct_eversource_default
199994,ct_eversource_default
291008,ct_eversource_default
160266,ct_eversource_default
338920,ct_eversource_default
371984,ct_eversource_default
310232,ct_eversource_default
264377,ct_eversource_default
143426,ct_eversource_default
147995,ct_eversource_default
152001,ct_eversource_default
159807,ct_eversource_default
169510,ct_eversource_default
172826,ct_eversource_default
179475,ct_eversource_default
185627,ct_eversource_default
189384,ct_eversource_default
195151,ct_eversource_default
196327,ct_eversource_default
206499,ct_eversource_default
208237,ct_eversource_default
216140,ct_eversource_default
217901,ct_eversource_default
224556,ct_eversource_default
225271,ct_eversource_default
228582,ct_eversource_default
245025,ct_eversource_default
246414,ct_eversource_default
246494,ct_eversource_default
333302,ct_eversource_default
376122,ct_eversource_default
287812,ct_eversource_default
363685,ct_eversource_default
365945,ct_eversource_default
304436,ct_eversource_default
321709,ct_eversource_default
270772,ct_eversource_default
272643,ct_eversource_default
273185,ct_eversource_default
281177,ct_eversource_default
284147,ct_eversource_default
284894,ct_eversource_default
295009,ct_eversource_default
338356,ct_eversource_default
339142,ct_eversource_default
355524,ct_eversource_default
372147,ct_eversource_default
376625,ct_eversource_default
433531,ct_eversource_default
168438,ct_eversource_default
438090,ct_eversource_default
440996,ct_eversource_default
444132,ct_eversource_default
466232,ct_eversource_default
472345,ct_eversource_default
479793,ct_eversource_default
504826,ct_eversource_default
516089,ct_eversource_default
522925,ct_eversource_default
542451,ct_eversource_default
65432,ct_eversource_default
67474,ct_eversource_default
80147,ct_eversource_default
440502,ct_eversource_default
486851,ct_eversource_default
213885,ct_eversource_default
152924,ct_eversource_default
246176,ct_eversource_default
345221,ct_eversource_default
381912,ct_eversource_default
279714,ct_eversource_default
542706,ct_eversource_default
211296,ct_eversource_default
217829,ct_eversource_default
261873,ct_eversource_default
265984,ct_eversource_default
372677,ct_eversource_default
8897,ct_eversource_default
111574,ct_eversource_default
422089,ct_eversource_default
422428,ct_eversource_default
435727,ct_eversource_default
500993,ct_eversource_default
29654,ct_eversource_default
72485,ct_eversource_default
367320,ct_eversource_default
350702,ct_eversource_default
354362,ct_eversource_default
348572,ct_eversource_default
248918,ct_eversource_default
267713,ct_eversource_default
150542,ct_eversource_default
25414,ct_eversource_default
86996,ct_eversource_default
420215,ct_eversource_default
524928,ct_eversource_default
144857,ct_eversource_default
14108,ct_eversource_default
32979,ct_eversource_default
51759,ct_eversource_default
75013,ct_eversource_default
94925,ct_eversource_default
215511,ct_eversource_default
146623,ct_eversource_default
224727,ct_eversource_default
253910,ct_eversource_default
260563,ct_eversource_default
72516,ct_eversource_default
66426,ct_eversource_default
254875,ct_eversource_default
370535,ct_eversource_default
214531,ct_eversource_default
260676,ct_eversource_default
363928,ct_eversource_default
372954,ct_eversource_default
402180,ct_eversource_default
59217,ct_eversource_default
520632,ct_eversource_default
318293,ct_eversource_default
294096,ct_eversource_default
530368,ct_eversource_default
123377,ct_eversource_default
316039,ct_eversource_default
169371,ct_eversource_default
291615,ct_eversource_default
414313,ct_eversource_default
464462,ct_eversource_default
471534,ct_eversource_default
502563,ct_eversource_default
517891,ct_eversource_default
519174,ct_eversource_default
543479,ct_eversource_default
549414,ct_eversource_default
23403,ct_eversource_default
35861,ct_eversource_default
370969,ct_eversource_default
101183,ct_eversource_default
118209,ct_eversource_default
201522,ct_eversource_default
364547,ct_eversource_default
191502,ct_eversource_default
290636,ct_eversource_default
183174,ct_eversource_default
202643,ct_eversource_default
249761,ct_eversource_default
184229,ct_eversource_default
206529,ct_eversource_default
386008,ct_eversource_default
289326,ct_eversource_default
339777,ct_eversource_default
335414,ct_eversource_default
354479,ct_eversource_default
392625,ct_eversource_default
412719,ct_eversource_default
417128,ct_eversource_default
419331,ct_eversource_default
422218,ct_eversource_default
423839,ct_eversource_default
424163,ct_eversource_default
429606,ct_eversource_default
436622,ct_eversource_default
441434,ct_eversource_default
442203,ct_eversource_default
451605,ct_eversource_default
459901,ct_eversource_default
467685,ct_eversource_default
485585,ct_eversource_default
500080,ct_eversource_default
526202,ct_eversource_default
528920,ct_eversource_default
536169,ct_eversource_default
542991,ct_eversource_default
200,ct_eversource_default
2701,ct_eversource_default
7290,ct_eversource_default
15574,ct_eversource_default
16129,ct_eversource_default
27385,ct_eversource_default
31168,ct_eversource_default
33335,ct_eversource_default
34449,ct_eversource_default
37993,ct_eversource_default
43585,ct_eversource_default
47532,ct_eversource_default
50606,ct_eversource_default
50936,ct_eversource_default
57750,ct_eversource_default
58688,ct_eversource_default
63562,ct_eversource_default
63735,ct_eversource_default
69340,ct_eversource_default
69843,ct_eversource_default
74332,ct_eversource_default
82338,ct_eversource_default
82999,ct_eversource_default
83837,ct_eversource_default
96220,ct_eversource_default
97893,ct_eversource_default
101832,ct_eversource_default
103990,ct_eversource_default
106304,ct_eversource_default
107184,ct_eversource_default
109583,ct_eversource_default
111861,ct_eversource_default
113670,ct_eversource_default
113798,ct_eversource_default
121534,ct_eversource_default
125933,ct_eversource_default
138250,ct_eversource_default
206613,ct_eversource_default
340556,ct_eversource_default
257534,ct_eversource_default
330826,ct_eversource_default
223749,ct_eversource_default
273771,ct_eversource_default
360373,ct_eversource_default
146459,ct_eversource_default
255250,ct_eversource_default
378659,ct_eversource_default
167583,ct_eversource_default
157844,ct_eversource_default
202633,ct_eversource_default
368774,ct_eversource_default
312228,ct_eversource_default
203226,ct_eversource_default
152443,ct_eversource_default
176430,ct_eversource_default
370840,ct_eversource_default
360828,ct_eversource_default
153381,ct_eversource_default
155773,ct_eversource_default
164086,ct_eversource_default
181138,ct_eversource_default
186642,ct_eversource_default
204637,ct_eversource_default
205970,ct_eversource_default
211338,ct_eversource_default
212165,ct_eversource_default
222293,ct_eversource_default
240029,ct_eversource_default
255906,ct_eversource_default
263666,ct_eversource_default
263907,ct_eversource_default
268941,ct_eversource_default
380175,ct_eversource_default
285569,ct_eversource_default
317444,ct_eversource_default
393300,ct_eversource_default
320682,ct_eversource_default
370530,ct_eversource_default
313092,ct_eversource_default
408535,ct_eversource_default
285671,ct_eversource_default
296281,ct_eversource_default
304860,ct_eversource_default
304933,ct_eversource_default
311027,ct_eversource_default
313086,ct_eversource_default
324201,ct_eversource_default
325265,ct_eversource_default
326629,ct_eversource_default
362911,ct_eversource_default
389179,ct_eversource_default
41871,ct_eversource_default
63319,ct_eversource_default
190755,ct_eversource_default
197242,ct_eversource_default
427703,ct_eversource_default
451447,ct_eversource_default
452463,ct_eversource_default
462583,ct_eversource_default
472477,ct_eversource_default
497784,ct_eversource_default
500559,ct_eversource_default
540903,ct_eversource_default
83064,ct_eversource_default
98649,ct_eversource_default
111347,ct_eversource_default
116381,ct_eversource_default
306142,ct_eversource_default
444682,ct_eversource_default
209806,ct_eversource_default
191444,ct_eversource_default
190140,ct_eversource_default
190719,ct_eversource_default
320074,ct_eversource_default
168326,ct_eversource_default
250517,ct_eversource_default
258689,ct_eversource_default
259034,ct_eversource_default
3005,ct_eversource_default
111471,ct_eversource_default
16421,ct_eversource_default
97626,ct_eversource_default
135169,ct_eversource_default
481351,ct_eversource_default
124352,ct_eversource_default
481237,ct_eversource_default
541287,ct_eversource_default
210753,ct_eversource_default
497371,ct_eversource_default
513898,ct_eversource_default
527640,ct_eversource_default
6355,ct_eversource_default
83250,ct_eversource_default
34254,ct_eversource_default
41275,ct_eversource_default
107885,ct_eversource_default
229772,ct_eversource_default
528292,ct_eversource_default
533884,ct_eversource_default
33334,ct_eversource_default
48334,ct_eversource_default
105152,ct_eversource_default
148882,ct_eversource_default
238549,ct_eversource_default
258719,ct_eversource_default
267940,ct_eversource_default
291638,ct_eversource_default
273685,ct_eversource_default
496876,ct_eversource_default
252631,ct_eversource_default
339039,ct_eversource_default
537099,ct_eversource_default
444274,ct_eversource_default
485209,ct_eversource_default
4184,ct_eversource_default
19111,ct_eversource_default
389787,ct_eversource_default
201685,ct_eversource_default
250458,ct_eversource_default
27685,ct_eversource_default
378440,ct_eversource_default
280182,ct_eversource_default
422754,ct_eversource_default
435064,ct_eversource_default
445773,ct_eversource_default
455280,ct_eversource_default
471886,ct_eversource_default
481229,ct_eversource_default
486935,ct_eversource_default
487589,ct_eversource_default
508486,ct_eversource_default
519075,ct_eversource_default
525413,ct_eversource_default
286440,ct_eversource_default
174908,ct_eversource_default
211844,ct_eversource_default
11894,ct_eversource_default
106421,ct_eversource_default
118525,ct_eversource_default
236716,ct_eversource_default
354115,ct_eversource_default
22842,ct_eversource_default
59236,ct_eversource_default
65617,ct_eversource_default
151079,ct_eversource_default
217492,ct_eversource_default
229325,ct_eversource_default
236225,ct_eversource_default
401111,ct_eversource_default
286287,ct_eversource_default
142742,ct_eversource_default
211994,ct_eversource_default
233555,ct_eversource_default
289754,ct_eversource_default
413621,ct_eversource_default
415266,ct_eversource_default
420246,ct_eversource_default
430754,ct_eversource_default
443848,ct_eversource_default
456103,ct_eversource_default
468052,ct_eversource_default
478720,ct_eversource_default
493423,ct_eversource_default
501205,ct_eversource_default
507856,ct_eversource_default
509773,ct_eversource_default
515205,ct_eversource_default
515768,ct_eversource_default
516626,ct_eversource_default
516816,ct_eversource_default
517481,ct_eversource_default
517535,ct_eversource_default
524903,ct_eversource_default
526273,ct_eversource_default
528149,ct_eversource_default
530718,ct_eversource_default
537354,ct_eversource_default
537612,ct_eversource_default
544805,ct_eversource_default
12274,ct_eversource_default
13358,ct_eversource_default
17497,ct_eversource_default
20293,ct_eversource_default
39292,ct_eversource_default
39627,ct_eversource_default
41654,ct_eversource_default
43096,ct_eversource_default
44270,ct_eversource_default
49861,ct_eversource_default
50065,ct_eversource_default
53416,ct_eversource_default
60301,ct_eversource_default
75614,ct_eversource_default
79518,ct_eversource_default
81661,ct_eversource_default
81912,ct_eversource_default
83229,ct_eversource_default
84959,ct_eversource_default
88080,ct_eversource_default
89983,ct_eversource_default
99142,ct_eversource_default
101749,ct_eversource_default
103275,ct_eversource_default
104498,ct_eversource_default
108154,ct_eversource_default
115750,ct_eversource_default
126273,ct_eversource_default
129812,ct_eversource_default
137674,ct_eversource_default
185328,ct_eversource_default
245285,ct_eversource_default
311754,ct_eversource_default
341042,ct_eversource_default
351676,ct_eversource_default
363886,ct_eversource_default
342412,ct_eversource_default
164598,ct_eversource_default
273834,ct_eversource_default
401767,ct_eversource_default
248813,ct_eversource_default
333274,ct_eversource_default
168337,ct_eversource_default
394093,ct_eversource_default
167821,ct_eversource_default
178154,ct_eversource_default
321102,ct_eversource_default
348722,ct_eversource_default
376346,ct_eversource_default
391602,ct_eversource_default
143634,ct_eversource_default
144435,ct_eversource_default
150839,ct_eversource_default
153049,ct_eversource_default
153291,ct_eversource_default
162080,ct_eversource_default
165585,ct_eversource_default
166362,ct_eversource_default
174054,ct_eversource_default
185384,ct_eversource_default
190543,ct_eversource_default
196662,ct_eversource_default
205835,ct_eversource_default
210755,ct_eversource_default
214795,ct_eversource_default
217893,ct_eversource_default
233838,ct_eversource_default
237919,ct_eversource_default
244250,ct_eversource_default
263100,ct_eversource_default
265493,ct_eversource_default
267238,ct_eversource_default
328947,ct_eversource_default
376960,ct_eversource_default
395471,ct_eversource_default
364523,ct_eversource_default
285879,ct_eversource_default
323764,ct_eversource_default
311915,ct_eversource_default
276084,ct_eversource_default
277101,ct_eversource_default
287089,ct_eversource_default
295438,ct_eversource_default
306482,ct_eversource_default
311729,ct_eversource_default
339085,ct_eversource_default
343663,ct_eversource_default
347101,ct_eversource_default
364122,ct_eversource_default
367759,ct_eversource_default
368310,ct_eversource_default
371649,ct_eversource_default
393355,ct_eversource_default
401641,ct_eversource_default
403554,ct_eversource_default
407449,ct_eversource_default
408812,ct_eversource_default
99558,ct_eversource_default
376553,ct_eversource_default
259211,ct_eversource_default
419677,ct_eversource_default
459282,ct_eversource_default
464951,ct_eversource_default
467723,ct_eversource_default
273790,ct_eversource_default
462858,ct_eversource_default
482769,ct_eversource_default
509179,ct_eversource_default
530525,ct_eversource_default
548511,ct_eversource_default
74901,ct_eversource_default
86661,ct_eversource_default
115078,ct_eversource_default
129014,ct_eversource_default
379843,ct_eversource_default
305571,ct_eversource_default
407848,ct_eversource_default
149090,ct_eversource_default
225818,ct_eversource_default
223628,ct_eversource_default
369753,ct_eversource_default
214815,ct_eversource_default
389503,ct_eversource_default
307812,ct_eversource_default
442187,ct_eversource_default
255106,ct_eversource_default
266533,ct_eversource_default
530807,ct_eversource_default
392987,ct_eversource_default
29960,ct_eversource_default
119339,ct_eversource_default
49252,ct_eversource_default
56732,ct_eversource_default
258575,ct_eversource_default
142465,ct_eversource_default
262661,ct_eversource_default
538036,ct_eversource_default
176963,ct_eversource_default
244554,ct_eversource_default
351703,ct_eversource_default
225669,ct_eversource_default
506937,ct_eversource_default
219782,ct_eversource_default
30835,ct_eversource_default
97983,ct_eversource_default
38654,ct_eversource_default
220710,ct_eversource_default
241531,ct_eversource_default
421032,ct_eversource_default
429335,ct_eversource_default
436888,ct_eversource_default
451538,ct_eversource_default
467782,ct_eversource_default
471273,ct_eversource_default
472076,ct_eversource_default
487725,ct_eversource_default
521478,ct_eversource_default
522279,ct_eversource_default
391901,ct_eversource_default
193621,ct_eversource_default
239646,ct_eversource_default
194587,ct_eversource_default
273757,ct_eversource_default
324957,ct_eversource_default
140041,ct_eversource_default
167366,ct_eversource_default
146340,ct_eversource_default
155155,ct_eversource_default
18537,ct_eversource_default
72930,ct_eversource_default
77215,ct_eversource_default
129035,ct_eversource_default
197924,ct_eversource_default
202735,ct_eversource_default
165797,ct_eversource_default
160369,ct_eversource_default
156423,ct_eversource_default
184311,ct_eversource_default
224901,ct_eversource_default
202614,ct_eversource_default
251027,ct_eversource_default
331581,ct_eversource_default
291808,ct_eversource_default
164847,ct_eversource_default
184904,ct_eversource_default
321529,ct_eversource_default
283240,ct_eversource_default
414703,ct_eversource_default
419207,ct_eversource_default
425521,ct_eversource_default
427101,ct_eversource_default
434410,ct_eversource_default
448734,ct_eversource_default
449166,ct_eversource_default
452740,ct_eversource_default
458233,ct_eversource_default
464679,ct_eversource_default
470584,ct_eversource_default
470663,ct_eversource_default
480676,ct_eversource_default
484832,ct_eversource_default
488252,ct_eversource_default
488676,ct_eversource_default
488744,ct_eversource_default
507910,ct_eversource_default
510197,ct_eversource_default
511480,ct_eversource_default
514569,ct_eversource_default
515124,ct_eversource_default
518965,ct_eversource_default
520689,ct_eversource_default
526835,ct_eversource_default
543144,ct_eversource_default
547969,ct_eversource_default
106008,ct_eversource_default
1745,ct_eversource_default
5294,ct_eversource_default
17722,ct_eversource_default
18791,ct_eversource_default
19349,ct_eversource_default
24243,ct_eversource_default
33151,ct_eversource_default
40355,ct_eversource_default
46946,ct_eversource_default
53756,ct_eversource_default
59067,ct_eversource_default
59367,ct_eversource_default
60986,ct_eversource_default
63124,ct_eversource_default
63338,ct_eversource_default
64995,ct_eversource_default
65340,ct_eversource_default
65684,ct_eversource_default
72973,ct_eversource_default
73452,ct_eversource_default
78197,ct_eversource_default
79425,ct_eversource_default
81765,ct_eversource_default
87814,ct_eversource_default
98993,ct_eversource_default
100957,ct_eversource_default
111993,ct_eversource_default
119723,ct_eversource_default
121069,ct_eversource_default
122130,ct_eversource_default
287978,ct_eversource_default
319862,ct_eversource_default
148380,ct_eversource_default
233579,ct_eversource_default
240534,ct_eversource_default
322691,ct_eversource_default
346190,ct_eversource_default
404287,ct_eversource_default
407385,ct_eversource_default
255969,ct_eversource_default
229338,ct_eversource_default
311711,ct_eversource_default
245321,ct_eversource_default
184621,ct_eversource_default
364713,ct_eversource_default
279828,ct_eversource_default
172980,ct_eversource_default
342536,ct_eversource_default
374158,ct_eversource_default
310833,ct_eversource_default
354846,ct_eversource_default
269609,ct_eversource_default
140345,ct_eversource_default
143600,ct_eversource_default
146587,ct_eversource_default
152605,ct_eversource_default
155461,ct_eversource_default
159383,ct_eversource_default
172539,ct_eversource_default
183822,ct_eversource_default
184172,ct_eversource_default
193975,ct_eversource_default
201000,ct_eversource_default
205800,ct_eversource_default
208637,ct_eversource_default
218716,ct_eversource_default
225935,ct_eversource_default
227854,ct_eversource_default
230085,ct_eversource_default
230861,ct_eversource_default
234600,ct_eversource_default
242745,ct_eversource_default
247774,ct_eversource_default
250608,ct_eversource_default
257843,ct_eversource_default
258860,ct_eversource_default
266950,ct_eversource_default
314882,ct_eversource_default
290238,ct_eversource_default
371306,ct_eversource_default
408644,ct_eversource_default
355922,ct_eversource_default
387277,ct_eversource_default
311667,ct_eversource_default
386656,ct_eversource_default
296427,ct_eversource_default
298286,ct_eversource_default
284251,ct_eversource_default
301616,ct_eversource_default
272195,ct_eversource_default
282431,ct_eversource_default
289684,ct_eversource_default
305372,ct_eversource_default
331622,ct_eversource_default
339367,ct_eversource_default
355590,ct_eversource_default
357592,ct_eversource_default
369473,ct_eversource_default
380642,ct_eversource_default
394835,ct_eversource_default
464296,ct_eversource_default
46808,ct_eversource_default
412450,ct_eversource_default
453817,ct_eversource_default
476274,ct_eversource_default
336034,ct_eversource_default
415402,ct_eversource_default
425160,ct_eversource_default
442875,ct_eversource_default
455178,ct_eversource_default
461736,ct_eversource_default
469054,ct_eversource_default
470466,ct_eversource_default
473602,ct_eversource_default
479042,ct_eversource_default
484509,ct_eversource_default
497136,ct_eversource_default
497812,ct_eversource_default
502652,ct_eversource_default
508808,ct_eversource_default
514774,ct_eversource_default
530449,ct_eversource_default
70022,ct_eversource_default
234060,ct_eversource_default
228782,ct_eversource_default
265109,ct_eversource_default
98518,ct_eversource_default
481376,ct_eversource_default
274091,ct_eversource_default
363266,ct_eversource_default
292528,ct_eversource_default
354209,ct_eversource_default
329145,ct_eversource_default
346111,ct_eversource_default
384401,ct_eversource_default
392054,ct_eversource_default
401487,ct_eversource_default
11074,ct_eversource_default
65356,ct_eversource_default
68228,ct_eversource_default
5874,ct_eversource_default
53696,ct_eversource_default
295864,ct_eversource_default
315166,ct_eversource_default
395953,ct_eversource_default
396910,ct_eversource_default
493305,ct_eversource_default
146753,ct_eversource_default
323128,ct_eversource_default
452940,ct_eversource_default
459979,ct_eversource_default
522181,ct_eversource_default
452982,ct_eversource_default
455015,ct_eversource_default
463534,ct_eversource_default
523182,ct_eversource_default
118415,ct_eversource_default
283387,ct_eversource_default
284537,ct_eversource_default
419298,ct_eversource_default
436129,ct_eversource_default
442632,ct_eversource_default
449060,ct_eversource_default
494791,ct_eversource_default
522371,ct_eversource_default
539784,ct_eversource_default
161530,ct_eversource_default
40503,ct_eversource_default
91412,ct_eversource_default
113786,ct_eversource_default
114982,ct_eversource_default
336113,ct_eversource_default
248229,ct_eversource_default
6735,ct_eversource_default
37084,ct_eversource_default
53172,ct_eversource_default
400567,ct_eversource_default
354690,ct_eversource_default
314540,ct_eversource_default
214956,ct_eversource_default
229435,ct_eversource_default
400694,ct_eversource_default
417714,ct_eversource_default
425535,ct_eversource_default
430962,ct_eversource_default
436974,ct_eversource_default
448708,ct_eversource_default
449294,ct_eversource_default
459404,ct_eversource_default
463434,ct_eversource_default
469433,ct_eversource_default
475049,ct_eversource_default
475918,ct_eversource_default
481669,ct_eversource_default
481910,ct_eversource_default
487949,ct_eversource_default
488712,ct_eversource_default
499053,ct_eversource_default
505035,ct_eversource_default
510857,ct_eversource_default
517191,ct_eversource_default
519442,ct_eversource_default
529264,ct_eversource_default
534898,ct_eversource_default
543602,ct_eversource_default
546634,ct_eversource_default
547006,ct_eversource_default
211,ct_eversource_default
6936,ct_eversource_default
8404,ct_eversource_default
9068,ct_eversource_default
14391,ct_eversource_default
14448,ct_eversource_default
16458,ct_eversource_default
20399,ct_eversource_default
22898,ct_eversource_default
25471,ct_eversource_default
30845,ct_eversource_default
32152,ct_eversource_default
34968,ct_eversource_default
37601,ct_eversource_default
38032,ct_eversource_default
38824,ct_eversource_default
39862,ct_eversource_default
44562,ct_eversource_default
47418,ct_eversource_default
51039,ct_eversource_default
51406,ct_eversource_default
54262,ct_eversource_default
56804,ct_eversource_default
60169,ct_eversource_default
61608,ct_eversource_default
69535,ct_eversource_default
77811,ct_eversource_default
90122,ct_eversource_default
95477,ct_eversource_default
118062,ct_eversource_default
119363,ct_eversource_default
122033,ct_eversource_default
122421,ct_eversource_default
123755,ct_eversource_default
130871,ct_eversource_default
133083,ct_eversource_default
134233,ct_eversource_default
136565,ct_eversource_default
138474,ct_eversource_default
273593,ct_eversource_default
357001,ct_eversource_default
386668,ct_eversource_default
386773,ct_eversource_default
261304,ct_eversource_default
310594,ct_eversource_default
370922,ct_eversource_default
303466,ct_eversource_default
158485,ct_eversource_default
197312,ct_eversource_default
202660,ct_eversource_default
220404,ct_eversource_default
322672,ct_eversource_default
375689,ct_eversource_default
276590,ct_eversource_default
141134,ct_eversource_default
143799,ct_eversource_default
149395,ct_eversource_default
152727,ct_eversource_default
161628,ct_eversource_default
168762,ct_eversource_default
171651,ct_eversource_default
174214,ct_eversource_default
174599,ct_eversource_default
175401,ct_eversource_default
176751,ct_eversource_default
180424,ct_eversource_default
185451,ct_eversource_default
188598,ct_eversource_default
190271,ct_eversource_default
198362,ct_eversource_default
200185,ct_eversource_default
205877,ct_eversource_default
213429,ct_eversource_default
214847,ct_eversource_default
228832,ct_eversource_default
231877,ct_eversource_default
245307,ct_eversource_default
257399,ct_eversource_default
260715,ct_eversource_default
267057,ct_eversource_default
344988,ct_eversource_default
368492,ct_eversource_default
286644,ct_eversource_default
271401,ct_eversource_default
325787,ct_eversource_default
372736,ct_eversource_default
324963,ct_eversource_default
297944,ct_eversource_default
369876,ct_eversource_default
365114,ct_eversource_default
305199,ct_eversource_default
269531,ct_eversource_default
286777,ct_eversource_default
290674,ct_eversource_default
301257,ct_eversource_default
306251,ct_eversource_default
312859,ct_eversource_default
332638,ct_eversource_default
338813,ct_eversource_default
375349,ct_eversource_default
388469,ct_eversource_default
397389,ct_eversource_default
398310,ct_eversource_default
157101,ct_eversource_default
395341,ct_eversource_default
412909,ct_eversource_default
413311,ct_eversource_default
438432,ct_eversource_default
440365,ct_eversource_default
445274,ct_eversource_default
446641,ct_eversource_default
459199,ct_eversource_default
463648,ct_eversource_default
269197,ct_eversource_default
185278,ct_eversource_default
377552,ct_eversource_default
425742,ct_eversource_default
427401,ct_eversource_default
429509,ct_eversource_default
439139,ct_eversource_default
460731,ct_eversource_default
479582,ct_eversource_default
481276,ct_eversource_default
488241,ct_eversource_default
507540,ct_eversource_default
534455,ct_eversource_default
34990,ct_eversource_default
137427,ct_eversource_default
337336,ct_eversource_default
275965,ct_eversource_default
319249,ct_eversource_default
541302,ct_eversource_default
172274,ct_eversource_default
309826,ct_eversource_default
396968,ct_eversource_default
476228,ct_eversource_default
205028,ct_eversource_default
250429,ct_eversource_default
36388,ct_eversource_default
450335,ct_eversource_default
69066,ct_eversource_default
299903,ct_eversource_default
293390,ct_eversource_default
398073,ct_eversource_default
350167,ct_eversource_default
363309,ct_eversource_default
363626,ct_eversource_default
366781,ct_eversource_default
372128,ct_eversource_default
388184,ct_eversource_default
121510,ct_eversource_default
478694,ct_eversource_default
507859,ct_eversource_default
545195,ct_eversource_default
11356,ct_eversource_default
211818,ct_eversource_default
173168,ct_eversource_default
241308,ct_eversource_default
40750,ct_eversource_default
74282,ct_eversource_default
117068,ct_eversource_default
132787,ct_eversource_default
236366,ct_eversource_default
298741,ct_eversource_default
309953,ct_eversource_default
157426,ct_eversource_default
66329,ct_eversource_default
55018,ct_eversource_default
199547,ct_eversource_default
304905,ct_eversource_default
288697,ct_eversource_default
306937,ct_eversource_default
418294,ct_eversource_default
473520,ct_eversource_default
373113,ct_eversource_default
247788,ct_eversource_default
228449,ct_eversource_default
420746,ct_eversource_default
426464,ct_eversource_default
437649,ct_eversource_default
449534,ct_eversource_default
470072,ct_eversource_default
493825,ct_eversource_default
497440,ct_eversource_default
514832,ct_eversource_default
246844,ct_eversource_default
387964,ct_eversource_default
392065,ct_eversource_default
341761,ct_eversource_default
261878,ct_eversource_default
16426,ct_eversource_default
91120,ct_eversource_default
198339,ct_eversource_default
211791,ct_eversource_default
2252,ct_eversource_default
3165,ct_eversource_default
93966,ct_eversource_default
94223,ct_eversource_default
145504,ct_eversource_default
209623,ct_eversource_default
208165,ct_eversource_default
229569,ct_eversource_default
327407,ct_eversource_default
182059,ct_eversource_default
208748,ct_eversource_default
380081,ct_eversource_default
338446,ct_eversource_default
344139,ct_eversource_default
365984,ct_eversource_default
318701,ct_eversource_default
427181,ct_eversource_default
427829,ct_eversource_default
428595,ct_eversource_default
429431,ct_eversource_default
429563,ct_eversource_default
429946,ct_eversource_default
444253,ct_eversource_default
445350,ct_eversource_default
446844,ct_eversource_default
454389,ct_eversource_default
458348,ct_eversource_default
459811,ct_eversource_default
463508,ct_eversource_default
464606,ct_eversource_default
469143,ct_eversource_default
470503,ct_eversource_default
475824,ct_eversource_default
477725,ct_eversource_default
480217,ct_eversource_default
487658,ct_eversource_default
490807,ct_eversource_default
492711,ct_eversource_default
510706,ct_eversource_default
519343,ct_eversource_default
523181,ct_eversource_default
526241,ct_eversource_default
528731,ct_eversource_default
535592,ct_eversource_default
539418,ct_eversource_default
546827,ct_eversource_default
548837,ct_eversource_default
8517,ct_eversource_default
12676,ct_eversource_default
13728,ct_eversource_default
15805,ct_eversource_default
17557,ct_eversource_default
27159,ct_eversource_default
28921,ct_eversource_default
36577,ct_eversource_default
41298,ct_eversource_default
55303,ct_eversource_default
56990,ct_eversource_default
57591,ct_eversource_default
62509,ct_eversource_default
65781,ct_eversource_default
74727,ct_eversource_default
90325,ct_eversource_default
92537,ct_eversource_default
103549,ct_eversource_default
113716,ct_eversource_default
115641,ct_eversource_default
118333,ct_eversource_default
121194,ct_eversource_default
123138,ct_eversource_default
123848,ct_eversource_default
127251,ct_eversource_default
127949,ct_eversource_default
165236,ct_eversource_default
193990,ct_eversource_default
155186,ct_eversource_default
204289,ct_eversource_default
237722,ct_eversource_default
184030,ct_eversource_default
150302,ct_eversource_default
288872,ct_eversource_default
157228,ct_eversource_default
328669,ct_eversource_default
384475,ct_eversource_default
138918,ct_eversource_default
144417,ct_eversource_default
145419,ct_eversource_default
146454,ct_eversource_default
155445,ct_eversource_default
158351,ct_eversource_default
164767,ct_eversource_default
174828,ct_eversource_default
178669,ct_eversource_default
179383,ct_eversource_default
185492,ct_eversource_default
186040,ct_eversource_default
186718,ct_eversource_default
187297,ct_eversource_default
188641,ct_eversource_default
190193,ct_eversource_default
193937,ct_eversource_default
200121,ct_eversource_default
200777,ct_eversource_default
204042,ct_eversource_default
208333,ct_eversource_default
208351,ct_eversource_default
208750,ct_eversource_default
210921,ct_eversource_default
212951,ct_eversource_default
214876,ct_eversource_default
226848,ct_eversource_default
237812,ct_eversource_default
239531,ct_eversource_default
260482,ct_eversource_default
263450,ct_eversource_default
408682,ct_eversource_default
382113,ct_eversource_default
387714,ct_eversource_default
392310,ct_eversource_default
341314,ct_eversource_default
323479,ct_eversource_default
370733,ct_eversource_default
345015,ct_eversource_default
281756,ct_eversource_default
311861,ct_eversource_default
273469,ct_eversource_default
277830,ct_eversource_default
301199,ct_eversource_default
355805,ct_eversource_default
372571,ct_eversource_default
285665,ct_eversource_default
270275,ct_eversource_default
271241,ct_eversource_default
283431,ct_eversource_default
284076,ct_eversource_default
284408,ct_eversource_default
287245,ct_eversource_default
289514,ct_eversource_default
301538,ct_eversource_default
310619,ct_eversource_default
323431,ct_eversource_default
341216,ct_eversource_default
344355,ct_eversource_default
353972,ct_eversource_default
354610,ct_eversource_default
359335,ct_eversource_default
371827,ct_eversource_default
398296,ct_eversource_default
398557,ct_eversource_default
399724,ct_eversource_default
166660,ct_eversource_default
531839,ct_eversource_default
406897,ct_eversource_default
468575,ct_eversource_default
506716,ct_eversource_default
517671,ct_eversource_default
518231,ct_eversource_default
542913,ct_eversource_default
76304,ct_eversource_default
129128,ct_eversource_default
135467,ct_eversource_default
526460,ct_eversource_default
495633,ct_eversource_default
417110,ct_eversource_default
364174,ct_eversource_default
175855,ct_eversource_default
391030,ct_eversource_default
308557,ct_eversource_default
308319,ct_eversource_default
235990,ct_eversource_default
238269,ct_eversource_default
314092,ct_eversource_default
364142,ct_eversource_default
349937,ct_eversource_default
444882,ct_eversource_default
236459,ct_eversource_default
471164,ct_eversource_default
330117,ct_eversource_default
424150,ct_eversource_default
464573,ct_eversource_default
470869,ct_eversource_default
496871,ct_eversource_default
518108,ct_eversource_default
528278,ct_eversource_default
29861,ct_eversource_default
3541,ct_eversource_default
114199,ct_eversource_default
308857,ct_eversource_default
354854,ct_eversource_default
462689,ct_eversource_default
518419,ct_eversource_default
530141,ct_eversource_default
168862,ct_eversource_default
213583,ct_eversource_default
162076,ct_eversource_default
459169,ct_eversource_default
484090,ct_eversource_default
534714,ct_eversource_default
27158,ct_eversource_default
82784,ct_eversource_default
86890,ct_eversource_default
320188,ct_eversource_default
350407,ct_eversource_default
149789,ct_eversource_default
523863,ct_eversource_default
335324,ct_eversource_default
399590,ct_eversource_default
341891,ct_eversource_default
261614,ct_eversource_default
56396,ct_eversource_default
153369,ct_eversource_default
523784,ct_eversource_default
172850,ct_eversource_default
409981,ct_eversource_default
484776,ct_eversource_default
533746,ct_eversource_default
309261,ct_eversource_default
274090,ct_eversource_default
152628,ct_eversource_default
201019,ct_eversource_default
394101,ct_eversource_default
415966,ct_eversource_default
422295,ct_eversource_default
430722,ct_eversource_default
486721,ct_eversource_default
488257,ct_eversource_default
519591,ct_eversource_default
157501,ct_eversource_default
376742,ct_eversource_default
297099,ct_eversource_default
283518,ct_eversource_default
391357,ct_eversource_default
2331,ct_eversource_default
25920,ct_eversource_default
28430,ct_eversource_default
72716,ct_eversource_default
133607,ct_eversource_default
233677,ct_eversource_default
321480,ct_eversource_default
370264,ct_eversource_default
390642,ct_eversource_default
288341,ct_eversource_default
406990,ct_eversource_default
354412,ct_eversource_default
310144,ct_eversource_default
334842,ct_eversource_default
422960,ct_eversource_default
424401,ct_eversource_default
425831,ct_eversource_default
431673,ct_eversource_default
433647,ct_eversource_default
436266,ct_eversource_default
441053,ct_eversource_default
450305,ct_eversource_default
453942,ct_eversource_default
454697,ct_eversource_default
459622,ct_eversource_default
466957,ct_eversource_default
469812,ct_eversource_default
470038,ct_eversource_default
470125,ct_eversource_default
471656,ct_eversource_default
478960,ct_eversource_default
487272,ct_eversource_default
489275,ct_eversource_default
489361,ct_eversource_default
491777,ct_eversource_default
494331,ct_eversource_default
501602,ct_eversource_default
515200,ct_eversource_default
515737,ct_eversource_default
521563,ct_eversource_default
529661,ct_eversource_default
544025,ct_eversource_default
1233,ct_eversource_default
4302,ct_eversource_default
10917,ct_eversource_default
11617,ct_eversource_default
15333,ct_eversource_default
15746,ct_eversource_default
16566,ct_eversource_default
17977,ct_eversource_default
27095,ct_eversource_default
27704,ct_eversource_default
35658,ct_eversource_default
44839,ct_eversource_default
46489,ct_eversource_default
50591,ct_eversource_default
50980,ct_eversource_default
59970,ct_eversource_default
69863,ct_eversource_default
69909,ct_eversource_default
74793,ct_eversource_default
78479,ct_eversource_default
78995,ct_eversource_default
86256,ct_eversource_default
87012,ct_eversource_default
95378,ct_eversource_default
95661,ct_eversource_default
96117,ct_eversource_default
96779,ct_eversource_default
98635,ct_eversource_default
99040,ct_eversource_default
99258,ct_eversource_default
101537,ct_eversource_default
106708,ct_eversource_default
109033,ct_eversource_default
117094,ct_eversource_default
117949,ct_eversource_default
120819,ct_eversource_default
126710,ct_eversource_default
138525,ct_eversource_default
142334,ct_eversource_default
214704,ct_eversource_default
274040,ct_eversource_default
213975,ct_eversource_default
231918,ct_eversource_default
365579,ct_eversource_default
144938,ct_eversource_default
155495,ct_eversource_default
155788,ct_eversource_default
172565,ct_eversource_default
253841,ct_eversource_default
298079,ct_eversource_default
249989,ct_eversource_default
333328,ct_eversource_default
211866,ct_eversource_default
244706,ct_eversource_default
325273,ct_eversource_default
142637,ct_eversource_default
143147,ct_eversource_default
164924,ct_eversource_default
167564,ct_eversource_default
168816,ct_eversource_default
177901,ct_eversource_default
180529,ct_eversource_default
183614,ct_eversource_default
184457,ct_eversource_default
189503,ct_eversource_default
202822,ct_eversource_default
207683,ct_eversource_default
212627,ct_eversource_default
221767,ct_eversource_default
235147,ct_eversource_default
240939,ct_eversource_default
242063,ct_eversource_default
390756,ct_eversource_default
310489,ct_eversource_default
407636,ct_eversource_default
344862,ct_eversource_default
350971,ct_eversource_default
356196,ct_eversource_default
302297,ct_eversource_default
298456,ct_eversource_default
300239,ct_eversource_default
311280,ct_eversource_default
313638,ct_eversource_default
321603,ct_eversource_default
327305,ct_eversource_default
328282,ct_eversource_default
328324,ct_eversource_default
342568,ct_eversource_default
367096,ct_eversource_default
379973,ct_eversource_default
398637,ct_eversource_default
480646,ct_eversource_default
493901,ct_eversource_default
532040,ct_eversource_default
538651,ct_eversource_default
541025,ct_eversource_default
73136,ct_eversource_default
79682,ct_eversource_default
82080,ct_eversource_default
113238,ct_eversource_default
118330,ct_eversource_default
131195,ct_eversource_default
421386,ct_eversource_default
452977,ct_eversource_default
202188,ct_eversource_default
253223,ct_eversource_default
254802,ct_eversource_default
420487,ct_eversource_default
183846,ct_eversource_default
376462,ct_eversource_default
417109,ct_eversource_default
518242,ct_eversource_default
283170,ct_eversource_default
153024,ct_eversource_default
281821,ct_eversource_default
161590,ct_eversource_default
260475,ct_eversource_default
311215,ct_eversource_default
233255,ct_eversource_default
344965,ct_eversource_default
23447,ct_eversource_default
471490,ct_eversource_default
322780,ct_eversource_default
348539,ct_eversource_default
387280,ct_eversource_default
217354,ct_eversource_default
529288,ct_eversource_default
473004,ct_eversource_default
206973,ct_eversource_default
49344,ct_eversource_default
98063,ct_eversource_default
116537,ct_eversource_default
295621,ct_eversource_default
404670,ct_eversource_default
228897,ct_eversource_default
249700,ct_eversource_default
423805,ct_eversource_default
154267,ct_eversource_default
459393,ct_eversource_default
502931,ct_eversource_default
544118,ct_eversource_default
547131,ct_eversource_default
548050,ct_eversource_default
549750,ct_eversource_default
268734,ct_eversource_default
62666,ct_eversource_default
386536,ct_eversource_default
372478,ct_eversource_default
342450,ct_eversource_default
426731,ct_eversource_default
466938,ct_eversource_default
503666,ct_eversource_default
520508,ct_eversource_default
216023,ct_eversource_default
74440,ct_eversource_default
145855,ct_eversource_default
82869,ct_eversource_default
169101,ct_eversource_default
234372,ct_eversource_default
239802,ct_eversource_default
29081,ct_eversource_default
54730,ct_eversource_default
57388,ct_eversource_default
72177,ct_eversource_default
72463,ct_eversource_default
77453,ct_eversource_default
93000,ct_eversource_default
262171,ct_eversource_default
308858,ct_eversource_default
267742,ct_eversource_default
191091,ct_eversource_default
230905,ct_eversource_default
270211,ct_eversource_default
148789,ct_eversource_default
151858,ct_eversource_default
170897,ct_eversource_default
173953,ct_eversource_default
256628,ct_eversource_default
289769,ct_eversource_default
391612,ct_eversource_default
278304,ct_eversource_default
410466,ct_eversource_default
411577,ct_eversource_default
422044,ct_eversource_default
423330,ct_eversource_default
424572,ct_eversource_default
426200,ct_eversource_default
434285,ct_eversource_default
447107,ct_eversource_default
450243,ct_eversource_default
451442,ct_eversource_default
454748,ct_eversource_default
461038,ct_eversource_default
461448,ct_eversource_default
465998,ct_eversource_default
470340,ct_eversource_default
483411,ct_eversource_default
484265,ct_eversource_default
485873,ct_eversource_default
486593,ct_eversource_default
500949,ct_eversource_default
501737,ct_eversource_default
505638,ct_eversource_default
517271,ct_eversource_default
530363,ct_eversource_default
545953,ct_eversource_default
546741,ct_eversource_default
2277,ct_eversource_default
4025,ct_eversource_default
13594,ct_eversource_default
14667,ct_eversource_default
20853,ct_eversource_default
23352,ct_eversource_default
25243,ct_eversource_default
25925,ct_eversource_default
26167,ct_eversource_default
34047,ct_eversource_default
34918,ct_eversource_default
36856,ct_eversource_default
37269,ct_eversource_default
41853,ct_eversource_default
47391,ct_eversource_default
53391,ct_eversource_default
57468,ct_eversource_default
61664,ct_eversource_default
66839,ct_eversource_default
80492,ct_eversource_default
80969,ct_eversource_default
82862,ct_eversource_default
89545,ct_eversource_default
90757,ct_eversource_default
91343,ct_eversource_default
101712,ct_eversource_default
108307,ct_eversource_default
110154,ct_eversource_default
114181,ct_eversource_default
114190,ct_eversource_default
114385,ct_eversource_default
116001,ct_eversource_default
116156,ct_eversource_default
116644,ct_eversource_default
116972,ct_eversource_default
123731,ct_eversource_default
124036,ct_eversource_default
126323,ct_eversource_default
130568,ct_eversource_default
184750,ct_eversource_default
220253,ct_eversource_default
146027,ct_eversource_default
164718,ct_eversource_default
211988,ct_eversource_default
340686,ct_eversource_default
398794,ct_eversource_default
399849,ct_eversource_default
208707,ct_eversource_default
288356,ct_eversource_default
160218,ct_eversource_default
340968,ct_eversource_default
229879,ct_eversource_default
307185,ct_eversource_default
249777,ct_eversource_default
329491,ct_eversource_default
277625,ct_eversource_default
242018,ct_eversource_default
152718,ct_eversource_default
264915,ct_eversource_default
366960,ct_eversource_default
325241,ct_eversource_default
290399,ct_eversource_default
142551,ct_eversource_default
148478,ct_eversource_default
151554,ct_eversource_default
151658,ct_eversource_default
157722,ct_eversource_default
164420,ct_eversource_default
177297,ct_eversource_default
178062,ct_eversource_default
178636,ct_eversource_default
181938,ct_eversource_default
182613,ct_eversource_default
184296,ct_eversource_default
185183,ct_eversource_default
189805,ct_eversource_default
190608,ct_eversource_default
193111,ct_eversource_default
197325,ct_eversource_default
199728,ct_eversource_default
202167,ct_eversource_default
204113,ct_eversource_default
204933,ct_eversource_default
208199,ct_eversource_default
214841,ct_eversource_default
216043,ct_eversource_default
225648,ct_eversource_default
241785,ct_eversource_default
252889,ct_eversource_default
256547,ct_eversource_default
261897,ct_eversource_default
292197,ct_eversource_default
310571,ct_eversource_default
341809,ct_eversource_default
353481,ct_eversource_default
372098,ct_eversource_default
389753,ct_eversource_default
322629,ct_eversource_default
375118,ct_eversource_default
378152,ct_eversource_default
395273,ct_eversource_default
400746,ct_eversource_default
281229,ct_eversource_default
285136,ct_eversource_default
297747,ct_eversource_default
302645,ct_eversource_default
323811,ct_eversource_default
323900,ct_eversource_default
324787,ct_eversource_default
329282,ct_eversource_default
332434,ct_eversource_default
334257,ct_eversource_default
339991,ct_eversource_default
347846,ct_eversource_default
354779,ct_eversource_default
375754,ct_eversource_default
378515,ct_eversource_default
396413,ct_eversource_default
397830,ct_eversource_default
397988,ct_eversource_default
404715,ct_eversource_default
408458,ct_eversource_default
486274,ct_eversource_default
505849,ct_eversource_default
511846,ct_eversource_default
528448,ct_eversource_default
113585,ct_eversource_default
123709,ct_eversource_default
458993,ct_eversource_default
392014,ct_eversource_default
433008,ct_eversource_default
499678,ct_eversource_default
365778,ct_eversource_default
282665,ct_eversource_default
179679,ct_eversource_default
177032,ct_eversource_default
311511,ct_eversource_default
240564,ct_eversource_default
435263,ct_eversource_default
125327,ct_eversource_default
420795,ct_eversource_default
131249,ct_eversource_default
336601,ct_eversource_default
387751,ct_eversource_default
402346,ct_eversource_default
444331,ct_eversource_default
55863,ct_eversource_default
33975,ct_eversource_default
62035,ct_eversource_default
116226,ct_eversource_default
192198,ct_eversource_default
124571,ct_eversource_default
79489,ct_eversource_default
83009,ct_eversource_default
189917,ct_eversource_default
254740,ct_eversource_default
313414,ct_eversource_default
326141,ct_eversource_default
33656,ct_eversource_default
384477,ct_eversource_default
426522,ct_eversource_default
474615,ct_eversource_default
505902,ct_eversource_default
3,ct_eversource_default
37479,ct_eversource_default
7382,ct_eversource_default
423361,ct_eversource_default
445573,ct_eversource_default
549835,ct_eversource_default
9239,ct_eversource_default
95965,ct_eversource_default
398093,ct_eversource_default
76103,ct_eversource_default
206140,ct_eversource_default
303938,ct_eversource_default
345863,ct_eversource_default
1557,ct_eversource_default
100771,ct_eversource_default
378211,ct_eversource_default
381275,ct_eversource_default
73983,ct_eversource_default
173238,ct_eversource_default
147706,ct_eversource_default
24633,ct_eversource_default
34832,ct_eversource_default
61712,ct_eversource_default
78071,ct_eversource_default
316187,ct_eversource_default
203584,ct_eversource_default
223573,ct_eversource_default
176093,ct_eversource_default
182100,ct_eversource_default
186466,ct_eversource_default
217786,ct_eversource_default
382846,ct_eversource_default
316939,ct_eversource_default
283932,ct_eversource_default
269988,ct_eversource_default
293717,ct_eversource_default
412808,ct_eversource_default
418808,ct_eversource_default
418864,ct_eversource_default
427507,ct_eversource_default
428852,ct_eversource_default
429064,ct_eversource_default
438283,ct_eversource_default
441017,ct_eversource_default
443644,ct_eversource_default
446647,ct_eversource_default
464494,ct_eversource_default
466200,ct_eversource_default
475357,ct_eversource_default
477037,ct_eversource_default
488486,ct_eversource_default
492174,ct_eversource_default
492815,ct_eversource_default
494950,ct_eversource_default
500061,ct_eversource_default
503336,ct_eversource_default
510774,ct_eversource_default
520667,ct_eversource_default
520868,ct_eversource_default
525975,ct_eversource_default
536698,ct_eversource_default
541330,ct_eversource_default
291,ct_eversource_default
1753,ct_eversource_default
2376,ct_eversource_default
8668,ct_eversource_default
18638,ct_eversource_default
27801,ct_eversource_default
29127,ct_eversource_default
32110,ct_eversource_default
32733,ct_eversource_default
37201,ct_eversource_default
38142,ct_eversource_default
40390,ct_eversource_default
47276,ct_eversource_default
50586,ct_eversource_default
53741,ct_eversource_default
54219,ct_eversource_default
57583,ct_eversource_default
58736,ct_eversource_default
70214,ct_eversource_default
74894,ct_eversource_default
80757,ct_eversource_default
84846,ct_eversource_default
86074,ct_eversource_default
88120,ct_eversource_default
92327,ct_eversource_default
95837,ct_eversource_default
101911,ct_eversource_default
109508,ct_eversource_default
114551,ct_eversource_default
115204,ct_eversource_default
116503,ct_eversource_default
128387,ct_eversource_default
134461,ct_eversource_default
136508,ct_eversource_default
336843,ct_eversource_default
239181,ct_eversource_default
240630,ct_eversource_default
288367,ct_eversource_default
308867,ct_eversource_default
330961,ct_eversource_default
353401,ct_eversource_default
298341,ct_eversource_default
270414,ct_eversource_default
228430,ct_eversource_default
278135,ct_eversource_default
368655,ct_eversource_default
168553,ct_eversource_default
308289,ct_eversource_default
251493,ct_eversource_default
294442,ct_eversource_default
225125,ct_eversource_default
330748,ct_eversource_default
362768,ct_eversource_default
187198,ct_eversource_default
349966,ct_eversource_default
395002,ct_eversource_default
195914,ct_eversource_default
243667,ct_eversource_default
288809,ct_eversource_default
355276,ct_eversource_default
140801,ct_eversource_default
141585,ct_eversource_default
145676,ct_eversource_default
154304,ct_eversource_default
155618,ct_eversource_default
157515,ct_eversource_default
157875,ct_eversource_default
160389,ct_eversource_default
171961,ct_eversource_default
175100,ct_eversource_default
175717,ct_eversource_default
178861,ct_eversource_default
180312,ct_eversource_default
186954,ct_eversource_default
199440,ct_eversource_default
200967,ct_eversource_default
210586,ct_eversource_default
219054,ct_eversource_default
227114,ct_eversource_default
236236,ct_eversource_default
237542,ct_eversource_default
239590,ct_eversource_default
243776,ct_eversource_default
243997,ct_eversource_default
254280,ct_eversource_default
254746,ct_eversource_default
263809,ct_eversource_default
342344,ct_eversource_default
277721,ct_eversource_default
338286,ct_eversource_default
383417,ct_eversource_default
284757,ct_eversource_default
372222,ct_eversource_default
287206,ct_eversource_default
371922,ct_eversource_default
381549,ct_eversource_default
362858,ct_eversource_default
396445,ct_eversource_default
296181,ct_eversource_default
326045,ct_eversource_default
287162,ct_eversource_default
287870,ct_eversource_default
316476,ct_eversource_default
357958,ct_eversource_default
360991,ct_eversource_default
369885,ct_eversource_default
374441,ct_eversource_default
392141,ct_eversource_default
395081,ct_eversource_default
395520,ct_eversource_default
399645,ct_eversource_default
484131,ct_eversource_default
492413,ct_eversource_default
497979,ct_eversource_default
525765,ct_eversource_default
127141,ct_eversource_default
137552,ct_eversource_default
155639,ct_eversource_default
278016,ct_eversource_default
279834,ct_eversource_default
346980,ct_eversource_default
237004,ct_eversource_default
256731,ct_eversource_default
206612,ct_eversource_default
225154,ct_eversource_default
247456,ct_eversource_default
257424,ct_eversource_default
263934,ct_eversource_default
485086,ct_eversource_default
385141,ct_eversource_default
484780,ct_eversource_default
318154,ct_eversource_default
351306,ct_eversource_default
491879,ct_eversource_default
348692,ct_eversource_default
76490,ct_eversource_default
455971,ct_eversource_default
461509,ct_eversource_default
487319,ct_eversource_default
185331,ct_eversource_default
260758,ct_eversource_default
46424,ct_eversource_default
202653,ct_eversource_default
3680,ct_eversource_default
63060,ct_eversource_default
89322,ct_eversource_default
175251,ct_eversource_default
536511,ct_eversource_default
120803,ct_eversource_default
136998,ct_eversource_default
220103,ct_eversource_default
253681,ct_eversource_default
284162,ct_eversource_default
319808,ct_eversource_default
399139,ct_eversource_default
399483,ct_eversource_default
401808,ct_eversource_default
166544,ct_eversource_default
524661,ct_eversource_default
543241,ct_eversource_default
298137,ct_eversource_default
277655,ct_eversource_default
26148,ct_eversource_default
294932,ct_eversource_default
431265,ct_eversource_default
438146,ct_eversource_default
442274,ct_eversource_default
448483,ct_eversource_default
468233,ct_eversource_default
521195,ct_eversource_default
534336,ct_eversource_default
20203,ct_eversource_default
118397,ct_eversource_default
278927,ct_eversource_default
14925,ct_eversource_default
22036,ct_eversource_default
30403,ct_eversource_default
46316,ct_eversource_default
63824,ct_eversource_default
95305,ct_eversource_default
118532,ct_eversource_default
345352,ct_eversource_default
236061,ct_eversource_default
147830,ct_eversource_default
401258,ct_eversource_default
159069,ct_eversource_default
283082,ct_eversource_default
321632,ct_eversource_default
233573,ct_eversource_default
355296,ct_eversource_default
186057,ct_eversource_default
319120,ct_eversource_default
273523,ct_eversource_default
424701,ct_eversource_default
426326,ct_eversource_default
429137,ct_eversource_default
440102,ct_eversource_default
442306,ct_eversource_default
445641,ct_eversource_default
446435,ct_eversource_default
449376,ct_eversource_default
449676,ct_eversource_default
450463,ct_eversource_default
452885,ct_eversource_default
453304,ct_eversource_default
457572,ct_eversource_default
458949,ct_eversource_default
462968,ct_eversource_default
463664,ct_eversource_default
467582,ct_eversource_default
468247,ct_eversource_default
472249,ct_eversource_default
487439,ct_eversource_default
489118,ct_eversource_default
489540,ct_eversource_default
490023,ct_eversource_default
491805,ct_eversource_default
495173,ct_eversource_default
501831,ct_eversource_default
509329,ct_eversource_default
511861,ct_eversource_default
535929,ct_eversource_default
540661,ct_eversource_default
541349,ct_eversource_default
548464,ct_eversource_default
2159,ct_eversource_default
3426,ct_eversource_default
5662,ct_eversource_default
6131,ct_eversource_default
6844,ct_eversource_default
9823,ct_eversource_default
11115,ct_eversource_default
12516,ct_eversource_default
22557,ct_eversource_default
37196,ct_eversource_default
39461,ct_eversource_default
39750,ct_eversource_default
43941,ct_eversource_default
45589,ct_eversource_default
46519,ct_eversource_default
54234,ct_eversource_default
55603,ct_eversource_default
56086,ct_eversource_default
59281,ct_eversource_default
67799,ct_eversource_default
69195,ct_eversource_default
71980,ct_eversource_default
72022,ct_eversource_default
79321,ct_eversource_default
81315,ct_eversource_default
86780,ct_eversource_default
89917,ct_eversource_default
90920,ct_eversource_default
93861,ct_eversource_default
100057,ct_eversource_default
101091,ct_eversource_default
106211,ct_eversource_default
107477,ct_eversource_default
117421,ct_eversource_default
122567,ct_eversource_default
124732,ct_eversource_default
128948,ct_eversource_default
131753,ct_eversource_default
132411,ct_eversource_default
137475,ct_eversource_default
138119,ct_eversource_default
255366,ct_eversource_default
197551,ct_eversource_default
329749,ct_eversource_default
288352,ct_eversource_default
304170,ct_eversource_default
331126,ct_eversource_default
392872,ct_eversource_default
393034,ct_eversource_default
222831,ct_eversource_default
292083,ct_eversource_default
402569,ct_eversource_default
400197,ct_eversource_default
349192,ct_eversource_default
271248,ct_eversource_default
144492,ct_eversource_default
212525,ct_eversource_default
266265,ct_eversource_default
378545,ct_eversource_default
175741,ct_eversource_default
210322,ct_eversource_default
218146,ct_eversource_default
220866,ct_eversource_default
333546,ct_eversource_default
358191,ct_eversource_default
301513,ct_eversource_default
380932,ct_eversource_default
145669,ct_eversource_default
171899,ct_eversource_default
185104,ct_eversource_default
190191,ct_eversource_default
201030,ct_eversource_default
209689,ct_eversource_default
209998,ct_eversource_default
210887,ct_eversource_default
216086,ct_eversource_default
216549,ct_eversource_default
224834,ct_eversource_default
234088,ct_eversource_default
240613,ct_eversource_default
246271,ct_eversource_default
249349,ct_eversource_default
256589,ct_eversource_default
257990,ct_eversource_default
264949,ct_eversource_default
267179,ct_eversource_default
322467,ct_eversource_default
368288,ct_eversource_default
312400,ct_eversource_default
356159,ct_eversource_default
366356,ct_eversource_default
392788,ct_eversource_default
400806,ct_eversource_default
401814,ct_eversource_default
279395,ct_eversource_default
298072,ct_eversource_default
394460,ct_eversource_default
335511,ct_eversource_default
356752,ct_eversource_default
273033,ct_eversource_default
281725,ct_eversource_default
288938,ct_eversource_default
307525,ct_eversource_default
317543,ct_eversource_default
318322,ct_eversource_default
326686,ct_eversource_default
327151,ct_eversource_default
334170,ct_eversource_default
352952,ct_eversource_default
357505,ct_eversource_default
358880,ct_eversource_default
371914,ct_eversource_default
380058,ct_eversource_default
383106,ct_eversource_default
384627,ct_eversource_default
388190,ct_eversource_default
391578,ct_eversource_default
