bldg_id,tariff_key
335511,ct_eversource_rate1_proposed
338527,ct_eversource_rate1_proposed
347846,ct_eversource_rate1_proposed
358270,ct_eversource_rate1_proposed
365114,ct_eversource_rate1_proposed
368774,ct_eversource_rate1_proposed
370969,ct_eversource_rate1_proposed
386117,ct_eversource_rate1_proposed
392014,ct_eversource_rate1_proposed
407848,ct_eversource_rate1_proposed
233255,ct_eversource_rate1_proposed
363729,ct_eversource_rate1_proposed
431483,ct_eversource_rate1_proposed
435727,ct_eversource_rate1_proposed
438705,ct_eversource_rate1_proposed
451447,ct_eversource_rate1_proposed
521719,ct_eversource_rate1_proposed
538815,ct_eversource_rate1_proposed
543573,ct_eversource_rate1_proposed
549806,ct_eversource_rate1_proposed
89983,ct_eversource_rate1_proposed
104498,ct_eversource_rate1_proposed
113670,ct_eversource_rate1_proposed
278202,ct_eversource_rate1_proposed
240613,ct_eversource_rate1_proposed
195409,ct_eversource_rate1_proposed
255015,ct_eversource_rate1_proposed
247090,ct_eversource_rate1_proposed
344139,ct_eversource_rate1_proposed
147706,ct_eversource_rate1_proposed
249989,ct_eversource_rate1_proposed
257990,ct_eversource_rate1_proposed
467445,ct_eversource_rate1_proposed
523423,ct_eversource_rate1_proposed
43941,ct_eversource_rate1_proposed
78995,ct_eversource_rate1_proposed
96534,ct_eversource_rate1_proposed
130227,ct_eversource_rate1_proposed
289326,ct_eversource_rate1_proposed
305372,ct_eversource_rate1_proposed
309750,ct_eversource_rate1_proposed
365579,ct_eversource_rate1_proposed
154304,ct_eversource_rate1_proposed
484832,ct_eversource_rate1_proposed
113353,ct_eversource_rate1_proposed
30403,ct_eversource_rate1_proposed
291,ct_eversource_rate1_proposed
442306,ct_eversource_rate1_proposed
448734,ct_eversource_rate1_proposed
64829,ct_eversource_rate1_proposed
95248,ct_eversource_rate1_proposed
122797,ct_eversource_rate1_proposed
364713,ct_eversource_rate1_proposed
311915,ct_eversource_rate1_proposed
438432,ct_eversource_rate1_proposed
524903,ct_eversource_rate1_proposed
530368,ct_eversource_rate1_proposed
339367,ct_eversource_rate1_proposed
113716,ct_eversource_rate1_proposed
386939,ct_eversource_rate1_proposed
531839,ct_eversource_rate1_proposed
152443,ct_eversource_rate1_proposed
81315,ct_eversource_rate1_proposed
359410,ct_eversource_rate1_proposed
258689,ct_eversource_rate1_proposed
460731,ct_eversource_rate1_proposed
106008,ct_eversource_rate1_proposed
36577,ct_eversource_rate1_proposed
29960,ct_eversource_rate1_proposed
40980,ct_eversource_rate1_proposed
384795,ct_eversource_rate1_proposed
380642,ct_eversource_rate1_proposed
372222,ct_eversource_rate1_proposed
200967,ct_eversource_rate1_proposed
362768,ct_eversource_rate1_proposed
386656,ct_eversource_rate1_proposed
411184,ct_eversource_rate1_proposed
429365,ct_eversource_rate1_proposed
436888,ct_eversource_rate1_proposed
478937,ct_eversource_rate1_proposed
500206,ct_eversource_rate1_proposed
535941,ct_eversource_rate1_proposed
15308,ct_eversource_rate1_proposed
25471,ct_eversource_rate1_proposed
37269,ct_eversource_rate1_proposed
40760,ct_eversource_rate1_proposed
286440,ct_eversource_rate1_proposed
351676,ct_eversource_rate1_proposed
391030,ct_eversource_rate1_proposed
321709,ct_eversource_rate1_proposed
149395,ct_eversource_rate1_proposed
162076,ct_eversource_rate1_proposed
186718,ct_eversource_rate1_proposed
205028,ct_eversource_rate1_proposed
262135,ct_eversource_rate1_proposed
288356,ct_eversource_rate1_proposed
363921,ct_eversource_rate1_proposed
284925,ct_eversource_rate1_proposed
339039,ct_eversource_rate1_proposed
415592,ct_eversource_rate1_proposed
420246,ct_eversource_rate1_proposed
431949,ct_eversource_rate1_proposed
441053,ct_eversource_rate1_proposed
444274,ct_eversource_rate1_proposed
447710,ct_eversource_rate1_proposed
451699,ct_eversource_rate1_proposed
456568,ct_eversource_rate1_proposed
462583,ct_eversource_rate1_proposed
464196,ct_eversource_rate1_proposed
464732,ct_eversource_rate1_proposed
465998,ct_eversource_rate1_proposed
468233,ct_eversource_rate1_proposed
474615,ct_eversource_rate1_proposed
475357,ct_eversource_rate1_proposed
484090,ct_eversource_rate1_proposed
484509,ct_eversource_rate1_proposed
487949,ct_eversource_rate1_proposed
488676,ct_eversource_rate1_proposed
502931,ct_eversource_rate1_proposed
505035,ct_eversource_rate1_proposed
510319,ct_eversource_rate1_proposed
514569,ct_eversource_rate1_proposed
520167,ct_eversource_rate1_proposed
520632,ct_eversource_rate1_proposed
523182,ct_eversource_rate1_proposed
524928,ct_eversource_rate1_proposed
530449,ct_eversource_rate1_proposed
541018,ct_eversource_rate1_proposed
545953,ct_eversource_rate1_proposed
3165,ct_eversource_rate1_proposed
12130,ct_eversource_rate1_proposed
16249,ct_eversource_rate1_proposed
23403,ct_eversource_rate1_proposed
25920,ct_eversource_rate1_proposed
31933,ct_eversource_rate1_proposed
32110,ct_eversource_rate1_proposed
34569,ct_eversource_rate1_proposed
37201,ct_eversource_rate1_proposed
46808,ct_eversource_rate1_proposed
50591,ct_eversource_rate1_proposed
50625,ct_eversource_rate1_proposed
57468,ct_eversource_rate1_proposed
58287,ct_eversource_rate1_proposed
60169,ct_eversource_rate1_proposed
65432,ct_eversource_rate1_proposed
72022,ct_eversource_rate1_proposed
74901,ct_eversource_rate1_proposed
76537,ct_eversource_rate1_proposed
78423,ct_eversource_rate1_proposed
93861,ct_eversource_rate1_proposed
101911,ct_eversource_rate1_proposed
113506,ct_eversource_rate1_proposed
116050,ct_eversource_rate1_proposed
116226,ct_eversource_rate1_proposed
128230,ct_eversource_rate1_proposed
132619,ct_eversource_rate1_proposed
223922,ct_eversource_rate1_proposed
338286,ct_eversource_rate1_proposed
218121,ct_eversource_rate1_proposed
263107,ct_eversource_rate1_proposed
291615,ct_eversource_rate1_proposed
180003,ct_eversource_rate1_proposed
196123,ct_eversource_rate1_proposed
203584,ct_eversource_rate1_proposed
145669,ct_eversource_rate1_proposed
200121,ct_eversource_rate1_proposed
153369,ct_eversource_rate1_proposed
398073,ct_eversource_rate1_proposed
172826,ct_eversource_rate1_proposed
197551,ct_eversource_rate1_proposed
212514,ct_eversource_rate1_proposed
217273,ct_eversource_rate1_proposed
247788,ct_eversource_rate1_proposed
261614,ct_eversource_rate1_proposed
336101,ct_eversource_rate1_proposed
287812,ct_eversource_rate1_proposed
351891,ct_eversource_rate1_proposed
152274,ct_eversource_rate1_proposed
155993,ct_eversource_rate1_proposed
157875,ct_eversource_rate1_proposed
164739,ct_eversource_rate1_proposed
164767,ct_eversource_rate1_proposed
178154,ct_eversource_rate1_proposed
181938,ct_eversource_rate1_proposed
183820,ct_eversource_rate1_proposed
188641,ct_eversource_rate1_proposed
190271,ct_eversource_rate1_proposed
203770,ct_eversource_rate1_proposed
204933,ct_eversource_rate1_proposed
206140,ct_eversource_rate1_proposed
210478,ct_eversource_rate1_proposed
213348,ct_eversource_rate1_proposed
225648,ct_eversource_rate1_proposed
225743,ct_eversource_rate1_proposed
238190,ct_eversource_rate1_proposed
244250,ct_eversource_rate1_proposed
249700,ct_eversource_rate1_proposed
259915,ct_eversource_rate1_proposed
268734,ct_eversource_rate1_proposed
387012,ct_eversource_rate1_proposed
409480,ct_eversource_rate1_proposed
406166,ct_eversource_rate1_proposed
400694,ct_eversource_rate1_proposed
408568,ct_eversource_rate1_proposed
379973,ct_eversource_rate1_proposed
368288,ct_eversource_rate1_proposed
352952,ct_eversource_rate1_proposed
344965,ct_eversource_rate1_proposed
343082,ct_eversource_rate1_proposed
346190,ct_eversource_rate1_proposed
319010,ct_eversource_rate1_proposed
278135,ct_eversource_rate1_proposed
284894,ct_eversource_rate1_proposed
287206,ct_eversource_rate1_proposed
294932,ct_eversource_rate1_proposed
298137,ct_eversource_rate1_proposed
318918,ct_eversource_rate1_proposed
336492,ct_eversource_rate1_proposed
345863,ct_eversource_rate1_proposed
334257,ct_eversource_rate1_proposed
342450,ct_eversource_rate1_proposed
350407,ct_eversource_rate1_proposed
352646,ct_eversource_rate1_proposed
368521,ct_eversource_rate1_proposed
370264,ct_eversource_rate1_proposed
371984,ct_eversource_rate1_proposed
396413,ct_eversource_rate1_proposed
239186,ct_eversource_rate1_proposed
440996,ct_eversource_rate1_proposed
30667,ct_eversource_rate1_proposed
459686,ct_eversource_rate1_proposed
459901,ct_eversource_rate1_proposed
470038,ct_eversource_rate1_proposed
472886,ct_eversource_rate1_proposed
491812,ct_eversource_rate1_proposed
496484,ct_eversource_rate1_proposed
497464,ct_eversource_rate1_proposed
500061,ct_eversource_rate1_proposed
505849,ct_eversource_rate1_proposed
547936,ct_eversource_rate1_proposed
105821,ct_eversource_rate1_proposed
119339,ct_eversource_rate1_proposed
138786,ct_eversource_rate1_proposed
236236,ct_eversource_rate1_proposed
376629,ct_eversource_rate1_proposed
375050,ct_eversource_rate1_proposed
168438,ct_eversource_rate1_proposed
220710,ct_eversource_rate1_proposed
165872,ct_eversource_rate1_proposed
291808,ct_eversource_rate1_proposed
328461,ct_eversource_rate1_proposed
338813,ct_eversource_rate1_proposed
333328,ct_eversource_rate1_proposed
522532,ct_eversource_rate1_proposed
348539,ct_eversource_rate1_proposed
506193,ct_eversource_rate1_proposed
386443,ct_eversource_rate1_proposed
14108,ct_eversource_rate1_proposed
33802,ct_eversource_rate1_proposed
89917,ct_eversource_rate1_proposed
304905,ct_eversource_rate1_proposed
304933,ct_eversource_rate1_proposed
353481,ct_eversource_rate1_proposed
355513,ct_eversource_rate1_proposed
376742,ct_eversource_rate1_proposed
394835,ct_eversource_rate1_proposed
117728,ct_eversource_rate1_proposed
459404,ct_eversource_rate1_proposed
534455,ct_eversource_rate1_proposed
542718,ct_eversource_rate1_proposed
427507,ct_eversource_rate1_proposed
489361,ct_eversource_rate1_proposed
55313,ct_eversource_rate1_proposed
137427,ct_eversource_rate1_proposed
364125,ct_eversource_rate1_proposed
8897,ct_eversource_rate1_proposed
487589,ct_eversource_rate1_proposed
492432,ct_eversource_rate1_proposed
497292,ct_eversource_rate1_proposed
541349,ct_eversource_rate1_proposed
345352,ct_eversource_rate1_proposed
136565,ct_eversource_rate1_proposed
493825,ct_eversource_rate1_proposed
131445,ct_eversource_rate1_proposed
386536,ct_eversource_rate1_proposed
75679,ct_eversource_rate1_proposed
356964,ct_eversource_rate1_proposed
6844,ct_eversource_rate1_proposed
493305,ct_eversource_rate1_proposed
518295,ct_eversource_rate1_proposed
530718,ct_eversource_rate1_proposed
335324,ct_eversource_rate1_proposed
427181,ct_eversource_rate1_proposed
429137,ct_eversource_rate1_proposed
439904,ct_eversource_rate1_proposed
485086,ct_eversource_rate1_proposed
519075,ct_eversource_rate1_proposed
40624,ct_eversource_rate1_proposed
7295,ct_eversource_rate1_proposed
15805,ct_eversource_rate1_proposed
16129,ct_eversource_rate1_proposed
27159,ct_eversource_rate1_proposed
45589,ct_eversource_rate1_proposed
58319,ct_eversource_rate1_proposed
74440,ct_eversource_rate1_proposed
75807,ct_eversource_rate1_proposed
106708,ct_eversource_rate1_proposed
324787,ct_eversource_rate1_proposed
261714,ct_eversource_rate1_proposed
274091,ct_eversource_rate1_proposed
177901,ct_eversource_rate1_proposed
193990,ct_eversource_rate1_proposed
211791,ct_eversource_rate1_proposed
222293,ct_eversource_rate1_proposed
231443,ct_eversource_rate1_proposed
311511,ct_eversource_rate1_proposed
367868,ct_eversource_rate1_proposed
295621,ct_eversource_rate1_proposed
339299,ct_eversource_rate1_proposed
411577,ct_eversource_rate1_proposed
414935,ct_eversource_rate1_proposed
418596,ct_eversource_rate1_proposed
424572,ct_eversource_rate1_proposed
425476,ct_eversource_rate1_proposed
429064,ct_eversource_rate1_proposed
435064,ct_eversource_rate1_proposed
438146,ct_eversource_rate1_proposed
439139,ct_eversource_rate1_proposed
452661,ct_eversource_rate1_proposed
454748,ct_eversource_rate1_proposed
466232,ct_eversource_rate1_proposed
473602,ct_eversource_rate1_proposed
475824,ct_eversource_rate1_proposed
476063,ct_eversource_rate1_proposed
480262,ct_eversource_rate1_proposed
484913,ct_eversource_rate1_proposed
496679,ct_eversource_rate1_proposed
500022,ct_eversource_rate1_proposed
503666,ct_eversource_rate1_proposed
521195,ct_eversource_rate1_proposed
525872,ct_eversource_rate1_proposed
532373,ct_eversource_rate1_proposed
539937,ct_eversource_rate1_proposed
3,ct_eversource_rate1_proposed
6446,ct_eversource_rate1_proposed
9823,ct_eversource_rate1_proposed
13594,ct_eversource_rate1_proposed
17497,ct_eversource_rate1_proposed
18617,ct_eversource_rate1_proposed
18791,ct_eversource_rate1_proposed
20203,ct_eversource_rate1_proposed
22039,ct_eversource_rate1_proposed
24633,ct_eversource_rate1_proposed
27243,ct_eversource_rate1_proposed
27576,ct_eversource_rate1_proposed
32152,ct_eversource_rate1_proposed
38032,ct_eversource_rate1_proposed
38697,ct_eversource_rate1_proposed
39749,ct_eversource_rate1_proposed
41654,ct_eversource_rate1_proposed
48790,ct_eversource_rate1_proposed
54234,ct_eversource_rate1_proposed
56990,ct_eversource_rate1_proposed
57750,ct_eversource_rate1_proposed
69843,ct_eversource_rate1_proposed
70022,ct_eversource_rate1_proposed
70670,ct_eversource_rate1_proposed
72825,ct_eversource_rate1_proposed
79425,ct_eversource_rate1_proposed
86890,ct_eversource_rate1_proposed
98947,ct_eversource_rate1_proposed
100927,ct_eversource_rate1_proposed
106304,ct_eversource_rate1_proposed
107111,ct_eversource_rate1_proposed
107184,ct_eversource_rate1_proposed
114982,ct_eversource_rate1_proposed
115771,ct_eversource_rate1_proposed
116225,ct_eversource_rate1_proposed
116355,ct_eversource_rate1_proposed
118062,ct_eversource_rate1_proposed
118209,ct_eversource_rate1_proposed
122130,ct_eversource_rate1_proposed
126273,ct_eversource_rate1_proposed
137832,ct_eversource_rate1_proposed
263450,ct_eversource_rate1_proposed
229380,ct_eversource_rate1_proposed
313092,ct_eversource_rate1_proposed
367696,ct_eversource_rate1_proposed
227114,ct_eversource_rate1_proposed
329417,ct_eversource_rate1_proposed
310594,ct_eversource_rate1_proposed
336113,ct_eversource_rate1_proposed
344692,ct_eversource_rate1_proposed
201559,ct_eversource_rate1_proposed
149533,ct_eversource_rate1_proposed
246844,ct_eversource_rate1_proposed
202021,ct_eversource_rate1_proposed
280816,ct_eversource_rate1_proposed
194343,ct_eversource_rate1_proposed
197131,ct_eversource_rate1_proposed
244258,ct_eversource_rate1_proposed
276489,ct_eversource_rate1_proposed
352162,ct_eversource_rate1_proposed
338234,ct_eversource_rate1_proposed
349937,ct_eversource_rate1_proposed
358115,ct_eversource_rate1_proposed
362911,ct_eversource_rate1_proposed
143951,ct_eversource_rate1_proposed
151658,ct_eversource_rate1_proposed
152718,ct_eversource_rate1_proposed
153291,ct_eversource_rate1_proposed
155356,ct_eversource_rate1_proposed
162080,ct_eversource_rate1_proposed
174056,ct_eversource_rate1_proposed
194918,ct_eversource_rate1_proposed
201713,ct_eversource_rate1_proposed
218122,ct_eversource_rate1_proposed
220103,ct_eversource_rate1_proposed
233573,ct_eversource_rate1_proposed
233838,ct_eversource_rate1_proposed
236366,ct_eversource_rate1_proposed
246414,ct_eversource_rate1_proposed
247774,ct_eversource_rate1_proposed
254740,ct_eversource_rate1_proposed
260563,ct_eversource_rate1_proposed
261326,ct_eversource_rate1_proposed
263809,ct_eversource_rate1_proposed
267057,ct_eversource_rate1_proposed
389179,ct_eversource_rate1_proposed
388109,ct_eversource_rate1_proposed
399849,ct_eversource_rate1_proposed
279714,ct_eversource_rate1_proposed
331581,ct_eversource_rate1_proposed
343663,ct_eversource_rate1_proposed
294442,ct_eversource_rate1_proposed
373683,ct_eversource_rate1_proposed
283499,ct_eversource_rate1_proposed
284757,ct_eversource_rate1_proposed
271248,ct_eversource_rate1_proposed
273790,ct_eversource_rate1_proposed
284718,ct_eversource_rate1_proposed
292083,ct_eversource_rate1_proposed
297901,ct_eversource_rate1_proposed
300832,ct_eversource_rate1_proposed
310115,ct_eversource_rate1_proposed
314179,ct_eversource_rate1_proposed
329145,ct_eversource_rate1_proposed
331662,ct_eversource_rate1_proposed
335119,ct_eversource_rate1_proposed
339991,ct_eversource_rate1_proposed
341761,ct_eversource_rate1_proposed
346111,ct_eversource_rate1_proposed
342568,ct_eversource_rate1_proposed
355590,ct_eversource_rate1_proposed
362142,ct_eversource_rate1_proposed
364174,ct_eversource_rate1_proposed
366781,ct_eversource_rate1_proposed
369980,ct_eversource_rate1_proposed
386008,ct_eversource_rate1_proposed
167366,ct_eversource_rate1_proposed
50936,ct_eversource_rate1_proposed
182100,ct_eversource_rate1_proposed
185590,ct_eversource_rate1_proposed
142334,ct_eversource_rate1_proposed
254746,ct_eversource_rate1_proposed
370922,ct_eversource_rate1_proposed
454683,ct_eversource_rate1_proposed
464494,ct_eversource_rate1_proposed
500993,ct_eversource_rate1_proposed
510197,ct_eversource_rate1_proposed
515737,ct_eversource_rate1_proposed
525855,ct_eversource_rate1_proposed
532452,ct_eversource_rate1_proposed
535238,ct_eversource_rate1_proposed
540903,ct_eversource_rate1_proposed
544118,ct_eversource_rate1_proposed
549975,ct_eversource_rate1_proposed
73192,ct_eversource_rate1_proposed
113238,ct_eversource_rate1_proposed
114199,ct_eversource_rate1_proposed
116156,ct_eversource_rate1_proposed
138634,ct_eversource_rate1_proposed
446844,ct_eversource_rate1_proposed
212165,ct_eversource_rate1_proposed
153527,ct_eversource_rate1_proposed
423800,ct_eversource_rate1_proposed
485567,ct_eversource_rate1_proposed
354610,ct_eversource_rate1_proposed
182800,ct_eversource_rate1_proposed
193975,ct_eversource_rate1_proposed
226236,ct_eversource_rate1_proposed
219054,ct_eversource_rate1_proposed
451538,ct_eversource_rate1_proposed
51924,ct_eversource_rate1_proposed
115964,ct_eversource_rate1_proposed
354209,ct_eversource_rate1_proposed
386156,ct_eversource_rate1_proposed
359335,ct_eversource_rate1_proposed
311576,ct_eversource_rate1_proposed
271401,ct_eversource_rate1_proposed
316463,ct_eversource_rate1_proposed
333817,ct_eversource_rate1_proposed
244714,ct_eversource_rate1_proposed
116550,ct_eversource_rate1_proposed
497812,ct_eversource_rate1_proposed
98993,ct_eversource_rate1_proposed
241308,ct_eversource_rate1_proposed
154267,ct_eversource_rate1_proposed
157501,ct_eversource_rate1_proposed
375754,ct_eversource_rate1_proposed
441017,ct_eversource_rate1_proposed
529288,ct_eversource_rate1_proposed
459393,ct_eversource_rate1_proposed
324161,ct_eversource_rate1_proposed
224901,ct_eversource_rate1_proposed
209689,ct_eversource_rate1_proposed
215946,ct_eversource_rate1_proposed
289684,ct_eversource_rate1_proposed
475918,ct_eversource_rate1_proposed
38046,ct_eversource_rate1_proposed
54071,ct_eversource_rate1_proposed
525413,ct_eversource_rate1_proposed
241785,ct_eversource_rate1_proposed
464659,ct_eversource_rate1_proposed
225669,ct_eversource_rate1_proposed
318066,ct_eversource_rate1_proposed
147973,ct_eversource_rate1_proposed
134461,ct_eversource_rate1_proposed
469054,ct_eversource_rate1_proposed
477037,ct_eversource_rate1_proposed
513576,ct_eversource_rate1_proposed
57127,ct_eversource_rate1_proposed
149698,ct_eversource_rate1_proposed
426326,ct_eversource_rate1_proposed
435536,ct_eversource_rate1_proposed
437068,ct_eversource_rate1_proposed
442387,ct_eversource_rate1_proposed
486721,ct_eversource_rate1_proposed
504616,ct_eversource_rate1_proposed
535592,ct_eversource_rate1_proposed
44370,ct_eversource_rate1_proposed
50614,ct_eversource_rate1_proposed
84959,ct_eversource_rate1_proposed
268941,ct_eversource_rate1_proposed
174657,ct_eversource_rate1_proposed
162209,ct_eversource_rate1_proposed
231500,ct_eversource_rate1_proposed
247683,ct_eversource_rate1_proposed
267940,ct_eversource_rate1_proposed
228897,ct_eversource_rate1_proposed
160266,ct_eversource_rate1_proposed
192461,ct_eversource_rate1_proposed
196174,ct_eversource_rate1_proposed
236412,ct_eversource_rate1_proposed
245321,ct_eversource_rate1_proposed
255106,ct_eversource_rate1_proposed
260482,ct_eversource_rate1_proposed
284147,ct_eversource_rate1_proposed
291008,ct_eversource_rate1_proposed
369704,ct_eversource_rate1_proposed
381424,ct_eversource_rate1_proposed
414202,ct_eversource_rate1_proposed
415577,ct_eversource_rate1_proposed
420215,ct_eversource_rate1_proposed
422428,ct_eversource_rate1_proposed
423361,ct_eversource_rate1_proposed
431673,ct_eversource_rate1_proposed
434822,ct_eversource_rate1_proposed
454094,ct_eversource_rate1_proposed
454450,ct_eversource_rate1_proposed
463534,ct_eversource_rate1_proposed
465211,ct_eversource_rate1_proposed
465633,ct_eversource_rate1_proposed
469372,ct_eversource_rate1_proposed
481914,ct_eversource_rate1_proposed
484451,ct_eversource_rate1_proposed
491805,ct_eversource_rate1_proposed
501088,ct_eversource_rate1_proposed
508910,ct_eversource_rate1_proposed
510242,ct_eversource_rate1_proposed
514130,ct_eversource_rate1_proposed
515124,ct_eversource_rate1_proposed
517891,ct_eversource_rate1_proposed
522677,ct_eversource_rate1_proposed
528731,ct_eversource_rate1_proposed
542121,ct_eversource_rate1_proposed
548050,ct_eversource_rate1_proposed
2252,ct_eversource_rate1_proposed
5675,ct_eversource_rate1_proposed
7740,ct_eversource_rate1_proposed
8404,ct_eversource_rate1_proposed
11040,ct_eversource_rate1_proposed
11617,ct_eversource_rate1_proposed
17442,ct_eversource_rate1_proposed
25836,ct_eversource_rate1_proposed
27685,ct_eversource_rate1_proposed
48305,ct_eversource_rate1_proposed
50606,ct_eversource_rate1_proposed
54262,ct_eversource_rate1_proposed
62509,ct_eversource_rate1_proposed
68228,ct_eversource_rate1_proposed
73038,ct_eversource_rate1_proposed
77386,ct_eversource_rate1_proposed
77566,ct_eversource_rate1_proposed
82999,ct_eversource_rate1_proposed
84846,ct_eversource_rate1_proposed
86996,ct_eversource_rate1_proposed
90757,ct_eversource_rate1_proposed
92327,ct_eversource_rate1_proposed
95471,ct_eversource_rate1_proposed
98063,ct_eversource_rate1_proposed
99558,ct_eversource_rate1_proposed
101749,ct_eversource_rate1_proposed
107477,ct_eversource_rate1_proposed
111574,ct_eversource_rate1_proposed
113181,ct_eversource_rate1_proposed
115078,ct_eversource_rate1_proposed
116537,ct_eversource_rate1_proposed
123709,ct_eversource_rate1_proposed
123848,ct_eversource_rate1_proposed
132411,ct_eversource_rate1_proposed
132458,ct_eversource_rate1_proposed
136998,ct_eversource_rate1_proposed
137576,ct_eversource_rate1_proposed
224834,ct_eversource_rate1_proposed
244706,ct_eversource_rate1_proposed
357001,ct_eversource_rate1_proposed
369885,ct_eversource_rate1_proposed
399139,ct_eversource_rate1_proposed
202822,ct_eversource_rate1_proposed
353972,ct_eversource_rate1_proposed
148478,ct_eversource_rate1_proposed
349192,ct_eversource_rate1_proposed
342529,ct_eversource_rate1_proposed
395520,ct_eversource_rate1_proposed
354854,ct_eversource_rate1_proposed
291638,ct_eversource_rate1_proposed
371827,ct_eversource_rate1_proposed
214956,ct_eversource_rate1_proposed
287089,ct_eversource_rate1_proposed
177756,ct_eversource_rate1_proposed
202614,ct_eversource_rate1_proposed
214815,ct_eversource_rate1_proposed
229174,ct_eversource_rate1_proposed
399175,ct_eversource_rate1_proposed
298741,ct_eversource_rate1_proposed
346923,ct_eversource_rate1_proposed
285569,ct_eversource_rate1_proposed
223573,ct_eversource_rate1_proposed
159383,ct_eversource_rate1_proposed
161590,ct_eversource_rate1_proposed
164598,ct_eversource_rate1_proposed
168326,ct_eversource_rate1_proposed
168862,ct_eversource_rate1_proposed
169001,ct_eversource_rate1_proposed
183846,ct_eversource_rate1_proposed
186466,ct_eversource_rate1_proposed
190608,ct_eversource_rate1_proposed
195914,ct_eversource_rate1_proposed
201019,ct_eversource_rate1_proposed
202887,ct_eversource_rate1_proposed
203802,ct_eversource_rate1_proposed
209998,ct_eversource_rate1_proposed
215511,ct_eversource_rate1_proposed
215670,ct_eversource_rate1_proposed
221767,ct_eversource_rate1_proposed
222080,ct_eversource_rate1_proposed
224556,ct_eversource_rate1_proposed
229325,ct_eversource_rate1_proposed
235903,ct_eversource_rate1_proposed
239531,ct_eversource_rate1_proposed
243549,ct_eversource_rate1_proposed
246271,ct_eversource_rate1_proposed
248229,ct_eversource_rate1_proposed
250458,ct_eversource_rate1_proposed
257361,ct_eversource_rate1_proposed
268767,ct_eversource_rate1_proposed
400746,ct_eversource_rate1_proposed
319808,ct_eversource_rate1_proposed
396910,ct_eversource_rate1_proposed
338882,ct_eversource_rate1_proposed
286287,ct_eversource_rate1_proposed
290529,ct_eversource_rate1_proposed
363626,ct_eversource_rate1_proposed
288352,ct_eversource_rate1_proposed
287162,ct_eversource_rate1_proposed
324555,ct_eversource_rate1_proposed
339085,ct_eversource_rate1_proposed
345015,ct_eversource_rate1_proposed
341042,ct_eversource_rate1_proposed
341216,ct_eversource_rate1_proposed
344355,ct_eversource_rate1_proposed
358363,ct_eversource_rate1_proposed
358880,ct_eversource_rate1_proposed
385141,ct_eversource_rate1_proposed
392054,ct_eversource_rate1_proposed
407141,ct_eversource_rate1_proposed
400567,ct_eversource_rate1_proposed
412909,ct_eversource_rate1_proposed
456103,ct_eversource_rate1_proposed
466791,ct_eversource_rate1_proposed
499391,ct_eversource_rate1_proposed
519591,ct_eversource_rate1_proposed
533976,ct_eversource_rate1_proposed
536741,ct_eversource_rate1_proposed
541267,ct_eversource_rate1_proposed
52218,ct_eversource_rate1_proposed
109583,ct_eversource_rate1_proposed
112137,ct_eversource_rate1_proposed
427101,ct_eversource_rate1_proposed
351703,ct_eversource_rate1_proposed
254036,ct_eversource_rate1_proposed
172850,ct_eversource_rate1_proposed
197995,ct_eversource_rate1_proposed
217786,ct_eversource_rate1_proposed
290636,ct_eversource_rate1_proposed
296181,ct_eversource_rate1_proposed
212951,ct_eversource_rate1_proposed
229338,ct_eversource_rate1_proposed
229704,ct_eversource_rate1_proposed
484920,ct_eversource_rate1_proposed
528448,ct_eversource_rate1_proposed
487439,ct_eversource_rate1_proposed
108548,ct_eversource_rate1_proposed
380058,ct_eversource_rate1_proposed
5568,ct_eversource_rate1_proposed
98635,ct_eversource_rate1_proposed
274090,ct_eversource_rate1_proposed
316039,ct_eversource_rate1_proposed
360373,ct_eversource_rate1_proposed
383106,ct_eversource_rate1_proposed
384627,ct_eversource_rate1_proposed
395583,ct_eversource_rate1_proposed
515550,ct_eversource_rate1_proposed
182059,ct_eversource_rate1_proposed
155155,ct_eversource_rate1_proposed
107058,ct_eversource_rate1_proposed
422754,ct_eversource_rate1_proposed
471656,ct_eversource_rate1_proposed
20399,ct_eversource_rate1_proposed
182134,ct_eversource_rate1_proposed
189917,ct_eversource_rate1_proposed
395762,ct_eversource_rate1_proposed
348692,ct_eversource_rate1_proposed
516626,ct_eversource_rate1_proposed
522371,ct_eversource_rate1_proposed
261878,ct_eversource_rate1_proposed
527640,ct_eversource_rate1_proposed
320682,ct_eversource_rate1_proposed
228449,ct_eversource_rate1_proposed
369753,ct_eversource_rate1_proposed
391901,ct_eversource_rate1_proposed
461448,ct_eversource_rate1_proposed
88080,ct_eversource_rate1_proposed
300723,ct_eversource_rate1_proposed
430722,ct_eversource_rate1_proposed
318701,ct_eversource_rate1_proposed
490023,ct_eversource_rate1_proposed
515316,ct_eversource_rate1_proposed
28578,ct_eversource_rate1_proposed
125695,ct_eversource_rate1_proposed
334170,ct_eversource_rate1_proposed
206499,ct_eversource_rate1_proposed
376960,ct_eversource_rate1_proposed
419207,ct_eversource_rate1_proposed
488167,ct_eversource_rate1_proposed
514198,ct_eversource_rate1_proposed
1753,ct_eversource_rate1_proposed
25243,ct_eversource_rate1_proposed
26760,ct_eversource_rate1_proposed
33656,ct_eversource_rate1_proposed
39252,ct_eversource_rate1_proposed
56074,ct_eversource_rate1_proposed
110621,ct_eversource_rate1_proposed
123593,ct_eversource_rate1_proposed
127978,ct_eversource_rate1_proposed
276001,ct_eversource_rate1_proposed
313039,ct_eversource_rate1_proposed
212003,ct_eversource_rate1_proposed
243631,ct_eversource_rate1_proposed
165797,ct_eversource_rate1_proposed
177282,ct_eversource_rate1_proposed
184311,ct_eversource_rate1_proposed
184457,ct_eversource_rate1_proposed
187133,ct_eversource_rate1_proposed
199026,ct_eversource_rate1_proposed
217492,ct_eversource_rate1_proposed
237919,ct_eversource_rate1_proposed
239646,ct_eversource_rate1_proposed
263527,ct_eversource_rate1_proposed
289514,ct_eversource_rate1_proposed
314854,ct_eversource_rate1_proposed
285879,ct_eversource_rate1_proposed
288310,ct_eversource_rate1_proposed
306142,ct_eversource_rate1_proposed
417109,ct_eversource_rate1_proposed
421233,ct_eversource_rate1_proposed
427261,ct_eversource_rate1_proposed
428595,ct_eversource_rate1_proposed
431265,ct_eversource_rate1_proposed
436830,ct_eversource_rate1_proposed
441434,ct_eversource_rate1_proposed
446647,ct_eversource_rate1_proposed
447107,ct_eversource_rate1_proposed
450305,ct_eversource_rate1_proposed
455532,ct_eversource_rate1_proposed
461736,ct_eversource_rate1_proposed
464184,ct_eversource_rate1_proposed
476228,ct_eversource_rate1_proposed
484587,ct_eversource_rate1_proposed
491400,ct_eversource_rate1_proposed
518419,ct_eversource_rate1_proposed
524661,ct_eversource_rate1_proposed
536310,ct_eversource_rate1_proposed
536928,ct_eversource_rate1_proposed
538180,ct_eversource_rate1_proposed
539784,ct_eversource_rate1_proposed
543443,ct_eversource_rate1_proposed
543612,ct_eversource_rate1_proposed
1557,ct_eversource_rate1_proposed
5425,ct_eversource_rate1_proposed
6355,ct_eversource_rate1_proposed
20293,ct_eversource_rate1_proposed
25944,ct_eversource_rate1_proposed
30334,ct_eversource_rate1_proposed
32659,ct_eversource_rate1_proposed
33756,ct_eversource_rate1_proposed
37993,ct_eversource_rate1_proposed
39461,ct_eversource_rate1_proposed
50310,ct_eversource_rate1_proposed
51039,ct_eversource_rate1_proposed
52323,ct_eversource_rate1_proposed
59424,ct_eversource_rate1_proposed
60316,ct_eversource_rate1_proposed
63562,ct_eversource_rate1_proposed
64892,ct_eversource_rate1_proposed
69384,ct_eversource_rate1_proposed
69909,ct_eversource_rate1_proposed
72177,ct_eversource_rate1_proposed
72485,ct_eversource_rate1_proposed
76490,ct_eversource_rate1_proposed
79489,ct_eversource_rate1_proposed
85002,ct_eversource_rate1_proposed
102052,ct_eversource_rate1_proposed
108154,ct_eversource_rate1_proposed
109033,ct_eversource_rate1_proposed
114727,ct_eversource_rate1_proposed
135137,ct_eversource_rate1_proposed
136508,ct_eversource_rate1_proposed
397389,ct_eversource_rate1_proposed
200183,ct_eversource_rate1_proposed
364356,ct_eversource_rate1_proposed
171838,ct_eversource_rate1_proposed
195151,ct_eversource_rate1_proposed
384477,ct_eversource_rate1_proposed
408796,ct_eversource_rate1_proposed
372954,ct_eversource_rate1_proposed
370840,ct_eversource_rate1_proposed
386773,ct_eversource_rate1_proposed
295009,ct_eversource_rate1_proposed
366960,ct_eversource_rate1_proposed
142637,ct_eversource_rate1_proposed
183395,ct_eversource_rate1_proposed
184750,ct_eversource_rate1_proposed
212363,ct_eversource_rate1_proposed
239218,ct_eversource_rate1_proposed
252897,ct_eversource_rate1_proposed
267480,ct_eversource_rate1_proposed
267639,ct_eversource_rate1_proposed
311754,ct_eversource_rate1_proposed
315840,ct_eversource_rate1_proposed
279137,ct_eversource_rate1_proposed
311592,ct_eversource_rate1_proposed
235147,ct_eversource_rate1_proposed
139506,ct_eversource_rate1_proposed
152628,ct_eversource_rate1_proposed
155318,ct_eversource_rate1_proposed
155495,ct_eversource_rate1_proposed
159069,ct_eversource_rate1_proposed
175401,ct_eversource_rate1_proposed
180312,ct_eversource_rate1_proposed
186949,ct_eversource_rate1_proposed
189805,ct_eversource_rate1_proposed
192807,ct_eversource_rate1_proposed
208750,ct_eversource_rate1_proposed
210755,ct_eversource_rate1_proposed
217354,ct_eversource_rate1_proposed
230972,ct_eversource_rate1_proposed
231205,ct_eversource_rate1_proposed
240564,ct_eversource_rate1_proposed
255366,ct_eversource_rate1_proposed
255390,ct_eversource_rate1_proposed
260078,ct_eversource_rate1_proposed
312302,ct_eversource_rate1_proposed
376462,ct_eversource_rate1_proposed
312827,ct_eversource_rate1_proposed
294624,ct_eversource_rate1_proposed
405147,ct_eversource_rate1_proposed
306840,ct_eversource_rate1_proposed
295064,ct_eversource_rate1_proposed
299316,ct_eversource_rate1_proposed
311667,ct_eversource_rate1_proposed
312228,ct_eversource_rate1_proposed
314824,ct_eversource_rate1_proposed
318322,ct_eversource_rate1_proposed
324201,ct_eversource_rate1_proposed
325223,ct_eversource_rate1_proposed
334624,ct_eversource_rate1_proposed
440365,ct_eversource_rate1_proposed
483180,ct_eversource_rate1_proposed
489275,ct_eversource_rate1_proposed
492815,ct_eversource_rate1_proposed
530712,ct_eversource_rate1_proposed
535414,ct_eversource_rate1_proposed
538036,ct_eversource_rate1_proposed
541668,ct_eversource_rate1_proposed
74727,ct_eversource_rate1_proposed
204289,ct_eversource_rate1_proposed
487658,ct_eversource_rate1_proposed
285353,ct_eversource_rate1_proposed
177297,ct_eversource_rate1_proposed
247002,ct_eversource_rate1_proposed
23352,ct_eversource_rate1_proposed
324957,ct_eversource_rate1_proposed
488712,ct_eversource_rate1_proposed
295438,ct_eversource_rate1_proposed
371306,ct_eversource_rate1_proposed
411749,ct_eversource_rate1_proposed
508239,ct_eversource_rate1_proposed
368741,ct_eversource_rate1_proposed
449166,ct_eversource_rate1_proposed
161086,ct_eversource_rate1_proposed
473004,ct_eversource_rate1_proposed
78197,ct_eversource_rate1_proposed
104911,ct_eversource_rate1_proposed
142465,ct_eversource_rate1_proposed
147830,ct_eversource_rate1_proposed
204304,ct_eversource_rate1_proposed
358936,ct_eversource_rate1_proposed
372736,ct_eversource_rate1_proposed
420746,ct_eversource_rate1_proposed
488241,ct_eversource_rate1_proposed
535665,ct_eversource_rate1_proposed
122986,ct_eversource_rate1_proposed
185384,ct_eversource_rate1_proposed
198211,ct_eversource_rate1_proposed
212901,ct_eversource_rate1_proposed
478694,ct_eversource_rate1_proposed
202633,ct_eversource_rate1_proposed
72386,ct_eversource_rate1_proposed
20853,ct_eversource_rate1_proposed
33975,ct_eversource_rate1_proposed
187297,ct_eversource_rate1_proposed
410555,ct_eversource_rate1_proposed
425742,ct_eversource_rate1_proposed
467556,ct_eversource_rate1_proposed
489733,ct_eversource_rate1_proposed
50586,ct_eversource_rate1_proposed
57684,ct_eversource_rate1_proposed
71980,ct_eversource_rate1_proposed
281821,ct_eversource_rate1_proposed
234407,ct_eversource_rate1_proposed
415966,ct_eversource_rate1_proposed
443583,ct_eversource_rate1_proposed
481376,ct_eversource_rate1_proposed
498113,ct_eversource_rate1_proposed
514774,ct_eversource_rate1_proposed
541025,ct_eversource_rate1_proposed
543241,ct_eversource_rate1_proposed
2331,ct_eversource_rate1_proposed
15333,ct_eversource_rate1_proposed
44292,ct_eversource_rate1_proposed
50980,ct_eversource_rate1_proposed
70257,ct_eversource_rate1_proposed
82338,ct_eversource_rate1_proposed
117068,ct_eversource_rate1_proposed
122567,ct_eversource_rate1_proposed
131784,ct_eversource_rate1_proposed
238047,ct_eversource_rate1_proposed
144559,ct_eversource_rate1_proposed
180332,ct_eversource_rate1_proposed
373956,ct_eversource_rate1_proposed
317543,ct_eversource_rate1_proposed
374909,ct_eversource_rate1_proposed
168816,ct_eversource_rate1_proposed
213429,ct_eversource_rate1_proposed
221053,ct_eversource_rate1_proposed
255906,ct_eversource_rate1_proposed
256232,ct_eversource_rate1_proposed
402569,ct_eversource_rate1_proposed
289754,ct_eversource_rate1_proposed
329241,ct_eversource_rate1_proposed
376101,ct_eversource_rate1_proposed
413311,ct_eversource_rate1_proposed
417714,ct_eversource_rate1_proposed
420474,ct_eversource_rate1_proposed
421032,ct_eversource_rate1_proposed
421386,ct_eversource_rate1_proposed
423425,ct_eversource_rate1_proposed
423839,ct_eversource_rate1_proposed
424280,ct_eversource_rate1_proposed
427829,ct_eversource_rate1_proposed
429563,ct_eversource_rate1_proposed
435778,ct_eversource_rate1_proposed
436266,ct_eversource_rate1_proposed
442203,ct_eversource_rate1_proposed
444551,ct_eversource_rate1_proposed
445350,ct_eversource_rate1_proposed
468247,ct_eversource_rate1_proposed
471534,ct_eversource_rate1_proposed
471886,ct_eversource_rate1_proposed
481669,ct_eversource_rate1_proposed
486274,ct_eversource_rate1_proposed
486851,ct_eversource_rate1_proposed
488744,ct_eversource_rate1_proposed
492203,ct_eversource_rate1_proposed
494791,ct_eversource_rate1_proposed
499678,ct_eversource_rate1_proposed
500559,ct_eversource_rate1_proposed
503336,ct_eversource_rate1_proposed
510857,ct_eversource_rate1_proposed
522925,ct_eversource_rate1_proposed
525975,ct_eversource_rate1_proposed
526202,ct_eversource_rate1_proposed
526460,ct_eversource_rate1_proposed
4999,ct_eversource_rate1_proposed
5294,ct_eversource_rate1_proposed
5662,ct_eversource_rate1_proposed
5874,ct_eversource_rate1_proposed
6936,ct_eversource_rate1_proposed
12274,ct_eversource_rate1_proposed
17557,ct_eversource_rate1_proposed
29127,ct_eversource_rate1_proposed
30020,ct_eversource_rate1_proposed
34832,ct_eversource_rate1_proposed
39750,ct_eversource_rate1_proposed
40390,ct_eversource_rate1_proposed
43096,ct_eversource_rate1_proposed
44052,ct_eversource_rate1_proposed
46316,ct_eversource_rate1_proposed
46946,ct_eversource_rate1_proposed
49344,ct_eversource_rate1_proposed
50058,ct_eversource_rate1_proposed
53391,ct_eversource_rate1_proposed
57583,ct_eversource_rate1_proposed
59217,ct_eversource_rate1_proposed
59281,ct_eversource_rate1_proposed
65283,ct_eversource_rate1_proposed
66426,ct_eversource_rate1_proposed
74452,ct_eversource_rate1_proposed
78515,ct_eversource_rate1_proposed
79518,ct_eversource_rate1_proposed
80492,ct_eversource_rate1_proposed
80969,ct_eversource_rate1_proposed
91503,ct_eversource_rate1_proposed
103790,ct_eversource_rate1_proposed
103990,ct_eversource_rate1_proposed
110154,ct_eversource_rate1_proposed
115436,ct_eversource_rate1_proposed
122421,ct_eversource_rate1_proposed
123138,ct_eversource_rate1_proposed
126323,ct_eversource_rate1_proposed
135245,ct_eversource_rate1_proposed
230905,ct_eversource_rate1_proposed
366920,ct_eversource_rate1_proposed
371914,ct_eversource_rate1_proposed
259034,ct_eversource_rate1_proposed
233043,ct_eversource_rate1_proposed
203226,ct_eversource_rate1_proposed
236915,ct_eversource_rate1_proposed
166660,ct_eversource_rate1_proposed
279395,ct_eversource_rate1_proposed
233579,ct_eversource_rate1_proposed
225125,ct_eversource_rate1_proposed
338462,ct_eversource_rate1_proposed
332434,ct_eversource_rate1_proposed
158906,ct_eversource_rate1_proposed
326045,ct_eversource_rate1_proposed
326543,ct_eversource_rate1_proposed
398310,ct_eversource_rate1_proposed
152001,ct_eversource_rate1_proposed
171899,ct_eversource_rate1_proposed
231057,ct_eversource_rate1_proposed
232630,ct_eversource_rate1_proposed
378152,ct_eversource_rate1_proposed
270211,ct_eversource_rate1_proposed
329282,ct_eversource_rate1_proposed
145900,ct_eversource_rate1_proposed
155639,ct_eversource_rate1_proposed
155840,ct_eversource_rate1_proposed
164726,ct_eversource_rate1_proposed
164924,ct_eversource_rate1_proposed
176751,ct_eversource_rate1_proposed
182029,ct_eversource_rate1_proposed
187028,ct_eversource_rate1_proposed
196327,ct_eversource_rate1_proposed
199440,ct_eversource_rate1_proposed
219042,ct_eversource_rate1_proposed
221554,ct_eversource_rate1_proposed
222831,ct_eversource_rate1_proposed
237714,ct_eversource_rate1_proposed
237722,ct_eversource_rate1_proposed
240534,ct_eversource_rate1_proposed
251493,ct_eversource_rate1_proposed
258719,ct_eversource_rate1_proposed
262369,ct_eversource_rate1_proposed
264377,ct_eversource_rate1_proposed
402180,ct_eversource_rate1_proposed
388469,ct_eversource_rate1_proposed
313086,ct_eversource_rate1_proposed
326141,ct_eversource_rate1_proposed
284162,ct_eversource_rate1_proposed
390756,ct_eversource_rate1_proposed
310489,ct_eversource_rate1_proposed
299903,ct_eversource_rate1_proposed
312217,ct_eversource_rate1_proposed
303938,ct_eversource_rate1_proposed
308867,ct_eversource_rate1_proposed
323128,ct_eversource_rate1_proposed
324303,ct_eversource_rate1_proposed
325787,ct_eversource_rate1_proposed
333546,ct_eversource_rate1_proposed
311711,ct_eversource_rate1_proposed
168183,ct_eversource_rate1_proposed
298286,ct_eversource_rate1_proposed
344988,ct_eversource_rate1_proposed
486773,ct_eversource_rate1_proposed
516089,ct_eversource_rate1_proposed
519442,ct_eversource_rate1_proposed
537354,ct_eversource_rate1_proposed
549750,ct_eversource_rate1_proposed
141585,ct_eversource_rate1_proposed
451888,ct_eversource_rate1_proposed
292197,ct_eversource_rate1_proposed
231161,ct_eversource_rate1_proposed
146459,ct_eversource_rate1_proposed
238269,ct_eversource_rate1_proposed
336099,ct_eversource_rate1_proposed
502886,ct_eversource_rate1_proposed
106399,ct_eversource_rate1_proposed
426618,ct_eversource_rate1_proposed
478785,ct_eversource_rate1_proposed
83234,ct_eversource_rate1_proposed
86661,ct_eversource_rate1_proposed
391612,ct_eversource_rate1_proposed
279732,ct_eversource_rate1_proposed
227785,ct_eversource_rate1_proposed
453304,ct_eversource_rate1_proposed
39862,ct_eversource_rate1_proposed
191944,ct_eversource_rate1_proposed
434410,ct_eversource_rate1_proposed
141865,ct_eversource_rate1_proposed
393355,ct_eversource_rate1_proposed
216043,ct_eversource_rate1_proposed
38423,ct_eversource_rate1_proposed
391578,ct_eversource_rate1_proposed
138525,ct_eversource_rate1_proposed
144857,ct_eversource_rate1_proposed
395189,ct_eversource_rate1_proposed
434483,ct_eversource_rate1_proposed
66839,ct_eversource_rate1_proposed
385856,ct_eversource_rate1_proposed
469143,ct_eversource_rate1_proposed
61362,ct_eversource_rate1_proposed
69535,ct_eversource_rate1_proposed
228430,ct_eversource_rate1_proposed
95522,ct_eversource_rate1_proposed
302645,ct_eversource_rate1_proposed
450863,ct_eversource_rate1_proposed
148361,ct_eversource_rate1_proposed
286987,ct_eversource_rate1_proposed
311861,ct_eversource_rate1_proposed
324722,ct_eversource_rate1_proposed
440502,ct_eversource_rate1_proposed
443644,ct_eversource_rate1_proposed
455178,ct_eversource_rate1_proposed
470340,ct_eversource_rate1_proposed
470503,ct_eversource_rate1_proposed
493901,ct_eversource_rate1_proposed
506411,ct_eversource_rate1_proposed
511480,ct_eversource_rate1_proposed
531291,ct_eversource_rate1_proposed
535929,ct_eversource_rate1_proposed
546407,ct_eversource_rate1_proposed
8050,ct_eversource_rate1_proposed
22557,ct_eversource_rate1_proposed
54730,ct_eversource_rate1_proposed
62666,ct_eversource_rate1_proposed
101712,ct_eversource_rate1_proposed
113586,ct_eversource_rate1_proposed
117421,ct_eversource_rate1_proposed
118333,ct_eversource_rate1_proposed
130871,ct_eversource_rate1_proposed
134582,ct_eversource_rate1_proposed
248038,ct_eversource_rate1_proposed
183175,ct_eversource_rate1_proposed
154921,ct_eversource_rate1_proposed
283387,ct_eversource_rate1_proposed
340707,ct_eversource_rate1_proposed
372677,ct_eversource_rate1_proposed
167821,ct_eversource_rate1_proposed
213583,ct_eversource_rate1_proposed
214795,ct_eversource_rate1_proposed
259211,ct_eversource_rate1_proposed
261746,ct_eversource_rate1_proposed
318217,ct_eversource_rate1_proposed
363300,ct_eversource_rate1_proposed
410466,ct_eversource_rate1_proposed
414167,ct_eversource_rate1_proposed
419331,ct_eversource_rate1_proposed
423330,ct_eversource_rate1_proposed
429946,ct_eversource_rate1_proposed
452463,ct_eversource_rate1_proposed
454389,ct_eversource_rate1_proposed
455479,ct_eversource_rate1_proposed
458993,ct_eversource_rate1_proposed
459169,ct_eversource_rate1_proposed
459216,ct_eversource_rate1_proposed
464951,ct_eversource_rate1_proposed
468970,ct_eversource_rate1_proposed
475049,ct_eversource_rate1_proposed
475601,ct_eversource_rate1_proposed
478720,ct_eversource_rate1_proposed
481351,ct_eversource_rate1_proposed
481910,ct_eversource_rate1_proposed
482224,ct_eversource_rate1_proposed
488252,ct_eversource_rate1_proposed
490807,ct_eversource_rate1_proposed
494455,ct_eversource_rate1_proposed
494950,ct_eversource_rate1_proposed
495287,ct_eversource_rate1_proposed
499154,ct_eversource_rate1_proposed
502563,ct_eversource_rate1_proposed
508808,ct_eversource_rate1_proposed
509585,ct_eversource_rate1_proposed
509852,ct_eversource_rate1_proposed
517271,ct_eversource_rate1_proposed
518108,ct_eversource_rate1_proposed
536674,ct_eversource_rate1_proposed
540661,ct_eversource_rate1_proposed
548491,ct_eversource_rate1_proposed
548837,ct_eversource_rate1_proposed
3005,ct_eversource_rate1_proposed
6006,ct_eversource_rate1_proposed
6131,ct_eversource_rate1_proposed
9864,ct_eversource_rate1_proposed
19111,ct_eversource_rate1_proposed
19349,ct_eversource_rate1_proposed
30835,ct_eversource_rate1_proposed
33335,ct_eversource_rate1_proposed
33479,ct_eversource_rate1_proposed
36856,ct_eversource_rate1_proposed
37479,ct_eversource_rate1_proposed
40750,ct_eversource_rate1_proposed
41739,ct_eversource_rate1_proposed
46424,ct_eversource_rate1_proposed
47391,ct_eversource_rate1_proposed
53172,ct_eversource_rate1_proposed
53499,ct_eversource_rate1_proposed
55863,ct_eversource_rate1_proposed
62348,ct_eversource_rate1_proposed
66301,ct_eversource_rate1_proposed
67305,ct_eversource_rate1_proposed
70463,ct_eversource_rate1_proposed
74082,ct_eversource_rate1_proposed
76601,ct_eversource_rate1_proposed
80757,ct_eversource_rate1_proposed
89352,ct_eversource_rate1_proposed
97893,ct_eversource_rate1_proposed
98080,ct_eversource_rate1_proposed
99099,ct_eversource_rate1_proposed
110571,ct_eversource_rate1_proposed
119790,ct_eversource_rate1_proposed
128937,ct_eversource_rate1_proposed
128948,ct_eversource_rate1_proposed
318870,ct_eversource_rate1_proposed
205970,ct_eversource_rate1_proposed
255969,ct_eversource_rate1_proposed
391048,ct_eversource_rate1_proposed
245025,ct_eversource_rate1_proposed
223868,ct_eversource_rate1_proposed
208237,ct_eversource_rate1_proposed
188282,ct_eversource_rate1_proposed
143426,ct_eversource_rate1_proposed
348722,ct_eversource_rate1_proposed
183614,ct_eversource_rate1_proposed
232831,ct_eversource_rate1_proposed
376122,ct_eversource_rate1_proposed
328324,ct_eversource_rate1_proposed
150302,ct_eversource_rate1_proposed
177032,ct_eversource_rate1_proposed
243316,ct_eversource_rate1_proposed
351306,ct_eversource_rate1_proposed
381912,ct_eversource_rate1_proposed
270275,ct_eversource_rate1_proposed
278775,ct_eversource_rate1_proposed
288938,ct_eversource_rate1_proposed
298341,ct_eversource_rate1_proposed
141134,ct_eversource_rate1_proposed
152605,ct_eversource_rate1_proposed
152924,ct_eversource_rate1_proposed
164718,ct_eversource_rate1_proposed
169513,ct_eversource_rate1_proposed
172539,ct_eversource_rate1_proposed
179383,ct_eversource_rate1_proposed
182613,ct_eversource_rate1_proposed
184172,ct_eversource_rate1_proposed
205540,ct_eversource_rate1_proposed
206661,ct_eversource_rate1_proposed
207521,ct_eversource_rate1_proposed
216549,ct_eversource_rate1_proposed
216890,ct_eversource_rate1_proposed
218716,ct_eversource_rate1_proposed
221569,ct_eversource_rate1_proposed
236061,ct_eversource_rate1_proposed
237542,ct_eversource_rate1_proposed
239181,ct_eversource_rate1_proposed
242063,ct_eversource_rate1_proposed
242745,ct_eversource_rate1_proposed
243076,ct_eversource_rate1_proposed
248813,ct_eversource_rate1_proposed
257424,ct_eversource_rate1_proposed
257534,ct_eversource_rate1_proposed
263934,ct_eversource_rate1_proposed
265729,ct_eversource_rate1_proposed
267238,ct_eversource_rate1_proposed
367320,ct_eversource_rate1_proposed
392680,ct_eversource_rate1_proposed
350167,ct_eversource_rate1_proposed
371903,ct_eversource_rate1_proposed
387454,ct_eversource_rate1_proposed
361929,ct_eversource_rate1_proposed
391602,ct_eversource_rate1_proposed
395002,ct_eversource_rate1_proposed
283240,ct_eversource_rate1_proposed
297099,ct_eversource_rate1_proposed
308557,ct_eversource_rate1_proposed
272195,ct_eversource_rate1_proposed
277101,ct_eversource_rate1_proposed
293494,ct_eversource_rate1_proposed
323899,ct_eversource_rate1_proposed
125295,ct_eversource_rate1_proposed
476274,ct_eversource_rate1_proposed
192893,ct_eversource_rate1_proposed
419677,ct_eversource_rate1_proposed
430754,ct_eversource_rate1_proposed
448708,ct_eversource_rate1_proposed
496425,ct_eversource_rate1_proposed
501737,ct_eversource_rate1_proposed
502694,ct_eversource_rate1_proposed
510889,ct_eversource_rate1_proposed
515089,ct_eversource_rate1_proposed
522279,ct_eversource_rate1_proposed
526557,ct_eversource_rate1_proposed
539452,ct_eversource_rate1_proposed
111347,ct_eversource_rate1_proposed
137283,ct_eversource_rate1_proposed
212274,ct_eversource_rate1_proposed
459282,ct_eversource_rate1_proposed
240939,ct_eversource_rate1_proposed
323811,ct_eversource_rate1_proposed
266533,ct_eversource_rate1_proposed
145419,ct_eversource_rate1_proposed
217893,ct_eversource_rate1_proposed
396580,ct_eversource_rate1_proposed
269988,ct_eversource_rate1_proposed
378211,ct_eversource_rate1_proposed
336599,ct_eversource_rate1_proposed
341809,ct_eversource_rate1_proposed
214876,ct_eversource_rate1_proposed
247246,ct_eversource_rate1_proposed
268518,ct_eversource_rate1_proposed
11579,ct_eversource_rate1_proposed
513561,ct_eversource_rate1_proposed
378273,ct_eversource_rate1_proposed
71584,ct_eversource_rate1_proposed
349049,ct_eversource_rate1_proposed
312400,ct_eversource_rate1_proposed
78013,ct_eversource_rate1_proposed
389503,ct_eversource_rate1_proposed
157228,ct_eversource_rate1_proposed
431784,ct_eversource_rate1_proposed
547131,ct_eversource_rate1_proposed
44270,ct_eversource_rate1_proposed
127949,ct_eversource_rate1_proposed
155082,ct_eversource_rate1_proposed
231877,ct_eversource_rate1_proposed
250608,ct_eversource_rate1_proposed
370535,ct_eversource_rate1_proposed
382113,ct_eversource_rate1_proposed
398195,ct_eversource_rate1_proposed
401111,ct_eversource_rate1_proposed
397988,ct_eversource_rate1_proposed
260758,ct_eversource_rate1_proposed
348631,ct_eversource_rate1_proposed
540590,ct_eversource_rate1_proposed
422243,ct_eversource_rate1_proposed
542451,ct_eversource_rate1_proposed
192143,ct_eversource_rate1_proposed
285136,ct_eversource_rate1_proposed
106676,ct_eversource_rate1_proposed
118684,ct_eversource_rate1_proposed
388190,ct_eversource_rate1_proposed
146753,ct_eversource_rate1_proposed
366762,ct_eversource_rate1_proposed
412269,ct_eversource_rate1_proposed
418337,ct_eversource_rate1_proposed
424819,ct_eversource_rate1_proposed
425535,ct_eversource_rate1_proposed
440596,ct_eversource_rate1_proposed
445503,ct_eversource_rate1_proposed
467723,ct_eversource_rate1_proposed
474009,ct_eversource_rate1_proposed
493625,ct_eversource_rate1_proposed
518006,ct_eversource_rate1_proposed
2277,ct_eversource_rate1_proposed
28921,ct_eversource_rate1_proposed
56086,ct_eversource_rate1_proposed
111861,ct_eversource_rate1_proposed
127420,ct_eversource_rate1_proposed
338689,ct_eversource_rate1_proposed
400914,ct_eversource_rate1_proposed
170333,ct_eversource_rate1_proposed
400163,ct_eversource_rate1_proposed
342553,ct_eversource_rate1_proposed
148789,ct_eversource_rate1_proposed
155186,ct_eversource_rate1_proposed
155461,ct_eversource_rate1_proposed
182730,ct_eversource_rate1_proposed
193111,ct_eversource_rate1_proposed
199994,ct_eversource_rate1_proposed
398093,ct_eversource_rate1_proposed
295688,ct_eversource_rate1_proposed
304436,ct_eversource_rate1_proposed
345860,ct_eversource_rate1_proposed
361019,ct_eversource_rate1_proposed
421298,ct_eversource_rate1_proposed
425849,ct_eversource_rate1_proposed
426200,ct_eversource_rate1_proposed
426731,ct_eversource_rate1_proposed
427998,ct_eversource_rate1_proposed
430962,ct_eversource_rate1_proposed
434670,ct_eversource_rate1_proposed
438090,ct_eversource_rate1_proposed
438970,ct_eversource_rate1_proposed
440102,ct_eversource_rate1_proposed
440247,ct_eversource_rate1_proposed
455015,ct_eversource_rate1_proposed
458348,ct_eversource_rate1_proposed
463827,ct_eversource_rate1_proposed
464296,ct_eversource_rate1_proposed
464901,ct_eversource_rate1_proposed
469342,ct_eversource_rate1_proposed
469812,ct_eversource_rate1_proposed
471401,ct_eversource_rate1_proposed
471821,ct_eversource_rate1_proposed
491580,ct_eversource_rate1_proposed
510448,ct_eversource_rate1_proposed
510706,ct_eversource_rate1_proposed
521090,ct_eversource_rate1_proposed
523355,ct_eversource_rate1_proposed
528149,ct_eversource_rate1_proposed
528292,ct_eversource_rate1_proposed
533884,ct_eversource_rate1_proposed
543602,ct_eversource_rate1_proposed
3154,ct_eversource_rate1_proposed
11356,ct_eversource_rate1_proposed
13358,ct_eversource_rate1_proposed
18638,ct_eversource_rate1_proposed
18640,ct_eversource_rate1_proposed
28444,ct_eversource_rate1_proposed
34254,ct_eversource_rate1_proposed
34449,ct_eversource_rate1_proposed
35534,ct_eversource_rate1_proposed
35658,ct_eversource_rate1_proposed
38051,ct_eversource_rate1_proposed
41853,ct_eversource_rate1_proposed
48561,ct_eversource_rate1_proposed
50671,ct_eversource_rate1_proposed
59970,ct_eversource_rate1_proposed
64995,ct_eversource_rate1_proposed
67799,ct_eversource_rate1_proposed
75614,ct_eversource_rate1_proposed
77453,ct_eversource_rate1_proposed
79812,ct_eversource_rate1_proposed
82784,ct_eversource_rate1_proposed
85046,ct_eversource_rate1_proposed
86780,ct_eversource_rate1_proposed
91086,ct_eversource_rate1_proposed
91412,ct_eversource_rate1_proposed
99280,ct_eversource_rate1_proposed
103158,ct_eversource_rate1_proposed
114551,ct_eversource_rate1_proposed
116001,ct_eversource_rate1_proposed
116644,ct_eversource_rate1_proposed
117949,ct_eversource_rate1_proposed
118525,ct_eversource_rate1_proposed
124950,ct_eversource_rate1_proposed
127474,ct_eversource_rate1_proposed
128027,ct_eversource_rate1_proposed
130986,ct_eversource_rate1_proposed
137674,ct_eversource_rate1_proposed
257399,ct_eversource_rate1_proposed
247443,ct_eversource_rate1_proposed
325273,ct_eversource_rate1_proposed
191444,ct_eversource_rate1_proposed
407385,ct_eversource_rate1_proposed
336660,ct_eversource_rate1_proposed
171290,ct_eversource_rate1_proposed
207843,ct_eversource_rate1_proposed
178669,ct_eversource_rate1_proposed
253837,ct_eversource_rate1_proposed
399111,ct_eversource_rate1_proposed
331622,ct_eversource_rate1_proposed
309661,ct_eversource_rate1_proposed
323900,ct_eversource_rate1_proposed
327305,ct_eversource_rate1_proposed
329319,ct_eversource_rate1_proposed
139207,ct_eversource_rate1_proposed
144417,ct_eversource_rate1_proposed
147995,ct_eversource_rate1_proposed
151554,ct_eversource_rate1_proposed
151858,ct_eversource_rate1_proposed
158154,ct_eversource_rate1_proposed
187198,ct_eversource_rate1_proposed
190719,ct_eversource_rate1_proposed
193937,ct_eversource_rate1_proposed
209623,ct_eversource_rate1_proposed
222977,ct_eversource_rate1_proposed
230861,ct_eversource_rate1_proposed
241531,ct_eversource_rate1_proposed
242264,ct_eversource_rate1_proposed
246176,ct_eversource_rate1_proposed
252889,ct_eversource_rate1_proposed
253910,ct_eversource_rate1_proposed
256412,ct_eversource_rate1_proposed
392065,ct_eversource_rate1_proposed
352514,ct_eversource_rate1_proposed
380932,ct_eversource_rate1_proposed
406990,ct_eversource_rate1_proposed
350971,ct_eversource_rate1_proposed
313414,ct_eversource_rate1_proposed
282665,ct_eversource_rate1_proposed
399525,ct_eversource_rate1_proposed
290674,ct_eversource_rate1_proposed
339142,ct_eversource_rate1_proposed
301513,ct_eversource_rate1_proposed
308672,ct_eversource_rate1_proposed
273185,ct_eversource_rate1_proposed
277653,ct_eversource_rate1_proposed
282431,ct_eversource_rate1_proposed
307525,ct_eversource_rate1_proposed
307812,ct_eversource_rate1_proposed
324153,ct_eversource_rate1_proposed
1233,ct_eversource_rate1_proposed
188714,ct_eversource_rate1_proposed
257682,ct_eversource_rate1_proposed
418294,ct_eversource_rate1_proposed
418864,ct_eversource_rate1_proposed
419321,ct_eversource_rate1_proposed
471164,ct_eversource_rate1_proposed
518231,ct_eversource_rate1_proposed
533746,ct_eversource_rate1_proposed
543247,ct_eversource_rate1_proposed
107961,ct_eversource_rate1_proposed
257043,ct_eversource_rate1_proposed
153381,ct_eversource_rate1_proposed
169510,ct_eversource_rate1_proposed
329749,ct_eversource_rate1_proposed
140801,ct_eversource_rate1_proposed
283932,ct_eversource_rate1_proposed
176093,ct_eversource_rate1_proposed
431614,ct_eversource_rate1_proposed
271241,ct_eversource_rate1_proposed
505902,ct_eversource_rate1_proposed
27385,ct_eversource_rate1_proposed
87667,ct_eversource_rate1_proposed
345221,ct_eversource_rate1_proposed
407449,ct_eversource_rate1_proposed
275965,ct_eversource_rate1_proposed
408644,ct_eversource_rate1_proposed
140345,ct_eversource_rate1_proposed
469433,ct_eversource_rate1_proposed
172274,ct_eversource_rate1_proposed
520926,ct_eversource_rate1_proposed
44839,ct_eversource_rate1_proposed
65617,ct_eversource_rate1_proposed
111927,ct_eversource_rate1_proposed
129128,ct_eversource_rate1_proposed
145855,ct_eversource_rate1_proposed
229795,ct_eversource_rate1_proposed
245307,ct_eversource_rate1_proposed
395296,ct_eversource_rate1_proposed
368655,ct_eversource_rate1_proposed
454794,ct_eversource_rate1_proposed
86487,ct_eversource_rate1_proposed
118415,ct_eversource_rate1_proposed
250429,ct_eversource_rate1_proposed
398557,ct_eversource_rate1_proposed
530363,ct_eversource_rate1_proposed
83837,ct_eversource_rate1_proposed
308319,ct_eversource_rate1_proposed
241768,ct_eversource_rate1_proposed
83250,ct_eversource_rate1_proposed
368492,ct_eversource_rate1_proposed
395985,ct_eversource_rate1_proposed
15784,ct_eversource_rate1_proposed
7382,ct_eversource_rate1_proposed
75852,ct_eversource_rate1_proposed
330748,ct_eversource_rate1_proposed
422143,ct_eversource_rate1_proposed
429768,ct_eversource_rate1_proposed
51759,ct_eversource_rate1_proposed
190193,ct_eversource_rate1_proposed
228932,ct_eversource_rate1_proposed
298935,ct_eversource_rate1_proposed
356752,ct_eversource_rate1_proposed
433531,ct_eversource_rate1_proposed
442274,ct_eversource_rate1_proposed
509097,ct_eversource_rate1_proposed
32979,ct_eversource_rate1_proposed
41871,ct_eversource_rate1_proposed
47418,ct_eversource_rate1_proposed
61739,ct_eversource_rate1_proposed
89603,ct_eversource_rate1_proposed
97626,ct_eversource_rate1_proposed
378440,ct_eversource_rate1_proposed
349966,ct_eversource_rate1_proposed
158351,ct_eversource_rate1_proposed
235990,ct_eversource_rate1_proposed
239353,ct_eversource_rate1_proposed
377726,ct_eversource_rate1_proposed
142551,ct_eversource_rate1_proposed
146027,ct_eversource_rate1_proposed
155773,ct_eversource_rate1_proposed
210921,ct_eversource_rate1_proposed
213812,ct_eversource_rate1_proposed
226848,ct_eversource_rate1_proposed
236241,ct_eversource_rate1_proposed
236716,ct_eversource_rate1_proposed
301538,ct_eversource_rate1_proposed
377552,ct_eversource_rate1_proposed
339777,ct_eversource_rate1_proposed
326686,ct_eversource_rate1_proposed
343123,ct_eversource_rate1_proposed
410069,ct_eversource_rate1_proposed
417405,ct_eversource_rate1_proposed
418874,ct_eversource_rate1_proposed
422044,ct_eversource_rate1_proposed
422089,ct_eversource_rate1_proposed
422295,ct_eversource_rate1_proposed
424934,ct_eversource_rate1_proposed
427401,ct_eversource_rate1_proposed
429647,ct_eversource_rate1_proposed
434182,ct_eversource_rate1_proposed
445641,ct_eversource_rate1_proposed
445773,ct_eversource_rate1_proposed
449376,ct_eversource_rate1_proposed
452470,ct_eversource_rate1_proposed
458835,ct_eversource_rate1_proposed
462432,ct_eversource_rate1_proposed
468575,ct_eversource_rate1_proposed
472333,ct_eversource_rate1_proposed
477335,ct_eversource_rate1_proposed
477554,ct_eversource_rate1_proposed
477725,ct_eversource_rate1_proposed
478657,ct_eversource_rate1_proposed
479087,ct_eversource_rate1_proposed
479582,ct_eversource_rate1_proposed
481042,ct_eversource_rate1_proposed
489540,ct_eversource_rate1_proposed
495173,ct_eversource_rate1_proposed
496823,ct_eversource_rate1_proposed
501886,ct_eversource_rate1_proposed
509191,ct_eversource_rate1_proposed
509329,ct_eversource_rate1_proposed
516407,ct_eversource_rate1_proposed
518242,ct_eversource_rate1_proposed
522181,ct_eversource_rate1_proposed
524288,ct_eversource_rate1_proposed
535836,ct_eversource_rate1_proposed
548742,ct_eversource_rate1_proposed
211,ct_eversource_rate1_proposed
7747,ct_eversource_rate1_proposed
10917,ct_eversource_rate1_proposed
12676,ct_eversource_rate1_proposed
16421,ct_eversource_rate1_proposed
17456,ct_eversource_rate1_proposed
19852,ct_eversource_rate1_proposed
25414,ct_eversource_rate1_proposed
27095,ct_eversource_rate1_proposed
30010,ct_eversource_rate1_proposed
34869,ct_eversource_rate1_proposed
37601,ct_eversource_rate1_proposed
37648,ct_eversource_rate1_proposed
41696,ct_eversource_rate1_proposed
41856,ct_eversource_rate1_proposed
46489,ct_eversource_rate1_proposed
46519,ct_eversource_rate1_proposed
49252,ct_eversource_rate1_proposed
55514,ct_eversource_rate1_proposed
57388,ct_eversource_rate1_proposed
58688,ct_eversource_rate1_proposed
63338,ct_eversource_rate1_proposed
65340,ct_eversource_rate1_proposed
66302,ct_eversource_rate1_proposed
73380,ct_eversource_rate1_proposed
75752,ct_eversource_rate1_proposed
81580,ct_eversource_rate1_proposed
84498,ct_eversource_rate1_proposed
95965,ct_eversource_rate1_proposed
100366,ct_eversource_rate1_proposed
100771,ct_eversource_rate1_proposed
105576,ct_eversource_rate1_proposed
111993,ct_eversource_rate1_proposed
114385,ct_eversource_rate1_proposed
118331,ct_eversource_rate1_proposed
118397,ct_eversource_rate1_proposed
122033,ct_eversource_rate1_proposed
123377,ct_eversource_rate1_proposed
123731,ct_eversource_rate1_proposed
125327,ct_eversource_rate1_proposed
127141,ct_eversource_rate1_proposed
240549,ct_eversource_rate1_proposed
176430,ct_eversource_rate1_proposed
152774,ct_eversource_rate1_proposed
201756,ct_eversource_rate1_proposed
205835,ct_eversource_rate1_proposed
149789,ct_eversource_rate1_proposed
191793,ct_eversource_rate1_proposed
229435,ct_eversource_rate1_proposed
372128,ct_eversource_rate1_proposed
197924,ct_eversource_rate1_proposed
212567,ct_eversource_rate1_proposed
232099,ct_eversource_rate1_proposed
266950,ct_eversource_rate1_proposed
319862,ct_eversource_rate1_proposed
309261,ct_eversource_rate1_proposed
374158,ct_eversource_rate1_proposed
142960,ct_eversource_rate1_proposed
144938,ct_eversource_rate1_proposed
156423,ct_eversource_rate1_proposed
160432,ct_eversource_rate1_proposed
161057,ct_eversource_rate1_proposed
164086,ct_eversource_rate1_proposed
164330,ct_eversource_rate1_proposed
165585,ct_eversource_rate1_proposed
167564,ct_eversource_rate1_proposed
168305,ct_eversource_rate1_proposed
170761,ct_eversource_rate1_proposed
172565,ct_eversource_rate1_proposed
179679,ct_eversource_rate1_proposed
190191,ct_eversource_rate1_proposed
195246,ct_eversource_rate1_proposed
197242,ct_eversource_rate1_proposed
199525,ct_eversource_rate1_proposed
202188,ct_eversource_rate1_proposed
206612,ct_eversource_rate1_proposed
211818,ct_eversource_rate1_proposed
211844,ct_eversource_rate1_proposed
216140,ct_eversource_rate1_proposed
223328,ct_eversource_rate1_proposed
223948,ct_eversource_rate1_proposed
232373,ct_eversource_rate1_proposed
234060,ct_eversource_rate1_proposed
238074,ct_eversource_rate1_proposed
240029,ct_eversource_rate1_proposed
260676,ct_eversource_rate1_proposed
263907,ct_eversource_rate1_proposed
266085,ct_eversource_rate1_proposed
399590,ct_eversource_rate1_proposed
281847,ct_eversource_rate1_proposed
328669,ct_eversource_rate1_proposed
347101,ct_eversource_rate1_proposed
330117,ct_eversource_rate1_proposed
276978,ct_eversource_rate1_proposed
340686,ct_eversource_rate1_proposed
398637,ct_eversource_rate1_proposed
399645,ct_eversource_rate1_proposed
279061,ct_eversource_rate1_proposed
308858,ct_eversource_rate1_proposed
272643,ct_eversource_rate1_proposed
281710,ct_eversource_rate1_proposed
282830,ct_eversource_rate1_proposed
283170,ct_eversource_rate1_proposed
294835,ct_eversource_rate1_proposed
295864,ct_eversource_rate1_proposed
299542,ct_eversource_rate1_proposed
304860,ct_eversource_rate1_proposed
308857,ct_eversource_rate1_proposed
311027,ct_eversource_rate1_proposed
316476,ct_eversource_rate1_proposed
325717,ct_eversource_rate1_proposed
355741,ct_eversource_rate1_proposed
367025,ct_eversource_rate1_proposed
369627,ct_eversource_rate1_proposed
378659,ct_eversource_rate1_proposed
383417,ct_eversource_rate1_proposed
392788,ct_eversource_rate1_proposed
375474,ct_eversource_rate1_proposed
442434,ct_eversource_rate1_proposed
442875,ct_eversource_rate1_proposed
449294,ct_eversource_rate1_proposed
466560,ct_eversource_rate1_proposed
499053,ct_eversource_rate1_proposed
506159,ct_eversource_rate1_proposed
533296,ct_eversource_rate1_proposed
539418,ct_eversource_rate1_proposed
34047,ct_eversource_rate1_proposed
37196,ct_eversource_rate1_proposed
57591,ct_eversource_rate1_proposed
462968,ct_eversource_rate1_proposed
284251,ct_eversource_rate1_proposed
305611,ct_eversource_rate1_proposed
292263,ct_eversource_rate1_proposed
278304,ct_eversource_rate1_proposed
224486,ct_eversource_rate1_proposed
225154,ct_eversource_rate1_proposed
248667,ct_eversource_rate1_proposed
442655,ct_eversource_rate1_proposed
54219,ct_eversource_rate1_proposed
63060,ct_eversource_rate1_proposed
76103,ct_eversource_rate1_proposed
115827,ct_eversource_rate1_proposed
137166,ct_eversource_rate1_proposed
137552,ct_eversource_rate1_proposed
404969,ct_eversource_rate1_proposed
380039,ct_eversource_rate1_proposed
384475,ct_eversource_rate1_proposed
395081,ct_eversource_rate1_proposed
405051,ct_eversource_rate1_proposed
407636,ct_eversource_rate1_proposed
38142,ct_eversource_rate1_proposed
192384,ct_eversource_rate1_proposed
467685,ct_eversource_rate1_proposed
3426,ct_eversource_rate1_proposed
11565,ct_eversource_rate1_proposed
30845,ct_eversource_rate1_proposed
51656,ct_eversource_rate1_proposed
146197,ct_eversource_rate1_proposed
181185,ct_eversource_rate1_proposed
210753,ct_eversource_rate1_proposed
357505,ct_eversource_rate1_proposed
340179,ct_eversource_rate1_proposed
147077,ct_eversource_rate1_proposed
288341,ct_eversource_rate1_proposed
77811,ct_eversource_rate1_proposed
301616,ct_eversource_rate1_proposed
401767,ct_eversource_rate1_proposed
180424,ct_eversource_rate1_proposed
200,ct_eversource_rate1_proposed
240166,ct_eversource_rate1_proposed
101832,ct_eversource_rate1_proposed
285665,ct_eversource_rate1_proposed
170339,ct_eversource_rate1_proposed
186309,ct_eversource_rate1_proposed
463167,ct_eversource_rate1_proposed
433647,ct_eversource_rate1_proposed
18789,ct_eversource_rate1_proposed
294096,ct_eversource_rate1_proposed
309826,ct_eversource_rate1_proposed
219916,ct_eversource_rate1_proposed
245285,ct_eversource_rate1_proposed
346980,ct_eversource_rate1_proposed
311215,ct_eversource_rate1_proposed
369876,ct_eversource_rate1_proposed
417110,ct_eversource_rate1_proposed
438283,ct_eversource_rate1_proposed
488257,ct_eversource_rate1_proposed
539733,ct_eversource_rate1_proposed
547969,ct_eversource_rate1_proposed
8668,ct_eversource_rate1_proposed
12771,ct_eversource_rate1_proposed
43359,ct_eversource_rate1_proposed
100540,ct_eversource_rate1_proposed
106211,ct_eversource_rate1_proposed
115641,ct_eversource_rate1_proposed
142772,ct_eversource_rate1_proposed
378545,ct_eversource_rate1_proposed
273033,ct_eversource_rate1_proposed
197312,ct_eversource_rate1_proposed
208707,ct_eversource_rate1_proposed
253841,ct_eversource_rate1_proposed
314303,ct_eversource_rate1_proposed
273523,ct_eversource_rate1_proposed
410412,ct_eversource_rate1_proposed
412658,ct_eversource_rate1_proposed
421084,ct_eversource_rate1_proposed
422960,ct_eversource_rate1_proposed
424150,ct_eversource_rate1_proposed
431915,ct_eversource_rate1_proposed
435437,ct_eversource_rate1_proposed
438807,ct_eversource_rate1_proposed
442187,ct_eversource_rate1_proposed
461509,ct_eversource_rate1_proposed
472477,ct_eversource_rate1_proposed
479583,ct_eversource_rate1_proposed
479871,ct_eversource_rate1_proposed
484131,ct_eversource_rate1_proposed
497440,ct_eversource_rate1_proposed
506937,ct_eversource_rate1_proposed
507419,ct_eversource_rate1_proposed
518965,ct_eversource_rate1_proposed
527183,ct_eversource_rate1_proposed
530141,ct_eversource_rate1_proposed
535156,ct_eversource_rate1_proposed
542913,ct_eversource_rate1_proposed
543967,ct_eversource_rate1_proposed
548997,ct_eversource_rate1_proposed
63824,ct_eversource_rate1_proposed
5402,ct_eversource_rate1_proposed
14391,ct_eversource_rate1_proposed
19183,ct_eversource_rate1_proposed
21637,ct_eversource_rate1_proposed
22333,ct_eversource_rate1_proposed
28825,ct_eversource_rate1_proposed
33746,ct_eversource_rate1_proposed
35840,ct_eversource_rate1_proposed
50841,ct_eversource_rate1_proposed
53696,ct_eversource_rate1_proposed
55303,ct_eversource_rate1_proposed
56804,ct_eversource_rate1_proposed
59067,ct_eversource_rate1_proposed
59815,ct_eversource_rate1_proposed
60986,ct_eversource_rate1_proposed
72516,ct_eversource_rate1_proposed
72716,ct_eversource_rate1_proposed
74332,ct_eversource_rate1_proposed
74862,ct_eversource_rate1_proposed
75359,ct_eversource_rate1_proposed
76304,ct_eversource_rate1_proposed
82869,ct_eversource_rate1_proposed
96220,ct_eversource_rate1_proposed
97418,ct_eversource_rate1_proposed
103549,ct_eversource_rate1_proposed
107945,ct_eversource_rate1_proposed
111495,ct_eversource_rate1_proposed
113798,ct_eversource_rate1_proposed
121069,ct_eversource_rate1_proposed
123755,ct_eversource_rate1_proposed
126645,ct_eversource_rate1_proposed
126710,ct_eversource_rate1_proposed
127303,ct_eversource_rate1_proposed
146623,ct_eversource_rate1_proposed
402346,ct_eversource_rate1_proposed
316973,ct_eversource_rate1_proposed
373113,ct_eversource_rate1_proposed
199728,ct_eversource_rate1_proposed
406372,ct_eversource_rate1_proposed
256547,ct_eversource_rate1_proposed
208165,ct_eversource_rate1_proposed
208637,ct_eversource_rate1_proposed
257643,ct_eversource_rate1_proposed
269197,ct_eversource_rate1_proposed
387123,ct_eversource_rate1_proposed
404715,ct_eversource_rate1_proposed
158835,ct_eversource_rate1_proposed
160369,ct_eversource_rate1_proposed
161530,ct_eversource_rate1_proposed
172980,ct_eversource_rate1_proposed
178636,ct_eversource_rate1_proposed
183595,ct_eversource_rate1_proposed
186642,ct_eversource_rate1_proposed
204637,ct_eversource_rate1_proposed
207181,ct_eversource_rate1_proposed
241599,ct_eversource_rate1_proposed
247009,ct_eversource_rate1_proposed
250042,ct_eversource_rate1_proposed
263666,ct_eversource_rate1_proposed
266833,ct_eversource_rate1_proposed
268963,ct_eversource_rate1_proposed
379843,ct_eversource_rate1_proposed
372485,ct_eversource_rate1_proposed
283431,ct_eversource_rate1_proposed
396528,ct_eversource_rate1_proposed
316418,ct_eversource_rate1_proposed
332638,ct_eversource_rate1_proposed
286758,ct_eversource_rate1_proposed
290509,ct_eversource_rate1_proposed
298072,ct_eversource_rate1_proposed
300792,ct_eversource_rate1_proposed
308750,ct_eversource_rate1_proposed
310833,ct_eversource_rate1_proposed
324092,ct_eversource_rate1_proposed
336679,ct_eversource_rate1_proposed
337197,ct_eversource_rate1_proposed
357592,ct_eversource_rate1_proposed
370970,ct_eversource_rate1_proposed
371922,ct_eversource_rate1_proposed
378844,ct_eversource_rate1_proposed
384401,ct_eversource_rate1_proposed
387964,ct_eversource_rate1_proposed
398785,ct_eversource_rate1_proposed
433001,ct_eversource_rate1_proposed
446435,ct_eversource_rate1_proposed
470584,ct_eversource_rate1_proposed
472670,ct_eversource_rate1_proposed
497828,ct_eversource_rate1_proposed
511515,ct_eversource_rate1_proposed
511861,ct_eversource_rate1_proposed
541287,ct_eversource_rate1_proposed
322467,ct_eversource_rate1_proposed
472469,ct_eversource_rate1_proposed
161773,ct_eversource_rate1_proposed
237004,ct_eversource_rate1_proposed
252631,ct_eversource_rate1_proposed
248918,ct_eversource_rate1_proposed
258860,ct_eversource_rate1_proposed
370876,ct_eversource_rate1_proposed
324718,ct_eversource_rate1_proposed
314882,ct_eversource_rate1_proposed
24243,ct_eversource_rate1_proposed
36388,ct_eversource_rate1_proposed
84216,ct_eversource_rate1_proposed
375349,ct_eversource_rate1_proposed
288179,ct_eversource_rate1_proposed
353154,ct_eversource_rate1_proposed
311293,ct_eversource_rate1_proposed
340556,ct_eversource_rate1_proposed
198339,ct_eversource_rate1_proposed
459811,ct_eversource_rate1_proposed
206613,ct_eversource_rate1_proposed
150839,ct_eversource_rate1_proposed
2159,ct_eversource_rate1_proposed
17722,ct_eversource_rate1_proposed
147150,ct_eversource_rate1_proposed
267742,ct_eversource_rate1_proposed
399483,ct_eversource_rate1_proposed
462858,ct_eversource_rate1_proposed
480217,ct_eversource_rate1_proposed
519773,ct_eversource_rate1_proposed
542706,ct_eversource_rate1_proposed
502652,ct_eversource_rate1_proposed
56396,ct_eversource_rate1_proposed
266537,ct_eversource_rate1_proposed
129812,ct_eversource_rate1_proposed
507859,ct_eversource_rate1_proposed
73983,ct_eversource_rate1_proposed
201685,ct_eversource_rate1_proposed
369473,ct_eversource_rate1_proposed
355296,ct_eversource_rate1_proposed
420795,ct_eversource_rate1_proposed
427703,ct_eversource_rate1_proposed
157709,ct_eversource_rate1_proposed
140086,ct_eversource_rate1_proposed
144492,ct_eversource_rate1_proposed
157515,ct_eversource_rate1_proposed
224838,ct_eversource_rate1_proposed
321480,ct_eversource_rate1_proposed
459622,ct_eversource_rate1_proposed
462705,ct_eversource_rate1_proposed
496966,ct_eversource_rate1_proposed
537099,ct_eversource_rate1_proposed
543144,ct_eversource_rate1_proposed
8528,ct_eversource_rate1_proposed
22898,ct_eversource_rate1_proposed
38654,ct_eversource_rate1_proposed
131195,ct_eversource_rate1_proposed
131753,ct_eversource_rate1_proposed
135169,ct_eversource_rate1_proposed
344643,ct_eversource_rate1_proposed
227285,ct_eversource_rate1_proposed
184030,ct_eversource_rate1_proposed
184296,ct_eversource_rate1_proposed
199144,ct_eversource_rate1_proposed
242992,ct_eversource_rate1_proposed
319249,ct_eversource_rate1_proposed
333274,ct_eversource_rate1_proposed
421364,ct_eversource_rate1_proposed
421546,ct_eversource_rate1_proposed
425521,ct_eversource_rate1_proposed
426127,ct_eversource_rate1_proposed
426274,ct_eversource_rate1_proposed
434285,ct_eversource_rate1_proposed
436129,ct_eversource_rate1_proposed
453942,ct_eversource_rate1_proposed
454697,ct_eversource_rate1_proposed
458233,ct_eversource_rate1_proposed
472269,ct_eversource_rate1_proposed
484265,ct_eversource_rate1_proposed
487725,ct_eversource_rate1_proposed
488710,ct_eversource_rate1_proposed
493159,ct_eversource_rate1_proposed
493423,ct_eversource_rate1_proposed
494593,ct_eversource_rate1_proposed
500821,ct_eversource_rate1_proposed
501205,ct_eversource_rate1_proposed
516816,ct_eversource_rate1_proposed
529641,ct_eversource_rate1_proposed
529924,ct_eversource_rate1_proposed
533872,ct_eversource_rate1_proposed
534336,ct_eversource_rate1_proposed
537530,ct_eversource_rate1_proposed
548202,ct_eversource_rate1_proposed
1618,ct_eversource_rate1_proposed
2376,ct_eversource_rate1_proposed
13728,ct_eversource_rate1_proposed
16566,ct_eversource_rate1_proposed
18396,ct_eversource_rate1_proposed
20877,ct_eversource_rate1_proposed
29654,ct_eversource_rate1_proposed
32733,ct_eversource_rate1_proposed
34246,ct_eversource_rate1_proposed
44983,ct_eversource_rate1_proposed
49861,ct_eversource_rate1_proposed
51406,ct_eversource_rate1_proposed
63735,ct_eversource_rate1_proposed
65684,ct_eversource_rate1_proposed
66329,ct_eversource_rate1_proposed
72930,ct_eversource_rate1_proposed
73452,ct_eversource_rate1_proposed
73909,ct_eversource_rate1_proposed
74609,ct_eversource_rate1_proposed
75013,ct_eversource_rate1_proposed
77755,ct_eversource_rate1_proposed
77766,ct_eversource_rate1_proposed
83229,ct_eversource_rate1_proposed
84258,ct_eversource_rate1_proposed
85078,ct_eversource_rate1_proposed
85985,ct_eversource_rate1_proposed
86493,ct_eversource_rate1_proposed
89409,ct_eversource_rate1_proposed
90132,ct_eversource_rate1_proposed
90983,ct_eversource_rate1_proposed
93966,ct_eversource_rate1_proposed
98649,ct_eversource_rate1_proposed
105564,ct_eversource_rate1_proposed
113786,ct_eversource_rate1_proposed
116381,ct_eversource_rate1_proposed
118330,ct_eversource_rate1_proposed
121510,ct_eversource_rate1_proposed
129025,ct_eversource_rate1_proposed
129035,ct_eversource_rate1_proposed
134458,ct_eversource_rate1_proposed
346546,ct_eversource_rate1_proposed
354779,ct_eversource_rate1_proposed
392625,ct_eversource_rate1_proposed
249349,ct_eversource_rate1_proposed
157844,ct_eversource_rate1_proposed
187372,ct_eversource_rate1_proposed
214841,ct_eversource_rate1_proposed
323479,ct_eversource_rate1_proposed
397830,ct_eversource_rate1_proposed
281229,ct_eversource_rate1_proposed
244554,ct_eversource_rate1_proposed
285671,ct_eversource_rate1_proposed
314540,ct_eversource_rate1_proposed
143799,ct_eversource_rate1_proposed
198362,ct_eversource_rate1_proposed
211994,ct_eversource_rate1_proposed
253681,ct_eversource_rate1_proposed
280660,ct_eversource_rate1_proposed
296281,ct_eversource_rate1_proposed
138918,ct_eversource_rate1_proposed
146340,ct_eversource_rate1_proposed
148380,ct_eversource_rate1_proposed
151621,ct_eversource_rate1_proposed
152727,ct_eversource_rate1_proposed
155349,ct_eversource_rate1_proposed
159807,ct_eversource_rate1_proposed
174828,ct_eversource_rate1_proposed
175855,ct_eversource_rate1_proposed
182146,ct_eversource_rate1_proposed
183174,ct_eversource_rate1_proposed
185183,ct_eversource_rate1_proposed
190668,ct_eversource_rate1_proposed
192198,ct_eversource_rate1_proposed
210119,ct_eversource_rate1_proposed
229392,ct_eversource_rate1_proposed
234600,ct_eversource_rate1_proposed
237239,ct_eversource_rate1_proposed
244982,ct_eversource_rate1_proposed
251450,ct_eversource_rate1_proposed
256628,ct_eversource_rate1_proposed
265109,ct_eversource_rate1_proposed
336843,ct_eversource_rate1_proposed
381549,ct_eversource_rate1_proposed
277655,ct_eversource_rate1_proposed
393300,ct_eversource_rate1_proposed
307563,ct_eversource_rate1_proposed
289769,ct_eversource_rate1_proposed
298456,ct_eversource_rate1_proposed
290162,ct_eversource_rate1_proposed
290399,ct_eversource_rate1_proposed
291466,ct_eversource_rate1_proposed
325265,ct_eversource_rate1_proposed
331126,ct_eversource_rate1_proposed
342963,ct_eversource_rate1_proposed
343593,ct_eversource_rate1_proposed
351414,ct_eversource_rate1_proposed
354479,ct_eversource_rate1_proposed
364547,ct_eversource_rate1_proposed
367624,ct_eversource_rate1_proposed
391422,ct_eversource_rate1_proposed
399724,ct_eversource_rate1_proposed
408920,ct_eversource_rate1_proposed
402480,ct_eversource_rate1_proposed
342536,ct_eversource_rate1_proposed
453341,ct_eversource_rate1_proposed
463648,ct_eversource_rate1_proposed
471273,ct_eversource_rate1_proposed
476053,ct_eversource_rate1_proposed
513898,ct_eversource_rate1_proposed
515200,ct_eversource_rate1_proposed
515929,ct_eversource_rate1_proposed
523181,ct_eversource_rate1_proposed
526835,ct_eversource_rate1_proposed
542991,ct_eversource_rate1_proposed
545195,ct_eversource_rate1_proposed
546741,ct_eversource_rate1_proposed
548796,ct_eversource_rate1_proposed
133083,ct_eversource_rate1_proposed
135404,ct_eversource_rate1_proposed
493789,ct_eversource_rate1_proposed
184229,ct_eversource_rate1_proposed
220253,ct_eversource_rate1_proposed
256182,ct_eversource_rate1_proposed
364142,ct_eversource_rate1_proposed
233677,ct_eversource_rate1_proposed
459979,ct_eversource_rate1_proposed
485987,ct_eversource_rate1_proposed
54281,ct_eversource_rate1_proposed
292528,ct_eversource_rate1_proposed
395100,ct_eversource_rate1_proposed
114181,ct_eversource_rate1_proposed
46384,ct_eversource_rate1_proposed
121534,ct_eversource_rate1_proposed
423805,ct_eversource_rate1_proposed
444690,ct_eversource_rate1_proposed
103275,ct_eversource_rate1_proposed
135239,ct_eversource_rate1_proposed
398961,ct_eversource_rate1_proposed
331539,ct_eversource_rate1_proposed
299527,ct_eversource_rate1_proposed
344862,ct_eversource_rate1_proposed
391357,ct_eversource_rate1_proposed
189384,ct_eversource_rate1_proposed
526014,ct_eversource_rate1_proposed
70925,ct_eversource_rate1_proposed
79682,ct_eversource_rate1_proposed
129535,ct_eversource_rate1_proposed
242165,ct_eversource_rate1_proposed
261873,ct_eversource_rate1_proposed
286777,ct_eversource_rate1_proposed
395953,ct_eversource_rate1_proposed
490213,ct_eversource_rate1_proposed
521242,ct_eversource_rate1_proposed
528131,ct_eversource_rate1_proposed
267713,ct_eversource_rate1_proposed
485212,ct_eversource_rate1_proposed
297747,ct_eversource_rate1_proposed
392872,ct_eversource_rate1_proposed
401808,ct_eversource_rate1_proposed
86045,ct_eversource_rate1_proposed
229468,ct_eversource_rate1_proposed
94925,ct_eversource_rate1_proposed
425390,ct_eversource_rate1_proposed
505638,ct_eversource_rate1_proposed
259860,ct_eversource_rate1_proposed
429335,ct_eversource_rate1_proposed
450335,ct_eversource_rate1_proposed
516081,ct_eversource_rate1_proposed
349743,ct_eversource_rate1_proposed
455241,ct_eversource_rate1_proposed
488486,ct_eversource_rate1_proposed
517535,ct_eversource_rate1_proposed
4184,ct_eversource_rate1_proposed
95661,ct_eversource_rate1_proposed
217829,ct_eversource_rate1_proposed
186057,ct_eversource_rate1_proposed
222277,ct_eversource_rate1_proposed
446358,ct_eversource_rate1_proposed
449676,ct_eversource_rate1_proposed
450463,ct_eversource_rate1_proposed
520868,ct_eversource_rate1_proposed
23780,ct_eversource_rate1_proposed
31168,ct_eversource_rate1_proposed
31488,ct_eversource_rate1_proposed
65969,ct_eversource_rate1_proposed
66773,ct_eversource_rate1_proposed
67474,ct_eversource_rate1_proposed
67815,ct_eversource_rate1_proposed
112020,ct_eversource_rate1_proposed
114190,ct_eversource_rate1_proposed
124036,ct_eversource_rate1_proposed
143147,ct_eversource_rate1_proposed
144124,ct_eversource_rate1_proposed
145676,ct_eversource_rate1_proposed
204042,ct_eversource_rate1_proposed
392141,ct_eversource_rate1_proposed
185331,ct_eversource_rate1_proposed
189285,ct_eversource_rate1_proposed
247456,ct_eversource_rate1_proposed
142309,ct_eversource_rate1_proposed
144435,ct_eversource_rate1_proposed
180529,ct_eversource_rate1_proposed
193621,ct_eversource_rate1_proposed
198578,ct_eversource_rate1_proposed
200777,ct_eversource_rate1_proposed
221745,ct_eversource_rate1_proposed
253855,ct_eversource_rate1_proposed
255265,ct_eversource_rate1_proposed
310144,ct_eversource_rate1_proposed
293029,ct_eversource_rate1_proposed
323431,ct_eversource_rate1_proposed
339605,ct_eversource_rate1_proposed
413621,ct_eversource_rate1_proposed
413869,ct_eversource_rate1_proposed
432173,ct_eversource_rate1_proposed
434609,ct_eversource_rate1_proposed
441708,ct_eversource_rate1_proposed
445274,ct_eversource_rate1_proposed
445573,ct_eversource_rate1_proposed
446641,ct_eversource_rate1_proposed
447191,ct_eversource_rate1_proposed
452977,ct_eversource_rate1_proposed
462689,ct_eversource_rate1_proposed
466957,ct_eversource_rate1_proposed
470125,ct_eversource_rate1_proposed
470663,ct_eversource_rate1_proposed
478478,ct_eversource_rate1_proposed
486935,ct_eversource_rate1_proposed
492711,ct_eversource_rate1_proposed
496235,ct_eversource_rate1_proposed
503915,ct_eversource_rate1_proposed
504712,ct_eversource_rate1_proposed
509773,ct_eversource_rate1_proposed
521478,ct_eversource_rate1_proposed
522759,ct_eversource_rate1_proposed
529527,ct_eversource_rate1_proposed
530807,ct_eversource_rate1_proposed
540005,ct_eversource_rate1_proposed
546827,ct_eversource_rate1_proposed
547006,ct_eversource_rate1_proposed
3680,ct_eversource_rate1_proposed
6735,ct_eversource_rate1_proposed
11837,ct_eversource_rate1_proposed
20461,ct_eversource_rate1_proposed
27158,ct_eversource_rate1_proposed
29861,ct_eversource_rate1_proposed
38464,ct_eversource_rate1_proposed
41021,ct_eversource_rate1_proposed
45173,ct_eversource_rate1_proposed
55846,ct_eversource_rate1_proposed
56055,ct_eversource_rate1_proposed
62435,ct_eversource_rate1_proposed
68385,ct_eversource_rate1_proposed
71224,ct_eversource_rate1_proposed
79077,ct_eversource_rate1_proposed
82080,ct_eversource_rate1_proposed
87526,ct_eversource_rate1_proposed
99258,ct_eversource_rate1_proposed
101537,ct_eversource_rate1_proposed
107885,ct_eversource_rate1_proposed
112660,ct_eversource_rate1_proposed
121194,ct_eversource_rate1_proposed
126671,ct_eversource_rate1_proposed
127706,ct_eversource_rate1_proposed
134564,ct_eversource_rate1_proposed
176054,ct_eversource_rate1_proposed
175741,ct_eversource_rate1_proposed
306937,ct_eversource_rate1_proposed
220404,ct_eversource_rate1_proposed
354690,ct_eversource_rate1_proposed
400217,ct_eversource_rate1_proposed
361533,ct_eversource_rate1_proposed
332830,ct_eversource_rate1_proposed
212152,ct_eversource_rate1_proposed
194587,ct_eversource_rate1_proposed
192258,ct_eversource_rate1_proposed
206529,ct_eversource_rate1_proposed
369932,ct_eversource_rate1_proposed
376228,ct_eversource_rate1_proposed
164495,ct_eversource_rate1_proposed
237540,ct_eversource_rate1_proposed
249777,ct_eversource_rate1_proposed
307185,ct_eversource_rate1_proposed
349315,ct_eversource_rate1_proposed
157722,ct_eversource_rate1_proposed
160218,ct_eversource_rate1_proposed
161628,ct_eversource_rate1_proposed
178008,ct_eversource_rate1_proposed
190140,ct_eversource_rate1_proposed
193067,ct_eversource_rate1_proposed
208333,ct_eversource_rate1_proposed
210322,ct_eversource_rate1_proposed
210887,ct_eversource_rate1_proposed
223628,ct_eversource_rate1_proposed
243667,ct_eversource_rate1_proposed
262171,ct_eversource_rate1_proposed
268203,ct_eversource_rate1_proposed
268893,ct_eversource_rate1_proposed
328947,ct_eversource_rate1_proposed
324099,ct_eversource_rate1_proposed
354846,ct_eversource_rate1_proposed
288809,ct_eversource_rate1_proposed
380175,ct_eversource_rate1_proposed
316309,ct_eversource_rate1_proposed
327407,ct_eversource_rate1_proposed
341314,ct_eversource_rate1_proposed
342719,ct_eversource_rate1_proposed
354115,ct_eversource_rate1_proposed
366356,ct_eversource_rate1_proposed
386461,ct_eversource_rate1_proposed
400197,ct_eversource_rate1_proposed
408812,ct_eversource_rate1_proposed
223232,ct_eversource_rate1_proposed
412719,ct_eversource_rate1_proposed
422492,ct_eversource_rate1_proposed
428852,ct_eversource_rate1_proposed
449707,ct_eversource_rate1_proposed
466927,ct_eversource_rate1_proposed
497784,ct_eversource_rate1_proposed
500080,ct_eversource_rate1_proposed
511947,ct_eversource_rate1_proposed
513768,ct_eversource_rate1_proposed
520508,ct_eversource_rate1_proposed
39292,ct_eversource_rate1_proposed
47532,ct_eversource_rate1_proposed
90920,ct_eversource_rate1_proposed
101183,ct_eversource_rate1_proposed
118110,ct_eversource_rate1_proposed
138250,ct_eversource_rate1_proposed
148882,ct_eversource_rate1_proposed
354094,ct_eversource_rate1_proposed
387751,ct_eversource_rate1_proposed
412450,ct_eversource_rate1_proposed
531550,ct_eversource_rate1_proposed
185104,ct_eversource_rate1_proposed
201030,ct_eversource_rate1_proposed
227854,ct_eversource_rate1_proposed
265280,ct_eversource_rate1_proposed
393672,ct_eversource_rate1_proposed
300239,ct_eversource_rate1_proposed
481276,ct_eversource_rate1_proposed
363266,ct_eversource_rate1_proposed
322629,ct_eversource_rate1_proposed
370530,ct_eversource_rate1_proposed
334796,ct_eversource_rate1_proposed
396659,ct_eversource_rate1_proposed
406111,ct_eversource_rate1_proposed
406197,ct_eversource_rate1_proposed
153049,ct_eversource_rate1_proposed
16426,ct_eversource_rate1_proposed
197325,ct_eversource_rate1_proposed
215692,ct_eversource_rate1_proposed
171961,ct_eversource_rate1_proposed
176963,ct_eversource_rate1_proposed
258342,ct_eversource_rate1_proposed
355922,ct_eversource_rate1_proposed
324312,ct_eversource_rate1_proposed
517286,ct_eversource_rate1_proposed
529661,ct_eversource_rate1_proposed
532172,ct_eversource_rate1_proposed
536766,ct_eversource_rate1_proposed
421245,ct_eversource_rate1_proposed
81765,ct_eversource_rate1_proposed
429590,ct_eversource_rate1_proposed
185627,ct_eversource_rate1_proposed
266745,ct_eversource_rate1_proposed
387714,ct_eversource_rate1_proposed
393590,ct_eversource_rate1_proposed
286644,ct_eversource_rate1_proposed
41275,ct_eversource_rate1_proposed
520667,ct_eversource_rate1_proposed
419620,ct_eversource_rate1_proposed
463434,ct_eversource_rate1_proposed
492174,ct_eversource_rate1_proposed
37236,ct_eversource_rate1_proposed
217939,ct_eversource_rate1_proposed
205800,ct_eversource_rate1_proposed
281725,ct_eversource_rate1_proposed
424163,ct_eversource_rate1_proposed
436622,ct_eversource_rate1_proposed
451442,ct_eversource_rate1_proposed
455280,ct_eversource_rate1_proposed
483411,ct_eversource_rate1_proposed
485585,ct_eversource_rate1_proposed
496871,ct_eversource_rate1_proposed
510774,ct_eversource_rate1_proposed
515205,ct_eversource_rate1_proposed
542247,ct_eversource_rate1_proposed
12516,ct_eversource_rate1_proposed
13102,ct_eversource_rate1_proposed
15574,ct_eversource_rate1_proposed
58736,ct_eversource_rate1_proposed
135247,ct_eversource_rate1_proposed
138666,ct_eversource_rate1_proposed
169863,ct_eversource_rate1_proposed
160258,ct_eversource_rate1_proposed
199547,ct_eversource_rate1_proposed
190543,ct_eversource_rate1_proposed
191502,ct_eversource_rate1_proposed
249626,ct_eversource_rate1_proposed
150419,ct_eversource_rate1_proposed
166055,ct_eversource_rate1_proposed
204113,ct_eversource_rate1_proposed
210586,ct_eversource_rate1_proposed
228782,ct_eversource_rate1_proposed
249761,ct_eversource_rate1_proposed
329852,ct_eversource_rate1_proposed
277625,ct_eversource_rate1_proposed
288872,ct_eversource_rate1_proposed
306251,ct_eversource_rate1_proposed
329491,ct_eversource_rate1_proposed
404287,ct_eversource_rate1_proposed
416179,ct_eversource_rate1_proposed
417128,ct_eversource_rate1_proposed
418808,ct_eversource_rate1_proposed
424701,ct_eversource_rate1_proposed
425831,ct_eversource_rate1_proposed
426522,ct_eversource_rate1_proposed
432525,ct_eversource_rate1_proposed
436974,ct_eversource_rate1_proposed
437649,ct_eversource_rate1_proposed
438538,ct_eversource_rate1_proposed
443848,ct_eversource_rate1_proposed
444253,ct_eversource_rate1_proposed
444682,ct_eversource_rate1_proposed
448483,ct_eversource_rate1_proposed
448947,ct_eversource_rate1_proposed
450553,ct_eversource_rate1_proposed
451425,ct_eversource_rate1_proposed
458479,ct_eversource_rate1_proposed
467782,ct_eversource_rate1_proposed
471317,ct_eversource_rate1_proposed
473583,ct_eversource_rate1_proposed
479725,ct_eversource_rate1_proposed
482769,ct_eversource_rate1_proposed
487272,ct_eversource_rate1_proposed
487319,ct_eversource_rate1_proposed
491879,ct_eversource_rate1_proposed
494331,ct_eversource_rate1_proposed
497005,ct_eversource_rate1_proposed
507033,ct_eversource_rate1_proposed
507577,ct_eversource_rate1_proposed
508486,ct_eversource_rate1_proposed
509179,ct_eversource_rate1_proposed
515115,ct_eversource_rate1_proposed
519174,ct_eversource_rate1_proposed
527406,ct_eversource_rate1_proposed
529769,ct_eversource_rate1_proposed
530283,ct_eversource_rate1_proposed
532490,ct_eversource_rate1_proposed
536169,ct_eversource_rate1_proposed
537612,ct_eversource_rate1_proposed
2701,ct_eversource_rate1_proposed
4302,ct_eversource_rate1_proposed
9636,ct_eversource_rate1_proposed
15817,ct_eversource_rate1_proposed
17783,ct_eversource_rate1_proposed
18537,ct_eversource_rate1_proposed
27801,ct_eversource_rate1_proposed
33175,ct_eversource_rate1_proposed
34990,ct_eversource_rate1_proposed
45971,ct_eversource_rate1_proposed
52634,ct_eversource_rate1_proposed
53741,ct_eversource_rate1_proposed
55603,ct_eversource_rate1_proposed
59436,ct_eversource_rate1_proposed
60966,ct_eversource_rate1_proposed
77051,ct_eversource_rate1_proposed
81661,ct_eversource_rate1_proposed
86074,ct_eversource_rate1_proposed
86406,ct_eversource_rate1_proposed
91120,ct_eversource_rate1_proposed
91637,ct_eversource_rate1_proposed
91640,ct_eversource_rate1_proposed
94169,ct_eversource_rate1_proposed
95837,ct_eversource_rate1_proposed
96514,ct_eversource_rate1_proposed
97983,ct_eversource_rate1_proposed
98518,ct_eversource_rate1_proposed
102606,ct_eversource_rate1_proposed
108209,ct_eversource_rate1_proposed
109508,ct_eversource_rate1_proposed
122360,ct_eversource_rate1_proposed
124571,ct_eversource_rate1_proposed
135467,ct_eversource_rate1_proposed
207306,ct_eversource_rate1_proposed
279828,ct_eversource_rate1_proposed
301199,ct_eversource_rate1_proposed
214847,ct_eversource_rate1_proposed
194092,ct_eversource_rate1_proposed
197476,ct_eversource_rate1_proposed
239802,ct_eversource_rate1_proposed
353401,ct_eversource_rate1_proposed
273593,ct_eversource_rate1_proposed
167583,ct_eversource_rate1_proposed
185328,ct_eversource_rate1_proposed
206973,ct_eversource_rate1_proposed
210821,ct_eversource_rate1_proposed
360869,ct_eversource_rate1_proposed
297740,ct_eversource_rate1_proposed
240509,ct_eversource_rate1_proposed
269531,ct_eversource_rate1_proposed
171651,ct_eversource_rate1_proposed
202653,ct_eversource_rate1_proposed
228832,ct_eversource_rate1_proposed
246494,ct_eversource_rate1_proposed
314092,ct_eversource_rate1_proposed
382846,ct_eversource_rate1_proposed
273469,ct_eversource_rate1_proposed
140041,ct_eversource_rate1_proposed
143634,ct_eversource_rate1_proposed
149090,ct_eversource_rate1_proposed
150667,ct_eversource_rate1_proposed
155788,ct_eversource_rate1_proposed
158485,ct_eversource_rate1_proposed
166026,ct_eversource_rate1_proposed
174214,ct_eversource_rate1_proposed
175100,ct_eversource_rate1_proposed
202735,ct_eversource_rate1_proposed
206343,ct_eversource_rate1_proposed
211866,ct_eversource_rate1_proposed
213885,ct_eversource_rate1_proposed
215434,ct_eversource_rate1_proposed
217901,ct_eversource_rate1_proposed
236459,ct_eversource_rate1_proposed
240630,ct_eversource_rate1_proposed
243924,ct_eversource_rate1_proposed
255250,ct_eversource_rate1_proposed
256589,ct_eversource_rate1_proposed
263519,ct_eversource_rate1_proposed
267179,ct_eversource_rate1_proposed
268067,ct_eversource_rate1_proposed
396445,ct_eversource_rate1_proposed
313638,ct_eversource_rate1_proposed
306482,ct_eversource_rate1_proposed
293390,ct_eversource_rate1_proposed
357958,ct_eversource_rate1_proposed
401814,ct_eversource_rate1_proposed
386481,ct_eversource_rate1_proposed
334842,ct_eversource_rate1_proposed
277830,ct_eversource_rate1_proposed
400806,ct_eversource_rate1_proposed
351878,ct_eversource_rate1_proposed
316939,ct_eversource_rate1_proposed
273757,ct_eversource_rate1_proposed
334532,ct_eversource_rate1_proposed
338356,ct_eversource_rate1_proposed
344757,ct_eversource_rate1_proposed
350702,ct_eversource_rate1_proposed
355524,ct_eversource_rate1_proposed
356159,ct_eversource_rate1_proposed
363022,ct_eversource_rate1_proposed
363886,ct_eversource_rate1_proposed
372529,ct_eversource_rate1_proposed
372571,ct_eversource_rate1_proposed
380283,ct_eversource_rate1_proposed
387630,ct_eversource_rate1_proposed
398610,ct_eversource_rate1_proposed
471009,ct_eversource_rate1_proposed
33334,ct_eversource_rate1_proposed
212627,ct_eversource_rate1_proposed
157101,ct_eversource_rate1_proposed
165236,ct_eversource_rate1_proposed
404670,ct_eversource_rate1_proposed
414552,ct_eversource_rate1_proposed
432077,ct_eversource_rate1_proposed
449060,ct_eversource_rate1_proposed
470065,ct_eversource_rate1_proposed
480676,ct_eversource_rate1_proposed
489872,ct_eversource_rate1_proposed
501831,ct_eversource_rate1_proposed
507540,ct_eversource_rate1_proposed
519281,ct_eversource_rate1_proposed
525765,ct_eversource_rate1_proposed
549414,ct_eversource_rate1_proposed
93000,ct_eversource_rate1_proposed
106421,ct_eversource_rate1_proposed
115750,ct_eversource_rate1_proposed
123829,ct_eversource_rate1_proposed
134233,ct_eversource_rate1_proposed
325831,ct_eversource_rate1_proposed
288367,ct_eversource_rate1_proposed
451839,ct_eversource_rate1_proposed
153589,ct_eversource_rate1_proposed
279834,ct_eversource_rate1_proposed
276084,ct_eversource_rate1_proposed
341891,ct_eversource_rate1_proposed
222848,ct_eversource_rate1_proposed
264915,ct_eversource_rate1_proposed
264949,ct_eversource_rate1_proposed
138474,ct_eversource_rate1_proposed
99040,ct_eversource_rate1_proposed
422218,ct_eversource_rate1_proposed
9239,ct_eversource_rate1_proposed
52549,ct_eversource_rate1_proposed
54242,ct_eversource_rate1_proposed
296548,ct_eversource_rate1_proposed
392290,ct_eversource_rate1_proposed
362858,ct_eversource_rate1_proposed
319853,ct_eversource_rate1_proposed
273047,ct_eversource_rate1_proposed
340100,ct_eversource_rate1_proposed
394101,ct_eversource_rate1_proposed
397261,ct_eversource_rate1_proposed
498983,ct_eversource_rate1_proposed
85463,ct_eversource_rate1_proposed
238945,ct_eversource_rate1_proposed
84435,ct_eversource_rate1_proposed
262462,ct_eversource_rate1_proposed
36195,ct_eversource_rate1_proposed
452940,ct_eversource_rate1_proposed
59236,ct_eversource_rate1_proposed
213975,ct_eversource_rate1_proposed
159782,ct_eversource_rate1_proposed
356635,ct_eversource_rate1_proposed
384391,ct_eversource_rate1_proposed
405264,ct_eversource_rate1_proposed
479705,ct_eversource_rate1_proposed
382597,ct_eversource_rate1_proposed
230085,ct_eversource_rate1_proposed
128387,ct_eversource_rate1_proposed
58776,ct_eversource_rate1_proposed
100057,ct_eversource_rate1_proposed
175251,ct_eversource_rate1_proposed
378515,ct_eversource_rate1_proposed
393034,ct_eversource_rate1_proposed
401641,ct_eversource_rate1_proposed
120819,ct_eversource_rate1_proposed
371649,ct_eversource_rate1_proposed
317088,ct_eversource_rate1_proposed
40503,ct_eversource_rate1_proposed
277721,ct_eversource_rate1_proposed
52074,ct_eversource_rate1_proposed
65356,ct_eversource_rate1_proposed
145504,ct_eversource_rate1_proposed
247231,ct_eversource_rate1_proposed
260475,ct_eversource_rate1_proposed
415402,ct_eversource_rate1_proposed
444331,ct_eversource_rate1_proposed
452740,ct_eversource_rate1_proposed
457572,ct_eversource_rate1_proposed
472643,ct_eversource_rate1_proposed
479793,ct_eversource_rate1_proposed
481229,ct_eversource_rate1_proposed
1745,ct_eversource_rate1_proposed
9514,ct_eversource_rate1_proposed
14448,ct_eversource_rate1_proposed
25909,ct_eversource_rate1_proposed
29012,ct_eversource_rate1_proposed
33151,ct_eversource_rate1_proposed
77215,ct_eversource_rate1_proposed
211466,ct_eversource_rate1_proposed
174372,ct_eversource_rate1_proposed
143600,ct_eversource_rate1_proposed
149062,ct_eversource_rate1_proposed
155445,ct_eversource_rate1_proposed
185492,ct_eversource_rate1_proposed
211296,ct_eversource_rate1_proposed
219771,ct_eversource_rate1_proposed
219782,ct_eversource_rate1_proposed
231918,ct_eversource_rate1_proposed
256413,ct_eversource_rate1_proposed
368146,ct_eversource_rate1_proposed
276590,ct_eversource_rate1_proposed
291370,ct_eversource_rate1_proposed
420487,ct_eversource_rate1_proposed
426464,ct_eversource_rate1_proposed
427192,ct_eversource_rate1_proposed
429431,ct_eversource_rate1_proposed
433008,ct_eversource_rate1_proposed
453705,ct_eversource_rate1_proposed
453817,ct_eversource_rate1_proposed
461038,ct_eversource_rate1_proposed
463508,ct_eversource_rate1_proposed
481090,ct_eversource_rate1_proposed
491777,ct_eversource_rate1_proposed
494917,ct_eversource_rate1_proposed
498971,ct_eversource_rate1_proposed
506716,ct_eversource_rate1_proposed
512927,ct_eversource_rate1_proposed
513160,ct_eversource_rate1_proposed
521563,ct_eversource_rate1_proposed
524917,ct_eversource_rate1_proposed
526241,ct_eversource_rate1_proposed
528178,ct_eversource_rate1_proposed
528278,ct_eversource_rate1_proposed
534898,ct_eversource_rate1_proposed
536595,ct_eversource_rate1_proposed
544299,ct_eversource_rate1_proposed
545188,ct_eversource_rate1_proposed
546634,ct_eversource_rate1_proposed
548464,ct_eversource_rate1_proposed
4025,ct_eversource_rate1_proposed
4174,ct_eversource_rate1_proposed
4275,ct_eversource_rate1_proposed
6883,ct_eversource_rate1_proposed
15746,ct_eversource_rate1_proposed
16458,ct_eversource_rate1_proposed
17977,ct_eversource_rate1_proposed
20008,ct_eversource_rate1_proposed
22542,ct_eversource_rate1_proposed
24641,ct_eversource_rate1_proposed
38122,ct_eversource_rate1_proposed
40151,ct_eversource_rate1_proposed
41298,ct_eversource_rate1_proposed
52707,ct_eversource_rate1_proposed
52890,ct_eversource_rate1_proposed
55868,ct_eversource_rate1_proposed
58974,ct_eversource_rate1_proposed
61608,ct_eversource_rate1_proposed
61712,ct_eversource_rate1_proposed
64208,ct_eversource_rate1_proposed
68769,ct_eversource_rate1_proposed
69066,ct_eversource_rate1_proposed
69195,ct_eversource_rate1_proposed
69832,ct_eversource_rate1_proposed
74793,ct_eversource_rate1_proposed
81115,ct_eversource_rate1_proposed
83670,ct_eversource_rate1_proposed
88974,ct_eversource_rate1_proposed
91343,ct_eversource_rate1_proposed
104339,ct_eversource_rate1_proposed
104574,ct_eversource_rate1_proposed
109710,ct_eversource_rate1_proposed
120803,ct_eversource_rate1_proposed
124732,ct_eversource_rate1_proposed
125377,ct_eversource_rate1_proposed
126281,ct_eversource_rate1_proposed
127053,ct_eversource_rate1_proposed
132787,ct_eversource_rate1_proposed
355276,ct_eversource_rate1_proposed
183822,ct_eversource_rate1_proposed
250520,ct_eversource_rate1_proposed
169371,ct_eversource_rate1_proposed
202615,ct_eversource_rate1_proposed
209535,ct_eversource_rate1_proposed
155618,ct_eversource_rate1_proposed
365778,ct_eversource_rate1_proposed
170897,ct_eversource_rate1_proposed
322780,ct_eversource_rate1_proposed
401258,ct_eversource_rate1_proposed
364122,ct_eversource_rate1_proposed
290788,ct_eversource_rate1_proposed
297944,ct_eversource_rate1_proposed
378832,ct_eversource_rate1_proposed
187921,ct_eversource_rate1_proposed
144750,ct_eversource_rate1_proposed
166362,ct_eversource_rate1_proposed
168337,ct_eversource_rate1_proposed
174054,ct_eversource_rate1_proposed
185475,ct_eversource_rate1_proposed
200185,ct_eversource_rate1_proposed
208314,ct_eversource_rate1_proposed
208351,ct_eversource_rate1_proposed
212754,ct_eversource_rate1_proposed
213567,ct_eversource_rate1_proposed
232686,ct_eversource_rate1_proposed
233555,ct_eversource_rate1_proposed
237430,ct_eversource_rate1_proposed
243997,ct_eversource_rate1_proposed
254802,ct_eversource_rate1_proposed
390377,ct_eversource_rate1_proposed
363928,ct_eversource_rate1_proposed
356196,ct_eversource_rate1_proposed
343396,ct_eversource_rate1_proposed
352143,ct_eversource_rate1_proposed
378747,ct_eversource_rate1_proposed
381913,ct_eversource_rate1_proposed
321439,ct_eversource_rate1_proposed
322691,ct_eversource_rate1_proposed
409096,ct_eversource_rate1_proposed
348572,ct_eversource_rate1_proposed
297195,ct_eversource_rate1_proposed
305199,ct_eversource_rate1_proposed
312859,ct_eversource_rate1_proposed
278016,ct_eversource_rate1_proposed
287398,ct_eversource_rate1_proposed
290238,ct_eversource_rate1_proposed
303466,ct_eversource_rate1_proposed
310232,ct_eversource_rate1_proposed
335915,ct_eversource_rate1_proposed
341661,ct_eversource_rate1_proposed
342344,ct_eversource_rate1_proposed
350044,ct_eversource_rate1_proposed
360945,ct_eversource_rate1_proposed
392987,ct_eversource_rate1_proposed
401487,ct_eversource_rate1_proposed
365984,ct_eversource_rate1_proposed
367796,ct_eversource_rate1_proposed
368310,ct_eversource_rate1_proposed
388184,ct_eversource_rate1_proposed
395273,ct_eversource_rate1_proposed
404459,ct_eversource_rate1_proposed
532040,ct_eversource_rate1_proposed
22036,ct_eversource_rate1_proposed
225271,ct_eversource_rate1_proposed
433495,ct_eversource_rate1_proposed
452885,ct_eversource_rate1_proposed
468578,ct_eversource_rate1_proposed
470466,ct_eversource_rate1_proposed
475176,ct_eversource_rate1_proposed
480646,ct_eversource_rate1_proposed
497371,ct_eversource_rate1_proposed
500949,ct_eversource_rate1_proposed
509667,ct_eversource_rate1_proposed
517481,ct_eversource_rate1_proposed
521786,ct_eversource_rate1_proposed
522681,ct_eversource_rate1_proposed
528920,ct_eversource_rate1_proposed
536511,ct_eversource_rate1_proposed
536698,ct_eversource_rate1_proposed
541330,ct_eversource_rate1_proposed
545017,ct_eversource_rate1_proposed
548511,ct_eversource_rate1_proposed
549100,ct_eversource_rate1_proposed
80147,ct_eversource_rate1_proposed
108113,ct_eversource_rate1_proposed
131249,ct_eversource_rate1_proposed
534714,ct_eversource_rate1_proposed
435263,ct_eversource_rate1_proposed
185642,ct_eversource_rate1_proposed
457069,ct_eversource_rate1_proposed
178861,ct_eversource_rate1_proposed
191171,ct_eversource_rate1_proposed
225651,ct_eversource_rate1_proposed
322672,ct_eversource_rate1_proposed
220866,ct_eversource_rate1_proposed
263100,ct_eversource_rate1_proposed
32232,ct_eversource_rate1_proposed
53212,ct_eversource_rate1_proposed
14667,ct_eversource_rate1_proposed
455971,ct_eversource_rate1_proposed
519343,ct_eversource_rate1_proposed
79787,ct_eversource_rate1_proposed
273267,ct_eversource_rate1_proposed
286184,ct_eversource_rate1_proposed
281177,ct_eversource_rate1_proposed
320188,ct_eversource_rate1_proposed
365021,ct_eversource_rate1_proposed
406897,ct_eversource_rate1_proposed
472161,ct_eversource_rate1_proposed
14078,ct_eversource_rate1_proposed
477348,ct_eversource_rate1_proposed
511846,ct_eversource_rate1_proposed
78071,ct_eversource_rate1_proposed
146587,ct_eversource_rate1_proposed
363309,ct_eversource_rate1_proposed
375118,ct_eversource_rate1_proposed
321603,ct_eversource_rate1_proposed
520689,ct_eversource_rate1_proposed
137557,ct_eversource_rate1_proposed
317444,ct_eversource_rate1_proposed
232441,ct_eversource_rate1_proposed
331346,ct_eversource_rate1_proposed
394093,ct_eversource_rate1_proposed
186954,ct_eversource_rate1_proposed
48334,ct_eversource_rate1_proposed
142742,ct_eversource_rate1_proposed
159335,ct_eversource_rate1_proposed
47276,ct_eversource_rate1_proposed
113294,ct_eversource_rate1_proposed
28430,ct_eversource_rate1_proposed
72973,ct_eversource_rate1_proposed
76416,ct_eversource_rate1_proposed
119363,ct_eversource_rate1_proposed
273771,ct_eversource_rate1_proposed
315398,ct_eversource_rate1_proposed
209806,ct_eversource_rate1_proposed
169101,ct_eversource_rate1_proposed
180941,ct_eversource_rate1_proposed
211988,ct_eversource_rate1_proposed
405059,ct_eversource_rate1_proposed
311280,ct_eversource_rate1_proposed
153024,ct_eversource_rate1_proposed
155714,ct_eversource_rate1_proposed
184916,ct_eversource_rate1_proposed
196662,ct_eversource_rate1_proposed
196743,ct_eversource_rate1_proposed
201591,ct_eversource_rate1_proposed
212525,ct_eversource_rate1_proposed
214704,ct_eversource_rate1_proposed
225935,ct_eversource_rate1_proposed
229552,ct_eversource_rate1_proposed
254875,ct_eversource_rate1_proposed
309953,ct_eversource_rate1_proposed
397518,ct_eversource_rate1_proposed
412808,ct_eversource_rate1_proposed
413098,ct_eversource_rate1_proposed
416144,ct_eversource_rate1_proposed
431114,ct_eversource_rate1_proposed
438671,ct_eversource_rate1_proposed
439024,ct_eversource_rate1_proposed
441634,ct_eversource_rate1_proposed
450794,ct_eversource_rate1_proposed
451996,ct_eversource_rate1_proposed
458842,ct_eversource_rate1_proposed
466200,ct_eversource_rate1_proposed
467830,ct_eversource_rate1_proposed
470066,ct_eversource_rate1_proposed
470504,ct_eversource_rate1_proposed
473002,ct_eversource_rate1_proposed
473101,ct_eversource_rate1_proposed
475291,ct_eversource_rate1_proposed
476442,ct_eversource_rate1_proposed
483469,ct_eversource_rate1_proposed
484780,ct_eversource_rate1_proposed
485821,ct_eversource_rate1_proposed
486593,ct_eversource_rate1_proposed
495633,ct_eversource_rate1_proposed
501485,ct_eversource_rate1_proposed
504826,ct_eversource_rate1_proposed
508700,ct_eversource_rate1_proposed
514626,ct_eversource_rate1_proposed
515768,ct_eversource_rate1_proposed
523863,ct_eversource_rate1_proposed
528639,ct_eversource_rate1_proposed
9068,ct_eversource_rate1_proposed
10324,ct_eversource_rate1_proposed
11074,ct_eversource_rate1_proposed
18309,ct_eversource_rate1_proposed
31289,ct_eversource_rate1_proposed
32547,ct_eversource_rate1_proposed
37084,ct_eversource_rate1_proposed
43585,ct_eversource_rate1_proposed
53416,ct_eversource_rate1_proposed
61664,ct_eversource_rate1_proposed
70214,ct_eversource_rate1_proposed
74282,ct_eversource_rate1_proposed
83009,ct_eversource_rate1_proposed
83064,ct_eversource_rate1_proposed
85263,ct_eversource_rate1_proposed
87602,ct_eversource_rate1_proposed
87814,ct_eversource_rate1_proposed
89322,ct_eversource_rate1_proposed
95305,ct_eversource_rate1_proposed
99142,ct_eversource_rate1_proposed
101091,ct_eversource_rate1_proposed
111057,ct_eversource_rate1_proposed
115204,ct_eversource_rate1_proposed
133607,ct_eversource_rate1_proposed
134240,ct_eversource_rate1_proposed
135025,ct_eversource_rate1_proposed
137475,ct_eversource_rate1_proposed
243776,ct_eversource_rate1_proposed
221411,ct_eversource_rate1_proposed
325241,ct_eversource_rate1_proposed
216086,ct_eversource_rate1_proposed
365945,ct_eversource_rate1_proposed
294803,ct_eversource_rate1_proposed
267183,ct_eversource_rate1_proposed
392310,ct_eversource_rate1_proposed
170742,ct_eversource_rate1_proposed
163354,ct_eversource_rate1_proposed
173953,ct_eversource_rate1_proposed
174908,ct_eversource_rate1_proposed
183084,ct_eversource_rate1_proposed
184904,ct_eversource_rate1_proposed
278927,ct_eversource_rate1_proposed
359327,ct_eversource_rate1_proposed
328048,ct_eversource_rate1_proposed
140685,ct_eversource_rate1_proposed
160713,ct_eversource_rate1_proposed
162745,ct_eversource_rate1_proposed
166544,ct_eversource_rate1_proposed
173238,ct_eversource_rate1_proposed
178062,ct_eversource_rate1_proposed
185278,ct_eversource_rate1_proposed
186040,ct_eversource_rate1_proposed
190285,ct_eversource_rate1_proposed
191091,ct_eversource_rate1_proposed
199367,ct_eversource_rate1_proposed
203059,ct_eversource_rate1_proposed
208199,ct_eversource_rate1_proposed
212160,ct_eversource_rate1_proposed
214531,ct_eversource_rate1_proposed
225818,ct_eversource_rate1_proposed
228582,ct_eversource_rate1_proposed
232187,ct_eversource_rate1_proposed
232840,ct_eversource_rate1_proposed
260859,ct_eversource_rate1_proposed
261897,ct_eversource_rate1_proposed
395638,ct_eversource_rate1_proposed
404099,ct_eversource_rate1_proposed
367096,ct_eversource_rate1_proposed
405100,ct_eversource_rate1_proposed
376346,ct_eversource_rate1_proposed
294431,ct_eversource_rate1_proposed
280182,ct_eversource_rate1_proposed
295792,ct_eversource_rate1_proposed
298079,ct_eversource_rate1_proposed
304501,ct_eversource_rate1_proposed
305571,ct_eversource_rate1_proposed
310571,ct_eversource_rate1_proposed
327151,ct_eversource_rate1_proposed
364523,ct_eversource_rate1_proposed
370733,ct_eversource_rate1_proposed
373194,ct_eversource_rate1_proposed
374858,ct_eversource_rate1_proposed
379629,ct_eversource_rate1_proposed
383535,ct_eversource_rate1_proposed
404078,ct_eversource_rate1_proposed
408458,ct_eversource_rate1_proposed
408535,ct_eversource_rate1_proposed
366916,ct_eversource_rate1_proposed
370741,ct_eversource_rate1_proposed
372098,ct_eversource_rate1_proposed
381989,ct_eversource_rate1_proposed
391475,ct_eversource_rate1_proposed
395566,ct_eversource_rate1_proposed
408682,ct_eversource_rate1_proposed
224727,ct_eversource_rate1_proposed
414703,ct_eversource_rate1_proposed
435832,ct_eversource_rate1_proposed
459199,ct_eversource_rate1_proposed
466938,ct_eversource_rate1_proposed
467582,ct_eversource_rate1_proposed
468052,ct_eversource_rate1_proposed
470869,ct_eversource_rate1_proposed
481237,ct_eversource_rate1_proposed
496876,ct_eversource_rate1_proposed
505266,ct_eversource_rate1_proposed
507910,ct_eversource_rate1_proposed
508519,ct_eversource_rate1_proposed
517671,ct_eversource_rate1_proposed
529244,ct_eversource_rate1_proposed
529264,ct_eversource_rate1_proposed
539987,ct_eversource_rate1_proposed
544025,ct_eversource_rate1_proposed
547249,ct_eversource_rate1_proposed
549253,ct_eversource_rate1_proposed
79702,ct_eversource_rate1_proposed
318293,ct_eversource_rate1_proposed
419237,ct_eversource_rate1_proposed
149118,ct_eversource_rate1_proposed
321428,ct_eversource_rate1_proposed
330826,ct_eversource_rate1_proposed
181849,ct_eversource_rate1_proposed
305165,ct_eversource_rate1_proposed
328282,ct_eversource_rate1_proposed
336805,ct_eversource_rate1_proposed
174599,ct_eversource_rate1_proposed
201985,ct_eversource_rate1_proposed
389787,ct_eversource_rate1_proposed
55018,ct_eversource_rate1_proposed
440914,ct_eversource_rate1_proposed
129014,ct_eversource_rate1_proposed
42412,ct_eversource_rate1_proposed
326049,ct_eversource_rate1_proposed
320074,ct_eversource_rate1_proposed
317645,ct_eversource_rate1_proposed
301257,ct_eversource_rate1_proposed
337336,ct_eversource_rate1_proposed
394460,ct_eversource_rate1_proposed
398582,ct_eversource_rate1_proposed
401878,ct_eversource_rate1_proposed
526273,ct_eversource_rate1_proposed
117094,ct_eversource_rate1_proposed
509779,ct_eversource_rate1_proposed
549835,ct_eversource_rate1_proposed
44772,ct_eversource_rate1_proposed
74894,ct_eversource_rate1_proposed
201473,ct_eversource_rate1_proposed
211338,ct_eversource_rate1_proposed
260715,ct_eversource_rate1_proposed
354241,ct_eversource_rate1_proposed
367759,ct_eversource_rate1_proposed
479352,ct_eversource_rate1_proposed
336034,ct_eversource_rate1_proposed
284408,ct_eversource_rate1_proposed
499935,ct_eversource_rate1_proposed
11115,ct_eversource_rate1_proposed
321632,ct_eversource_rate1_proposed
492413,ct_eversource_rate1_proposed
450243,ct_eversource_rate1_proposed
168741,ct_eversource_rate1_proposed
441679,ct_eversource_rate1_proposed
318566,ct_eversource_rate1_proposed
71693,ct_eversource_rate1_proposed
253223,ct_eversource_rate1_proposed
429509,ct_eversource_rate1_proposed
53756,ct_eversource_rate1_proposed
236211,ct_eversource_rate1_proposed
251027,ct_eversource_rate1_proposed
375689,ct_eversource_rate1_proposed
419573,ct_eversource_rate1_proposed
479042,ct_eversource_rate1_proposed
538936,ct_eversource_rate1_proposed
15092,ct_eversource_rate1_proposed
35680,ct_eversource_rate1_proposed
68479,ct_eversource_rate1_proposed
69863,ct_eversource_rate1_proposed
79407,ct_eversource_rate1_proposed
96779,ct_eversource_rate1_proposed
120756,ct_eversource_rate1_proposed
262661,ct_eversource_rate1_proposed
166250,ct_eversource_rate1_proposed
173168,ct_eversource_rate1_proposed
181138,ct_eversource_rate1_proposed
202969,ct_eversource_rate1_proposed
229879,ct_eversource_rate1_proposed
252861,ct_eversource_rate1_proposed
257843,ct_eversource_rate1_proposed
304170,ct_eversource_rate1_proposed
284076,ct_eversource_rate1_proposed
379198,ct_eversource_rate1_proposed
414313,ct_eversource_rate1_proposed
415266,ct_eversource_rate1_proposed
417089,ct_eversource_rate1_proposed
423277,ct_eversource_rate1_proposed
423963,ct_eversource_rate1_proposed
425160,ct_eversource_rate1_proposed
438211,ct_eversource_rate1_proposed
444882,ct_eversource_rate1_proposed
449534,ct_eversource_rate1_proposed
451605,ct_eversource_rate1_proposed
458949,ct_eversource_rate1_proposed
464462,ct_eversource_rate1_proposed
464573,ct_eversource_rate1_proposed
464606,ct_eversource_rate1_proposed
470072,ct_eversource_rate1_proposed
472249,ct_eversource_rate1_proposed
472345,ct_eversource_rate1_proposed
478960,ct_eversource_rate1_proposed
481543,ct_eversource_rate1_proposed
481620,ct_eversource_rate1_proposed
485209,ct_eversource_rate1_proposed
501798,ct_eversource_rate1_proposed
507271,ct_eversource_rate1_proposed
517191,ct_eversource_rate1_proposed
543479,ct_eversource_rate1_proposed
544805,ct_eversource_rate1_proposed
2353,ct_eversource_rate1_proposed
3541,ct_eversource_rate1_proposed
7290,ct_eversource_rate1_proposed
8517,ct_eversource_rate1_proposed
22842,ct_eversource_rate1_proposed
23039,ct_eversource_rate1_proposed
24359,ct_eversource_rate1_proposed
26167,ct_eversource_rate1_proposed
29081,ct_eversource_rate1_proposed
31469,ct_eversource_rate1_proposed
34968,ct_eversource_rate1_proposed
38824,ct_eversource_rate1_proposed
44562,ct_eversource_rate1_proposed
53720,ct_eversource_rate1_proposed
60301,ct_eversource_rate1_proposed
61520,ct_eversource_rate1_proposed
61741,ct_eversource_rate1_proposed
62035,ct_eversource_rate1_proposed
69340,ct_eversource_rate1_proposed
73136,ct_eversource_rate1_proposed
82862,ct_eversource_rate1_proposed
89545,ct_eversource_rate1_proposed
94223,ct_eversource_rate1_proposed
100957,ct_eversource_rate1_proposed
105152,ct_eversource_rate1_proposed
108307,ct_eversource_rate1_proposed
111471,ct_eversource_rate1_proposed
112550,ct_eversource_rate1_proposed
114466,ct_eversource_rate1_proposed
116503,ct_eversource_rate1_proposed
116972,ct_eversource_rate1_proposed
125933,ct_eversource_rate1_proposed
127251,ct_eversource_rate1_proposed
136393,ct_eversource_rate1_proposed
138119,ct_eversource_rate1_proposed
229569,ct_eversource_rate1_proposed
351883,ct_eversource_rate1_proposed
389753,ct_eversource_rate1_proposed
168553,ct_eversource_rate1_proposed
395471,ct_eversource_rate1_proposed
364156,ct_eversource_rate1_proposed
190755,ct_eversource_rate1_proposed
398794,ct_eversource_rate1_proposed
202643,ct_eversource_rate1_proposed
335414,ct_eversource_rate1_proposed
394663,ct_eversource_rate1_proposed
288697,ct_eversource_rate1_proposed
269609,ct_eversource_rate1_proposed
285979,ct_eversource_rate1_proposed
156273,ct_eversource_rate1_proposed
329865,ct_eversource_rate1_proposed
283082,ct_eversource_rate1_proposed
321529,ct_eversource_rate1_proposed
141414,ct_eversource_rate1_proposed
146454,ct_eversource_rate1_proposed
151394,ct_eversource_rate1_proposed
164420,ct_eversource_rate1_proposed
164847,ct_eversource_rate1_proposed
168367,ct_eversource_rate1_proposed
168762,ct_eversource_rate1_proposed
170021,ct_eversource_rate1_proposed
175717,ct_eversource_rate1_proposed
184621,ct_eversource_rate1_proposed
202660,ct_eversource_rate1_proposed
218453,ct_eversource_rate1_proposed
223749,ct_eversource_rate1_proposed
234372,ct_eversource_rate1_proposed
237812,ct_eversource_rate1_proposed
242018,ct_eversource_rate1_proposed
265493,ct_eversource_rate1_proposed
323295,ct_eversource_rate1_proposed
273685,ct_eversource_rate1_proposed
303508,ct_eversource_rate1_proposed
358191,ct_eversource_rate1_proposed
323764,ct_eversource_rate1_proposed
328476,ct_eversource_rate1_proposed
300877,ct_eversource_rate1_proposed
288517,ct_eversource_rate1_proposed
302297,ct_eversource_rate1_proposed
270414,ct_eversource_rate1_proposed
275297,ct_eversource_rate1_proposed
293717,ct_eversource_rate1_proposed
303495,ct_eversource_rate1_proposed
308289,ct_eversource_rate1_proposed
324963,ct_eversource_rate1_proposed
338446,ct_eversource_rate1_proposed
340968,ct_eversource_rate1_proposed
351701,ct_eversource_rate1_proposed
354412,ct_eversource_rate1_proposed
355452,ct_eversource_rate1_proposed
363956,ct_eversource_rate1_proposed
372830,ct_eversource_rate1_proposed
376625,ct_eversource_rate1_proposed
380081,ct_eversource_rate1_proposed
363685,ct_eversource_rate1_proposed
364281,ct_eversource_rate1_proposed
372478,ct_eversource_rate1_proposed
374441,ct_eversource_rate1_proposed
376097,ct_eversource_rate1_proposed
381275,ct_eversource_rate1_proposed
386083,ct_eversource_rate1_proposed
395341,ct_eversource_rate1_proposed
398296,ct_eversource_rate1_proposed
89345,ct_eversource_rate1_proposed
152346,ct_eversource_rate1_proposed
185451,ct_eversource_rate1_proposed
481626,ct_eversource_rate1_proposed
491860,ct_eversource_rate1_proposed
521675,ct_eversource_rate1_proposed
538651,ct_eversource_rate1_proposed
90325,ct_eversource_rate1_proposed
94511,ct_eversource_rate1_proposed
95378,ct_eversource_rate1_proposed
392577,ct_eversource_rate1_proposed
287978,ct_eversource_rate1_proposed
248237,ct_eversource_rate1_proposed
501602,ct_eversource_rate1_proposed
321102,ct_eversource_rate1_proposed
310619,ct_eversource_rate1_proposed
236225,ct_eversource_rate1_proposed
164172,ct_eversource_rate1_proposed
256731,ct_eversource_rate1_proposed
188598,ct_eversource_rate1_proposed
247034,ct_eversource_rate1_proposed
185955,ct_eversource_rate1_proposed
235345,ct_eversource_rate1_proposed
241376,ct_eversource_rate1_proposed
261304,ct_eversource_rate1_proposed
318154,ct_eversource_rate1_proposed
497979,ct_eversource_rate1_proposed
35861,ct_eversource_rate1_proposed
39084,ct_eversource_rate1_proposed
92537,ct_eversource_rate1_proposed
97910,ct_eversource_rate1_proposed
345551,ct_eversource_rate1_proposed
311729,ct_eversource_rate1_proposed
387277,ct_eversource_rate1_proposed
281756,ct_eversource_rate1_proposed
315941,ct_eversource_rate1_proposed
316187,ct_eversource_rate1_proposed
386668,ct_eversource_rate1_proposed
229772,ct_eversource_rate1_proposed
452982,ct_eversource_rate1_proposed
442632,ct_eversource_rate1_proposed
464679,ct_eversource_rate1_proposed
521121,ct_eversource_rate1_proposed
525758,ct_eversource_rate1_proposed
55013,ct_eversource_rate1_proposed
63319,ct_eversource_rate1_proposed
74455,ct_eversource_rate1_proposed
87012,ct_eversource_rate1_proposed
109102,ct_eversource_rate1_proposed
238549,ct_eversource_rate1_proposed
179790,ct_eversource_rate1_proposed
360551,ct_eversource_rate1_proposed
266265,ct_eversource_rate1_proposed
428866,ct_eversource_rate1_proposed
463664,ct_eversource_rate1_proposed
541341,ct_eversource_rate1_proposed
95477,ct_eversource_rate1_proposed
127446,ct_eversource_rate1_proposed
541302,ct_eversource_rate1_proposed
265984,ct_eversource_rate1_proposed
286503,ct_eversource_rate1_proposed
354905,ct_eversource_rate1_proposed
234088,ct_eversource_rate1_proposed
404054,ct_eversource_rate1_proposed
173926,ct_eversource_rate1_proposed
532634,ct_eversource_rate1_proposed
26148,ct_eversource_rate1_proposed
30941,ct_eversource_rate1_proposed
39627,ct_eversource_rate1_proposed
237171,ct_eversource_rate1_proposed
321704,ct_eversource_rate1_proposed
410253,ct_eversource_rate1_proposed
27704,ct_eversource_rate1_proposed
79321,ct_eversource_rate1_proposed
222274,ct_eversource_rate1_proposed
296427,ct_eversource_rate1_proposed
416365,ct_eversource_rate1_proposed
484776,ct_eversource_rate1_proposed
497136,ct_eversource_rate1_proposed
523784,ct_eversource_rate1_proposed
4492,ct_eversource_rate1_proposed
34918,ct_eversource_rate1_proposed
78479,ct_eversource_rate1_proposed
78972,ct_eversource_rate1_proposed
81912,ct_eversource_rate1_proposed
124352,ct_eversource_rate1_proposed
254280,ct_eversource_rate1_proposed
336601,ct_eversource_rate1_proposed
181308,ct_eversource_rate1_proposed
288835,ct_eversource_rate1_proposed
169909,ct_eversource_rate1_proposed
188612,ct_eversource_rate1_proposed
390642,ct_eversource_rate1_proposed
200504,ct_eversource_rate1_proposed
208748,ct_eversource_rate1_proposed
216023,ct_eversource_rate1_proposed
262932,ct_eversource_rate1_proposed
273834,ct_eversource_rate1_proposed
396968,ct_eversource_rate1_proposed
409981,ct_eversource_rate1_proposed
419298,ct_eversource_rate1_proposed
424401,ct_eversource_rate1_proposed
425189,ct_eversource_rate1_proposed
429606,ct_eversource_rate1_proposed
435576,ct_eversource_rate1_proposed
444132,ct_eversource_rate1_proposed
449972,ct_eversource_rate1_proposed
451143,ct_eversource_rate1_proposed
456455,ct_eversource_rate1_proposed
460454,ct_eversource_rate1_proposed
471490,ct_eversource_rate1_proposed
472076,ct_eversource_rate1_proposed
473520,ct_eversource_rate1_proposed
485873,ct_eversource_rate1_proposed
489118,ct_eversource_rate1_proposed
507856,ct_eversource_rate1_proposed
514832,ct_eversource_rate1_proposed
530525,ct_eversource_rate1_proposed
546748,ct_eversource_rate1_proposed
7208,ct_eversource_rate1_proposed
11894,ct_eversource_rate1_proposed
14925,ct_eversource_rate1_proposed
22336,ct_eversource_rate1_proposed
23447,ct_eversource_rate1_proposed
23785,ct_eversource_rate1_proposed
25925,ct_eversource_rate1_proposed
40355,ct_eversource_rate1_proposed
50065,ct_eversource_rate1_proposed
52396,ct_eversource_rate1_proposed
56732,ct_eversource_rate1_proposed
59367,ct_eversource_rate1_proposed
59642,ct_eversource_rate1_proposed
63124,ct_eversource_rate1_proposed
64887,ct_eversource_rate1_proposed
65781,ct_eversource_rate1_proposed
69628,ct_eversource_rate1_proposed
69678,ct_eversource_rate1_proposed
72463,ct_eversource_rate1_proposed
81207,ct_eversource_rate1_proposed
82213,ct_eversource_rate1_proposed
86256,ct_eversource_rate1_proposed
87758,ct_eversource_rate1_proposed
88120,ct_eversource_rate1_proposed
90122,ct_eversource_rate1_proposed
96117,ct_eversource_rate1_proposed
107878,ct_eversource_rate1_proposed
108193,ct_eversource_rate1_proposed
113585,ct_eversource_rate1_proposed
118532,ct_eversource_rate1_proposed
119723,ct_eversource_rate1_proposed
130568,ct_eversource_rate1_proposed
130778,ct_eversource_rate1_proposed
214665,ct_eversource_rate1_proposed
255376,ct_eversource_rate1_proposed
383008,ct_eversource_rate1_proposed
207683,ct_eversource_rate1_proposed
333302,ct_eversource_rate1_proposed
150542,ct_eversource_rate1_proposed
274040,ct_eversource_rate1_proposed
360828,ct_eversource_rate1_proposed
372147,ct_eversource_rate1_proposed
287245,ct_eversource_rate1_proposed
157426,ct_eversource_rate1_proposed
159435,ct_eversource_rate1_proposed
160389,ct_eversource_rate1_proposed
201000,ct_eversource_rate1_proposed
202167,ct_eversource_rate1_proposed
212633,ct_eversource_rate1_proposed
218146,ct_eversource_rate1_proposed
376553,ct_eversource_rate1_proposed
354362,ct_eversource_rate1_proposed
284537,ct_eversource_rate1_proposed
287870,ct_eversource_rate1_proposed
308894,ct_eversource_rate1_proposed
151079,ct_eversource_rate1_proposed
151796,ct_eversource_rate1_proposed
167028,ct_eversource_rate1_proposed
179475,ct_eversource_rate1_proposed
189503,ct_eversource_rate1_proposed
189704,ct_eversource_rate1_proposed
201522,ct_eversource_rate1_proposed
205877,ct_eversource_rate1_proposed
212720,ct_eversource_rate1_proposed
214727,ct_eversource_rate1_proposed
239590,ct_eversource_rate1_proposed
243843,ct_eversource_rate1_proposed
250517,ct_eversource_rate1_proposed
258575,ct_eversource_rate1_proposed
387280,ct_eversource_rate1_proposed
289023,ct_eversource_rate1_proposed
319120,ct_eversource_rate1_proposed
315166,ct_eversource_rate1_proposed
383227,ct_eversource_rate1_proposed
330795,ct_eversource_rate1_proposed
314489,ct_eversource_rate1_proposed
283518,ct_eversource_rate1_proposed
270772,ct_eversource_rate1_proposed
291407,ct_eversource_rate1_proposed
306652,ct_eversource_rate1_proposed
326629,ct_eversource_rate1_proposed
330961,ct_eversource_rate1_proposed
338920,ct_eversource_rate1_proposed
342412,ct_eversource_rate1_proposed
355528,ct_eversource_rate1_proposed
355805,ct_eversource_rate1_proposed
360991,ct_eversource_rate1_proposed
376626,ct_eversource_rate1_proposed
387384,ct_eversource_rate1_proposed
387637,ct_eversource_rate1_proposed
400851,ct_eversource_rate1_proposed
403554,ct_eversource_rate1_proposed
