bldg_id,tariff_key
63060,ct_eversource_icos_fair_flat
445641,ct_eversource_icos_fair_flat
170021,ct_eversource_icos_fair_flat
304501,ct_eversource_icos_fair_flat
479725,ct_eversource_icos_fair_flat
489361,ct_eversource_icos_fair_flat
499935,ct_eversource_icos_fair_flat
505849,ct_eversource_icos_fair_flat
525975,ct_eversource_icos_fair_flat
455178,ct_eversource_icos_fair_flat
99099,ct_eversource_icos_fair_flat
183846,ct_eversource_icos_fair_flat
3005,ct_eversource_icos_fair_flat
3165,ct_eversource_icos_fair_flat
4174,ct_eversource_icos_fair_flat
5425,ct_eversource_icos_fair_flat
16426,ct_eversource_icos_fair_flat
17557,ct_eversource_icos_fair_flat
51759,ct_eversource_icos_fair_flat
475601,ct_eversource_icos_fair_flat
86074,ct_eversource_icos_fair_flat
104911,ct_eversource_icos_fair_flat
126323,ct_eversource_icos_fair_flat
130778,ct_eversource_icos_fair_flat
134564,ct_eversource_icos_fair_flat
135025,ct_eversource_icos_fair_flat
171961,ct_eversource_icos_fair_flat
250520,ct_eversource_icos_fair_flat
254802,ct_eversource_icos_fair_flat
422089,ct_eversource_icos_fair_flat
348539,ct_eversource_icos_fair_flat
370530,ct_eversource_icos_fair_flat
229174,ct_eversource_icos_fair_flat
237542,ct_eversource_icos_fair_flat
368521,ct_eversource_icos_fair_flat
461509,ct_eversource_icos_fair_flat
449534,ct_eversource_icos_fair_flat
271248,ct_eversource_icos_fair_flat
284757,ct_eversource_icos_fair_flat
327407,ct_eversource_icos_fair_flat
451996,ct_eversource_icos_fair_flat
460454,ct_eversource_icos_fair_flat
359335,ct_eversource_icos_fair_flat
424572,ct_eversource_icos_fair_flat
355524,ct_eversource_icos_fair_flat
392065,ct_eversource_icos_fair_flat
73380,ct_eversource_icos_fair_flat
320074,ct_eversource_icos_fair_flat
475176,ct_eversource_icos_fair_flat
496876,ct_eversource_icos_fair_flat
217492,ct_eversource_icos_fair_flat
71224,ct_eversource_icos_fair_flat
296181,ct_eversource_icos_fair_flat
189917,ct_eversource_icos_fair_flat
480217,ct_eversource_icos_fair_flat
485212,ct_eversource_icos_fair_flat
509852,ct_eversource_icos_fair_flat
510319,ct_eversource_icos_fair_flat
533296,ct_eversource_icos_fair_flat
535238,ct_eversource_icos_fair_flat
542706,ct_eversource_icos_fair_flat
545188,ct_eversource_icos_fair_flat
431673,ct_eversource_icos_fair_flat
476063,ct_eversource_icos_fair_flat
40760,ct_eversource_icos_fair_flat
59970,ct_eversource_icos_fair_flat
69909,ct_eversource_icos_fair_flat
180941,ct_eversource_icos_fair_flat
244982,ct_eversource_icos_fair_flat
3426,ct_eversource_icos_fair_flat
46384,ct_eversource_icos_fair_flat
52396,ct_eversource_icos_fair_flat
60966,ct_eversource_icos_fair_flat
67305,ct_eversource_icos_fair_flat
223749,ct_eversource_icos_fair_flat
107961,ct_eversource_icos_fair_flat
349049,ct_eversource_icos_fair_flat
81661,ct_eversource_icos_fair_flat
311754,ct_eversource_icos_fair_flat
77811,ct_eversource_icos_fair_flat
107111,ct_eversource_icos_fair_flat
442274,ct_eversource_icos_fair_flat
379629,ct_eversource_icos_fair_flat
438970,ct_eversource_icos_fair_flat
318870,ct_eversource_icos_fair_flat
464494,ct_eversource_icos_fair_flat
427101,ct_eversource_icos_fair_flat
146197,ct_eversource_icos_fair_flat
151079,ct_eversource_icos_fair_flat
164767,ct_eversource_icos_fair_flat
201685,ct_eversource_icos_fair_flat
297195,ct_eversource_icos_fair_flat
368492,ct_eversource_icos_fair_flat
236459,ct_eversource_icos_fair_flat
208165,ct_eversource_icos_fair_flat
211988,ct_eversource_icos_fair_flat
229772,ct_eversource_icos_fair_flat
229879,ct_eversource_icos_fair_flat
247090,ct_eversource_icos_fair_flat
463534,ct_eversource_icos_fair_flat
329491,ct_eversource_icos_fair_flat
308857,ct_eversource_icos_fair_flat
329282,ct_eversource_icos_fair_flat
330961,ct_eversource_icos_fair_flat
339299,ct_eversource_icos_fair_flat
456455,ct_eversource_icos_fair_flat
390377,ct_eversource_icos_fair_flat
342412,ct_eversource_icos_fair_flat
398093,ct_eversource_icos_fair_flat
548997,ct_eversource_icos_fair_flat
549414,ct_eversource_icos_fair_flat
408796,ct_eversource_icos_fair_flat
144435,ct_eversource_icos_fair_flat
395520,ct_eversource_icos_fair_flat
237722,ct_eversource_icos_fair_flat
481090,ct_eversource_icos_fair_flat
484780,ct_eversource_icos_fair_flat
487949,ct_eversource_icos_fair_flat
492413,ct_eversource_icos_fair_flat
510774,ct_eversource_icos_fair_flat
513561,ct_eversource_icos_fair_flat
514198,ct_eversource_icos_fair_flat
532634,ct_eversource_icos_fair_flat
115204,ct_eversource_icos_fair_flat
58287,ct_eversource_icos_fair_flat
279732,ct_eversource_icos_fair_flat
86493,ct_eversource_icos_fair_flat
338527,ct_eversource_icos_fair_flat
29012,ct_eversource_icos_fair_flat
34254,ct_eversource_icos_fair_flat
67474,ct_eversource_icos_fair_flat
325273,ct_eversource_icos_fair_flat
258860,ct_eversource_icos_fair_flat
81315,ct_eversource_icos_fair_flat
96779,ct_eversource_icos_fair_flat
100540,ct_eversource_icos_fair_flat
269197,ct_eversource_icos_fair_flat
386656,ct_eversource_icos_fair_flat
268941,ct_eversource_icos_fair_flat
405264,ct_eversource_icos_fair_flat
145669,ct_eversource_icos_fair_flat
156273,ct_eversource_icos_fair_flat
159383,ct_eversource_icos_fair_flat
164420,ct_eversource_icos_fair_flat
176430,ct_eversource_icos_fair_flat
191444,ct_eversource_icos_fair_flat
468970,ct_eversource_icos_fair_flat
414552,ct_eversource_icos_fair_flat
220404,ct_eversource_icos_fair_flat
224486,ct_eversource_icos_fair_flat
266745,ct_eversource_icos_fair_flat
360945,ct_eversource_icos_fair_flat
326543,ct_eversource_icos_fair_flat
328461,ct_eversource_icos_fair_flat
341809,ct_eversource_icos_fair_flat
343082,ct_eversource_icos_fair_flat
343593,ct_eversource_icos_fair_flat
400197,ct_eversource_icos_fair_flat
245321,ct_eversource_icos_fair_flat
261614,ct_eversource_icos_fair_flat
33479,ct_eversource_icos_fair_flat
444690,ct_eversource_icos_fair_flat
513160,ct_eversource_icos_fair_flat
514130,ct_eversource_icos_fair_flat
515205,ct_eversource_icos_fair_flat
515550,ct_eversource_icos_fair_flat
516626,ct_eversource_icos_fair_flat
518231,ct_eversource_icos_fair_flat
524661,ct_eversource_icos_fair_flat
526835,ct_eversource_icos_fair_flat
528131,ct_eversource_icos_fair_flat
542718,ct_eversource_icos_fair_flat
274040,ct_eversource_icos_fair_flat
125695,ct_eversource_icos_fair_flat
223868,ct_eversource_icos_fair_flat
164495,ct_eversource_icos_fair_flat
415266,ct_eversource_icos_fair_flat
4999,ct_eversource_icos_fair_flat
6844,ct_eversource_icos_fair_flat
8528,ct_eversource_icos_fair_flat
23447,ct_eversource_icos_fair_flat
38046,ct_eversource_icos_fair_flat
39252,ct_eversource_icos_fair_flat
55846,ct_eversource_icos_fair_flat
57468,ct_eversource_icos_fair_flat
66426,ct_eversource_icos_fair_flat
179475,ct_eversource_icos_fair_flat
93861,ct_eversource_icos_fair_flat
116001,ct_eversource_icos_fair_flat
123731,ct_eversource_icos_fair_flat
93000,ct_eversource_icos_fair_flat
99280,ct_eversource_icos_fair_flat
100927,ct_eversource_icos_fair_flat
113716,ct_eversource_icos_fair_flat
115078,ct_eversource_icos_fair_flat
115964,ct_eversource_icos_fair_flat
121194,ct_eversource_icos_fair_flat
454794,ct_eversource_icos_fair_flat
329241,ct_eversource_icos_fair_flat
233573,ct_eversource_icos_fair_flat
255265,ct_eversource_icos_fair_flat
338286,ct_eversource_icos_fair_flat
281229,ct_eversource_icos_fair_flat
144124,ct_eversource_icos_fair_flat
178669,ct_eversource_icos_fair_flat
240029,ct_eversource_icos_fair_flat
387454,ct_eversource_icos_fair_flat
221767,ct_eversource_icos_fair_flat
211994,ct_eversource_icos_fair_flat
250458,ct_eversource_icos_fair_flat
313086,ct_eversource_icos_fair_flat
276978,ct_eversource_icos_fair_flat
438146,ct_eversource_icos_fair_flat
387277,ct_eversource_icos_fair_flat
439024,ct_eversource_icos_fair_flat
284147,ct_eversource_icos_fair_flat
311027,ct_eversource_icos_fair_flat
350971,ct_eversource_icos_fair_flat
53741,ct_eversource_icos_fair_flat
236225,ct_eversource_icos_fair_flat
277655,ct_eversource_icos_fair_flat
508486,ct_eversource_icos_fair_flat
515124,ct_eversource_icos_fair_flat
523181,ct_eversource_icos_fair_flat
96534,ct_eversource_icos_fair_flat
11074,ct_eversource_icos_fair_flat
109710,ct_eversource_icos_fair_flat
16421,ct_eversource_icos_fair_flat
32232,ct_eversource_icos_fair_flat
170761,ct_eversource_icos_fair_flat
185328,ct_eversource_icos_fair_flat
198339,ct_eversource_icos_fair_flat
223922,ct_eversource_icos_fair_flat
4025,ct_eversource_icos_fair_flat
6936,ct_eversource_icos_fair_flat
25920,ct_eversource_icos_fair_flat
64995,ct_eversource_icos_fair_flat
85002,ct_eversource_icos_fair_flat
192461,ct_eversource_icos_fair_flat
380642,ct_eversource_icos_fair_flat
238549,ct_eversource_icos_fair_flat
349743,ct_eversource_icos_fair_flat
89409,ct_eversource_icos_fair_flat
90325,ct_eversource_icos_fair_flat
101537,ct_eversource_icos_fair_flat
106211,ct_eversource_icos_fair_flat
116644,ct_eversource_icos_fair_flat
228582,ct_eversource_icos_fair_flat
439139,ct_eversource_icos_fair_flat
212525,ct_eversource_icos_fair_flat
299527,ct_eversource_icos_fair_flat
164924,ct_eversource_icos_fair_flat
176963,ct_eversource_icos_fair_flat
181308,ct_eversource_icos_fair_flat
192143,ct_eversource_icos_fair_flat
475357,ct_eversource_icos_fair_flat
346190,ct_eversource_icos_fair_flat
241531,ct_eversource_icos_fair_flat
215670,ct_eversource_icos_fair_flat
221745,ct_eversource_icos_fair_flat
268767,ct_eversource_icos_fair_flat
343663,ct_eversource_icos_fair_flat
268203,ct_eversource_icos_fair_flat
312228,ct_eversource_icos_fair_flat
367025,ct_eversource_icos_fair_flat
354690,ct_eversource_icos_fair_flat
459686,ct_eversource_icos_fair_flat
277721,ct_eversource_icos_fair_flat
278304,ct_eversource_icos_fair_flat
300832,ct_eversource_icos_fair_flat
303495,ct_eversource_icos_fair_flat
314824,ct_eversource_icos_fair_flat
317444,ct_eversource_icos_fair_flat
325265,ct_eversource_icos_fair_flat
333817,ct_eversource_icos_fair_flat
345860,ct_eversource_icos_fair_flat
386443,ct_eversource_icos_fair_flat
459404,ct_eversource_icos_fair_flat
358270,ct_eversource_icos_fair_flat
395081,ct_eversource_icos_fair_flat
404670,ct_eversource_icos_fair_flat
398310,ct_eversource_icos_fair_flat
503666,ct_eversource_icos_fair_flat
217786,ct_eversource_icos_fair_flat
496871,ct_eversource_icos_fair_flat
116226,ct_eversource_icos_fair_flat
487272,ct_eversource_icos_fair_flat
497371,ct_eversource_icos_fair_flat
504616,ct_eversource_icos_fair_flat
519773,ct_eversource_icos_fair_flat
526557,ct_eversource_icos_fair_flat
536169,ct_eversource_icos_fair_flat
536310,ct_eversource_icos_fair_flat
541668,ct_eversource_icos_fair_flat
44562,ct_eversource_icos_fair_flat
25836,ct_eversource_icos_fair_flat
228932,ct_eversource_icos_fair_flat
113506,ct_eversource_icos_fair_flat
361929,ct_eversource_icos_fair_flat
392625,ct_eversource_icos_fair_flat
463664,ct_eversource_icos_fair_flat
1233,ct_eversource_icos_fair_flat
2701,ct_eversource_icos_fair_flat
11565,ct_eversource_icos_fair_flat
12274,ct_eversource_icos_fair_flat
29654,ct_eversource_icos_fair_flat
44772,ct_eversource_icos_fair_flat
64208,ct_eversource_icos_fair_flat
66839,ct_eversource_icos_fair_flat
239590,ct_eversource_icos_fair_flat
87667,ct_eversource_icos_fair_flat
76304,ct_eversource_icos_fair_flat
149698,ct_eversource_icos_fair_flat
246414,ct_eversource_icos_fair_flat
298741,ct_eversource_icos_fair_flat
79518,ct_eversource_icos_fair_flat
94169,ct_eversource_icos_fair_flat
99142,ct_eversource_icos_fair_flat
106399,ct_eversource_icos_fair_flat
108154,ct_eversource_icos_fair_flat
388190,ct_eversource_icos_fair_flat
417714,ct_eversource_icos_fair_flat
236061,ct_eversource_icos_fair_flat
328669,ct_eversource_icos_fair_flat
294835,ct_eversource_icos_fair_flat
157501,ct_eversource_icos_fair_flat
225648,ct_eversource_icos_fair_flat
237239,ct_eversource_icos_fair_flat
321603,ct_eversource_icos_fair_flat
164086,ct_eversource_icos_fair_flat
178861,ct_eversource_icos_fair_flat
204637,ct_eversource_icos_fair_flat
225271,ct_eversource_icos_fair_flat
252861,ct_eversource_icos_fair_flat
253837,ct_eversource_icos_fair_flat
267639,ct_eversource_icos_fair_flat
429946,ct_eversource_icos_fair_flat
387964,ct_eversource_icos_fair_flat
464679,ct_eversource_icos_fair_flat
336099,ct_eversource_icos_fair_flat
410069,ct_eversource_icos_fair_flat
398785,ct_eversource_icos_fair_flat
363886,ct_eversource_icos_fair_flat
399483,ct_eversource_icos_fair_flat
472076,ct_eversource_icos_fair_flat
205800,ct_eversource_icos_fair_flat
314092,ct_eversource_icos_fair_flat
484509,ct_eversource_icos_fair_flat
513898,ct_eversource_icos_fair_flat
531291,ct_eversource_icos_fair_flat
546634,ct_eversource_icos_fair_flat
546748,ct_eversource_icos_fair_flat
191091,ct_eversource_icos_fair_flat
212754,ct_eversource_icos_fair_flat
91120,ct_eversource_icos_fair_flat
137427,ct_eversource_icos_fair_flat
478657,ct_eversource_icos_fair_flat
242063,ct_eversource_icos_fair_flat
186057,ct_eversource_icos_fair_flat
288310,ct_eversource_icos_fair_flat
324092,ct_eversource_icos_fair_flat
2252,ct_eversource_icos_fair_flat
7740,ct_eversource_icos_fair_flat
30334,ct_eversource_icos_fair_flat
31289,ct_eversource_icos_fair_flat
41871,ct_eversource_icos_fair_flat
53499,ct_eversource_icos_fair_flat
62348,ct_eversource_icos_fair_flat
212901,ct_eversource_icos_fair_flat
122033,ct_eversource_icos_fair_flat
213975,ct_eversource_icos_fair_flat
352162,ct_eversource_icos_fair_flat
354846,ct_eversource_icos_fair_flat
381989,ct_eversource_icos_fair_flat
78071,ct_eversource_icos_fair_flat
107885,ct_eversource_icos_fair_flat
109102,ct_eversource_icos_fair_flat
131195,ct_eversource_icos_fair_flat
174908,ct_eversource_icos_fair_flat
234372,ct_eversource_icos_fair_flat
144492,ct_eversource_icos_fair_flat
162076,ct_eversource_icos_fair_flat
210478,ct_eversource_icos_fair_flat
472477,ct_eversource_icos_fair_flat
147973,ct_eversource_icos_fair_flat
168183,ct_eversource_icos_fair_flat
199525,ct_eversource_icos_fair_flat
260758,ct_eversource_icos_fair_flat
414167,ct_eversource_icos_fair_flat
462432,ct_eversource_icos_fair_flat
210119,ct_eversource_icos_fair_flat
276489,ct_eversource_icos_fair_flat
205540,ct_eversource_icos_fair_flat
216890,ct_eversource_icos_fair_flat
224834,ct_eversource_icos_fair_flat
231205,ct_eversource_icos_fair_flat
294932,ct_eversource_icos_fair_flat
330117,ct_eversource_icos_fair_flat
355452,ct_eversource_icos_fair_flat
99558,ct_eversource_icos_fair_flat
413869,ct_eversource_icos_fair_flat
99258,ct_eversource_icos_fair_flat
105576,ct_eversource_icos_fair_flat
292263,ct_eversource_icos_fair_flat
32733,ct_eversource_icos_fair_flat
82869,ct_eversource_icos_fair_flat
210921,ct_eversource_icos_fair_flat
452977,ct_eversource_icos_fair_flat
496823,ct_eversource_icos_fair_flat
508808,ct_eversource_icos_fair_flat
509779,ct_eversource_icos_fair_flat
517271,ct_eversource_icos_fair_flat
517535,ct_eversource_icos_fair_flat
518295,ct_eversource_icos_fair_flat
518419,ct_eversource_icos_fair_flat
519343,ct_eversource_icos_fair_flat
521786,ct_eversource_icos_fair_flat
538936,ct_eversource_icos_fair_flat
540903,ct_eversource_icos_fair_flat
543247,ct_eversource_icos_fair_flat
543967,ct_eversource_icos_fair_flat
202887,ct_eversource_icos_fair_flat
253223,ct_eversource_icos_fair_flat
265984,ct_eversource_icos_fair_flat
330826,ct_eversource_icos_fair_flat
61739,ct_eversource_icos_fair_flat
473101,ct_eversource_icos_fair_flat
280182,ct_eversource_icos_fair_flat
368310,ct_eversource_icos_fair_flat
396528,ct_eversource_icos_fair_flat
74862,ct_eversource_icos_fair_flat
102606,ct_eversource_icos_fair_flat
106421,ct_eversource_icos_fair_flat
110571,ct_eversource_icos_fair_flat
115771,ct_eversource_icos_fair_flat
124352,ct_eversource_icos_fair_flat
132411,ct_eversource_icos_fair_flat
205835,ct_eversource_icos_fair_flat
412658,ct_eversource_icos_fair_flat
139506,ct_eversource_icos_fair_flat
152727,ct_eversource_icos_fair_flat
164718,ct_eversource_icos_fair_flat
185104,ct_eversource_icos_fair_flat
424163,ct_eversource_icos_fair_flat
288938,ct_eversource_icos_fair_flat
446844,ct_eversource_icos_fair_flat
305372,ct_eversource_icos_fair_flat
399849,ct_eversource_icos_fair_flat
214847,ct_eversource_icos_fair_flat
222277,ct_eversource_icos_fair_flat
257682,ct_eversource_icos_fair_flat
279061,ct_eversource_icos_fair_flat
309750,ct_eversource_icos_fair_flat
319808,ct_eversource_icos_fair_flat
326049,ct_eversource_icos_fair_flat
443583,ct_eversource_icos_fair_flat
348722,ct_eversource_icos_fair_flat
441017,ct_eversource_icos_fair_flat
425390,ct_eversource_icos_fair_flat
471009,ct_eversource_icos_fair_flat
478694,ct_eversource_icos_fair_flat
25925,ct_eversource_icos_fair_flat
372128,ct_eversource_icos_fair_flat
159435,ct_eversource_icos_fair_flat
354479,ct_eversource_icos_fair_flat
185278,ct_eversource_icos_fair_flat
479087,ct_eversource_icos_fair_flat
232831,ct_eversource_icos_fair_flat
152718,ct_eversource_icos_fair_flat
262369,ct_eversource_icos_fair_flat
482769,ct_eversource_icos_fair_flat
484832,ct_eversource_icos_fair_flat
493901,ct_eversource_icos_fair_flat
509585,ct_eversource_icos_fair_flat
527406,ct_eversource_icos_fair_flat
530141,ct_eversource_icos_fair_flat
532373,ct_eversource_icos_fair_flat
539733,ct_eversource_icos_fair_flat
542991,ct_eversource_icos_fair_flat
543241,ct_eversource_icos_fair_flat
185451,ct_eversource_icos_fair_flat
410555,ct_eversource_icos_fair_flat
289754,ct_eversource_icos_fair_flat
2376,ct_eversource_icos_fair_flat
32659,ct_eversource_icos_fair_flat
34047,ct_eversource_icos_fair_flat
41275,ct_eversource_icos_fair_flat
55018,ct_eversource_icos_fair_flat
55868,ct_eversource_icos_fair_flat
60301,ct_eversource_icos_fair_flat
445773,ct_eversource_icos_fair_flat
471656,ct_eversource_icos_fair_flat
381424,ct_eversource_icos_fair_flat
247009,ct_eversource_icos_fair_flat
257361,ct_eversource_icos_fair_flat
364142,ct_eversource_icos_fair_flat
74332,ct_eversource_icos_fair_flat
74452,ct_eversource_icos_fair_flat
436266,ct_eversource_icos_fair_flat
162209,ct_eversource_icos_fair_flat
256182,ct_eversource_icos_fair_flat
164598,ct_eversource_icos_fair_flat
191171,ct_eversource_icos_fair_flat
195151,ct_eversource_icos_fair_flat
363928,ct_eversource_icos_fair_flat
440502,ct_eversource_icos_fair_flat
258689,ct_eversource_icos_fair_flat
236412,ct_eversource_icos_fair_flat
309953,ct_eversource_icos_fair_flat
212951,ct_eversource_icos_fair_flat
224727,ct_eversource_icos_fair_flat
241768,ct_eversource_icos_fair_flat
333546,ct_eversource_icos_fair_flat
376960,ct_eversource_icos_fair_flat
367696,ct_eversource_icos_fair_flat
280660,ct_eversource_icos_fair_flat
479582,ct_eversource_icos_fair_flat
342963,ct_eversource_icos_fair_flat
468233,ct_eversource_icos_fair_flat
427261,ct_eversource_icos_fair_flat
466560,ct_eversource_icos_fair_flat
138786,ct_eversource_icos_fair_flat
431114,ct_eversource_icos_fair_flat
417128,ct_eversource_icos_fair_flat
452885,ct_eversource_icos_fair_flat
510242,ct_eversource_icos_fair_flat
481276,ct_eversource_icos_fair_flat
484131,ct_eversource_icos_fair_flat
486274,ct_eversource_icos_fair_flat
494593,ct_eversource_icos_fair_flat
504712,ct_eversource_icos_fair_flat
521719,ct_eversource_icos_fair_flat
146459,ct_eversource_icos_fair_flat
175717,ct_eversource_icos_fair_flat
105821,ct_eversource_icos_fair_flat
257643,ct_eversource_icos_fair_flat
478478,ct_eversource_icos_fair_flat
30403,ct_eversource_icos_fair_flat
54262,ct_eversource_icos_fair_flat
66773,ct_eversource_icos_fair_flat
277101,ct_eversource_icos_fair_flat
168367,ct_eversource_icos_fair_flat
420474,ct_eversource_icos_fair_flat
334257,ct_eversource_icos_fair_flat
100057,ct_eversource_icos_fair_flat
101749,ct_eversource_icos_fair_flat
113798,ct_eversource_icos_fair_flat
128387,ct_eversource_icos_fair_flat
130568,ct_eversource_icos_fair_flat
132787,ct_eversource_icos_fair_flat
137832,ct_eversource_icos_fair_flat
308557,ct_eversource_icos_fair_flat
356196,ct_eversource_icos_fair_flat
175855,ct_eversource_icos_fair_flat
365984,ct_eversource_icos_fair_flat
321709,ct_eversource_icos_fair_flat
247774,ct_eversource_icos_fair_flat
324718,ct_eversource_icos_fair_flat
204113,ct_eversource_icos_fair_flat
211866,ct_eversource_icos_fair_flat
225743,ct_eversource_icos_fair_flat
251027,ct_eversource_icos_fair_flat
267713,ct_eversource_icos_fair_flat
295438,ct_eversource_icos_fair_flat
470065,ct_eversource_icos_fair_flat
461448,ct_eversource_icos_fair_flat
307812,ct_eversource_icos_fair_flat
324787,ct_eversource_icos_fair_flat
329319,ct_eversource_icos_fair_flat
421032,ct_eversource_icos_fair_flat
404715,ct_eversource_icos_fair_flat
412909,ct_eversource_icos_fair_flat
434609,ct_eversource_icos_fair_flat
233255,ct_eversource_icos_fair_flat
419298,ct_eversource_icos_fair_flat
422143,ct_eversource_icos_fair_flat
69384,ct_eversource_icos_fair_flat
308867,ct_eversource_icos_fair_flat
486721,ct_eversource_icos_fair_flat
515316,ct_eversource_icos_fair_flat
517191,ct_eversource_icos_fair_flat
526273,ct_eversource_icos_fair_flat
528292,ct_eversource_icos_fair_flat
533872,ct_eversource_icos_fair_flat
537530,ct_eversource_icos_fair_flat
376462,ct_eversource_icos_fair_flat
283499,ct_eversource_icos_fair_flat
449676,ct_eversource_icos_fair_flat
4275,ct_eversource_icos_fair_flat
15574,ct_eversource_icos_fair_flat
34246,ct_eversource_icos_fair_flat
36388,ct_eversource_icos_fair_flat
37648,ct_eversource_icos_fair_flat
54281,ct_eversource_icos_fair_flat
183822,ct_eversource_icos_fair_flat
330748,ct_eversource_icos_fair_flat
378440,ct_eversource_icos_fair_flat
72485,ct_eversource_icos_fair_flat
83234,ct_eversource_icos_fair_flat
112550,ct_eversource_icos_fair_flat
127420,ct_eversource_icos_fair_flat
176751,ct_eversource_icos_fair_flat
168326,ct_eversource_icos_fair_flat
465211,ct_eversource_icos_fair_flat
172850,ct_eversource_icos_fair_flat
180529,ct_eversource_icos_fair_flat
182613,ct_eversource_icos_fair_flat
199026,ct_eversource_icos_fair_flat
471886,ct_eversource_icos_fair_flat
265493,ct_eversource_icos_fair_flat
308319,ct_eversource_icos_fair_flat
266533,ct_eversource_icos_fair_flat
404099,ct_eversource_icos_fair_flat
325787,ct_eversource_icos_fair_flat
450243,ct_eversource_icos_fair_flat
408535,ct_eversource_icos_fair_flat
290788,ct_eversource_icos_fair_flat
304860,ct_eversource_icos_fair_flat
308858,ct_eversource_icos_fair_flat
310144,ct_eversource_icos_fair_flat
320682,ct_eversource_icos_fair_flat
322691,ct_eversource_icos_fair_flat
333328,ct_eversource_icos_fair_flat
357592,ct_eversource_icos_fair_flat
364156,ct_eversource_icos_fair_flat
370733,ct_eversource_icos_fair_flat
239186,ct_eversource_icos_fair_flat
414935,ct_eversource_icos_fair_flat
476274,ct_eversource_icos_fair_flat
238190,ct_eversource_icos_fair_flat
75807,ct_eversource_icos_fair_flat
147706,ct_eversource_icos_fair_flat
484265,ct_eversource_icos_fair_flat
489872,ct_eversource_icos_fair_flat
519591,ct_eversource_icos_fair_flat
522371,ct_eversource_icos_fair_flat
529264,ct_eversource_icos_fair_flat
532172,ct_eversource_icos_fair_flat
541302,ct_eversource_icos_fair_flat
547969,ct_eversource_icos_fair_flat
208314,ct_eversource_icos_fair_flat
34569,ct_eversource_icos_fair_flat
155356,ct_eversource_icos_fair_flat
376742,ct_eversource_icos_fair_flat
50841,ct_eversource_icos_fair_flat
52074,ct_eversource_icos_fair_flat
387012,ct_eversource_icos_fair_flat
362858,ct_eversource_icos_fair_flat
166362,ct_eversource_icos_fair_flat
232441,ct_eversource_icos_fair_flat
77766,ct_eversource_icos_fair_flat
101183,ct_eversource_icos_fair_flat
126710,ct_eversource_icos_fair_flat
131445,ct_eversource_icos_fair_flat
415402,ct_eversource_icos_fair_flat
419573,ct_eversource_icos_fair_flat
209623,ct_eversource_icos_fair_flat
278016,ct_eversource_icos_fair_flat
426618,ct_eversource_icos_fair_flat
185384,ct_eversource_icos_fair_flat
158154,ct_eversource_icos_fair_flat
406166,ct_eversource_icos_fair_flat
459811,ct_eversource_icos_fair_flat
146587,ct_eversource_icos_fair_flat
146753,ct_eversource_icos_fair_flat
152924,ct_eversource_icos_fair_flat
185955,ct_eversource_icos_fair_flat
217901,ct_eversource_icos_fair_flat
238074,ct_eversource_icos_fair_flat
248237,ct_eversource_icos_fair_flat
248918,ct_eversource_icos_fair_flat
288356,ct_eversource_icos_fair_flat
329749,ct_eversource_icos_fair_flat
400163,ct_eversource_icos_fair_flat
406197,ct_eversource_icos_fair_flat
479793,ct_eversource_icos_fair_flat
499053,ct_eversource_icos_fair_flat
524288,ct_eversource_icos_fair_flat
526460,ct_eversource_icos_fair_flat
68769,ct_eversource_icos_fair_flat
184621,ct_eversource_icos_fair_flat
172274,ct_eversource_icos_fair_flat
147995,ct_eversource_icos_fair_flat
231918,ct_eversource_icos_fair_flat
321102,ct_eversource_icos_fair_flat
13594,ct_eversource_icos_fair_flat
20293,ct_eversource_icos_fair_flat
20461,ct_eversource_icos_fair_flat
50591,ct_eversource_icos_fair_flat
98993,ct_eversource_icos_fair_flat
127303,ct_eversource_icos_fair_flat
236915,ct_eversource_icos_fair_flat
219042,ct_eversource_icos_fair_flat
305165,ct_eversource_icos_fair_flat
69535,ct_eversource_icos_fair_flat
72716,ct_eversource_icos_fair_flat
82338,ct_eversource_icos_fair_flat
88120,ct_eversource_icos_fair_flat
100771,ct_eversource_icos_fair_flat
116225,ct_eversource_icos_fair_flat
137166,ct_eversource_icos_fair_flat
219054,ct_eversource_icos_fair_flat
273757,ct_eversource_icos_fair_flat
177901,ct_eversource_icos_fair_flat
192258,ct_eversource_icos_fair_flat
356752,ct_eversource_icos_fair_flat
378844,ct_eversource_icos_fair_flat
398610,ct_eversource_icos_fair_flat
223573,ct_eversource_icos_fair_flat
376553,ct_eversource_icos_fair_flat
319010,ct_eversource_icos_fair_flat
293029,ct_eversource_icos_fair_flat
296427,ct_eversource_icos_fair_flat
348572,ct_eversource_icos_fair_flat
380175,ct_eversource_icos_fair_flat
408682,ct_eversource_icos_fair_flat
438432,ct_eversource_icos_fair_flat
413621,ct_eversource_icos_fair_flat
438283,ct_eversource_icos_fair_flat
447107,ct_eversource_icos_fair_flat
38122,ct_eversource_icos_fair_flat
229325,ct_eversource_icos_fair_flat
462583,ct_eversource_icos_fair_flat
418874,ct_eversource_icos_fair_flat
421386,ct_eversource_icos_fair_flat
357001,ct_eversource_icos_fair_flat
134458,ct_eversource_icos_fair_flat
254875,ct_eversource_icos_fair_flat
454697,ct_eversource_icos_fair_flat
507540,ct_eversource_icos_fair_flat
522677,ct_eversource_icos_fair_flat
548796,ct_eversource_icos_fair_flat
29960,ct_eversource_icos_fair_flat
155773,ct_eversource_icos_fair_flat
172565,ct_eversource_icos_fair_flat
184172,ct_eversource_icos_fair_flat
279828,ct_eversource_icos_fair_flat
35658,ct_eversource_icos_fair_flat
45173,ct_eversource_icos_fair_flat
62666,ct_eversource_icos_fair_flat
476442,ct_eversource_icos_fair_flat
244250,ct_eversource_icos_fair_flat
70670,ct_eversource_icos_fair_flat
73038,ct_eversource_icos_fair_flat
113294,ct_eversource_icos_fair_flat
122360,ct_eversource_icos_fair_flat
372147,ct_eversource_icos_fair_flat
245307,ct_eversource_icos_fair_flat
451447,ct_eversource_icos_fair_flat
169101,ct_eversource_icos_fair_flat
323899,ct_eversource_icos_fair_flat
395341,ct_eversource_icos_fair_flat
216549,ct_eversource_icos_fair_flat
266950,ct_eversource_icos_fair_flat
268893,ct_eversource_icos_fair_flat
333274,ct_eversource_icos_fair_flat
336034,ct_eversource_icos_fair_flat
422960,ct_eversource_icos_fair_flat
371649,ct_eversource_icos_fair_flat
391422,ct_eversource_icos_fair_flat
421298,ct_eversource_icos_fair_flat
424819,ct_eversource_icos_fair_flat
202614,ct_eversource_icos_fair_flat
467582,ct_eversource_icos_fair_flat
301538,ct_eversource_icos_fair_flat
271241,ct_eversource_icos_fair_flat
290636,ct_eversource_icos_fair_flat
292197,ct_eversource_icos_fair_flat
484451,ct_eversource_icos_fair_flat
487725,ct_eversource_icos_fair_flat
489733,ct_eversource_icos_fair_flat
502652,ct_eversource_icos_fair_flat
503336,ct_eversource_icos_fair_flat
505266,ct_eversource_icos_fair_flat
505638,ct_eversource_icos_fair_flat
506411,ct_eversource_icos_fair_flat
536766,ct_eversource_icos_fair_flat
547006,ct_eversource_icos_fair_flat
66302,ct_eversource_icos_fair_flat
423839,ct_eversource_icos_fair_flat
138250,ct_eversource_icos_fair_flat
177032,ct_eversource_icos_fair_flat
149090,ct_eversource_icos_fair_flat
201591,ct_eversource_icos_fair_flat
2277,ct_eversource_icos_fair_flat
8668,ct_eversource_icos_fair_flat
27158,ct_eversource_icos_fair_flat
68228,ct_eversource_icos_fair_flat
158351,ct_eversource_icos_fair_flat
375754,ct_eversource_icos_fair_flat
77566,ct_eversource_icos_fair_flat
240534,ct_eversource_icos_fair_flat
313414,ct_eversource_icos_fair_flat
335511,ct_eversource_icos_fair_flat
392788,ct_eversource_icos_fair_flat
72973,ct_eversource_icos_fair_flat
80757,ct_eversource_icos_fair_flat
81765,ct_eversource_icos_fair_flat
87814,ct_eversource_icos_fair_flat
103549,ct_eversource_icos_fair_flat
109583,ct_eversource_icos_fair_flat
118062,ct_eversource_icos_fair_flat
118525,ct_eversource_icos_fair_flat
122986,ct_eversource_icos_fair_flat
124571,ct_eversource_icos_fair_flat
135239,ct_eversource_icos_fair_flat
148789,ct_eversource_icos_fair_flat
177756,ct_eversource_icos_fair_flat
188612,ct_eversource_icos_fair_flat
449294,ct_eversource_icos_fair_flat
140086,ct_eversource_icos_fair_flat
196662,ct_eversource_icos_fair_flat
395296,ct_eversource_icos_fair_flat
285671,ct_eversource_icos_fair_flat
401808,ct_eversource_icos_fair_flat
250429,ct_eversource_icos_fair_flat
267183,ct_eversource_icos_fair_flat
404078,ct_eversource_icos_fair_flat
412719,ct_eversource_icos_fair_flat
353401,ct_eversource_icos_fair_flat
311915,ct_eversource_icos_fair_flat
328947,ct_eversource_icos_fair_flat
345551,ct_eversource_icos_fair_flat
361533,ct_eversource_icos_fair_flat
372098,ct_eversource_icos_fair_flat
398637,ct_eversource_icos_fair_flat
400217,ct_eversource_icos_fair_flat
452463,ct_eversource_icos_fair_flat
467723,ct_eversource_icos_fair_flat
173953,ct_eversource_icos_fair_flat
259915,ct_eversource_icos_fair_flat
286644,ct_eversource_icos_fair_flat
166026,ct_eversource_icos_fair_flat
512927,ct_eversource_icos_fair_flat
142551,ct_eversource_icos_fair_flat
95661,ct_eversource_icos_fair_flat
481351,ct_eversource_icos_fair_flat
484920,ct_eversource_icos_fair_flat
492432,ct_eversource_icos_fair_flat
511947,ct_eversource_icos_fair_flat
517286,ct_eversource_icos_fair_flat
529641,ct_eversource_icos_fair_flat
535665,ct_eversource_icos_fair_flat
205877,ct_eversource_icos_fair_flat
27243,ct_eversource_icos_fair_flat
46424,ct_eversource_icos_fair_flat
233579,ct_eversource_icos_fair_flat
284251,ct_eversource_icos_fair_flat
9823,ct_eversource_icos_fair_flat
9864,ct_eversource_icos_fair_flat
26760,ct_eversource_icos_fair_flat
36195,ct_eversource_icos_fair_flat
44292,ct_eversource_icos_fair_flat
45971,ct_eversource_icos_fair_flat
52890,ct_eversource_icos_fair_flat
207683,ct_eversource_icos_fair_flat
176093,ct_eversource_icos_fair_flat
72516,ct_eversource_icos_fair_flat
76490,ct_eversource_icos_fair_flat
78423,ct_eversource_icos_fair_flat
104498,ct_eversource_icos_fair_flat
108548,ct_eversource_icos_fair_flat
117094,ct_eversource_icos_fair_flat
352514,ct_eversource_icos_fair_flat
145900,ct_eversource_icos_fair_flat
180003,ct_eversource_icos_fair_flat
195914,ct_eversource_icos_fair_flat
370535,ct_eversource_icos_fair_flat
419331,ct_eversource_icos_fair_flat
366781,ct_eversource_icos_fair_flat
234060,ct_eversource_icos_fair_flat
236716,ct_eversource_icos_fair_flat
262462,ct_eversource_icos_fair_flat
270772,ct_eversource_icos_fair_flat
418294,ct_eversource_icos_fair_flat
344355,ct_eversource_icos_fair_flat
338813,ct_eversource_icos_fair_flat
331539,ct_eversource_icos_fair_flat
379973,ct_eversource_icos_fair_flat
375349,ct_eversource_icos_fair_flat
395953,ct_eversource_icos_fair_flat
360991,ct_eversource_icos_fair_flat
468052,ct_eversource_icos_fair_flat
464196,ct_eversource_icos_fair_flat
426127,ct_eversource_icos_fair_flat
395762,ct_eversource_icos_fair_flat
425831,ct_eversource_icos_fair_flat
445350,ct_eversource_icos_fair_flat
489540,ct_eversource_icos_fair_flat
498983,ct_eversource_icos_fair_flat
502886,ct_eversource_icos_fair_flat
477348,ct_eversource_icos_fair_flat
283932,ct_eversource_icos_fair_flat
128937,ct_eversource_icos_fair_flat
381912,ct_eversource_icos_fair_flat
313039,ct_eversource_icos_fair_flat
462689,ct_eversource_icos_fair_flat
18537,ct_eversource_icos_fair_flat
24641,ct_eversource_icos_fair_flat
27385,ct_eversource_icos_fair_flat
33175,ct_eversource_icos_fair_flat
53720,ct_eversource_icos_fair_flat
61712,ct_eversource_icos_fair_flat
450794,ct_eversource_icos_fair_flat
269609,ct_eversource_icos_fair_flat
154921,ct_eversource_icos_fair_flat
75614,ct_eversource_icos_fair_flat
284162,ct_eversource_icos_fair_flat
394835,ct_eversource_icos_fair_flat
241308,ct_eversource_icos_fair_flat
233838,ct_eversource_icos_fair_flat
336601,ct_eversource_icos_fair_flat
97418,ct_eversource_icos_fair_flat
130986,ct_eversource_icos_fair_flat
410253,ct_eversource_icos_fair_flat
429606,ct_eversource_icos_fair_flat
155618,ct_eversource_icos_fair_flat
289023,ct_eversource_icos_fair_flat
267742,ct_eversource_icos_fair_flat
140041,ct_eversource_icos_fair_flat
149395,ct_eversource_icos_fair_flat
157709,ct_eversource_icos_fair_flat
169510,ct_eversource_icos_fair_flat
192807,ct_eversource_icos_fair_flat
202615,ct_eversource_icos_fair_flat
321529,ct_eversource_icos_fair_flat
232373,ct_eversource_icos_fair_flat
214956,ct_eversource_icos_fair_flat
381549,ct_eversource_icos_fair_flat
210586,ct_eversource_icos_fair_flat
222274,ct_eversource_icos_fair_flat
230085,ct_eversource_icos_fair_flat
234088,ct_eversource_icos_fair_flat
255376,ct_eversource_icos_fair_flat
256547,ct_eversource_icos_fair_flat
257424,ct_eversource_icos_fair_flat
313638,ct_eversource_icos_fair_flat
377726,ct_eversource_icos_fair_flat
438090,ct_eversource_icos_fair_flat
283240,ct_eversource_icos_fair_flat
386939,ct_eversource_icos_fair_flat
345221,ct_eversource_icos_fair_flat
455971,ct_eversource_icos_fair_flat
419620,ct_eversource_icos_fair_flat
466957,ct_eversource_icos_fair_flat
304905,ct_eversource_icos_fair_flat
330795,ct_eversource_icos_fair_flat
164726,ct_eversource_icos_fair_flat
481376,ct_eversource_icos_fair_flat
494917,ct_eversource_icos_fair_flat
497812,ct_eversource_icos_fair_flat
501205,ct_eversource_icos_fair_flat
514569,ct_eversource_icos_fair_flat
530525,ct_eversource_icos_fair_flat
548050,ct_eversource_icos_fair_flat
32547,ct_eversource_icos_fair_flat
458348,ct_eversource_icos_fair_flat
230861,ct_eversource_icos_fair_flat
159807,ct_eversource_icos_fair_flat
189805,ct_eversource_icos_fair_flat
422492,ct_eversource_icos_fair_flat
5402,ct_eversource_icos_fair_flat
12130,ct_eversource_icos_fair_flat
17722,ct_eversource_icos_fair_flat
27159,ct_eversource_icos_fair_flat
57684,ct_eversource_icos_fair_flat
59642,ct_eversource_icos_fair_flat
63319,ct_eversource_icos_fair_flat
469433,ct_eversource_icos_fair_flat
155495,ct_eversource_icos_fair_flat
344965,ct_eversource_icos_fair_flat
370741,ct_eversource_icos_fair_flat
83250,ct_eversource_icos_fair_flat
86996,ct_eversource_icos_fair_flat
95471,ct_eversource_icos_fair_flat
113670,ct_eversource_icos_fair_flat
123377,ct_eversource_icos_fair_flat
278927,ct_eversource_icos_fair_flat
467556,ct_eversource_icos_fair_flat
255906,ct_eversource_icos_fair_flat
161057,ct_eversource_icos_fair_flat
235903,ct_eversource_icos_fair_flat
264915,ct_eversource_icos_fair_flat
189384,ct_eversource_icos_fair_flat
201473,ct_eversource_icos_fair_flat
409096,ct_eversource_icos_fair_flat
477335,ct_eversource_icos_fair_flat
213348,ct_eversource_icos_fair_flat
323479,ct_eversource_icos_fair_flat
393672,ct_eversource_icos_fair_flat
444682,ct_eversource_icos_fair_flat
207521,ct_eversource_icos_fair_flat
209535,ct_eversource_icos_fair_flat
246176,ct_eversource_icos_fair_flat
266833,ct_eversource_icos_fair_flat
286758,ct_eversource_icos_fair_flat
369980,ct_eversource_icos_fair_flat
351703,ct_eversource_icos_fair_flat
289326,ct_eversource_icos_fair_flat
287870,ct_eversource_icos_fair_flat
372571,ct_eversource_icos_fair_flat
365021,ct_eversource_icos_fair_flat
438211,ct_eversource_icos_fair_flat
440365,ct_eversource_icos_fair_flat
376101,ct_eversource_icos_fair_flat
464901,ct_eversource_icos_fair_flat
473002,ct_eversource_icos_fair_flat
339039,ct_eversource_icos_fair_flat
487658,ct_eversource_icos_fair_flat
491879,ct_eversource_icos_fair_flat
493159,ct_eversource_icos_fair_flat
496484,ct_eversource_icos_fair_flat
497979,ct_eversource_icos_fair_flat
502563,ct_eversource_icos_fair_flat
518006,ct_eversource_icos_fair_flat
521242,ct_eversource_icos_fair_flat
530807,ct_eversource_icos_fair_flat
539937,ct_eversource_icos_fair_flat
544299,ct_eversource_icos_fair_flat
548202,ct_eversource_icos_fair_flat
186466,ct_eversource_icos_fair_flat
169371,ct_eversource_icos_fair_flat
396445,ct_eversource_icos_fair_flat
11115,ct_eversource_icos_fair_flat
13102,ct_eversource_icos_fair_flat
28825,ct_eversource_icos_fair_flat
37196,ct_eversource_icos_fair_flat
39749,ct_eversource_icos_fair_flat
43941,ct_eversource_icos_fair_flat
52634,ct_eversource_icos_fair_flat
351676,ct_eversource_icos_fair_flat
389179,ct_eversource_icos_fair_flat
218453,ct_eversource_icos_fair_flat
254036,ct_eversource_icos_fair_flat
415577,ct_eversource_icos_fair_flat
74793,ct_eversource_icos_fair_flat
79077,ct_eversource_icos_fair_flat
79321,ct_eversource_icos_fair_flat
79682,ct_eversource_icos_fair_flat
80969,ct_eversource_icos_fair_flat
106676,ct_eversource_icos_fair_flat
109508,ct_eversource_icos_fair_flat
111347,ct_eversource_icos_fair_flat
263934,ct_eversource_icos_fair_flat
246271,ct_eversource_icos_fair_flat
334624,ct_eversource_icos_fair_flat
142742,ct_eversource_icos_fair_flat
143634,ct_eversource_icos_fair_flat
149062,ct_eversource_icos_fair_flat
152443,ct_eversource_icos_fair_flat
175100,ct_eversource_icos_fair_flat
181138,ct_eversource_icos_fair_flat
191793,ct_eversource_icos_fair_flat
202643,ct_eversource_icos_fair_flat
395273,ct_eversource_icos_fair_flat
479583,ct_eversource_icos_fair_flat
218716,ct_eversource_icos_fair_flat
303508,ct_eversource_icos_fair_flat
390756,ct_eversource_icos_fair_flat
270414,ct_eversource_icos_fair_flat
336660,ct_eversource_icos_fair_flat
336805,ct_eversource_icos_fair_flat
342536,ct_eversource_icos_fair_flat
369932,ct_eversource_icos_fair_flat
386117,ct_eversource_icos_fair_flat
387714,ct_eversource_icos_fair_flat
396659,ct_eversource_icos_fair_flat
478720,ct_eversource_icos_fair_flat
429064,ct_eversource_icos_fair_flat
396910,ct_eversource_icos_fair_flat
402569,ct_eversource_icos_fair_flat
494791,ct_eversource_icos_fair_flat
495173,ct_eversource_icos_fair_flat
520868,ct_eversource_icos_fair_flat
523355,ct_eversource_icos_fair_flat
548511,ct_eversource_icos_fair_flat
51406,ct_eversource_icos_fair_flat
216140,ct_eversource_icos_fair_flat
165872,ct_eversource_icos_fair_flat
430722,ct_eversource_icos_fair_flat
454748,ct_eversource_icos_fair_flat
449060,ct_eversource_icos_fair_flat
6883,ct_eversource_icos_fair_flat
39862,ct_eversource_icos_fair_flat
54071,ct_eversource_icos_fair_flat
58974,ct_eversource_icos_fair_flat
60169,ct_eversource_icos_fair_flat
62435,ct_eversource_icos_fair_flat
360828,ct_eversource_icos_fair_flat
212720,ct_eversource_icos_fair_flat
387280,ct_eversource_icos_fair_flat
455280,ct_eversource_icos_fair_flat
71693,ct_eversource_icos_fair_flat
86890,ct_eversource_icos_fair_flat
91640,ct_eversource_icos_fair_flat
99040,ct_eversource_icos_fair_flat
107184,ct_eversource_icos_fair_flat
249700,ct_eversource_icos_fair_flat
140685,ct_eversource_icos_fair_flat
141865,ct_eversource_icos_fair_flat
145855,ct_eversource_icos_fair_flat
153024,ct_eversource_icos_fair_flat
169863,ct_eversource_icos_fair_flat
182800,ct_eversource_icos_fair_flat
193937,ct_eversource_icos_fair_flat
368655,ct_eversource_icos_fair_flat
291008,ct_eversource_icos_fair_flat
206529,ct_eversource_icos_fair_flat
217273,ct_eversource_icos_fair_flat
229704,ct_eversource_icos_fair_flat
457572,ct_eversource_icos_fair_flat
470503,ct_eversource_icos_fair_flat
364356,ct_eversource_icos_fair_flat
344988,ct_eversource_icos_fair_flat
434410,ct_eversource_icos_fair_flat
418337,ct_eversource_icos_fair_flat
369704,ct_eversource_icos_fair_flat
318066,ct_eversource_icos_fair_flat
288341,ct_eversource_icos_fair_flat
492711,ct_eversource_icos_fair_flat
514626,ct_eversource_icos_fair_flat
544118,ct_eversource_icos_fair_flat
7295,ct_eversource_icos_fair_flat
74082,ct_eversource_icos_fair_flat
116550,ct_eversource_icos_fair_flat
121510,ct_eversource_icos_fair_flat
128948,ct_eversource_icos_fair_flat
360373,ct_eversource_icos_fair_flat
336113,ct_eversource_icos_fair_flat
9514,ct_eversource_icos_fair_flat
35680,ct_eversource_icos_fair_flat
37993,ct_eversource_icos_fair_flat
39084,ct_eversource_icos_fair_flat
55514,ct_eversource_icos_fair_flat
66329,ct_eversource_icos_fair_flat
378273,ct_eversource_icos_fair_flat
127949,ct_eversource_icos_fair_flat
356964,ct_eversource_icos_fair_flat
419207,ct_eversource_icos_fair_flat
335119,ct_eversource_icos_fair_flat
354779,ct_eversource_icos_fair_flat
70463,ct_eversource_icos_fair_flat
101712,ct_eversource_icos_fair_flat
109033,ct_eversource_icos_fair_flat
146623,ct_eversource_icos_fair_flat
183395,ct_eversource_icos_fair_flat
151554,ct_eversource_icos_fair_flat
161530,ct_eversource_icos_fair_flat
431265,ct_eversource_icos_fair_flat
233555,ct_eversource_icos_fair_flat
454389,ct_eversource_icos_fair_flat
423361,ct_eversource_icos_fair_flat
318566,ct_eversource_icos_fair_flat
371903,ct_eversource_icos_fair_flat
362142,ct_eversource_icos_fair_flat
412808,ct_eversource_icos_fair_flat
341761,ct_eversource_icos_fair_flat
387384,ct_eversource_icos_fair_flat
397830,ct_eversource_icos_fair_flat
471534,ct_eversource_icos_fair_flat
453304,ct_eversource_icos_fair_flat
410466,ct_eversource_icos_fair_flat
434670,ct_eversource_icos_fair_flat
340556,ct_eversource_icos_fair_flat
429431,ct_eversource_icos_fair_flat
497005,ct_eversource_icos_fair_flat
497292,ct_eversource_icos_fair_flat
75013,ct_eversource_icos_fair_flat
153381,ct_eversource_icos_fair_flat
370264,ct_eversource_icos_fair_flat
371922,ct_eversource_icos_fair_flat
5294,ct_eversource_icos_fair_flat
23403,ct_eversource_icos_fair_flat
44270,ct_eversource_icos_fair_flat
44839,ct_eversource_icos_fair_flat
50671,ct_eversource_icos_fair_flat
57388,ct_eversource_icos_fair_flat
64829,ct_eversource_icos_fair_flat
219916,ct_eversource_icos_fair_flat
278135,ct_eversource_icos_fair_flat
310833,ct_eversource_icos_fair_flat
89603,ct_eversource_icos_fair_flat
95837,ct_eversource_icos_fair_flat
114727,ct_eversource_icos_fair_flat
116050,ct_eversource_icos_fair_flat
137552,ct_eversource_icos_fair_flat
444882,ct_eversource_icos_fair_flat
138918,ct_eversource_icos_fair_flat
142772,ct_eversource_icos_fair_flat
165236,ct_eversource_icos_fair_flat
168816,ct_eversource_icos_fair_flat
184296,ct_eversource_icos_fair_flat
187133,ct_eversource_icos_fair_flat
190668,ct_eversource_icos_fair_flat
256412,ct_eversource_icos_fair_flat
339142,ct_eversource_icos_fair_flat
226236,ct_eversource_icos_fair_flat
225669,ct_eversource_icos_fair_flat
234407,ct_eversource_icos_fair_flat
243631,ct_eversource_icos_fair_flat
245025,ct_eversource_icos_fair_flat
262135,ct_eversource_icos_fair_flat
267238,ct_eversource_icos_fair_flat
276590,ct_eversource_icos_fair_flat
286503,ct_eversource_icos_fair_flat
338356,ct_eversource_icos_fair_flat
478960,ct_eversource_icos_fair_flat
412450,ct_eversource_icos_fair_flat
401814,ct_eversource_icos_fair_flat
350407,ct_eversource_icos_fair_flat
429768,ct_eversource_icos_fair_flat
434822,ct_eversource_icos_fair_flat
456568,ct_eversource_icos_fair_flat
468575,ct_eversource_icos_fair_flat
470340,ct_eversource_icos_fair_flat
471164,ct_eversource_icos_fair_flat
390642,ct_eversource_icos_fair_flat
300723,ct_eversource_icos_fair_flat
167821,ct_eversource_icos_fair_flat
370922,ct_eversource_icos_fair_flat
409480,ct_eversource_icos_fair_flat
208199,ct_eversource_icos_fair_flat
510197,ct_eversource_icos_fair_flat
511515,ct_eversource_icos_fair_flat
519442,ct_eversource_icos_fair_flat
536698,ct_eversource_icos_fair_flat
539418,ct_eversource_icos_fair_flat
543144,ct_eversource_icos_fair_flat
252889,ct_eversource_icos_fair_flat
243316,ct_eversource_icos_fair_flat
170742,ct_eversource_icos_fair_flat
223328,ct_eversource_icos_fair_flat
5662,ct_eversource_icos_fair_flat
8050,ct_eversource_icos_fair_flat
9636,ct_eversource_icos_fair_flat
201985,ct_eversource_icos_fair_flat
475918,ct_eversource_icos_fair_flat
244554,ct_eversource_icos_fair_flat
285665,ct_eversource_icos_fair_flat
446435,ct_eversource_icos_fair_flat
79812,ct_eversource_icos_fair_flat
81580,ct_eversource_icos_fair_flat
116972,ct_eversource_icos_fair_flat
133607,ct_eversource_icos_fair_flat
282665,ct_eversource_icos_fair_flat
354854,ct_eversource_icos_fair_flat
144857,ct_eversource_icos_fair_flat
151394,ct_eversource_icos_fair_flat
168305,ct_eversource_icos_fair_flat
175741,ct_eversource_icos_fair_flat
185627,ct_eversource_icos_fair_flat
188282,ct_eversource_icos_fair_flat
194918,ct_eversource_icos_fair_flat
197312,ct_eversource_icos_fair_flat
364122,ct_eversource_icos_fair_flat
239353,ct_eversource_icos_fair_flat
466927,ct_eversource_icos_fair_flat
382846,ct_eversource_icos_fair_flat
243997,ct_eversource_icos_fair_flat
261897,ct_eversource_icos_fair_flat
363300,ct_eversource_icos_fair_flat
472249,ct_eversource_icos_fair_flat
290238,ct_eversource_icos_fair_flat
305571,ct_eversource_icos_fair_flat
318217,ct_eversource_icos_fair_flat
339367,ct_eversource_icos_fair_flat
371914,ct_eversource_icos_fair_flat
375118,ct_eversource_icos_fair_flat
394093,ct_eversource_icos_fair_flat
127978,ct_eversource_icos_fair_flat
407141,ct_eversource_icos_fair_flat
481910,ct_eversource_icos_fair_flat
520689,ct_eversource_icos_fair_flat
523182,ct_eversource_icos_fair_flat
526241,ct_eversource_icos_fair_flat
535592,ct_eversource_icos_fair_flat
546741,ct_eversource_icos_fair_flat
547936,ct_eversource_icos_fair_flat
23039,ct_eversource_icos_fair_flat
291407,ct_eversource_icos_fair_flat
157101,ct_eversource_icos_fair_flat
435536,ct_eversource_icos_fair_flat
289514,ct_eversource_icos_fair_flat
13728,ct_eversource_icos_fair_flat
30667,ct_eversource_icos_fair_flat
79702,ct_eversource_icos_fair_flat
475824,ct_eversource_icos_fair_flat
216023,ct_eversource_icos_fair_flat
284718,ct_eversource_icos_fair_flat
78479,ct_eversource_icos_fair_flat
88974,ct_eversource_icos_fair_flat
106708,ct_eversource_icos_fair_flat
107945,ct_eversource_icos_fair_flat
113585,ct_eversource_icos_fair_flat
281756,ct_eversource_icos_fair_flat
453705,ct_eversource_icos_fair_flat
324303,ct_eversource_icos_fair_flat
363266,ct_eversource_icos_fair_flat
153527,ct_eversource_icos_fair_flat
288697,ct_eversource_icos_fair_flat
272195,ct_eversource_icos_fair_flat
241785,ct_eversource_icos_fair_flat
301616,ct_eversource_icos_fair_flat
365945,ct_eversource_icos_fair_flat
448734,ct_eversource_icos_fair_flat
283082,ct_eversource_icos_fair_flat
325223,ct_eversource_icos_fair_flat
380081,ct_eversource_icos_fair_flat
386008,ct_eversource_icos_fair_flat
351891,ct_eversource_icos_fair_flat
443848,ct_eversource_icos_fair_flat
453942,ct_eversource_icos_fair_flat
363309,ct_eversource_icos_fair_flat
391048,ct_eversource_icos_fair_flat
107058,ct_eversource_icos_fair_flat
112020,ct_eversource_icos_fair_flat
123709,ct_eversource_icos_fair_flat
318322,ct_eversource_icos_fair_flat
380039,ct_eversource_icos_fair_flat
485086,ct_eversource_icos_fair_flat
501886,ct_eversource_icos_fair_flat
524903,ct_eversource_icos_fair_flat
535414,ct_eversource_icos_fair_flat
231057,ct_eversource_icos_fair_flat
266265,ct_eversource_icos_fair_flat
208351,ct_eversource_icos_fair_flat
392987,ct_eversource_icos_fair_flat
48561,ct_eversource_icos_fair_flat
19852,ct_eversource_icos_fair_flat
20399,ct_eversource_icos_fair_flat
26148,ct_eversource_icos_fair_flat
48790,ct_eversource_icos_fair_flat
56396,ct_eversource_icos_fair_flat
68479,ct_eversource_icos_fair_flat
131753,ct_eversource_icos_fair_flat
281710,ct_eversource_icos_fair_flat
363729,ct_eversource_icos_fair_flat
279137,ct_eversource_icos_fair_flat
337336,ct_eversource_icos_fair_flat
76103,ct_eversource_icos_fair_flat
127251,ct_eversource_icos_fair_flat
135247,ct_eversource_icos_fair_flat
472643,ct_eversource_icos_fair_flat
395471,ct_eversource_icos_fair_flat
154304,ct_eversource_icos_fair_flat
442306,ct_eversource_icos_fair_flat
450305,ct_eversource_icos_fair_flat
393034,ct_eversource_icos_fair_flat
160258,ct_eversource_icos_fair_flat
160266,ct_eversource_icos_fair_flat
169909,ct_eversource_icos_fair_flat
170897,ct_eversource_icos_fair_flat
190543,ct_eversource_icos_fair_flat
400694,ct_eversource_icos_fair_flat
257534,ct_eversource_icos_fair_flat
342450,ct_eversource_icos_fair_flat
204289,ct_eversource_icos_fair_flat
206661,ct_eversource_icos_fair_flat
232630,ct_eversource_icos_fair_flat
420215,ct_eversource_icos_fair_flat
417110,ct_eversource_icos_fair_flat
269531,ct_eversource_icos_fair_flat
273469,ct_eversource_icos_fair_flat
280816,ct_eversource_icos_fair_flat
287162,ct_eversource_icos_fair_flat
309826,ct_eversource_icos_fair_flat
310115,ct_eversource_icos_fair_flat
315840,ct_eversource_icos_fair_flat
318918,ct_eversource_icos_fair_flat
466200,ct_eversource_icos_fair_flat
477725,ct_eversource_icos_fair_flat
399525,ct_eversource_icos_fair_flat
458479,ct_eversource_icos_fair_flat
387637,ct_eversource_icos_fair_flat
149789,ct_eversource_icos_fair_flat
521478,ct_eversource_icos_fair_flat
534336,ct_eversource_icos_fair_flat
535836,ct_eversource_icos_fair_flat
537354,ct_eversource_icos_fair_flat
427401,ct_eversource_icos_fair_flat
267940,ct_eversource_icos_fair_flat
288179,ct_eversource_icos_fair_flat
21637,ct_eversource_icos_fair_flat
26167,ct_eversource_icos_fair_flat
52707,ct_eversource_icos_fair_flat
58319,ct_eversource_icos_fair_flat
60986,ct_eversource_icos_fair_flat
352143,ct_eversource_icos_fair_flat
372677,ct_eversource_icos_fair_flat
78995,ct_eversource_icos_fair_flat
106304,ct_eversource_icos_fair_flat
170339,ct_eversource_icos_fair_flat
384401,ct_eversource_icos_fair_flat
389787,ct_eversource_icos_fair_flat
84959,ct_eversource_icos_fair_flat
90757,ct_eversource_icos_fair_flat
102052,ct_eversource_icos_fair_flat
116537,ct_eversource_icos_fair_flat
151796,ct_eversource_icos_fair_flat
425742,ct_eversource_icos_fair_flat
427181,ct_eversource_icos_fair_flat
152774,ct_eversource_icos_fair_flat
189503,ct_eversource_icos_fair_flat
201030,ct_eversource_icos_fair_flat
407449,ct_eversource_icos_fair_flat
463827,ct_eversource_icos_fair_flat
471821,ct_eversource_icos_fair_flat
324153,ct_eversource_icos_fair_flat
386083,ct_eversource_icos_fair_flat
397518,ct_eversource_icos_fair_flat
212633,ct_eversource_icos_fair_flat
214727,ct_eversource_icos_fair_flat
242018,ct_eversource_icos_fair_flat
249626,ct_eversource_icos_fair_flat
257399,ct_eversource_icos_fair_flat
261878,ct_eversource_icos_fair_flat
325717,ct_eversource_icos_fair_flat
408812,ct_eversource_icos_fair_flat
15746,ct_eversource_icos_fair_flat
266537,ct_eversource_icos_fair_flat
311729,ct_eversource_icos_fair_flat
467685,ct_eversource_icos_fair_flat
492203,ct_eversource_icos_fair_flat
481237,ct_eversource_icos_fair_flat
488257,ct_eversource_icos_fair_flat
136508,ct_eversource_icos_fair_flat
343123,ct_eversource_icos_fair_flat
130227,ct_eversource_icos_fair_flat
270275,ct_eversource_icos_fair_flat
145504,ct_eversource_icos_fair_flat
243924,ct_eversource_icos_fair_flat
268963,ct_eversource_icos_fair_flat
336101,ct_eversource_icos_fair_flat
353154,ct_eversource_icos_fair_flat
436622,ct_eversource_icos_fair_flat
3154,ct_eversource_icos_fair_flat
11617,ct_eversource_icos_fair_flat
22898,ct_eversource_icos_fair_flat
31469,ct_eversource_icos_fair_flat
34990,ct_eversource_icos_fair_flat
40503,ct_eversource_icos_fair_flat
58688,ct_eversource_icos_fair_flat
61608,ct_eversource_icos_fair_flat
65432,ct_eversource_icos_fair_flat
425476,ct_eversource_icos_fair_flat
239218,ct_eversource_icos_fair_flat
372485,ct_eversource_icos_fair_flat
86406,ct_eversource_icos_fair_flat
111574,ct_eversource_icos_fair_flat
114181,ct_eversource_icos_fair_flat
115827,ct_eversource_icos_fair_flat
127706,ct_eversource_icos_fair_flat
134233,ct_eversource_icos_fair_flat
450553,ct_eversource_icos_fair_flat
351883,ct_eversource_icos_fair_flat
361019,ct_eversource_icos_fair_flat
176054,ct_eversource_icos_fair_flat
254746,ct_eversource_icos_fair_flat
434285,ct_eversource_icos_fair_flat
201756,ct_eversource_icos_fair_flat
218146,ct_eversource_icos_fair_flat
263107,ct_eversource_icos_fair_flat
229795,ct_eversource_icos_fair_flat
231443,ct_eversource_icos_fair_flat
233677,ct_eversource_icos_fair_flat
234600,ct_eversource_icos_fair_flat
238945,ct_eversource_icos_fair_flat
249349,ct_eversource_icos_fair_flat
260475,ct_eversource_icos_fair_flat
264949,ct_eversource_icos_fair_flat
366920,ct_eversource_icos_fair_flat
318701,ct_eversource_icos_fair_flat
335324,ct_eversource_icos_fair_flat
444132,ct_eversource_icos_fair_flat
269988,ct_eversource_icos_fair_flat
310232,ct_eversource_icos_fair_flat
314489,ct_eversource_icos_fair_flat
317088,ct_eversource_icos_fair_flat
385856,ct_eversource_icos_fair_flat
418808,ct_eversource_icos_fair_flat
528920,ct_eversource_icos_fair_flat
544025,ct_eversource_icos_fair_flat
137576,ct_eversource_icos_fair_flat
321480,ct_eversource_icos_fair_flat
221554,ct_eversource_icos_fair_flat
131784,ct_eversource_icos_fair_flat
467782,ct_eversource_icos_fair_flat
483411,ct_eversource_icos_fair_flat
507859,ct_eversource_icos_fair_flat
520508,ct_eversource_icos_fair_flat
523863,ct_eversource_icos_fair_flat
70257,ct_eversource_icos_fair_flat
148882,ct_eversource_icos_fair_flat
175401,ct_eversource_icos_fair_flat
386481,ct_eversource_icos_fair_flat
14391,ct_eversource_icos_fair_flat
19183,ct_eversource_icos_fair_flat
20203,ct_eversource_icos_fair_flat
28444,ct_eversource_icos_fair_flat
61664,ct_eversource_icos_fair_flat
63338,ct_eversource_icos_fair_flat
124732,ct_eversource_icos_fair_flat
190608,ct_eversource_icos_fair_flat
408568,ct_eversource_icos_fair_flat
366356,ct_eversource_icos_fair_flat
70022,ct_eversource_icos_fair_flat
86780,ct_eversource_icos_fair_flat
94925,ct_eversource_icos_fair_flat
114199,ct_eversource_icos_fair_flat
114982,ct_eversource_icos_fair_flat
138119,ct_eversource_icos_fair_flat
398582,ct_eversource_icos_fair_flat
295009,ct_eversource_icos_fair_flat
273790,ct_eversource_icos_fair_flat
441708,ct_eversource_icos_fair_flat
441679,ct_eversource_icos_fair_flat
378832,ct_eversource_icos_fair_flat
349966,ct_eversource_icos_fair_flat
231161,ct_eversource_icos_fair_flat
231500,ct_eversource_icos_fair_flat
248813,ct_eversource_icos_fair_flat
326686,ct_eversource_icos_fair_flat
476053,ct_eversource_icos_fair_flat
304436,ct_eversource_icos_fair_flat
447710,ct_eversource_icos_fair_flat
288872,ct_eversource_icos_fair_flat
298072,ct_eversource_icos_fair_flat
331126,ct_eversource_icos_fair_flat
355590,ct_eversource_icos_fair_flat
250517,ct_eversource_icos_fair_flat
464606,ct_eversource_icos_fair_flat
484776,ct_eversource_icos_fair_flat
487319,ct_eversource_icos_fair_flat
488744,ct_eversource_icos_fair_flat
499391,ct_eversource_icos_fair_flat
505902,ct_eversource_icos_fair_flat
521121,ct_eversource_icos_fair_flat
526014,ct_eversource_icos_fair_flat
540590,ct_eversource_icos_fair_flat
541349,ct_eversource_icos_fair_flat
548837,ct_eversource_icos_fair_flat
549253,ct_eversource_icos_fair_flat
250608,ct_eversource_icos_fair_flat
282431,ct_eversource_icos_fair_flat
237919,ct_eversource_icos_fair_flat
464184,ct_eversource_icos_fair_flat
8404,ct_eversource_icos_fair_flat
30835,ct_eversource_icos_fair_flat
32110,ct_eversource_icos_fair_flat
33334,ct_eversource_icos_fair_flat
40355,ct_eversource_icos_fair_flat
40750,ct_eversource_icos_fair_flat
53212,ct_eversource_icos_fair_flat
83837,ct_eversource_icos_fair_flat
385141,ct_eversource_icos_fair_flat
84435,ct_eversource_icos_fair_flat
84498,ct_eversource_icos_fair_flat
85463,ct_eversource_icos_fair_flat
100957,ct_eversource_icos_fair_flat
111057,ct_eversource_icos_fair_flat
122797,ct_eversource_icos_fair_flat
137674,ct_eversource_icos_fair_flat
300877,ct_eversource_icos_fair_flat
427829,ct_eversource_icos_fair_flat
415592,ct_eversource_icos_fair_flat
259860,ct_eversource_icos_fair_flat
158906,ct_eversource_icos_fair_flat
161086,ct_eversource_icos_fair_flat
193111,ct_eversource_icos_fair_flat
200183,ct_eversource_icos_fair_flat
202167,ct_eversource_icos_fair_flat
343396,ct_eversource_icos_fair_flat
454094,ct_eversource_icos_fair_flat
209806,ct_eversource_icos_fair_flat
332830,ct_eversource_icos_fair_flat
214665,ct_eversource_icos_fair_flat
221569,ct_eversource_icos_fair_flat
243776,ct_eversource_icos_fair_flat
254280,ct_eversource_icos_fair_flat
257043,ct_eversource_icos_fair_flat
471401,ct_eversource_icos_fair_flat
328324,ct_eversource_icos_fair_flat
293390,ct_eversource_icos_fair_flat
298456,ct_eversource_icos_fair_flat
308894,ct_eversource_icos_fair_flat
202188,ct_eversource_icos_fair_flat
136393,ct_eversource_icos_fair_flat
413098,ct_eversource_icos_fair_flat
198578,ct_eversource_icos_fair_flat
27801,ct_eversource_icos_fair_flat
210887,ct_eversource_icos_fair_flat
487439,ct_eversource_icos_fair_flat
508239,ct_eversource_icos_fair_flat
534898,ct_eversource_icos_fair_flat
27704,ct_eversource_icos_fair_flat
82862,ct_eversource_icos_fair_flat
237812,ct_eversource_icos_fair_flat
116355,ct_eversource_icos_fair_flat
420487,ct_eversource_icos_fair_flat
11356,ct_eversource_icos_fair_flat
18309,ct_eversource_icos_fair_flat
28430,ct_eversource_icos_fair_flat
69066,ct_eversource_icos_fair_flat
395985,ct_eversource_icos_fair_flat
166544,ct_eversource_icos_fair_flat
217893,ct_eversource_icos_fair_flat
429137,ct_eversource_icos_fair_flat
287089,ct_eversource_icos_fair_flat
71584,ct_eversource_icos_fair_flat
77755,ct_eversource_icos_fair_flat
85985,ct_eversource_icos_fair_flat
88080,ct_eversource_icos_fair_flat
108113,ct_eversource_icos_fair_flat
113181,ct_eversource_icos_fair_flat
126645,ct_eversource_icos_fair_flat
324963,ct_eversource_icos_fair_flat
209689,ct_eversource_icos_fair_flat
421084,ct_eversource_icos_fair_flat
143426,ct_eversource_icos_fair_flat
144938,ct_eversource_icos_fair_flat
179679,ct_eversource_icos_fair_flat
187921,ct_eversource_icos_fair_flat
193990,ct_eversource_icos_fair_flat
408644,ct_eversource_icos_fair_flat
375474,ct_eversource_icos_fair_flat
204304,ct_eversource_icos_fair_flat
206140,ct_eversource_icos_fair_flat
210753,ct_eversource_icos_fair_flat
223232,ct_eversource_icos_fair_flat
240564,ct_eversource_icos_fair_flat
249761,ct_eversource_icos_fair_flat
251493,ct_eversource_icos_fair_flat
398073,ct_eversource_icos_fair_flat
475291,ct_eversource_icos_fair_flat
287398,ct_eversource_icos_fair_flat
386773,ct_eversource_icos_fair_flat
292083,ct_eversource_icos_fair_flat
271401,ct_eversource_icos_fair_flat
273685,ct_eversource_icos_fair_flat
324555,ct_eversource_icos_fair_flat
422243,ct_eversource_icos_fair_flat
322672,ct_eversource_icos_fair_flat
422428,ct_eversource_icos_fair_flat
268734,ct_eversource_icos_fair_flat
327305,ct_eversource_icos_fair_flat
498971,ct_eversource_icos_fair_flat
525413,ct_eversource_icos_fair_flat
528731,ct_eversource_icos_fair_flat
216086,ct_eversource_icos_fair_flat
66301,ct_eversource_icos_fair_flat
214876,ct_eversource_icos_fair_flat
440247,ct_eversource_icos_fair_flat
93966,ct_eversource_icos_fair_flat
273523,ct_eversource_icos_fair_flat
314540,ct_eversource_icos_fair_flat
1745,ct_eversource_icos_fair_flat
8897,ct_eversource_icos_fair_flat
31168,ct_eversource_icos_fair_flat
41696,ct_eversource_icos_fair_flat
55313,ct_eversource_icos_fair_flat
59067,ct_eversource_icos_fair_flat
288835,ct_eversource_icos_fair_flat
142465,ct_eversource_icos_fair_flat
133083,ct_eversource_icos_fair_flat
380058,ct_eversource_icos_fair_flat
476228,ct_eversource_icos_fair_flat
429590,ct_eversource_icos_fair_flat
107477,ct_eversource_icos_fair_flat
126273,ct_eversource_icos_fair_flat
312859,ct_eversource_icos_fair_flat
248038,ct_eversource_icos_fair_flat
468247,ct_eversource_icos_fair_flat
171651,ct_eversource_icos_fair_flat
366916,ct_eversource_icos_fair_flat
140801,ct_eversource_icos_fair_flat
443644,ct_eversource_icos_fair_flat
449376,ct_eversource_icos_fair_flat
237714,ct_eversource_icos_fair_flat
261326,ct_eversource_icos_fair_flat
207306,ct_eversource_icos_fair_flat
254740,ct_eversource_icos_fair_flat
461038,ct_eversource_icos_fair_flat
283518,ct_eversource_icos_fair_flat
314303,ct_eversource_icos_fair_flat
463648,ct_eversource_icos_fair_flat
475049,ct_eversource_icos_fair_flat
405051,ct_eversource_icos_fair_flat
374441,ct_eversource_icos_fair_flat
50586,ct_eversource_icos_fair_flat
338446,ct_eversource_icos_fair_flat
89917,ct_eversource_icos_fair_flat
367320,ct_eversource_icos_fair_flat
273771,ct_eversource_icos_fair_flat
376228,ct_eversource_icos_fair_flat
488676,ct_eversource_icos_fair_flat
523423,ct_eversource_icos_fair_flat
524917,ct_eversource_icos_fair_flat
530283,ct_eversource_icos_fair_flat
538036,ct_eversource_icos_fair_flat
89983,ct_eversource_icos_fair_flat
207181,ct_eversource_icos_fair_flat
310619,ct_eversource_icos_fair_flat
31933,ct_eversource_icos_fair_flat
43096,ct_eversource_icos_fair_flat
51924,ct_eversource_icos_fair_flat
56086,ct_eversource_icos_fair_flat
61362,ct_eversource_icos_fair_flat
194092,ct_eversource_icos_fair_flat
355296,ct_eversource_icos_fair_flat
410412,ct_eversource_icos_fair_flat
72177,ct_eversource_icos_fair_flat
95378,ct_eversource_icos_fair_flat
120803,ct_eversource_icos_fair_flat
123848,ct_eversource_icos_fair_flat
202633,ct_eversource_icos_fair_flat
161628,ct_eversource_icos_fair_flat
197551,ct_eversource_icos_fair_flat
315398,ct_eversource_icos_fair_flat
383417,ct_eversource_icos_fair_flat
470663,ct_eversource_icos_fair_flat
141585,ct_eversource_icos_fair_flat
182146,ct_eversource_icos_fair_flat
183614,ct_eversource_icos_fair_flat
203584,ct_eversource_icos_fair_flat
329865,ct_eversource_icos_fair_flat
323295,ct_eversource_icos_fair_flat
248667,ct_eversource_icos_fair_flat
283431,ct_eversource_icos_fair_flat
378515,ct_eversource_icos_fair_flat
215434,ct_eversource_icos_fair_flat
229552,ct_eversource_icos_fair_flat
239802,ct_eversource_icos_fair_flat
267480,ct_eversource_icos_fair_flat
470066,ct_eversource_icos_fair_flat
389753,ct_eversource_icos_fair_flat
341661,ct_eversource_icos_fair_flat
401258,ct_eversource_icos_fair_flat
363956,ct_eversource_icos_fair_flat
400746,ct_eversource_icos_fair_flat
451538,ct_eversource_icos_fair_flat
469143,ct_eversource_icos_fair_flat
174372,ct_eversource_icos_fair_flat
190140,ct_eversource_icos_fair_flat
486593,ct_eversource_icos_fair_flat
496966,ct_eversource_icos_fair_flat
228430,ct_eversource_icos_fair_flat
211844,ct_eversource_icos_fair_flat
316476,ct_eversource_icos_fair_flat
352646,ct_eversource_icos_fair_flat
267057,ct_eversource_icos_fair_flat
424150,ct_eversource_icos_fair_flat
9068,ct_eversource_icos_fair_flat
12516,ct_eversource_icos_fair_flat
22036,ct_eversource_icos_fair_flat
38032,ct_eversource_icos_fair_flat
46519,ct_eversource_icos_fair_flat
355805,ct_eversource_icos_fair_flat
69863,ct_eversource_icos_fair_flat
195246,ct_eversource_icos_fair_flat
384795,ct_eversource_icos_fair_flat
81207,ct_eversource_icos_fair_flat
121069,ct_eversource_icos_fair_flat
137557,ct_eversource_icos_fair_flat
412269,ct_eversource_icos_fair_flat
222080,ct_eversource_icos_fair_flat
151621,ct_eversource_icos_fair_flat
159335,ct_eversource_icos_fair_flat
190271,ct_eversource_icos_fair_flat
387123,ct_eversource_icos_fair_flat
470504,ct_eversource_icos_fair_flat
426731,ct_eversource_icos_fair_flat
301199,ct_eversource_icos_fair_flat
394101,ct_eversource_icos_fair_flat
402346,ct_eversource_icos_fair_flat
424401,ct_eversource_icos_fair_flat
244714,ct_eversource_icos_fair_flat
250042,ct_eversource_icos_fair_flat
263666,ct_eversource_icos_fair_flat
474615,ct_eversource_icos_fair_flat
384475,ct_eversource_icos_fair_flat
452940,ct_eversource_icos_fair_flat
324722,ct_eversource_icos_fair_flat
386536,ct_eversource_icos_fair_flat
358191,ct_eversource_icos_fair_flat
420795,ct_eversource_icos_fair_flat
238269,ct_eversource_icos_fair_flat
341042,ct_eversource_icos_fair_flat
117949,ct_eversource_icos_fair_flat
400914,ct_eversource_icos_fair_flat
306251,ct_eversource_icos_fair_flat
464462,ct_eversource_icos_fair_flat
480646,ct_eversource_icos_fair_flat
484090,ct_eversource_icos_fair_flat
489118,ct_eversource_icos_fair_flat
515200,ct_eversource_icos_fair_flat
522925,ct_eversource_icos_fair_flat
532452,ct_eversource_icos_fair_flat
534455,ct_eversource_icos_fair_flat
549750,ct_eversource_icos_fair_flat
232686,ct_eversource_icos_fair_flat
358115,ct_eversource_icos_fair_flat
229569,ct_eversource_icos_fair_flat
365778,ct_eversource_icos_fair_flat
323811,ct_eversource_icos_fair_flat
164739,ct_eversource_icos_fair_flat
16566,ct_eversource_icos_fair_flat
30845,ct_eversource_icos_fair_flat
34449,ct_eversource_icos_fair_flat
346980,ct_eversource_icos_fair_flat
70214,ct_eversource_icos_fair_flat
74440,ct_eversource_icos_fair_flat
115750,ct_eversource_icos_fair_flat
118209,ct_eversource_icos_fair_flat
376626,ct_eversource_icos_fair_flat
152605,ct_eversource_icos_fair_flat
157844,ct_eversource_icos_fair_flat
192893,ct_eversource_icos_fair_flat
197325,ct_eversource_icos_fair_flat
255250,ct_eversource_icos_fair_flat
391357,ct_eversource_icos_fair_flat
208707,ct_eversource_icos_fair_flat
232840,ct_eversource_icos_fair_flat
239646,ct_eversource_icos_fair_flat
240549,ct_eversource_icos_fair_flat
449166,ct_eversource_icos_fair_flat
334532,ct_eversource_icos_fair_flat
307185,ct_eversource_icos_fair_flat
316309,ct_eversource_icos_fair_flat
354412,ct_eversource_icos_fair_flat
367624,ct_eversource_icos_fair_flat
394460,ct_eversource_icos_fair_flat
345352,ct_eversource_icos_fair_flat
378545,ct_eversource_icos_fair_flat
399724,ct_eversource_icos_fair_flat
393355,ct_eversource_icos_fair_flat
464951,ct_eversource_icos_fair_flat
472269,ct_eversource_icos_fair_flat
48305,ct_eversource_icos_fair_flat
65283,ct_eversource_icos_fair_flat
539987,ct_eversource_icos_fair_flat
478937,ct_eversource_icos_fair_flat
395002,ct_eversource_icos_fair_flat
334842,ct_eversource_icos_fair_flat
290529,ct_eversource_icos_fair_flat
480262,ct_eversource_icos_fair_flat
481669,ct_eversource_icos_fair_flat
496425,ct_eversource_icos_fair_flat
506937,ct_eversource_icos_fair_flat
517891,ct_eversource_icos_fair_flat
524928,ct_eversource_icos_fair_flat
543602,ct_eversource_icos_fair_flat
549100,ct_eversource_icos_fair_flat
37479,ct_eversource_icos_fair_flat
435437,ct_eversource_icos_fair_flat
150542,ct_eversource_icos_fair_flat
15817,ct_eversource_icos_fair_flat
18791,ct_eversource_icos_fair_flat
32152,ct_eversource_icos_fair_flat
81912,ct_eversource_icos_fair_flat
211,ct_eversource_icos_fair_flat
14448,ct_eversource_icos_fair_flat
15333,ct_eversource_icos_fair_flat
40980,ct_eversource_icos_fair_flat
50310,ct_eversource_icos_fair_flat
289769,ct_eversource_icos_fair_flat
373194,ct_eversource_icos_fair_flat
127446,ct_eversource_icos_fair_flat
148478,ct_eversource_icos_fair_flat
357958,ct_eversource_icos_fair_flat
393300,ct_eversource_icos_fair_flat
69340,ct_eversource_icos_fair_flat
117068,ct_eversource_icos_fair_flat
121534,ct_eversource_icos_fair_flat
126671,ct_eversource_icos_fair_flat
132619,ct_eversource_icos_fair_flat
262932,ct_eversource_icos_fair_flat
432173,ct_eversource_icos_fair_flat
167583,ct_eversource_icos_fair_flat
173926,ct_eversource_icos_fair_flat
187372,ct_eversource_icos_fair_flat
190285,ct_eversource_icos_fair_flat
199440,ct_eversource_icos_fair_flat
212567,ct_eversource_icos_fair_flat
215946,ct_eversource_icos_fair_flat
240509,ct_eversource_icos_fair_flat
302645,ct_eversource_icos_fair_flat
304170,ct_eversource_icos_fair_flat
342568,ct_eversource_icos_fair_flat
402180,ct_eversource_icos_fair_flat
421233,ct_eversource_icos_fair_flat
459199,ct_eversource_icos_fair_flat
463167,ct_eversource_icos_fair_flat
470038,ct_eversource_icos_fair_flat
135404,ct_eversource_icos_fair_flat
134461,ct_eversource_icos_fair_flat
183084,ct_eversource_icos_fair_flat
369885,ct_eversource_icos_fair_flat
308750,ct_eversource_icos_fair_flat
155840,ct_eversource_icos_fair_flat
481620,ct_eversource_icos_fair_flat
484587,ct_eversource_icos_fair_flat
490213,ct_eversource_icos_fair_flat
494950,ct_eversource_icos_fair_flat
495287,ct_eversource_icos_fair_flat
513768,ct_eversource_icos_fair_flat
514832,ct_eversource_icos_fair_flat
519075,ct_eversource_icos_fair_flat
530712,ct_eversource_icos_fair_flat
536511,ct_eversource_icos_fair_flat
537612,ct_eversource_icos_fair_flat
309661,ct_eversource_icos_fair_flat
323128,ct_eversource_icos_fair_flat
6446,ct_eversource_icos_fair_flat
7208,ct_eversource_icos_fair_flat
22336,ct_eversource_icos_fair_flat
39461,ct_eversource_icos_fair_flat
40390,ct_eversource_icos_fair_flat
41021,ct_eversource_icos_fair_flat
47418,ct_eversource_icos_fair_flat
50058,ct_eversource_icos_fair_flat
59367,ct_eversource_icos_fair_flat
63735,ct_eversource_icos_fair_flat
65969,ct_eversource_icos_fair_flat
78197,ct_eversource_icos_fair_flat
75852,ct_eversource_icos_fair_flat
298935,ct_eversource_icos_fair_flat
90983,ct_eversource_icos_fair_flat
155349,ct_eversource_icos_fair_flat
172826,ct_eversource_icos_fair_flat
431915,ct_eversource_icos_fair_flat
95305,ct_eversource_icos_fair_flat
104574,ct_eversource_icos_fair_flat
119723,ct_eversource_icos_fair_flat
448483,ct_eversource_icos_fair_flat
350044,ct_eversource_icos_fair_flat
429647,ct_eversource_icos_fair_flat
278775,ct_eversource_icos_fair_flat
142309,ct_eversource_icos_fair_flat
147150,ct_eversource_icos_fair_flat
179790,ct_eversource_icos_fair_flat
184916,ct_eversource_icos_fair_flat
317645,ct_eversource_icos_fair_flat
219771,ct_eversource_icos_fair_flat
206612,ct_eversource_icos_fair_flat
212003,ct_eversource_icos_fair_flat
249989,ct_eversource_icos_fair_flat
256589,ct_eversource_icos_fair_flat
407848,ct_eversource_icos_fair_flat
464659,ct_eversource_icos_fair_flat
360551,ct_eversource_icos_fair_flat
273593,ct_eversource_icos_fair_flat
295064,ct_eversource_icos_fair_flat
316187,ct_eversource_icos_fair_flat
328048,ct_eversource_icos_fair_flat
329145,ct_eversource_icos_fair_flat
406372,ct_eversource_icos_fair_flat
405100,ct_eversource_icos_fair_flat
411749,ct_eversource_icos_fair_flat
469342,ct_eversource_icos_fair_flat
391578,ct_eversource_icos_fair_flat
427507,ct_eversource_icos_fair_flat
435064,ct_eversource_icos_fair_flat
485873,ct_eversource_icos_fair_flat
392577,ct_eversource_icos_fair_flat
470466,ct_eversource_icos_fair_flat
491400,ct_eversource_icos_fair_flat
491805,ct_eversource_icos_fair_flat
501602,ct_eversource_icos_fair_flat
506193,ct_eversource_icos_fair_flat
513576,ct_eversource_icos_fair_flat
516816,ct_eversource_icos_fair_flat
541341,ct_eversource_icos_fair_flat
543573,ct_eversource_icos_fair_flat
479352,ct_eversource_icos_fair_flat
171899,ct_eversource_icos_fair_flat
306482,ct_eversource_icos_fair_flat
472161,ct_eversource_icos_fair_flat
40151,ct_eversource_icos_fair_flat
50606,ct_eversource_icos_fair_flat
116381,ct_eversource_icos_fair_flat
439904,ct_eversource_icos_fair_flat
431949,ct_eversource_icos_fair_flat
74282,ct_eversource_icos_fair_flat
96220,ct_eversource_icos_fair_flat
129035,ct_eversource_icos_fair_flat
228782,ct_eversource_icos_fair_flat
193975,ct_eversource_icos_fair_flat
222293,ct_eversource_icos_fair_flat
352952,ct_eversource_icos_fair_flat
145419,ct_eversource_icos_fair_flat
152274,ct_eversource_icos_fair_flat
169001,ct_eversource_icos_fair_flat
180312,ct_eversource_icos_fair_flat
184750,ct_eversource_icos_fair_flat
185183,ct_eversource_icos_fair_flat
185475,ct_eversource_icos_fair_flat
199994,ct_eversource_icos_fair_flat
367096,ct_eversource_icos_fair_flat
211791,ct_eversource_icos_fair_flat
212152,ct_eversource_icos_fair_flat
221411,ct_eversource_icos_fair_flat
262171,ct_eversource_icos_fair_flat
403554,ct_eversource_icos_fair_flat
297099,ct_eversource_icos_fair_flat
395566,ct_eversource_icos_fair_flat
436888,ct_eversource_icos_fair_flat
433001,ct_eversource_icos_fair_flat
463434,ct_eversource_icos_fair_flat
381275,ct_eversource_icos_fair_flat
363626,ct_eversource_icos_fair_flat
376625,ct_eversource_icos_fair_flat
461736,ct_eversource_icos_fair_flat
538180,ct_eversource_icos_fair_flat
27685,ct_eversource_icos_fair_flat
63824,ct_eversource_icos_fair_flat
33975,ct_eversource_icos_fair_flat
135245,ct_eversource_icos_fair_flat
499678,ct_eversource_icos_fair_flat
508519,ct_eversource_icos_fair_flat
536741,ct_eversource_icos_fair_flat
160389,ct_eversource_icos_fair_flat
243843,ct_eversource_icos_fair_flat
50980,ct_eversource_icos_fair_flat
118331,ct_eversource_icos_fair_flat
139207,ct_eversource_icos_fair_flat
239181,ct_eversource_icos_fair_flat
211338,ct_eversource_icos_fair_flat
345015,ct_eversource_icos_fair_flat
16458,ct_eversource_icos_fair_flat
44370,ct_eversource_icos_fair_flat
55013,ct_eversource_icos_fair_flat
473520,ct_eversource_icos_fair_flat
89545,ct_eversource_icos_fair_flat
118397,ct_eversource_icos_fair_flat
143600,ct_eversource_icos_fair_flat
154267,ct_eversource_icos_fair_flat
367868,ct_eversource_icos_fair_flat
71980,ct_eversource_icos_fair_flat
94223,ct_eversource_icos_fair_flat
95965,ct_eversource_icos_fair_flat
98080,ct_eversource_icos_fair_flat
105152,ct_eversource_icos_fair_flat
114551,ct_eversource_icos_fair_flat
229338,ct_eversource_icos_fair_flat
441434,ct_eversource_icos_fair_flat
151658,ct_eversource_icos_fair_flat
155445,ct_eversource_icos_fair_flat
157228,ct_eversource_icos_fair_flat
159069,ct_eversource_icos_fair_flat
173238,ct_eversource_icos_fair_flat
452740,ct_eversource_icos_fair_flat
464732,ct_eversource_icos_fair_flat
316418,ct_eversource_icos_fair_flat
206343,ct_eversource_icos_fair_flat
244258,ct_eversource_icos_fair_flat
245285,ct_eversource_icos_fair_flat
253681,ct_eversource_icos_fair_flat
310571,ct_eversource_icos_fair_flat
371827,ct_eversource_icos_fair_flat
307525,ct_eversource_icos_fair_flat
311215,ct_eversource_icos_fair_flat
311592,ct_eversource_icos_fair_flat
354362,ct_eversource_icos_fair_flat
378659,ct_eversource_icos_fair_flat
366960,ct_eversource_icos_fair_flat
391475,ct_eversource_icos_fair_flat
425521,ct_eversource_icos_fair_flat
111861,ct_eversource_icos_fair_flat
394663,ct_eversource_icos_fair_flat
459901,ct_eversource_icos_fair_flat
149533,ct_eversource_icos_fair_flat
462705,ct_eversource_icos_fair_flat
59815,ct_eversource_icos_fair_flat
78013,ct_eversource_icos_fair_flat
487589,ct_eversource_icos_fair_flat
497784,ct_eversource_icos_fair_flat
516407,ct_eversource_icos_fair_flat
528149,ct_eversource_icos_fair_flat
533746,ct_eversource_icos_fair_flat
534714,ct_eversource_icos_fair_flat
541287,ct_eversource_icos_fair_flat
35840,ct_eversource_icos_fair_flat
39627,ct_eversource_icos_fair_flat
4302,ct_eversource_icos_fair_flat
14078,ct_eversource_icos_fair_flat
22333,ct_eversource_icos_fair_flat
28578,ct_eversource_icos_fair_flat
37084,ct_eversource_icos_fair_flat
50614,ct_eversource_icos_fair_flat
425849,ct_eversource_icos_fair_flat
112660,ct_eversource_icos_fair_flat
72022,ct_eversource_icos_fair_flat
75679,ct_eversource_icos_fair_flat
76416,ct_eversource_icos_fair_flat
87758,ct_eversource_icos_fair_flat
95522,ct_eversource_icos_fair_flat
115436,ct_eversource_icos_fair_flat
136998,ct_eversource_icos_fair_flat
184457,ct_eversource_icos_fair_flat
441053,ct_eversource_icos_fair_flat
318154,ct_eversource_icos_fair_flat
324312,ct_eversource_icos_fair_flat
392290,ct_eversource_icos_fair_flat
150419,ct_eversource_icos_fair_flat
153589,ct_eversource_icos_fair_flat
157875,ct_eversource_icos_fair_flat
168553,ct_eversource_icos_fair_flat
174599,ct_eversource_icos_fair_flat
175251,ct_eversource_icos_fair_flat
189704,ct_eversource_icos_fair_flat
200504,ct_eversource_icos_fair_flat
202660,ct_eversource_icos_fair_flat
477554,ct_eversource_icos_fair_flat
223948,ct_eversource_icos_fair_flat
239531,ct_eversource_icos_fair_flat
208750,ct_eversource_icos_fair_flat
221053,ct_eversource_icos_fair_flat
228897,ct_eversource_icos_fair_flat
246844,ct_eversource_icos_fair_flat
263907,ct_eversource_icos_fair_flat
312217,ct_eversource_icos_fair_flat
398794,ct_eversource_icos_fair_flat
298286,ct_eversource_icos_fair_flat
339085,ct_eversource_icos_fair_flat
305199,ct_eversource_icos_fair_flat
311280,ct_eversource_icos_fair_flat
319249,ct_eversource_icos_fair_flat
466232,ct_eversource_icos_fair_flat
444253,ct_eversource_icos_fair_flat
353481,ct_eversource_icos_fair_flat
428866,ct_eversource_icos_fair_flat
370876,ct_eversource_icos_fair_flat
407385,ct_eversource_icos_fair_flat
458233,ct_eversource_icos_fair_flat
522759,ct_eversource_icos_fair_flat
336492,ct_eversource_icos_fair_flat
25471,ct_eversource_icos_fair_flat
445503,ct_eversource_icos_fair_flat
236366,ct_eversource_icos_fair_flat
496235,ct_eversource_icos_fair_flat
497440,ct_eversource_icos_fair_flat
500061,ct_eversource_icos_fair_flat
525855,ct_eversource_icos_fair_flat
532490,ct_eversource_icos_fair_flat
546407,ct_eversource_icos_fair_flat
59236,ct_eversource_icos_fair_flat
73909,ct_eversource_icos_fair_flat
335414,ct_eversource_icos_fair_flat
399139,ct_eversource_icos_fair_flat
426274,ct_eversource_icos_fair_flat
354241,ct_eversource_icos_fair_flat
16129,ct_eversource_icos_fair_flat
18640,ct_eversource_icos_fair_flat
58776,ct_eversource_icos_fair_flat
65684,ct_eversource_icos_fair_flat
186309,ct_eversource_icos_fair_flat
247034,ct_eversource_icos_fair_flat
392141,ct_eversource_icos_fair_flat
86487,ct_eversource_icos_fair_flat
98063,ct_eversource_icos_fair_flat
98649,ct_eversource_icos_fair_flat
122567,ct_eversource_icos_fair_flat
125295,ct_eversource_icos_fair_flat
286287,ct_eversource_icos_fair_flat
155714,ct_eversource_icos_fair_flat
470869,ct_eversource_icos_fair_flat
295864,ct_eversource_icos_fair_flat
227114,ct_eversource_icos_fair_flat
237171,ct_eversource_icos_fair_flat
260859,ct_eversource_icos_fair_flat
285879,ct_eversource_icos_fair_flat
285136,ct_eversource_icos_fair_flat
295688,ct_eversource_icos_fair_flat
434182,ct_eversource_icos_fair_flat
422218,ct_eversource_icos_fair_flat
396580,ct_eversource_icos_fair_flat
399590,ct_eversource_icos_fair_flat
404054,ct_eversource_icos_fair_flat
444551,ct_eversource_icos_fair_flat
454683,ct_eversource_icos_fair_flat
37201,ct_eversource_icos_fair_flat
414313,ct_eversource_icos_fair_flat
213885,ct_eversource_icos_fair_flat
103790,ct_eversource_icos_fair_flat
372222,ct_eversource_icos_fair_flat
290674,ct_eversource_icos_fair_flat
351414,ct_eversource_icos_fair_flat
500821,ct_eversource_icos_fair_flat
501798,ct_eversource_icos_fair_flat
510857,ct_eversource_icos_fair_flat
521195,ct_eversource_icos_fair_flat
529769,ct_eversource_icos_fair_flat
315166,ct_eversource_icos_fair_flat
123829,ct_eversource_icos_fair_flat
319120,ct_eversource_icos_fair_flat
118330,ct_eversource_icos_fair_flat
7290,ct_eversource_icos_fair_flat
16249,ct_eversource_icos_fair_flat
33802,ct_eversource_icos_fair_flat
34832,ct_eversource_icos_fair_flat
46489,ct_eversource_icos_fair_flat
58736,ct_eversource_icos_fair_flat
62035,ct_eversource_icos_fair_flat
285353,ct_eversource_icos_fair_flat
202735,ct_eversource_icos_fair_flat
281177,ct_eversource_icos_fair_flat
82213,ct_eversource_icos_fair_flat
83229,ct_eversource_icos_fair_flat
89352,ct_eversource_icos_fair_flat
101091,ct_eversource_icos_fair_flat
101832,ct_eversource_icos_fair_flat
135169,ct_eversource_icos_fair_flat
160432,ct_eversource_icos_fair_flat
189285,ct_eversource_icos_fair_flat
273185,ct_eversource_icos_fair_flat
143799,ct_eversource_icos_fair_flat
171838,ct_eversource_icos_fair_flat
370840,ct_eversource_icos_fair_flat
408920,ct_eversource_icos_fair_flat
156423,ct_eversource_icos_fair_flat
181185,ct_eversource_icos_fair_flat
185590,ct_eversource_icos_fair_flat
192384,ct_eversource_icos_fair_flat
378211,ct_eversource_icos_fair_flat
474009,ct_eversource_icos_fair_flat
218122,ct_eversource_icos_fair_flat
222848,ct_eversource_icos_fair_flat
322467,ct_eversource_icos_fair_flat
222977,ct_eversource_icos_fair_flat
306652,ct_eversource_icos_fair_flat
453341,ct_eversource_icos_fair_flat
311576,ct_eversource_icos_fair_flat
339991,ct_eversource_icos_fair_flat
362911,ct_eversource_icos_fair_flat
472670,ct_eversource_icos_fair_flat
363022,ct_eversource_icos_fair_flat
341216,ct_eversource_icos_fair_flat
225125,ct_eversource_icos_fair_flat
70925,ct_eversource_icos_fair_flat
369876,ct_eversource_icos_fair_flat
77453,ct_eversource_icos_fair_flat
507910,ct_eversource_icos_fair_flat
509097,ct_eversource_icos_fair_flat
515737,ct_eversource_icos_fair_flat
516081,ct_eversource_icos_fair_flat
520167,ct_eversource_icos_fair_flat
529924,ct_eversource_icos_fair_flat
533976,ct_eversource_icos_fair_flat
536595,ct_eversource_icos_fair_flat
538815,ct_eversource_icos_fair_flat
422044,ct_eversource_icos_fair_flat
198362,ct_eversource_icos_fair_flat
72463,ct_eversource_icos_fair_flat
199367,ct_eversource_icos_fair_flat
338462,ct_eversource_icos_fair_flat
396413,ct_eversource_icos_fair_flat
229468,ct_eversource_icos_fair_flat
299316,ct_eversource_icos_fair_flat
367796,ct_eversource_icos_fair_flat
200,ct_eversource_icos_fair_flat
1557,ct_eversource_icos_fair_flat
9239,ct_eversource_icos_fair_flat
11894,ct_eversource_icos_fair_flat
35861,ct_eversource_icos_fair_flat
52218,ct_eversource_icos_fair_flat
54234,ct_eversource_icos_fair_flat
59217,ct_eversource_icos_fair_flat
63124,ct_eversource_icos_fair_flat
200185,ct_eversource_icos_fair_flat
358363,ct_eversource_icos_fair_flat
384477,ct_eversource_icos_fair_flat
329852,ct_eversource_icos_fair_flat
421546,ct_eversource_icos_fair_flat
69843,ct_eversource_icos_fair_flat
76601,ct_eversource_icos_fair_flat
125933,ct_eversource_icos_fair_flat
127141,ct_eversource_icos_fair_flat
138474,ct_eversource_icos_fair_flat
187028,ct_eversource_icos_fair_flat
155639,ct_eversource_icos_fair_flat
310489,ct_eversource_icos_fair_flat
142637,ct_eversource_icos_fair_flat
158835,ct_eversource_icos_fair_flat
183595,ct_eversource_icos_fair_flat
182029,ct_eversource_icos_fair_flat
192198,ct_eversource_icos_fair_flat
440102,ct_eversource_icos_fair_flat
401767,ct_eversource_icos_fair_flat
470072,ct_eversource_icos_fair_flat
218121,ct_eversource_icos_fair_flat
331346,ct_eversource_icos_fair_flat
253910,ct_eversource_icos_fair_flat
259211,ct_eversource_icos_fair_flat
263527,ct_eversource_icos_fair_flat
458949,ct_eversource_icos_fair_flat
331662,ct_eversource_icos_fair_flat
426464,ct_eversource_icos_fair_flat
328476,ct_eversource_icos_fair_flat
339777,ct_eversource_icos_fair_flat
442387,ct_eversource_icos_fair_flat
375689,ct_eversource_icos_fair_flat
416144,ct_eversource_icos_fair_flat
419237,ct_eversource_icos_fair_flat
350167,ct_eversource_icos_fair_flat
360869,ct_eversource_icos_fair_flat
367759,ct_eversource_icos_fair_flat
368146,ct_eversource_icos_fair_flat
445274,ct_eversource_icos_fair_flat
50625,ct_eversource_icos_fair_flat
500559,ct_eversource_icos_fair_flat
479871,ct_eversource_icos_fair_flat
486851,ct_eversource_icos_fair_flat
488241,ct_eversource_icos_fair_flat
488252,ct_eversource_icos_fair_flat
492815,ct_eversource_icos_fair_flat
493825,ct_eversource_icos_fair_flat
509773,ct_eversource_icos_fair_flat
511861,ct_eversource_icos_fair_flat
541025,ct_eversource_icos_fair_flat
453817,ct_eversource_icos_fair_flat
284537,ct_eversource_icos_fair_flat
464296,ct_eversource_icos_fair_flat
284076,ct_eversource_icos_fair_flat
423805,ct_eversource_icos_fair_flat
291,ct_eversource_icos_fair_flat
31488,ct_eversource_icos_fair_flat
65781,ct_eversource_icos_fair_flat
124036,ct_eversource_icos_fair_flat
356635,ct_eversource_icos_fair_flat
287245,ct_eversource_icos_fair_flat
372830,ct_eversource_icos_fair_flat
100366,ct_eversource_icos_fair_flat
155993,ct_eversource_icos_fair_flat
371984,ct_eversource_icos_fair_flat
220710,ct_eversource_icos_fair_flat
257843,ct_eversource_icos_fair_flat
369473,ct_eversource_icos_fair_flat
74894,ct_eversource_icos_fair_flat
83009,ct_eversource_icos_fair_flat
101911,ct_eversource_icos_fair_flat
116503,ct_eversource_icos_fair_flat
431483,ct_eversource_icos_fair_flat
237540,ct_eversource_icos_fair_flat
297901,ct_eversource_icos_fair_flat
307563,ct_eversource_icos_fair_flat
438538,ct_eversource_icos_fair_flat
168438,ct_eversource_icos_fair_flat
174214,ct_eversource_icos_fair_flat
177282,ct_eversource_icos_fair_flat
180332,ct_eversource_icos_fair_flat
187297,ct_eversource_icos_fair_flat
293717,ct_eversource_icos_fair_flat
297944,ct_eversource_icos_fair_flat
470584,ct_eversource_icos_fair_flat
228832,ct_eversource_icos_fair_flat
240939,ct_eversource_icos_fair_flat
358880,ct_eversource_icos_fair_flat
351878,ct_eversource_icos_fair_flat
275297,ct_eversource_icos_fair_flat
290162,ct_eversource_icos_fair_flat
405147,ct_eversource_icos_fair_flat
212165,ct_eversource_icos_fair_flat
279395,ct_eversource_icos_fair_flat
87602,ct_eversource_icos_fair_flat
81115,ct_eversource_icos_fair_flat
484913,ct_eversource_icos_fair_flat
497464,ct_eversource_icos_fair_flat
527640,ct_eversource_icos_fair_flat
528278,ct_eversource_icos_fair_flat
529527,ct_eversource_icos_fair_flat
531839,ct_eversource_icos_fair_flat
540661,ct_eversource_icos_fair_flat
281847,ct_eversource_icos_fair_flat
73192,ct_eversource_icos_fair_flat
416365,ct_eversource_icos_fair_flat
11837,ct_eversource_icos_fair_flat
17497,ct_eversource_icos_fair_flat
30010,ct_eversource_icos_fair_flat
33746,ct_eversource_icos_fair_flat
34918,ct_eversource_icos_fair_flat
38142,ct_eversource_icos_fair_flat
40624,ct_eversource_icos_fair_flat
49861,ct_eversource_icos_fair_flat
54242,ct_eversource_icos_fair_flat
55603,ct_eversource_icos_fair_flat
59281,ct_eversource_icos_fair_flat
61520,ct_eversource_icos_fair_flat
400851,ct_eversource_icos_fair_flat
191944,ct_eversource_icos_fair_flat
127053,ct_eversource_icos_fair_flat
111927,ct_eversource_icos_fair_flat
73136,ct_eversource_icos_fair_flat
77051,ct_eversource_icos_fair_flat
78515,ct_eversource_icos_fair_flat
82080,ct_eversource_icos_fair_flat
83064,ct_eversource_icos_fair_flat
86045,ct_eversource_icos_fair_flat
89345,ct_eversource_icos_fair_flat
90132,ct_eversource_icos_fair_flat
128027,ct_eversource_icos_fair_flat
270211,ct_eversource_icos_fair_flat
365114,ct_eversource_icos_fair_flat
354905,ct_eversource_icos_fair_flat
148361,ct_eversource_icos_fair_flat
166250,ct_eversource_icos_fair_flat
185642,ct_eversource_icos_fair_flat
190755,ct_eversource_icos_fair_flat
201019,ct_eversource_icos_fair_flat
395189,ct_eversource_icos_fair_flat
233043,ct_eversource_icos_fair_flat
347846,ct_eversource_icos_fair_flat
452661,ct_eversource_icos_fair_flat
373113,ct_eversource_icos_fair_flat
447191,ct_eversource_icos_fair_flat
219782,ct_eversource_icos_fair_flat
225935,ct_eversource_icos_fair_flat
263100,ct_eversource_icos_fair_flat
363921,ct_eversource_icos_fair_flat
452982,ct_eversource_icos_fair_flat
314882,ct_eversource_icos_fair_flat
324161,ct_eversource_icos_fair_flat
470125,ct_eversource_icos_fair_flat
348631,ct_eversource_icos_fair_flat
357505,ct_eversource_icos_fair_flat
540005,ct_eversource_icos_fair_flat
544805,ct_eversource_icos_fair_flat
149118,ct_eversource_icos_fair_flat
199547,ct_eversource_icos_fair_flat
196743,ct_eversource_icos_fair_flat
336843,ct_eversource_icos_fair_flat
494331,ct_eversource_icos_fair_flat
497828,ct_eversource_icos_fair_flat
507033,ct_eversource_icos_fair_flat
519174,ct_eversource_icos_fair_flat
521563,ct_eversource_icos_fair_flat
523784,ct_eversource_icos_fair_flat
525758,ct_eversource_icos_fair_flat
532040,ct_eversource_icos_fair_flat
543612,ct_eversource_icos_fair_flat
43585,ct_eversource_icos_fair_flat
304933,ct_eversource_icos_fair_flat
286440,ct_eversource_icos_fair_flat
225154,ct_eversource_icos_fair_flat
285569,ct_eversource_icos_fair_flat
435832,ct_eversource_icos_fair_flat
438671,ct_eversource_icos_fair_flat
14667,ct_eversource_icos_fair_flat
17783,ct_eversource_icos_fair_flat
18396,ct_eversource_icos_fair_flat
24243,ct_eversource_icos_fair_flat
25243,ct_eversource_icos_fair_flat
33335,ct_eversource_icos_fair_flat
39292,ct_eversource_icos_fair_flat
41856,ct_eversource_icos_fair_flat
56804,ct_eversource_icos_fair_flat
327151,ct_eversource_icos_fair_flat
104339,ct_eversource_icos_fair_flat
358936,ct_eversource_icos_fair_flat
76537,ct_eversource_icos_fair_flat
108209,ct_eversource_icos_fair_flat
196174,ct_eversource_icos_fair_flat
364713,ct_eversource_icos_fair_flat
324201,ct_eversource_icos_fair_flat
85046,ct_eversource_icos_fair_flat
105564,ct_eversource_icos_fair_flat
110621,ct_eversource_icos_fair_flat
119790,ct_eversource_icos_fair_flat
265109,ct_eversource_icos_fair_flat
171290,ct_eversource_icos_fair_flat
185331,ct_eversource_icos_fair_flat
334170,ct_eversource_icos_fair_flat
433495,ct_eversource_icos_fair_flat
243667,ct_eversource_icos_fair_flat
383227,ct_eversource_icos_fair_flat
397988,ct_eversource_icos_fair_flat
345863,ct_eversource_icos_fair_flat
404287,ct_eversource_icos_fair_flat
376629,ct_eversource_icos_fair_flat
446641,ct_eversource_icos_fair_flat
284894,ct_eversource_icos_fair_flat
306937,ct_eversource_icos_fair_flat
332434,ct_eversource_icos_fair_flat
338882,ct_eversource_icos_fair_flat
5568,ct_eversource_icos_fair_flat
328282,ct_eversource_icos_fair_flat
481543,ct_eversource_icos_fair_flat
486773,ct_eversource_icos_fair_flat
488167,ct_eversource_icos_fair_flat
493789,ct_eversource_icos_fair_flat
499154,ct_eversource_icos_fair_flat
507577,ct_eversource_icos_fair_flat
525872,ct_eversource_icos_fair_flat
536928,ct_eversource_icos_fair_flat
542247,ct_eversource_icos_fair_flat
543479,ct_eversource_icos_fair_flat
547249,ct_eversource_icos_fair_flat
41853,ct_eversource_icos_fair_flat
55863,ct_eversource_icos_fair_flat
142960,ct_eversource_icos_fair_flat
466791,ct_eversource_icos_fair_flat
205028,ct_eversource_icos_fair_flat
409981,ct_eversource_icos_fair_flat
11040,ct_eversource_icos_fair_flat
20853,ct_eversource_icos_fair_flat
22039,ct_eversource_icos_fair_flat
41739,ct_eversource_icos_fair_flat
188641,ct_eversource_icos_fair_flat
258575,ct_eversource_icos_fair_flat
378747,ct_eversource_icos_fair_flat
366762,ct_eversource_icos_fair_flat
340707,ct_eversource_icos_fair_flat
202822,ct_eversource_icos_fair_flat
260078,ct_eversource_icos_fair_flat
69678,ct_eversource_icos_fair_flat
72825,ct_eversource_icos_fair_flat
111471,ct_eversource_icos_fair_flat
126281,ct_eversource_icos_fair_flat
129128,ct_eversource_icos_fair_flat
135467,ct_eversource_icos_fair_flat
177297,ct_eversource_icos_fair_flat
275965,ct_eversource_icos_fair_flat
208237,ct_eversource_icos_fair_flat
298341,ct_eversource_icos_fair_flat
164172,ct_eversource_icos_fair_flat
354115,ct_eversource_icos_fair_flat
162080,ct_eversource_icos_fair_flat
196123,ct_eversource_icos_fair_flat
212274,ct_eversource_icos_fair_flat
431784,ct_eversource_icos_fair_flat
210755,ct_eversource_icos_fair_flat
298137,ct_eversource_icos_fair_flat
308672,ct_eversource_icos_fair_flat
469372,ct_eversource_icos_fair_flat
316973,ct_eversource_icos_fair_flat
79787,ct_eversource_icos_fair_flat
480676,ct_eversource_icos_fair_flat
485585,ct_eversource_icos_fair_flat
491580,ct_eversource_icos_fair_flat
491860,ct_eversource_icos_fair_flat
500080,ct_eversource_icos_fair_flat
533884,ct_eversource_icos_fair_flat
542451,ct_eversource_icos_fair_flat
547131,ct_eversource_icos_fair_flat
140345,ct_eversource_icos_fair_flat
433531,ct_eversource_icos_fair_flat
155788,ct_eversource_icos_fair_flat
255390,ct_eversource_icos_fair_flat
321704,ct_eversource_icos_fair_flat
355741,ct_eversource_icos_fair_flat
425160,ct_eversource_icos_fair_flat
15805,ct_eversource_icos_fair_flat
54730,ct_eversource_icos_fair_flat
62509,ct_eversource_icos_fair_flat
64887,ct_eversource_icos_fair_flat
472345,ct_eversource_icos_fair_flat
213812,ct_eversource_icos_fair_flat
430962,ct_eversource_icos_fair_flat
442203,ct_eversource_icos_fair_flat
354209,ct_eversource_icos_fair_flat
396968,ct_eversource_icos_fair_flat
91412,ct_eversource_icos_fair_flat
97893,ct_eversource_icos_fair_flat
123755,ct_eversource_icos_fair_flat
201000,ct_eversource_icos_fair_flat
321439,ct_eversource_icos_fair_flat
340968,ct_eversource_icos_fair_flat
220253,ct_eversource_icos_fair_flat
432077,ct_eversource_icos_fair_flat
150667,ct_eversource_icos_fair_flat
155186,ct_eversource_icos_fair_flat
194343,ct_eversource_icos_fair_flat
203059,ct_eversource_icos_fair_flat
465998,ct_eversource_icos_fair_flat
279834,ct_eversource_icos_fair_flat
208748,ct_eversource_icos_fair_flat
235147,ct_eversource_icos_fair_flat
241599,ct_eversource_icos_fair_flat
258342,ct_eversource_icos_fair_flat
282830,ct_eversource_icos_fair_flat
392680,ct_eversource_icos_fair_flat
405059,ct_eversource_icos_fair_flat
535941,ct_eversource_icos_fair_flat
309261,ct_eversource_icos_fair_flat
288809,ct_eversource_icos_fair_flat
446358,ct_eversource_icos_fair_flat
59424,ct_eversource_icos_fair_flat
73983,ct_eversource_icos_fair_flat
186642,ct_eversource_icos_fair_flat
483180,ct_eversource_icos_fair_flat
500949,ct_eversource_icos_fair_flat
501088,ct_eversource_icos_fair_flat
520667,ct_eversource_icos_fair_flat
525765,ct_eversource_icos_fair_flat
528639,ct_eversource_icos_fair_flat
39750,ct_eversource_icos_fair_flat
84216,ct_eversource_icos_fair_flat
376122,ct_eversource_icos_fair_flat
255015,ct_eversource_icos_fair_flat
224556,ct_eversource_icos_fair_flat
445573,ct_eversource_icos_fair_flat
32979,ct_eversource_icos_fair_flat
44052,ct_eversource_icos_fair_flat
51656,ct_eversource_icos_fair_flat
386668,ct_eversource_icos_fair_flat
124950,ct_eversource_icos_fair_flat
184311,ct_eversource_icos_fair_flat
199728,ct_eversource_icos_fair_flat
273267,ct_eversource_icos_fair_flat
284408,ct_eversource_icos_fair_flat
95248,ct_eversource_icos_fair_flat
123593,ct_eversource_icos_fair_flat
129025,ct_eversource_icos_fair_flat
153369,ct_eversource_icos_fair_flat
158485,ct_eversource_icos_fair_flat
285979,ct_eversource_icos_fair_flat
429365,ct_eversource_icos_fair_flat
313092,ct_eversource_icos_fair_flat
325831,ct_eversource_icos_fair_flat
404459,ct_eversource_icos_fair_flat
152628,ct_eversource_icos_fair_flat
174056,ct_eversource_icos_fair_flat
174828,ct_eversource_icos_fair_flat
182134,ct_eversource_icos_fair_flat
201713,ct_eversource_icos_fair_flat
471490,ct_eversource_icos_fair_flat
382113,ct_eversource_icos_fair_flat
373683,ct_eversource_icos_fair_flat
350702,ct_eversource_icos_fair_flat
240613,ct_eversource_icos_fair_flat
364174,ct_eversource_icos_fair_flat
428852,ct_eversource_icos_fair_flat
288352,ct_eversource_icos_fair_flat
294624,ct_eversource_icos_fair_flat
301257,ct_eversource_icos_fair_flat
305611,ct_eversource_icos_fair_flat
311667,ct_eversource_icos_fair_flat
334796,ct_eversource_icos_fair_flat
337197,ct_eversource_icos_fair_flat
429563,ct_eversource_icos_fair_flat
508910,ct_eversource_icos_fair_flat
543443,ct_eversource_icos_fair_flat
522532,ct_eversource_icos_fair_flat
37269,ct_eversource_icos_fair_flat
182730,ct_eversource_icos_fair_flat
500993,ct_eversource_icos_fair_flat
535156,ct_eversource_icos_fair_flat
548491,ct_eversource_icos_fair_flat
91637,ct_eversource_icos_fair_flat
116156,ct_eversource_icos_fair_flat
143147,ct_eversource_icos_fair_flat
362768,ct_eversource_icos_fair_flat
208637,ct_eversource_icos_fair_flat
273033,ct_eversource_icos_fair_flat
294096,ct_eversource_icos_fair_flat
3,ct_eversource_icos_fair_flat
3680,ct_eversource_icos_fair_flat
4184,ct_eversource_icos_fair_flat
50936,ct_eversource_icos_fair_flat
434483,ct_eversource_icos_fair_flat
144559,ct_eversource_icos_fair_flat
373956,ct_eversource_icos_fair_flat
204933,ct_eversource_icos_fair_flat
329417,ct_eversource_icos_fair_flat
291370,ct_eversource_icos_fair_flat
95477,ct_eversource_icos_fair_flat
96514,ct_eversource_icos_fair_flat
129014,ct_eversource_icos_fair_flat
130871,ct_eversource_icos_fair_flat
157426,ct_eversource_icos_fair_flat
295792,ct_eversource_icos_fair_flat
355528,ct_eversource_icos_fair_flat
344643,ct_eversource_icos_fair_flat
442187,ct_eversource_icos_fair_flat
160713,ct_eversource_icos_fair_flat
167028,ct_eversource_icos_fair_flat
167366,ct_eversource_icos_fair_flat
174054,ct_eversource_icos_fair_flat
184030,ct_eversource_icos_fair_flat
201559,ct_eversource_icos_fair_flat
294431,ct_eversource_icos_fair_flat
380932,ct_eversource_icos_fair_flat
263450,ct_eversource_icos_fair_flat
247683,ct_eversource_icos_fair_flat
252897,ct_eversource_icos_fair_flat
256731,ct_eversource_icos_fair_flat
274090,ct_eversource_icos_fair_flat
287812,ct_eversource_icos_fair_flat
288517,ct_eversource_icos_fair_flat
419321,ct_eversource_icos_fair_flat
436974,ct_eversource_icos_fair_flat
398296,ct_eversource_icos_fair_flat
355513,ct_eversource_icos_fair_flat
371306,ct_eversource_icos_fair_flat
407636,ct_eversource_icos_fair_flat
411577,ct_eversource_icos_fair_flat
455532,ct_eversource_icos_fair_flat
458842,ct_eversource_icos_fair_flat
80147,ct_eversource_icos_fair_flat
56074,ct_eversource_icos_fair_flat
197242,ct_eversource_icos_fair_flat
438807,ct_eversource_icos_fair_flat
197995,ct_eversource_icos_fair_flat
479705,ct_eversource_icos_fair_flat
505035,ct_eversource_icos_fair_flat
509667,ct_eversource_icos_fair_flat
541018,ct_eversource_icos_fair_flat
548464,ct_eversource_icos_fair_flat
549975,ct_eversource_icos_fair_flat
159782,ct_eversource_icos_fair_flat
197476,ct_eversource_icos_fair_flat
252631,ct_eversource_icos_fair_flat
427703,ct_eversource_icos_fair_flat
2159,ct_eversource_icos_fair_flat
10324,ct_eversource_icos_fair_flat
10917,ct_eversource_icos_fair_flat
12676,ct_eversource_icos_fair_flat
15784,ct_eversource_icos_fair_flat
30020,ct_eversource_icos_fair_flat
67799,ct_eversource_icos_fair_flat
325241,ct_eversource_icos_fair_flat
261304,ct_eversource_icos_fair_flat
279714,ct_eversource_icos_fair_flat
376097,ct_eversource_icos_fair_flat
77215,ct_eversource_icos_fair_flat
90122,ct_eversource_icos_fair_flat
134582,ct_eversource_icos_fair_flat
478785,ct_eversource_icos_fair_flat
415966,ct_eversource_icos_fair_flat
155461,ct_eversource_icos_fair_flat
392054,ct_eversource_icos_fair_flat
414202,ct_eversource_icos_fair_flat
287206,ct_eversource_icos_fair_flat
364281,ct_eversource_icos_fair_flat
146454,ct_eversource_icos_fair_flat
165797,ct_eversource_icos_fair_flat
178062,ct_eversource_icos_fair_flat
182100,ct_eversource_icos_fair_flat
183820,ct_eversource_icos_fair_flat
195409,ct_eversource_icos_fair_flat
197924,ct_eversource_icos_fair_flat
202021,ct_eversource_icos_fair_flat
277653,ct_eversource_icos_fair_flat
354610,ct_eversource_icos_fair_flat
387751,ct_eversource_icos_fair_flat
224838,ct_eversource_icos_fair_flat
237004,ct_eversource_icos_fair_flat
268518,ct_eversource_icos_fair_flat
425535,ct_eversource_icos_fair_flat
317543,ct_eversource_icos_fair_flat
456103,ct_eversource_icos_fair_flat
451425,ct_eversource_icos_fair_flat
449972,ct_eversource_icos_fair_flat
306142,ct_eversource_icos_fair_flat
311293,ct_eversource_icos_fair_flat
340179,ct_eversource_icos_fair_flat
421245,ct_eversource_icos_fair_flat
272643,ct_eversource_icos_fair_flat
406990,ct_eversource_icos_fair_flat
203770,ct_eversource_icos_fair_flat
384391,ct_eversource_icos_fair_flat
451143,ct_eversource_icos_fair_flat
143951,ct_eversource_icos_fair_flat
194587,ct_eversource_icos_fair_flat
511846,ct_eversource_icos_fair_flat
517671,ct_eversource_icos_fair_flat
37601,ct_eversource_icos_fair_flat
137283,ct_eversource_icos_fair_flat
74455,ct_eversource_icos_fair_flat
351306,ct_eversource_icos_fair_flat
316463,ct_eversource_icos_fair_flat
217354,ct_eversource_icos_fair_flat
448947,ct_eversource_icos_fair_flat
4492,ct_eversource_icos_fair_flat
18617,ct_eversource_icos_fair_flat
22557,ct_eversource_icos_fair_flat
25414,ct_eversource_icos_fair_flat
36856,ct_eversource_icos_fair_flat
38051,ct_eversource_icos_fair_flat
56990,ct_eversource_icos_fair_flat
64892,ct_eversource_icos_fair_flat
227785,ct_eversource_icos_fair_flat
131249,ct_eversource_icos_fair_flat
74727,ct_eversource_icos_fair_flat
75359,ct_eversource_icos_fair_flat
92327,ct_eversource_icos_fair_flat
103990,ct_eversource_icos_fair_flat
118415,ct_eversource_icos_fair_flat
134240,ct_eversource_icos_fair_flat
183174,ct_eversource_icos_fair_flat
395638,ct_eversource_icos_fair_flat
283387,ct_eversource_icos_fair_flat
291638,ct_eversource_icos_fair_flat
297747,ct_eversource_icos_fair_flat
168741,ct_eversource_icos_fair_flat
168762,ct_eversource_icos_fair_flat
310594,ct_eversource_icos_fair_flat
349937,ct_eversource_icos_fair_flat
339605,ct_eversource_icos_fair_flat
237430,ct_eversource_icos_fair_flat
238047,ct_eversource_icos_fair_flat
247443,ct_eversource_icos_fair_flat
262661,ct_eversource_icos_fair_flat
386156,ct_eversource_icos_fair_flat
406111,ct_eversource_icos_fair_flat
416179,ct_eversource_icos_fair_flat
286184,ct_eversource_icos_fair_flat
471273,ct_eversource_icos_fair_flat
341891,ct_eversource_icos_fair_flat
389503,ct_eversource_icos_fair_flat
430754,ct_eversource_icos_fair_flat
422295,ct_eversource_icos_fair_flat
372478,ct_eversource_icos_fair_flat
459622,ct_eversource_icos_fair_flat
472469,ct_eversource_icos_fair_flat
444274,ct_eversource_icos_fair_flat
490807,ct_eversource_icos_fair_flat
501737,ct_eversource_icos_fair_flat
518108,ct_eversource_icos_fair_flat
520632,ct_eversource_icos_fair_flat
153291,ct_eversource_icos_fair_flat
118110,ct_eversource_icos_fair_flat
14925,ct_eversource_icos_fair_flat
225818,ct_eversource_icos_fair_flat
386461,ct_eversource_icos_fair_flat
6131,ct_eversource_icos_fair_flat
14108,ct_eversource_icos_fair_flat
44983,ct_eversource_icos_fair_flat
47276,ct_eversource_icos_fair_flat
53391,ct_eversource_icos_fair_flat
226848,ct_eversource_icos_fair_flat
417405,ct_eversource_icos_fair_flat
83670,ct_eversource_icos_fair_flat
84258,ct_eversource_icos_fair_flat
91503,ct_eversource_icos_fair_flat
127474,ct_eversource_icos_fair_flat
132458,ct_eversource_icos_fair_flat
444331,ct_eversource_icos_fair_flat
323764,ct_eversource_icos_fair_flat
400806,ct_eversource_icos_fair_flat
162745,ct_eversource_icos_fair_flat
168862,ct_eversource_icos_fair_flat
170333,ct_eversource_icos_fair_flat
179383,ct_eversource_icos_fair_flat
213429,ct_eversource_icos_fair_flat
293494,ct_eversource_icos_fair_flat
322629,ct_eversource_icos_fair_flat
433647,ct_eversource_icos_fair_flat
227285,ct_eversource_icos_fair_flat
241376,ct_eversource_icos_fair_flat
244706,ct_eversource_icos_fair_flat
259034,ct_eversource_icos_fair_flat
364125,ct_eversource_icos_fair_flat
382597,ct_eversource_icos_fair_flat
292528,ct_eversource_icos_fair_flat
428595,ct_eversource_icos_fair_flat
346111,ct_eversource_icos_fair_flat
355276,ct_eversource_icos_fair_flat
359410,ct_eversource_icos_fair_flat
392872,ct_eversource_icos_fair_flat
455479,ct_eversource_icos_fair_flat
429509,ct_eversource_icos_fair_flat
418596,ct_eversource_icos_fair_flat
160369,ct_eversource_icos_fair_flat
437649,ct_eversource_icos_fair_flat
488712,ct_eversource_icos_fair_flat
492174,ct_eversource_icos_fair_flat
511480,ct_eversource_icos_fair_flat
514774,ct_eversource_icos_fair_flat
515089,ct_eversource_icos_fair_flat
541330,ct_eversource_icos_fair_flat
68385,ct_eversource_icos_fair_flat
200777,ct_eversource_icos_fair_flat
125377,ct_eversource_icos_fair_flat
383535,ct_eversource_icos_fair_flat
20877,ct_eversource_icos_fair_flat
34869,ct_eversource_icos_fair_flat
152346,ct_eversource_icos_fair_flat
365579,ct_eversource_icos_fair_flat
355922,ct_eversource_icos_fair_flat
466938,ct_eversource_icos_fair_flat
6006,ct_eversource_icos_fair_flat
11579,ct_eversource_icos_fair_flat
18638,ct_eversource_icos_fair_flat
38423,ct_eversource_icos_fair_flat
46316,ct_eversource_icos_fair_flat
49344,ct_eversource_icos_fair_flat
53756,ct_eversource_icos_fair_flat
137475,ct_eversource_icos_fair_flat
232187,ct_eversource_icos_fair_flat
161590,ct_eversource_icos_fair_flat
185492,ct_eversource_icos_fair_flat
91343,ct_eversource_icos_fair_flat
111993,ct_eversource_icos_fair_flat
112137,ct_eversource_icos_fair_flat
118333,ct_eversource_icos_fair_flat
383008,ct_eversource_icos_fair_flat
235990,ct_eversource_icos_fair_flat
260676,ct_eversource_icos_fair_flat
278202,ct_eversource_icos_fair_flat
287978,ct_eversource_icos_fair_flat
161773,ct_eversource_icos_fair_flat
172980,ct_eversource_icos_fair_flat
174657,ct_eversource_icos_fair_flat
178154,ct_eversource_icos_fair_flat
183175,ct_eversource_icos_fair_flat
186040,ct_eversource_icos_fair_flat
459282,ct_eversource_icos_fair_flat
257990,ct_eversource_icos_fair_flat
206499,ct_eversource_icos_fair_flat
273047,ct_eversource_icos_fair_flat
232099,ct_eversource_icos_fair_flat
242165,ct_eversource_icos_fair_flat
261714,ct_eversource_icos_fair_flat
442875,ct_eversource_icos_fair_flat
349315,ct_eversource_icos_fair_flat
324099,ct_eversource_icos_fair_flat
472333,ct_eversource_icos_fair_flat
397389,ct_eversource_icos_fair_flat
401111,ct_eversource_icos_fair_flat
473602,ct_eversource_icos_fair_flat
209998,ct_eversource_icos_fair_flat
247231,ct_eversource_icos_fair_flat
424280,ct_eversource_icos_fair_flat
442632,ct_eversource_icos_fair_flat
48334,ct_eversource_icos_fair_flat
152001,ct_eversource_icos_fair_flat
370969,ct_eversource_icos_fair_flat
253855,ct_eversource_icos_fair_flat
507419,ct_eversource_icos_fair_flat
542121,ct_eversource_icos_fair_flat
22542,ct_eversource_icos_fair_flat
163354,ct_eversource_icos_fair_flat
2331,ct_eversource_icos_fair_flat
33756,ct_eversource_icos_fair_flat
324957,ct_eversource_icos_fair_flat
423800,ct_eversource_icos_fair_flat
391901,ct_eversource_icos_fair_flat
251450,ct_eversource_icos_fair_flat
414703,ct_eversource_icos_fair_flat
8517,ct_eversource_icos_fair_flat
18789,ct_eversource_icos_fair_flat
38654,ct_eversource_icos_fair_flat
41298,ct_eversource_icos_fair_flat
41654,ct_eversource_icos_fair_flat
144750,ct_eversource_icos_fair_flat
113238,ct_eversource_icos_fair_flat
283170,ct_eversource_icos_fair_flat
182059,ct_eversource_icos_fair_flat
263809,ct_eversource_icos_fair_flat
380283,ct_eversource_icos_fair_flat
75752,ct_eversource_icos_fair_flat
80492,ct_eversource_icos_fair_flat
82999,ct_eversource_icos_fair_flat
91086,ct_eversource_icos_fair_flat
98635,ct_eversource_icos_fair_flat
138666,ct_eversource_icos_fair_flat
426522,ct_eversource_icos_fair_flat
291808,ct_eversource_icos_fair_flat
294442,ct_eversource_icos_fair_flat
379198,ct_eversource_icos_fair_flat
180424,ct_eversource_icos_fair_flat
188598,ct_eversource_icos_fair_flat
322780,ct_eversource_icos_fair_flat
296548,ct_eversource_icos_fair_flat
321632,ct_eversource_icos_fair_flat
216043,ct_eversource_icos_fair_flat
211818,ct_eversource_icos_fair_flat
212363,ct_eversource_icos_fair_flat
247246,ct_eversource_icos_fair_flat
261873,ct_eversource_icos_fair_flat
306840,ct_eversource_icos_fair_flat
316939,ct_eversource_icos_fair_flat
318293,ct_eversource_icos_fair_flat
319862,ct_eversource_icos_fair_flat
377552,ct_eversource_icos_fair_flat
457069,ct_eversource_icos_fair_flat
454450,ct_eversource_icos_fair_flat
94511,ct_eversource_icos_fair_flat
459393,ct_eversource_icos_fair_flat
354094,ct_eversource_icos_fair_flat
17456,ct_eversource_icos_fair_flat
85263,ct_eversource_icos_fair_flat
498113,ct_eversource_icos_fair_flat
452470,ct_eversource_icos_fair_flat
451605,ct_eversource_icos_fair_flat
489275,ct_eversource_icos_fair_flat
515115,ct_eversource_icos_fair_flat
516089,ct_eversource_icos_fair_flat
517481,ct_eversource_icos_fair_flat
528448,ct_eversource_icos_fair_flat
530363,ct_eversource_icos_fair_flat
530368,ct_eversource_icos_fair_flat
537099,ct_eversource_icos_fair_flat
545017,ct_eversource_icos_fair_flat
546827,ct_eversource_icos_fair_flat
151858,ct_eversource_icos_fair_flat
113786,ct_eversource_icos_fair_flat
69832,ct_eversource_icos_fair_flat
23780,ct_eversource_icos_fair_flat
42412,ct_eversource_icos_fair_flat
79425,ct_eversource_icos_fair_flat
153049,ct_eversource_icos_fair_flat
274091,ct_eversource_icos_fair_flat
388109,ct_eversource_icos_fair_flat
5874,ct_eversource_icos_fair_flat
7747,ct_eversource_icos_fair_flat
19349,ct_eversource_icos_fair_flat
24633,ct_eversource_icos_fair_flat
25944,ct_eversource_icos_fair_flat
49252,ct_eversource_icos_fair_flat
50065,ct_eversource_icos_fair_flat
464573,ct_eversource_icos_fair_flat
114190,ct_eversource_icos_fair_flat
247456,ct_eversource_icos_fair_flat
113353,ct_eversource_icos_fair_flat
129535,ct_eversource_icos_fair_flat
467830,ct_eversource_icos_fair_flat
205970,ct_eversource_icos_fair_flat
145676,ct_eversource_icos_fair_flat
295621,ct_eversource_icos_fair_flat
215692,ct_eversource_icos_fair_flat
397261,ct_eversource_icos_fair_flat
147077,ct_eversource_icos_fair_flat
166660,ct_eversource_icos_fair_flat
173168,ct_eversource_icos_fair_flat
312302,ct_eversource_icos_fair_flat
206973,ct_eversource_icos_fair_flat
220103,ct_eversource_icos_fair_flat
230972,ct_eversource_icos_fair_flat
247788,ct_eversource_icos_fair_flat
260563,ct_eversource_icos_fair_flat
408458,ct_eversource_icos_fair_flat
276001,ct_eversource_icos_fair_flat
281725,ct_eversource_icos_fair_flat
284925,ct_eversource_icos_fair_flat
288367,ct_eversource_icos_fair_flat
312827,ct_eversource_icos_fair_flat
420746,ct_eversource_icos_fair_flat
342529,ct_eversource_icos_fair_flat
6355,ct_eversource_icos_fair_flat
348692,ct_eversource_icos_fair_flat
488710,ct_eversource_icos_fair_flat
491777,ct_eversource_icos_fair_flat
497136,ct_eversource_icos_fair_flat
503915,ct_eversource_icos_fair_flat
506159,ct_eversource_icos_fair_flat
507856,ct_eversource_icos_fair_flat
519281,ct_eversource_icos_fair_flat
535929,ct_eversource_icos_fair_flat
539452,ct_eversource_icos_fair_flat
542913,ct_eversource_icos_fair_flat
545195,ct_eversource_icos_fair_flat
117421,ct_eversource_icos_fair_flat
72930,ct_eversource_icos_fair_flat
119339,ct_eversource_icos_fair_flat
441634,ct_eversource_icos_fair_flat
2353,ct_eversource_icos_fair_flat
6735,ct_eversource_icos_fair_flat
12771,ct_eversource_icos_fair_flat
23352,ct_eversource_icos_fair_flat
51039,ct_eversource_icos_fair_flat
53172,ct_eversource_icos_fair_flat
55303,ct_eversource_icos_fair_flat
56732,ct_eversource_icos_fair_flat
57750,ct_eversource_icos_fair_flat
60316,ct_eversource_icos_fair_flat
120819,ct_eversource_icos_fair_flat
450863,ct_eversource_icos_fair_flat
240630,ct_eversource_icos_fair_flat
255366,ct_eversource_icos_fair_flat
450335,ct_eversource_icos_fair_flat
69628,ct_eversource_icos_fair_flat
79407,ct_eversource_icos_fair_flat
113586,ct_eversource_icos_fair_flat
118532,ct_eversource_icos_fair_flat
122421,ct_eversource_icos_fair_flat
435576,ct_eversource_icos_fair_flat
311711,ct_eversource_icos_fair_flat
249777,ct_eversource_icos_fair_flat
165585,ct_eversource_icos_fair_flat
184229,ct_eversource_icos_fair_flat
190193,ct_eversource_icos_fair_flat
336679,ct_eversource_icos_fair_flat
242264,ct_eversource_icos_fair_flat
333302,ct_eversource_icos_fair_flat
338234,ct_eversource_icos_fair_flat
424934,ct_eversource_icos_fair_flat
438705,ct_eversource_icos_fair_flat
442434,ct_eversource_icos_fair_flat
459979,ct_eversource_icos_fair_flat
392014,ct_eversource_icos_fair_flat
398961,ct_eversource_icos_fair_flat
319853,ct_eversource_icos_fair_flat
336599,ct_eversource_icos_fair_flat
243549,ct_eversource_icos_fair_flat
481626,ct_eversource_icos_fair_flat
502694,ct_eversource_icos_fair_flat
507271,ct_eversource_icos_fair_flat
515768,ct_eversource_icos_fair_flat
518965,ct_eversource_icos_fair_flat
522279,ct_eversource_icos_fair_flat
303466,ct_eversource_icos_fair_flat
85078,ct_eversource_icos_fair_flat
98947,ct_eversource_icos_fair_flat
229435,ct_eversource_icos_fair_flat
342719,ct_eversource_icos_fair_flat
401878,ct_eversource_icos_fair_flat
13358,ct_eversource_icos_fair_flat
25909,ct_eversource_icos_fair_flat
29081,ct_eversource_icos_fair_flat
30941,ct_eversource_icos_fair_flat
47532,ct_eversource_icos_fair_flat
372736,ct_eversource_icos_fair_flat
413311,ct_eversource_icos_fair_flat
193067,ct_eversource_icos_fair_flat
225651,ct_eversource_icos_fair_flat
103158,ct_eversource_icos_fair_flat
406897,ct_eversource_icos_fair_flat
381913,ct_eversource_icos_fair_flat
213567,ct_eversource_icos_fair_flat
146027,ct_eversource_icos_fair_flat
261746,ct_eversource_icos_fair_flat
267179,ct_eversource_icos_fair_flat
387630,ct_eversource_icos_fair_flat
142334,ct_eversource_icos_fair_flat
160218,ct_eversource_icos_fair_flat
311861,ct_eversource_icos_fair_flat
203802,ct_eversource_icos_fair_flat
268067,ct_eversource_icos_fair_flat
340100,ct_eversource_icos_fair_flat
208333,ct_eversource_icos_fair_flat
214815,ct_eversource_icos_fair_flat
224901,ct_eversource_icos_fair_flat
228449,ct_eversource_icos_fair_flat
243076,ct_eversource_icos_fair_flat
255106,ct_eversource_icos_fair_flat
364523,ct_eversource_icos_fair_flat
273834,ct_eversource_icos_fair_flat
298079,ct_eversource_icos_fair_flat
303938,ct_eversource_icos_fair_flat
425189,ct_eversource_icos_fair_flat
376346,ct_eversource_icos_fair_flat
401487,ct_eversource_icos_fair_flat
401641,ct_eversource_icos_fair_flat
472886,ct_eversource_icos_fair_flat
372954,ct_eversource_icos_fair_flat
440596,ct_eversource_icos_fair_flat
427998,ct_eversource_icos_fair_flat
120756,ct_eversource_icos_fair_flat
235345,ct_eversource_icos_fair_flat
150839,ct_eversource_icos_fair_flat
202653,ct_eversource_icos_fair_flat
481914,ct_eversource_icos_fair_flat
482224,ct_eversource_icos_fair_flat
506716,ct_eversource_icos_fair_flat
526202,ct_eversource_icos_fair_flat
529244,ct_eversource_icos_fair_flat
529288,ct_eversource_icos_fair_flat
545953,ct_eversource_icos_fair_flat
184904,ct_eversource_icos_fair_flat
45589,ct_eversource_icos_fair_flat
419677,ct_eversource_icos_fair_flat
115641,ct_eversource_icos_fair_flat
230905,ct_eversource_icos_fair_flat
369753,ct_eversource_icos_fair_flat
286777,ct_eversource_icos_fair_flat
290509,ct_eversource_icos_fair_flat
19111,ct_eversource_icos_fair_flat
28921,ct_eversource_icos_fair_flat
29861,ct_eversource_icos_fair_flat
38697,ct_eversource_icos_fair_flat
53696,ct_eversource_icos_fair_flat
59436,ct_eversource_icos_fair_flat
61741,ct_eversource_icos_fair_flat
423330,ct_eversource_icos_fair_flat
458993,ct_eversource_icos_fair_flat
196327,ct_eversource_icos_fair_flat
222831,ct_eversource_icos_fair_flat
388469,ct_eversource_icos_fair_flat
197131,ct_eversource_icos_fair_flat
217829,ct_eversource_icos_fair_flat
455241,ct_eversource_icos_fair_flat
73452,ct_eversource_icos_fair_flat
74901,ct_eversource_icos_fair_flat
110154,ct_eversource_icos_fair_flat
326141,ct_eversource_icos_fair_flat
316039,ct_eversource_icos_fair_flat
424701,ct_eversource_icos_fair_flat
147830,ct_eversource_icos_fair_flat
157722,ct_eversource_icos_fair_flat
302297,ct_eversource_icos_fair_flat
344139,ct_eversource_icos_fair_flat
404969,ct_eversource_icos_fair_flat
212627,ct_eversource_icos_fair_flat
213583,ct_eversource_icos_fair_flat
227854,ct_eversource_icos_fair_flat
265280,ct_eversource_icos_fair_flat
378152,ct_eversource_icos_fair_flat
469054,ct_eversource_icos_fair_flat
364547,ct_eversource_icos_fair_flat
297740,ct_eversource_icos_fair_flat
398195,ct_eversource_icos_fair_flat
342553,ct_eversource_icos_fair_flat
384627,ct_eversource_icos_fair_flat
391612,ct_eversource_icos_fair_flat
446647,ct_eversource_icos_fair_flat
433008,ct_eversource_icos_fair_flat
459169,ct_eversource_icos_fair_flat
240166,ct_eversource_icos_fair_flat
190719,ct_eversource_icos_fair_flat
1618,ct_eversource_icos_fair_flat
79489,ct_eversource_icos_fair_flat
449707,ct_eversource_icos_fair_flat
144417,ct_eversource_icos_fair_flat
481229,ct_eversource_icos_fair_flat
494455,ct_eversource_icos_fair_flat
500022,ct_eversource_icos_fair_flat
509329,ct_eversource_icos_fair_flat
515929,ct_eversource_icos_fair_flat
520926,ct_eversource_icos_fair_flat
521090,ct_eversource_icos_fair_flat
521675,ct_eversource_icos_fair_flat
528178,ct_eversource_icos_fair_flat
548742,ct_eversource_icos_fair_flat
96117,ct_eversource_icos_fair_flat
65617,ct_eversource_icos_fair_flat
391602,ct_eversource_icos_fair_flat
432525,ct_eversource_icos_fair_flat
356159,ct_eversource_icos_fair_flat
38824,ct_eversource_icos_fair_flat
43359,ct_eversource_icos_fair_flat
65340,ct_eversource_icos_fair_flat
247002,ct_eversource_icos_fair_flat
215511,ct_eversource_icos_fair_flat
300792,ct_eversource_icos_fair_flat
87526,ct_eversource_icos_fair_flat
118684,ct_eversource_icos_fair_flat
128230,ct_eversource_icos_fair_flat
469812,ct_eversource_icos_fair_flat
326045,ct_eversource_icos_fair_flat
166055,ct_eversource_icos_fair_flat
391030,ct_eversource_icos_fair_flat
427192,ct_eversource_icos_fair_flat
150302,ct_eversource_icos_fair_flat
188714,ct_eversource_icos_fair_flat
193621,ct_eversource_icos_fair_flat
198211,ct_eversource_icos_fair_flat
200121,ct_eversource_icos_fair_flat
392310,ct_eversource_icos_fair_flat
435778,ct_eversource_icos_fair_flat
299542,ct_eversource_icos_fair_flat
210322,ct_eversource_icos_fair_flat
256413,ct_eversource_icos_fair_flat
442655,ct_eversource_icos_fair_flat
204042,ct_eversource_icos_fair_flat
236241,ct_eversource_icos_fair_flat
242745,ct_eversource_icos_fair_flat
344862,ct_eversource_icos_fair_flat
323900,ct_eversource_icos_fair_flat
370970,ct_eversource_icos_fair_flat
289684,ct_eversource_icos_fair_flat
314179,ct_eversource_icos_fair_flat
331622,ct_eversource_icos_fair_flat
368741,ct_eversource_icos_fair_flat
374909,ct_eversource_icos_fair_flat
420246,ct_eversource_icos_fair_flat
473583,ct_eversource_icos_fair_flat
467445,ct_eversource_icos_fair_flat
463508,ct_eversource_icos_fair_flat
400567,ct_eversource_icos_fair_flat
181849,ct_eversource_icos_fair_flat
210821,ct_eversource_icos_fair_flat
477037,ct_eversource_icos_fair_flat
429335,ct_eversource_icos_fair_flat
485987,ct_eversource_icos_fair_flat
490023,ct_eversource_icos_fair_flat
491812,ct_eversource_icos_fair_flat
496679,ct_eversource_icos_fair_flat
508700,ct_eversource_icos_fair_flat
509179,ct_eversource_icos_fair_flat
510889,ct_eversource_icos_fair_flat
522181,ct_eversource_icos_fair_flat
146340,ct_eversource_icos_fair_flat
34968,ct_eversource_icos_fair_flat
35534,ct_eversource_icos_fair_flat
86661,ct_eversource_icos_fair_flat
276084,ct_eversource_icos_fair_flat
296281,ct_eversource_icos_fair_flat
395100,ct_eversource_icos_fair_flat
3541,ct_eversource_icos_fair_flat
17977,ct_eversource_icos_fair_flat
33151,ct_eversource_icos_fair_flat
47391,ct_eversource_icos_fair_flat
56055,ct_eversource_icos_fair_flat
57127,ct_eversource_icos_fair_flat
65356,ct_eversource_icos_fair_flat
178636,ct_eversource_icos_fair_flat
191502,ct_eversource_icos_fair_flat
291466,ct_eversource_icos_fair_flat
77386,ct_eversource_icos_fair_flat
89322,ct_eversource_icos_fair_flat
97626,ct_eversource_icos_fair_flat
106008,ct_eversource_icos_fair_flat
111495,ct_eversource_icos_fair_flat
114466,ct_eversource_icos_fair_flat
122130,ct_eversource_icos_fair_flat
164847,ct_eversource_icos_fair_flat
199144,ct_eversource_icos_fair_flat
264377,ct_eversource_icos_fair_flat
212514,ct_eversource_icos_fair_flat
402480,ct_eversource_icos_fair_flat
214704,ct_eversource_icos_fair_flat
236211,ct_eversource_icos_fair_flat
242992,ct_eversource_icos_fair_flat
246494,ct_eversource_icos_fair_flat
256628,ct_eversource_icos_fair_flat
258719,ct_eversource_icos_fair_flat
265729,ct_eversource_icos_fair_flat
426200,ct_eversource_icos_fair_flat
344692,ct_eversource_icos_fair_flat
294803,ct_eversource_icos_fair_flat
300239,ct_eversource_icos_fair_flat
338920,ct_eversource_icos_fair_flat
411184,ct_eversource_icos_fair_flat
468578,ct_eversource_icos_fair_flat
436830,ct_eversource_icos_fair_flat
422754,ct_eversource_icos_fair_flat
460731,ct_eversource_icos_fair_flat
344757,ct_eversource_icos_fair_flat
423963,ct_eversource_icos_fair_flat
479042,ct_eversource_icos_fair_flat
423277,ct_eversource_icos_fair_flat
223628,ct_eversource_icos_fair_flat
82784,ct_eversource_icos_fair_flat
485567,ct_eversource_icos_fair_flat
509191,ct_eversource_icos_fair_flat
518242,ct_eversource_icos_fair_flat
538651,ct_eversource_icos_fair_flat
97983,ct_eversource_icos_fair_flat
374858,ct_eversource_icos_fair_flat
57591,ct_eversource_icos_fair_flat
72386,ct_eversource_icos_fair_flat
15308,ct_eversource_icos_fair_flat
24359,ct_eversource_icos_fair_flat
33656,ct_eversource_icos_fair_flat
38464,ct_eversource_icos_fair_flat
53416,ct_eversource_icos_fair_flat
214531,ct_eversource_icos_fair_flat
455015,ct_eversource_icos_fair_flat
141134,ct_eversource_icos_fair_flat
172539,ct_eversource_icos_fair_flat
229392,ct_eversource_icos_fair_flat
74609,ct_eversource_icos_fair_flat
86256,ct_eversource_icos_fair_flat
98518,ct_eversource_icos_fair_flat
117728,ct_eversource_icos_fair_flat
119363,ct_eversource_icos_fair_flat
417089,ct_eversource_icos_fair_flat
399111,ct_eversource_icos_fair_flat
266085,ct_eversource_icos_fair_flat
314854,ct_eversource_icos_fair_flat
217939,ct_eversource_icos_fair_flat
451442,ct_eversource_icos_fair_flat
181938,ct_eversource_icos_fair_flat
186718,ct_eversource_icos_fair_flat
187198,ct_eversource_icos_fair_flat
311511,ct_eversource_icos_fair_flat
214841,ct_eversource_icos_fair_flat
220866,ct_eversource_icos_fair_flat
260715,ct_eversource_icos_fair_flat
290399,ct_eversource_icos_fair_flat
321428,ct_eversource_icos_fair_flat
229380,ct_eversource_icos_fair_flat
231877,ct_eversource_icos_fair_flat
320188,ct_eversource_icos_fair_flat
369627,ct_eversource_icos_fair_flat
388184,ct_eversource_icos_fair_flat
323431,ct_eversource_icos_fair_flat
359327,ct_eversource_icos_fair_flat
375050,ct_eversource_icos_fair_flat
374158,ct_eversource_icos_fair_flat
436129,ct_eversource_icos_fair_flat
451839,ct_eversource_icos_fair_flat
437068,ct_eversource_icos_fair_flat
448708,ct_eversource_icos_fair_flat
69195,ct_eversource_icos_fair_flat
299903,ct_eversource_icos_fair_flat
399175,ct_eversource_icos_fair_flat
346923,ct_eversource_icos_fair_flat
202969,ct_eversource_icos_fair_flat
493423,ct_eversource_icos_fair_flat
510448,ct_eversource_icos_fair_flat
510706,ct_eversource_icos_fair_flat
529661,ct_eversource_icos_fair_flat
530449,ct_eversource_icos_fair_flat
549806,ct_eversource_icos_fair_flat
549835,ct_eversource_icos_fair_flat
440996,ct_eversource_icos_fair_flat
349192,ct_eversource_icos_fair_flat
435263,ct_eversource_icos_fair_flat
1753,ct_eversource_icos_fair_flat
5675,ct_eversource_icos_fair_flat
7382,ct_eversource_icos_fair_flat
15092,ct_eversource_icos_fair_flat
22842,ct_eversource_icos_fair_flat
27095,ct_eversource_icos_fair_flat
36577,ct_eversource_icos_fair_flat
46946,ct_eversource_icos_fair_flat
52549,ct_eversource_icos_fair_flat
97910,ct_eversource_icos_fair_flat
123138,ct_eversource_icos_fair_flat
135137,ct_eversource_icos_fair_flat
451699,ct_eversource_icos_fair_flat
277625,ct_eversource_icos_fair_flat
87012,ct_eversource_icos_fair_flat
107878,ct_eversource_icos_fair_flat
114385,ct_eversource_icos_fair_flat
125327,ct_eversource_icos_fair_flat
201522,ct_eversource_icos_fair_flat
435727,ct_eversource_icos_fair_flat
393590,ct_eversource_icos_fair_flat
157515,ct_eversource_icos_fair_flat
164330,ct_eversource_icos_fair_flat
178008,ct_eversource_icos_fair_flat
186949,ct_eversource_icos_fair_flat
236236,ct_eversource_icos_fair_flat
383106,ct_eversource_icos_fair_flat
211466,ct_eversource_icos_fair_flat
248229,ct_eversource_icos_fair_flat
206613,ct_eversource_icos_fair_flat
211296,ct_eversource_icos_fair_flat
418864,ct_eversource_icos_fair_flat
341314,ct_eversource_icos_fair_flat
277830,ct_eversource_icos_fair_flat
423425,ct_eversource_icos_fair_flat
347101,ct_eversource_icos_fair_flat
462968,ct_eversource_icos_fair_flat
346546,ct_eversource_icos_fair_flat
473004,ct_eversource_icos_fair_flat
458835,ct_eversource_icos_fair_flat
417109,ct_eversource_icos_fair_flat
451888,ct_eversource_icos_fair_flat
169513,ct_eversource_icos_fair_flat
399645,ct_eversource_icos_fair_flat
332638,ct_eversource_icos_fair_flat
190191,ct_eversource_icos_fair_flat
483469,ct_eversource_icos_fair_flat
485821,ct_eversource_icos_fair_flat
488486,ct_eversource_icos_fair_flat
493625,ct_eversource_icos_fair_flat
495633,ct_eversource_icos_fair_flat
501831,ct_eversource_icos_fair_flat
522681,ct_eversource_icos_fair_flat
527183,ct_eversource_icos_fair_flat
530718,ct_eversource_icos_fair_flat
539784,ct_eversource_icos_fair_flat
541267,ct_eversource_icos_fair_flat
335915,ct_eversource_icos_fair_flat
351701,ct_eversource_icos_fair_flat
78972,ct_eversource_icos_fair_flat
301513,ct_eversource_icos_fair_flat
379843,ct_eversource_icos_fair_flat
17442,ct_eversource_icos_fair_flat
23785,ct_eversource_icos_fair_flat
29127,ct_eversource_icos_fair_flat
37236,ct_eversource_icos_fair_flat
52323,ct_eversource_icos_fair_flat
57583,ct_eversource_icos_fair_flat
67815,ct_eversource_icos_fair_flat
138634,ct_eversource_icos_fair_flat
255969,ct_eversource_icos_fair_flat
340686,ct_eversource_icos_fair_flat
426326,ct_eversource_icos_fair_flat
103275,ct_eversource_icos_fair_flat
108193,ct_eversource_icos_fair_flat
129812,ct_eversource_icos_fair_flat
136565,ct_eversource_icos_fair_flat
398557,ct_eversource_icos_fair_flat
155082,ct_eversource_icos_fair_flat
281821,ct_eversource_icos_fair_flat
256232,ct_eversource_icos_fair_flat
263519,ct_eversource_icos_fair_flat
431614,ct_eversource_icos_fair_flat
363685,ct_eversource_icos_fair_flat
368774,ct_eversource_icos_fair_flat
372529,ct_eversource_icos_fair_flat
353972,ct_eversource_icos_fair_flat
450463,ct_eversource_icos_fair_flat
395583,ct_eversource_icos_fair_flat
141414,ct_eversource_icos_fair_flat
138525,ct_eversource_icos_fair_flat
338689,ct_eversource_icos_fair_flat
481042,ct_eversource_icos_fair_flat
485209,ct_eversource_icos_fair_flat
486935,ct_eversource_icos_fair_flat
493305,ct_eversource_icos_fair_flat
500206,ct_eversource_icos_fair_flat
501485,ct_eversource_icos_fair_flat
502931,ct_eversource_icos_fair_flat
504826,ct_eversource_icos_fair_flat
531550,ct_eversource_icos_fair_flat
536674,ct_eversource_icos_fair_flat
168337,ct_eversource_icos_fair_flat
155155,ct_eversource_icos_fair_flat
462858,ct_eversource_icos_fair_flat
20008,ct_eversource_icos_fair_flat
27576,ct_eversource_icos_fair_flat
46808,ct_eversource_icos_fair_flat
54219,ct_eversource_icos_fair_flat
63562,ct_eversource_icos_fair_flat
108307,ct_eversource_icos_fair_flat
214795,ct_eversource_icos_fair_flat
459216,ct_eversource_icos_fair_flat
90920,ct_eversource_icos_fair_flat
155318,ct_eversource_icos_fair_flat
186954,ct_eversource_icos_fair_flat
331581,ct_eversource_icos_fair_flat
84846,ct_eversource_icos_fair_flat
92537,ct_eversource_icos_fair_flat
260482,ct_eversource_icos_fair_flat
342344,ct_eversource_icos_fair_flat
286987,ct_eversource_icos_fair_flat
291615,ct_eversource_icos_fair_flat
440914,ct_eversource_icos_fair_flat
148380,ct_eversource_icos_fair_flat
167564,ct_eversource_icos_fair_flat
200967,ct_eversource_icos_fair_flat
203226,ct_eversource_icos_fair_flat
212160,ct_eversource_icos_fair_flat
315941,ct_eversource_icos_fair_flat
207843,ct_eversource_icos_fair_flat
253841,ct_eversource_icos_fair_flat
308289,ct_eversource_icos_fair_flat
326629,ct_eversource_icos_fair_flat
465633,ct_eversource_icos_fair_flat
312400,ct_eversource_icos_fair_flat
368288,ct_eversource_icos_fair_flat
421364,ct_eversource_icos_fair_flat
471317,ct_eversource_icos_fair_flat
