bldg_id,tariff_key
63060,ct_eversource_icos_fair_seasonal
445641,ct_eversource_icos_fair_seasonal
170021,ct_eversource_icos_fair_seasonal
304501,ct_eversource_icos_fair_seasonal
479725,ct_eversource_icos_fair_seasonal
489361,ct_eversource_icos_fair_seasonal
499935,ct_eversource_icos_fair_seasonal
505849,ct_eversource_icos_fair_seasonal
525975,ct_eversource_icos_fair_seasonal
455178,ct_eversource_icos_fair_seasonal
99099,ct_eversource_icos_fair_seasonal
183846,ct_eversource_icos_fair_seasonal
3005,ct_eversource_icos_fair_seasonal
3165,ct_eversource_icos_fair_seasonal
4174,ct_eversource_icos_fair_seasonal
5425,ct_eversource_icos_fair_seasonal
16426,ct_eversource_icos_fair_seasonal
17557,ct_eversource_icos_fair_seasonal
51759,ct_eversource_icos_fair_seasonal
475601,ct_eversource_icos_fair_seasonal
86074,ct_eversource_icos_fair_seasonal
104911,ct_eversource_icos_fair_seasonal
126323,ct_eversource_icos_fair_seasonal
130778,ct_eversource_icos_fair_seasonal
134564,ct_eversource_icos_fair_seasonal
135025,ct_eversource_icos_fair_seasonal
171961,ct_eversource_icos_fair_seasonal
250520,ct_eversource_icos_fair_seasonal
254802,ct_eversource_icos_fair_seasonal
422089,ct_eversource_icos_fair_seasonal
348539,ct_eversource_icos_fair_seasonal
370530,ct_eversource_icos_fair_seasonal
229174,ct_eversource_icos_fair_seasonal
237542,ct_eversource_icos_fair_seasonal
368521,ct_eversource_icos_fair_seasonal
461509,ct_eversource_icos_fair_seasonal
449534,ct_eversource_icos_fair_seasonal
271248,ct_eversource_icos_fair_seasonal
284757,ct_eversource_icos_fair_seasonal
327407,ct_eversource_icos_fair_seasonal
451996,ct_eversource_icos_fair_seasonal
460454,ct_eversource_icos_fair_seasonal
359335,ct_eversource_icos_fair_seasonal
424572,ct_eversource_icos_fair_seasonal
355524,ct_eversource_icos_fair_seasonal
392065,ct_eversource_icos_fair_seasonal
73380,ct_eversource_icos_fair_seasonal
320074,ct_eversource_icos_fair_seasonal
475176,ct_eversource_icos_fair_seasonal
496876,ct_eversource_icos_fair_seasonal
217492,ct_eversource_icos_fair_seasonal
71224,ct_eversource_icos_fair_seasonal
296181,ct_eversource_icos_fair_seasonal
189917,ct_eversource_icos_fair_seasonal
480217,ct_eversource_icos_fair_seasonal
485212,ct_eversource_icos_fair_seasonal
509852,ct_eversource_icos_fair_seasonal
510319,ct_eversource_icos_fair_seasonal
533296,ct_eversource_icos_fair_seasonal
535238,ct_eversource_icos_fair_seasonal
542706,ct_eversource_icos_fair_seasonal
545188,ct_eversource_icos_fair_seasonal
431673,ct_eversource_icos_fair_seasonal
476063,ct_eversource_icos_fair_seasonal
40760,ct_eversource_icos_fair_seasonal
59970,ct_eversource_icos_fair_seasonal
69909,ct_eversource_icos_fair_seasonal
180941,ct_eversource_icos_fair_seasonal
244982,ct_eversource_icos_fair_seasonal
3426,ct_eversource_icos_fair_seasonal
46384,ct_eversource_icos_fair_seasonal
52396,ct_eversource_icos_fair_seasonal
60966,ct_eversource_icos_fair_seasonal
67305,ct_eversource_icos_fair_seasonal
223749,ct_eversource_icos_fair_seasonal
107961,ct_eversource_icos_fair_seasonal
349049,ct_eversource_icos_fair_seasonal
81661,ct_eversource_icos_fair_seasonal
311754,ct_eversource_icos_fair_seasonal
77811,ct_eversource_icos_fair_seasonal
107111,ct_eversource_icos_fair_seasonal
442274,ct_eversource_icos_fair_seasonal
379629,ct_eversource_icos_fair_seasonal
438970,ct_eversource_icos_fair_seasonal
318870,ct_eversource_icos_fair_seasonal
464494,ct_eversource_icos_fair_seasonal
427101,ct_eversource_icos_fair_seasonal
146197,ct_eversource_icos_fair_seasonal
151079,ct_eversource_icos_fair_seasonal
164767,ct_eversource_icos_fair_seasonal
201685,ct_eversource_icos_fair_seasonal
297195,ct_eversource_icos_fair_seasonal
368492,ct_eversource_icos_fair_seasonal
236459,ct_eversource_icos_fair_seasonal
208165,ct_eversource_icos_fair_seasonal
211988,ct_eversource_icos_fair_seasonal
229772,ct_eversource_icos_fair_seasonal
229879,ct_eversource_icos_fair_seasonal
247090,ct_eversource_icos_fair_seasonal
463534,ct_eversource_icos_fair_seasonal
329491,ct_eversource_icos_fair_seasonal
308857,ct_eversource_icos_fair_seasonal
329282,ct_eversource_icos_fair_seasonal
330961,ct_eversource_icos_fair_seasonal
339299,ct_eversource_icos_fair_seasonal
456455,ct_eversource_icos_fair_seasonal
390377,ct_eversource_icos_fair_seasonal
342412,ct_eversource_icos_fair_seasonal
398093,ct_eversource_icos_fair_seasonal
548997,ct_eversource_icos_fair_seasonal
549414,ct_eversource_icos_fair_seasonal
408796,ct_eversource_icos_fair_seasonal
144435,ct_eversource_icos_fair_seasonal
395520,ct_eversource_icos_fair_seasonal
237722,ct_eversource_icos_fair_seasonal
481090,ct_eversource_icos_fair_seasonal
484780,ct_eversource_icos_fair_seasonal
487949,ct_eversource_icos_fair_seasonal
492413,ct_eversource_icos_fair_seasonal
510774,ct_eversource_icos_fair_seasonal
513561,ct_eversource_icos_fair_seasonal
514198,ct_eversource_icos_fair_seasonal
532634,ct_eversource_icos_fair_seasonal
115204,ct_eversource_icos_fair_seasonal
58287,ct_eversource_icos_fair_seasonal
279732,ct_eversource_icos_fair_seasonal
86493,ct_eversource_icos_fair_seasonal
338527,ct_eversource_icos_fair_seasonal
29012,ct_eversource_icos_fair_seasonal
34254,ct_eversource_icos_fair_seasonal
67474,ct_eversource_icos_fair_seasonal
325273,ct_eversource_icos_fair_seasonal
258860,ct_eversource_icos_fair_seasonal
81315,ct_eversource_icos_fair_seasonal
96779,ct_eversource_icos_fair_seasonal
100540,ct_eversource_icos_fair_seasonal
269197,ct_eversource_icos_fair_seasonal
386656,ct_eversource_icos_fair_seasonal
268941,ct_eversource_icos_fair_seasonal
405264,ct_eversource_icos_fair_seasonal
145669,ct_eversource_icos_fair_seasonal
156273,ct_eversource_icos_fair_seasonal
159383,ct_eversource_icos_fair_seasonal
164420,ct_eversource_icos_fair_seasonal
176430,ct_eversource_icos_fair_seasonal
191444,ct_eversource_icos_fair_seasonal
468970,ct_eversource_icos_fair_seasonal
414552,ct_eversource_icos_fair_seasonal
220404,ct_eversource_icos_fair_seasonal
224486,ct_eversource_icos_fair_seasonal
266745,ct_eversource_icos_fair_seasonal
360945,ct_eversource_icos_fair_seasonal
326543,ct_eversource_icos_fair_seasonal
328461,ct_eversource_icos_fair_seasonal
341809,ct_eversource_icos_fair_seasonal
343082,ct_eversource_icos_fair_seasonal
343593,ct_eversource_icos_fair_seasonal
400197,ct_eversource_icos_fair_seasonal
245321,ct_eversource_icos_fair_seasonal
261614,ct_eversource_icos_fair_seasonal
33479,ct_eversource_icos_fair_seasonal
444690,ct_eversource_icos_fair_seasonal
513160,ct_eversource_icos_fair_seasonal
514130,ct_eversource_icos_fair_seasonal
515205,ct_eversource_icos_fair_seasonal
515550,ct_eversource_icos_fair_seasonal
516626,ct_eversource_icos_fair_seasonal
518231,ct_eversource_icos_fair_seasonal
524661,ct_eversource_icos_fair_seasonal
526835,ct_eversource_icos_fair_seasonal
528131,ct_eversource_icos_fair_seasonal
542718,ct_eversource_icos_fair_seasonal
274040,ct_eversource_icos_fair_seasonal
125695,ct_eversource_icos_fair_seasonal
223868,ct_eversource_icos_fair_seasonal
164495,ct_eversource_icos_fair_seasonal
415266,ct_eversource_icos_fair_seasonal
4999,ct_eversource_icos_fair_seasonal
6844,ct_eversource_icos_fair_seasonal
8528,ct_eversource_icos_fair_seasonal
23447,ct_eversource_icos_fair_seasonal
38046,ct_eversource_icos_fair_seasonal
39252,ct_eversource_icos_fair_seasonal
55846,ct_eversource_icos_fair_seasonal
57468,ct_eversource_icos_fair_seasonal
66426,ct_eversource_icos_fair_seasonal
179475,ct_eversource_icos_fair_seasonal
93861,ct_eversource_icos_fair_seasonal
116001,ct_eversource_icos_fair_seasonal
123731,ct_eversource_icos_fair_seasonal
93000,ct_eversource_icos_fair_seasonal
99280,ct_eversource_icos_fair_seasonal
100927,ct_eversource_icos_fair_seasonal
113716,ct_eversource_icos_fair_seasonal
115078,ct_eversource_icos_fair_seasonal
115964,ct_eversource_icos_fair_seasonal
121194,ct_eversource_icos_fair_seasonal
454794,ct_eversource_icos_fair_seasonal
329241,ct_eversource_icos_fair_seasonal
233573,ct_eversource_icos_fair_seasonal
255265,ct_eversource_icos_fair_seasonal
338286,ct_eversource_icos_fair_seasonal
281229,ct_eversource_icos_fair_seasonal
144124,ct_eversource_icos_fair_seasonal
178669,ct_eversource_icos_fair_seasonal
240029,ct_eversource_icos_fair_seasonal
387454,ct_eversource_icos_fair_seasonal
221767,ct_eversource_icos_fair_seasonal
211994,ct_eversource_icos_fair_seasonal
250458,ct_eversource_icos_fair_seasonal
313086,ct_eversource_icos_fair_seasonal
276978,ct_eversource_icos_fair_seasonal
438146,ct_eversource_icos_fair_seasonal
387277,ct_eversource_icos_fair_seasonal
439024,ct_eversource_icos_fair_seasonal
284147,ct_eversource_icos_fair_seasonal
311027,ct_eversource_icos_fair_seasonal
350971,ct_eversource_icos_fair_seasonal
53741,ct_eversource_icos_fair_seasonal
236225,ct_eversource_icos_fair_seasonal
277655,ct_eversource_icos_fair_seasonal
508486,ct_eversource_icos_fair_seasonal
515124,ct_eversource_icos_fair_seasonal
523181,ct_eversource_icos_fair_seasonal
96534,ct_eversource_icos_fair_seasonal
11074,ct_eversource_icos_fair_seasonal
109710,ct_eversource_icos_fair_seasonal
16421,ct_eversource_icos_fair_seasonal
32232,ct_eversource_icos_fair_seasonal
170761,ct_eversource_icos_fair_seasonal
185328,ct_eversource_icos_fair_seasonal
198339,ct_eversource_icos_fair_seasonal
223922,ct_eversource_icos_fair_seasonal
4025,ct_eversource_icos_fair_seasonal
6936,ct_eversource_icos_fair_seasonal
25920,ct_eversource_icos_fair_seasonal
64995,ct_eversource_icos_fair_seasonal
85002,ct_eversource_icos_fair_seasonal
192461,ct_eversource_icos_fair_seasonal
380642,ct_eversource_icos_fair_seasonal
238549,ct_eversource_icos_fair_seasonal
349743,ct_eversource_icos_fair_seasonal
89409,ct_eversource_icos_fair_seasonal
90325,ct_eversource_icos_fair_seasonal
101537,ct_eversource_icos_fair_seasonal
106211,ct_eversource_icos_fair_seasonal
116644,ct_eversource_icos_fair_seasonal
228582,ct_eversource_icos_fair_seasonal
439139,ct_eversource_icos_fair_seasonal
212525,ct_eversource_icos_fair_seasonal
299527,ct_eversource_icos_fair_seasonal
164924,ct_eversource_icos_fair_seasonal
176963,ct_eversource_icos_fair_seasonal
181308,ct_eversource_icos_fair_seasonal
192143,ct_eversource_icos_fair_seasonal
475357,ct_eversource_icos_fair_seasonal
346190,ct_eversource_icos_fair_seasonal
241531,ct_eversource_icos_fair_seasonal
215670,ct_eversource_icos_fair_seasonal
221745,ct_eversource_icos_fair_seasonal
268767,ct_eversource_icos_fair_seasonal
343663,ct_eversource_icos_fair_seasonal
268203,ct_eversource_icos_fair_seasonal
312228,ct_eversource_icos_fair_seasonal
367025,ct_eversource_icos_fair_seasonal
354690,ct_eversource_icos_fair_seasonal
459686,ct_eversource_icos_fair_seasonal
277721,ct_eversource_icos_fair_seasonal
278304,ct_eversource_icos_fair_seasonal
300832,ct_eversource_icos_fair_seasonal
303495,ct_eversource_icos_fair_seasonal
314824,ct_eversource_icos_fair_seasonal
317444,ct_eversource_icos_fair_seasonal
325265,ct_eversource_icos_fair_seasonal
333817,ct_eversource_icos_fair_seasonal
345860,ct_eversource_icos_fair_seasonal
386443,ct_eversource_icos_fair_seasonal
459404,ct_eversource_icos_fair_seasonal
358270,ct_eversource_icos_fair_seasonal
395081,ct_eversource_icos_fair_seasonal
404670,ct_eversource_icos_fair_seasonal
398310,ct_eversource_icos_fair_seasonal
503666,ct_eversource_icos_fair_seasonal
217786,ct_eversource_icos_fair_seasonal
496871,ct_eversource_icos_fair_seasonal
116226,ct_eversource_icos_fair_seasonal
487272,ct_eversource_icos_fair_seasonal
497371,ct_eversource_icos_fair_seasonal
504616,ct_eversource_icos_fair_seasonal
519773,ct_eversource_icos_fair_seasonal
526557,ct_eversource_icos_fair_seasonal
536169,ct_eversource_icos_fair_seasonal
536310,ct_eversource_icos_fair_seasonal
541668,ct_eversource_icos_fair_seasonal
44562,ct_eversource_icos_fair_seasonal
25836,ct_eversource_icos_fair_seasonal
228932,ct_eversource_icos_fair_seasonal
113506,ct_eversource_icos_fair_seasonal
361929,ct_eversource_icos_fair_seasonal
392625,ct_eversource_icos_fair_seasonal
463664,ct_eversource_icos_fair_seasonal
1233,ct_eversource_icos_fair_seasonal
2701,ct_eversource_icos_fair_seasonal
11565,ct_eversource_icos_fair_seasonal
12274,ct_eversource_icos_fair_seasonal
29654,ct_eversource_icos_fair_seasonal
44772,ct_eversource_icos_fair_seasonal
64208,ct_eversource_icos_fair_seasonal
66839,ct_eversource_icos_fair_seasonal
239590,ct_eversource_icos_fair_seasonal
87667,ct_eversource_icos_fair_seasonal
76304,ct_eversource_icos_fair_seasonal
149698,ct_eversource_icos_fair_seasonal
246414,ct_eversource_icos_fair_seasonal
298741,ct_eversource_icos_fair_seasonal
79518,ct_eversource_icos_fair_seasonal
94169,ct_eversource_icos_fair_seasonal
99142,ct_eversource_icos_fair_seasonal
106399,ct_eversource_icos_fair_seasonal
108154,ct_eversource_icos_fair_seasonal
388190,ct_eversource_icos_fair_seasonal
417714,ct_eversource_icos_fair_seasonal
236061,ct_eversource_icos_fair_seasonal
328669,ct_eversource_icos_fair_seasonal
294835,ct_eversource_icos_fair_seasonal
157501,ct_eversource_icos_fair_seasonal
225648,ct_eversource_icos_fair_seasonal
237239,ct_eversource_icos_fair_seasonal
321603,ct_eversource_icos_fair_seasonal
164086,ct_eversource_icos_fair_seasonal
178861,ct_eversource_icos_fair_seasonal
204637,ct_eversource_icos_fair_seasonal
225271,ct_eversource_icos_fair_seasonal
252861,ct_eversource_icos_fair_seasonal
253837,ct_eversource_icos_fair_seasonal
267639,ct_eversource_icos_fair_seasonal
429946,ct_eversource_icos_fair_seasonal
387964,ct_eversource_icos_fair_seasonal
464679,ct_eversource_icos_fair_seasonal
336099,ct_eversource_icos_fair_seasonal
410069,ct_eversource_icos_fair_seasonal
398785,ct_eversource_icos_fair_seasonal
363886,ct_eversource_icos_fair_seasonal
399483,ct_eversource_icos_fair_seasonal
472076,ct_eversource_icos_fair_seasonal
205800,ct_eversource_icos_fair_seasonal
314092,ct_eversource_icos_fair_seasonal
484509,ct_eversource_icos_fair_seasonal
513898,ct_eversource_icos_fair_seasonal
531291,ct_eversource_icos_fair_seasonal
546634,ct_eversource_icos_fair_seasonal
546748,ct_eversource_icos_fair_seasonal
191091,ct_eversource_icos_fair_seasonal
212754,ct_eversource_icos_fair_seasonal
91120,ct_eversource_icos_fair_seasonal
137427,ct_eversource_icos_fair_seasonal
478657,ct_eversource_icos_fair_seasonal
242063,ct_eversource_icos_fair_seasonal
186057,ct_eversource_icos_fair_seasonal
288310,ct_eversource_icos_fair_seasonal
324092,ct_eversource_icos_fair_seasonal
2252,ct_eversource_icos_fair_seasonal
7740,ct_eversource_icos_fair_seasonal
30334,ct_eversource_icos_fair_seasonal
31289,ct_eversource_icos_fair_seasonal
41871,ct_eversource_icos_fair_seasonal
53499,ct_eversource_icos_fair_seasonal
62348,ct_eversource_icos_fair_seasonal
212901,ct_eversource_icos_fair_seasonal
122033,ct_eversource_icos_fair_seasonal
213975,ct_eversource_icos_fair_seasonal
352162,ct_eversource_icos_fair_seasonal
354846,ct_eversource_icos_fair_seasonal
381989,ct_eversource_icos_fair_seasonal
78071,ct_eversource_icos_fair_seasonal
107885,ct_eversource_icos_fair_seasonal
109102,ct_eversource_icos_fair_seasonal
131195,ct_eversource_icos_fair_seasonal
174908,ct_eversource_icos_fair_seasonal
234372,ct_eversource_icos_fair_seasonal
144492,ct_eversource_icos_fair_seasonal
162076,ct_eversource_icos_fair_seasonal
210478,ct_eversource_icos_fair_seasonal
472477,ct_eversource_icos_fair_seasonal
147973,ct_eversource_icos_fair_seasonal
168183,ct_eversource_icos_fair_seasonal
199525,ct_eversource_icos_fair_seasonal
260758,ct_eversource_icos_fair_seasonal
414167,ct_eversource_icos_fair_seasonal
462432,ct_eversource_icos_fair_seasonal
210119,ct_eversource_icos_fair_seasonal
276489,ct_eversource_icos_fair_seasonal
205540,ct_eversource_icos_fair_seasonal
216890,ct_eversource_icos_fair_seasonal
224834,ct_eversource_icos_fair_seasonal
231205,ct_eversource_icos_fair_seasonal
294932,ct_eversource_icos_fair_seasonal
330117,ct_eversource_icos_fair_seasonal
355452,ct_eversource_icos_fair_seasonal
99558,ct_eversource_icos_fair_seasonal
413869,ct_eversource_icos_fair_seasonal
99258,ct_eversource_icos_fair_seasonal
105576,ct_eversource_icos_fair_seasonal
292263,ct_eversource_icos_fair_seasonal
32733,ct_eversource_icos_fair_seasonal
82869,ct_eversource_icos_fair_seasonal
210921,ct_eversource_icos_fair_seasonal
452977,ct_eversource_icos_fair_seasonal
496823,ct_eversource_icos_fair_seasonal
508808,ct_eversource_icos_fair_seasonal
509779,ct_eversource_icos_fair_seasonal
517271,ct_eversource_icos_fair_seasonal
517535,ct_eversource_icos_fair_seasonal
518295,ct_eversource_icos_fair_seasonal
518419,ct_eversource_icos_fair_seasonal
519343,ct_eversource_icos_fair_seasonal
521786,ct_eversource_icos_fair_seasonal
538936,ct_eversource_icos_fair_seasonal
540903,ct_eversource_icos_fair_seasonal
543247,ct_eversource_icos_fair_seasonal
543967,ct_eversource_icos_fair_seasonal
202887,ct_eversource_icos_fair_seasonal
253223,ct_eversource_icos_fair_seasonal
265984,ct_eversource_icos_fair_seasonal
330826,ct_eversource_icos_fair_seasonal
61739,ct_eversource_icos_fair_seasonal
473101,ct_eversource_icos_fair_seasonal
280182,ct_eversource_icos_fair_seasonal
368310,ct_eversource_icos_fair_seasonal
396528,ct_eversource_icos_fair_seasonal
74862,ct_eversource_icos_fair_seasonal
102606,ct_eversource_icos_fair_seasonal
106421,ct_eversource_icos_fair_seasonal
110571,ct_eversource_icos_fair_seasonal
115771,ct_eversource_icos_fair_seasonal
124352,ct_eversource_icos_fair_seasonal
132411,ct_eversource_icos_fair_seasonal
205835,ct_eversource_icos_fair_seasonal
412658,ct_eversource_icos_fair_seasonal
139506,ct_eversource_icos_fair_seasonal
152727,ct_eversource_icos_fair_seasonal
164718,ct_eversource_icos_fair_seasonal
185104,ct_eversource_icos_fair_seasonal
424163,ct_eversource_icos_fair_seasonal
288938,ct_eversource_icos_fair_seasonal
446844,ct_eversource_icos_fair_seasonal
305372,ct_eversource_icos_fair_seasonal
399849,ct_eversource_icos_fair_seasonal
214847,ct_eversource_icos_fair_seasonal
222277,ct_eversource_icos_fair_seasonal
257682,ct_eversource_icos_fair_seasonal
279061,ct_eversource_icos_fair_seasonal
309750,ct_eversource_icos_fair_seasonal
319808,ct_eversource_icos_fair_seasonal
326049,ct_eversource_icos_fair_seasonal
443583,ct_eversource_icos_fair_seasonal
348722,ct_eversource_icos_fair_seasonal
441017,ct_eversource_icos_fair_seasonal
425390,ct_eversource_icos_fair_seasonal
471009,ct_eversource_icos_fair_seasonal
478694,ct_eversource_icos_fair_seasonal
25925,ct_eversource_icos_fair_seasonal
372128,ct_eversource_icos_fair_seasonal
159435,ct_eversource_icos_fair_seasonal
354479,ct_eversource_icos_fair_seasonal
185278,ct_eversource_icos_fair_seasonal
479087,ct_eversource_icos_fair_seasonal
232831,ct_eversource_icos_fair_seasonal
152718,ct_eversource_icos_fair_seasonal
262369,ct_eversource_icos_fair_seasonal
482769,ct_eversource_icos_fair_seasonal
484832,ct_eversource_icos_fair_seasonal
493901,ct_eversource_icos_fair_seasonal
509585,ct_eversource_icos_fair_seasonal
527406,ct_eversource_icos_fair_seasonal
530141,ct_eversource_icos_fair_seasonal
532373,ct_eversource_icos_fair_seasonal
539733,ct_eversource_icos_fair_seasonal
542991,ct_eversource_icos_fair_seasonal
543241,ct_eversource_icos_fair_seasonal
185451,ct_eversource_icos_fair_seasonal
410555,ct_eversource_icos_fair_seasonal
289754,ct_eversource_icos_fair_seasonal
2376,ct_eversource_icos_fair_seasonal
32659,ct_eversource_icos_fair_seasonal
34047,ct_eversource_icos_fair_seasonal
41275,ct_eversource_icos_fair_seasonal
55018,ct_eversource_icos_fair_seasonal
55868,ct_eversource_icos_fair_seasonal
60301,ct_eversource_icos_fair_seasonal
445773,ct_eversource_icos_fair_seasonal
471656,ct_eversource_icos_fair_seasonal
381424,ct_eversource_icos_fair_seasonal
247009,ct_eversource_icos_fair_seasonal
257361,ct_eversource_icos_fair_seasonal
364142,ct_eversource_icos_fair_seasonal
74332,ct_eversource_icos_fair_seasonal
74452,ct_eversource_icos_fair_seasonal
436266,ct_eversource_icos_fair_seasonal
162209,ct_eversource_icos_fair_seasonal
256182,ct_eversource_icos_fair_seasonal
164598,ct_eversource_icos_fair_seasonal
191171,ct_eversource_icos_fair_seasonal
195151,ct_eversource_icos_fair_seasonal
363928,ct_eversource_icos_fair_seasonal
440502,ct_eversource_icos_fair_seasonal
258689,ct_eversource_icos_fair_seasonal
236412,ct_eversource_icos_fair_seasonal
309953,ct_eversource_icos_fair_seasonal
212951,ct_eversource_icos_fair_seasonal
224727,ct_eversource_icos_fair_seasonal
241768,ct_eversource_icos_fair_seasonal
333546,ct_eversource_icos_fair_seasonal
376960,ct_eversource_icos_fair_seasonal
367696,ct_eversource_icos_fair_seasonal
280660,ct_eversource_icos_fair_seasonal
479582,ct_eversource_icos_fair_seasonal
342963,ct_eversource_icos_fair_seasonal
468233,ct_eversource_icos_fair_seasonal
427261,ct_eversource_icos_fair_seasonal
466560,ct_eversource_icos_fair_seasonal
138786,ct_eversource_icos_fair_seasonal
431114,ct_eversource_icos_fair_seasonal
417128,ct_eversource_icos_fair_seasonal
452885,ct_eversource_icos_fair_seasonal
510242,ct_eversource_icos_fair_seasonal
481276,ct_eversource_icos_fair_seasonal
484131,ct_eversource_icos_fair_seasonal
486274,ct_eversource_icos_fair_seasonal
494593,ct_eversource_icos_fair_seasonal
504712,ct_eversource_icos_fair_seasonal
521719,ct_eversource_icos_fair_seasonal
146459,ct_eversource_icos_fair_seasonal
175717,ct_eversource_icos_fair_seasonal
105821,ct_eversource_icos_fair_seasonal
257643,ct_eversource_icos_fair_seasonal
478478,ct_eversource_icos_fair_seasonal
30403,ct_eversource_icos_fair_seasonal
54262,ct_eversource_icos_fair_seasonal
66773,ct_eversource_icos_fair_seasonal
277101,ct_eversource_icos_fair_seasonal
168367,ct_eversource_icos_fair_seasonal
420474,ct_eversource_icos_fair_seasonal
334257,ct_eversource_icos_fair_seasonal
100057,ct_eversource_icos_fair_seasonal
101749,ct_eversource_icos_fair_seasonal
113798,ct_eversource_icos_fair_seasonal
128387,ct_eversource_icos_fair_seasonal
130568,ct_eversource_icos_fair_seasonal
132787,ct_eversource_icos_fair_seasonal
137832,ct_eversource_icos_fair_seasonal
308557,ct_eversource_icos_fair_seasonal
356196,ct_eversource_icos_fair_seasonal
175855,ct_eversource_icos_fair_seasonal
365984,ct_eversource_icos_fair_seasonal
321709,ct_eversource_icos_fair_seasonal
247774,ct_eversource_icos_fair_seasonal
324718,ct_eversource_icos_fair_seasonal
204113,ct_eversource_icos_fair_seasonal
211866,ct_eversource_icos_fair_seasonal
225743,ct_eversource_icos_fair_seasonal
251027,ct_eversource_icos_fair_seasonal
267713,ct_eversource_icos_fair_seasonal
295438,ct_eversource_icos_fair_seasonal
470065,ct_eversource_icos_fair_seasonal
461448,ct_eversource_icos_fair_seasonal
307812,ct_eversource_icos_fair_seasonal
324787,ct_eversource_icos_fair_seasonal
329319,ct_eversource_icos_fair_seasonal
421032,ct_eversource_icos_fair_seasonal
404715,ct_eversource_icos_fair_seasonal
412909,ct_eversource_icos_fair_seasonal
434609,ct_eversource_icos_fair_seasonal
233255,ct_eversource_icos_fair_seasonal
419298,ct_eversource_icos_fair_seasonal
422143,ct_eversource_icos_fair_seasonal
69384,ct_eversource_icos_fair_seasonal
308867,ct_eversource_icos_fair_seasonal
486721,ct_eversource_icos_fair_seasonal
515316,ct_eversource_icos_fair_seasonal
517191,ct_eversource_icos_fair_seasonal
526273,ct_eversource_icos_fair_seasonal
528292,ct_eversource_icos_fair_seasonal
533872,ct_eversource_icos_fair_seasonal
537530,ct_eversource_icos_fair_seasonal
376462,ct_eversource_icos_fair_seasonal
283499,ct_eversource_icos_fair_seasonal
449676,ct_eversource_icos_fair_seasonal
4275,ct_eversource_icos_fair_seasonal
15574,ct_eversource_icos_fair_seasonal
34246,ct_eversource_icos_fair_seasonal
36388,ct_eversource_icos_fair_seasonal
37648,ct_eversource_icos_fair_seasonal
54281,ct_eversource_icos_fair_seasonal
183822,ct_eversource_icos_fair_seasonal
330748,ct_eversource_icos_fair_seasonal
378440,ct_eversource_icos_fair_seasonal
72485,ct_eversource_icos_fair_seasonal
83234,ct_eversource_icos_fair_seasonal
112550,ct_eversource_icos_fair_seasonal
127420,ct_eversource_icos_fair_seasonal
176751,ct_eversource_icos_fair_seasonal
168326,ct_eversource_icos_fair_seasonal
465211,ct_eversource_icos_fair_seasonal
172850,ct_eversource_icos_fair_seasonal
180529,ct_eversource_icos_fair_seasonal
182613,ct_eversource_icos_fair_seasonal
199026,ct_eversource_icos_fair_seasonal
471886,ct_eversource_icos_fair_seasonal
265493,ct_eversource_icos_fair_seasonal
308319,ct_eversource_icos_fair_seasonal
266533,ct_eversource_icos_fair_seasonal
404099,ct_eversource_icos_fair_seasonal
325787,ct_eversource_icos_fair_seasonal
450243,ct_eversource_icos_fair_seasonal
408535,ct_eversource_icos_fair_seasonal
290788,ct_eversource_icos_fair_seasonal
304860,ct_eversource_icos_fair_seasonal
308858,ct_eversource_icos_fair_seasonal
310144,ct_eversource_icos_fair_seasonal
320682,ct_eversource_icos_fair_seasonal
322691,ct_eversource_icos_fair_seasonal
333328,ct_eversource_icos_fair_seasonal
357592,ct_eversource_icos_fair_seasonal
364156,ct_eversource_icos_fair_seasonal
370733,ct_eversource_icos_fair_seasonal
239186,ct_eversource_icos_fair_seasonal
414935,ct_eversource_icos_fair_seasonal
476274,ct_eversource_icos_fair_seasonal
238190,ct_eversource_icos_fair_seasonal
75807,ct_eversource_icos_fair_seasonal
147706,ct_eversource_icos_fair_seasonal
484265,ct_eversource_icos_fair_seasonal
489872,ct_eversource_icos_fair_seasonal
519591,ct_eversource_icos_fair_seasonal
522371,ct_eversource_icos_fair_seasonal
529264,ct_eversource_icos_fair_seasonal
532172,ct_eversource_icos_fair_seasonal
541302,ct_eversource_icos_fair_seasonal
547969,ct_eversource_icos_fair_seasonal
208314,ct_eversource_icos_fair_seasonal
34569,ct_eversource_icos_fair_seasonal
155356,ct_eversource_icos_fair_seasonal
376742,ct_eversource_icos_fair_seasonal
50841,ct_eversource_icos_fair_seasonal
52074,ct_eversource_icos_fair_seasonal
387012,ct_eversource_icos_fair_seasonal
362858,ct_eversource_icos_fair_seasonal
166362,ct_eversource_icos_fair_seasonal
232441,ct_eversource_icos_fair_seasonal
77766,ct_eversource_icos_fair_seasonal
101183,ct_eversource_icos_fair_seasonal
126710,ct_eversource_icos_fair_seasonal
131445,ct_eversource_icos_fair_seasonal
415402,ct_eversource_icos_fair_seasonal
419573,ct_eversource_icos_fair_seasonal
209623,ct_eversource_icos_fair_seasonal
278016,ct_eversource_icos_fair_seasonal
426618,ct_eversource_icos_fair_seasonal
185384,ct_eversource_icos_fair_seasonal
158154,ct_eversource_icos_fair_seasonal
406166,ct_eversource_icos_fair_seasonal
459811,ct_eversource_icos_fair_seasonal
146587,ct_eversource_icos_fair_seasonal
146753,ct_eversource_icos_fair_seasonal
152924,ct_eversource_icos_fair_seasonal
185955,ct_eversource_icos_fair_seasonal
217901,ct_eversource_icos_fair_seasonal
238074,ct_eversource_icos_fair_seasonal
248237,ct_eversource_icos_fair_seasonal
248918,ct_eversource_icos_fair_seasonal
288356,ct_eversource_icos_fair_seasonal
329749,ct_eversource_icos_fair_seasonal
400163,ct_eversource_icos_fair_seasonal
406197,ct_eversource_icos_fair_seasonal
479793,ct_eversource_icos_fair_seasonal
499053,ct_eversource_icos_fair_seasonal
524288,ct_eversource_icos_fair_seasonal
526460,ct_eversource_icos_fair_seasonal
68769,ct_eversource_icos_fair_seasonal
184621,ct_eversource_icos_fair_seasonal
172274,ct_eversource_icos_fair_seasonal
147995,ct_eversource_icos_fair_seasonal
231918,ct_eversource_icos_fair_seasonal
321102,ct_eversource_icos_fair_seasonal
13594,ct_eversource_icos_fair_seasonal
20293,ct_eversource_icos_fair_seasonal
20461,ct_eversource_icos_fair_seasonal
50591,ct_eversource_icos_fair_seasonal
98993,ct_eversource_icos_fair_seasonal
127303,ct_eversource_icos_fair_seasonal
236915,ct_eversource_icos_fair_seasonal
219042,ct_eversource_icos_fair_seasonal
305165,ct_eversource_icos_fair_seasonal
69535,ct_eversource_icos_fair_seasonal
72716,ct_eversource_icos_fair_seasonal
82338,ct_eversource_icos_fair_seasonal
88120,ct_eversource_icos_fair_seasonal
100771,ct_eversource_icos_fair_seasonal
116225,ct_eversource_icos_fair_seasonal
137166,ct_eversource_icos_fair_seasonal
219054,ct_eversource_icos_fair_seasonal
273757,ct_eversource_icos_fair_seasonal
177901,ct_eversource_icos_fair_seasonal
192258,ct_eversource_icos_fair_seasonal
356752,ct_eversource_icos_fair_seasonal
378844,ct_eversource_icos_fair_seasonal
398610,ct_eversource_icos_fair_seasonal
223573,ct_eversource_icos_fair_seasonal
376553,ct_eversource_icos_fair_seasonal
319010,ct_eversource_icos_fair_seasonal
293029,ct_eversource_icos_fair_seasonal
296427,ct_eversource_icos_fair_seasonal
348572,ct_eversource_icos_fair_seasonal
380175,ct_eversource_icos_fair_seasonal
408682,ct_eversource_icos_fair_seasonal
438432,ct_eversource_icos_fair_seasonal
413621,ct_eversource_icos_fair_seasonal
438283,ct_eversource_icos_fair_seasonal
447107,ct_eversource_icos_fair_seasonal
38122,ct_eversource_icos_fair_seasonal
229325,ct_eversource_icos_fair_seasonal
462583,ct_eversource_icos_fair_seasonal
418874,ct_eversource_icos_fair_seasonal
421386,ct_eversource_icos_fair_seasonal
357001,ct_eversource_icos_fair_seasonal
134458,ct_eversource_icos_fair_seasonal
254875,ct_eversource_icos_fair_seasonal
454697,ct_eversource_icos_fair_seasonal
507540,ct_eversource_icos_fair_seasonal
522677,ct_eversource_icos_fair_seasonal
548796,ct_eversource_icos_fair_seasonal
29960,ct_eversource_icos_fair_seasonal
155773,ct_eversource_icos_fair_seasonal
172565,ct_eversource_icos_fair_seasonal
184172,ct_eversource_icos_fair_seasonal
279828,ct_eversource_icos_fair_seasonal
35658,ct_eversource_icos_fair_seasonal
45173,ct_eversource_icos_fair_seasonal
62666,ct_eversource_icos_fair_seasonal
476442,ct_eversource_icos_fair_seasonal
244250,ct_eversource_icos_fair_seasonal
70670,ct_eversource_icos_fair_seasonal
73038,ct_eversource_icos_fair_seasonal
113294,ct_eversource_icos_fair_seasonal
122360,ct_eversource_icos_fair_seasonal
372147,ct_eversource_icos_fair_seasonal
245307,ct_eversource_icos_fair_seasonal
451447,ct_eversource_icos_fair_seasonal
169101,ct_eversource_icos_fair_seasonal
323899,ct_eversource_icos_fair_seasonal
395341,ct_eversource_icos_fair_seasonal
216549,ct_eversource_icos_fair_seasonal
266950,ct_eversource_icos_fair_seasonal
268893,ct_eversource_icos_fair_seasonal
333274,ct_eversource_icos_fair_seasonal
336034,ct_eversource_icos_fair_seasonal
422960,ct_eversource_icos_fair_seasonal
371649,ct_eversource_icos_fair_seasonal
391422,ct_eversource_icos_fair_seasonal
421298,ct_eversource_icos_fair_seasonal
424819,ct_eversource_icos_fair_seasonal
202614,ct_eversource_icos_fair_seasonal
467582,ct_eversource_icos_fair_seasonal
301538,ct_eversource_icos_fair_seasonal
271241,ct_eversource_icos_fair_seasonal
290636,ct_eversource_icos_fair_seasonal
292197,ct_eversource_icos_fair_seasonal
484451,ct_eversource_icos_fair_seasonal
487725,ct_eversource_icos_fair_seasonal
489733,ct_eversource_icos_fair_seasonal
502652,ct_eversource_icos_fair_seasonal
503336,ct_eversource_icos_fair_seasonal
505266,ct_eversource_icos_fair_seasonal
505638,ct_eversource_icos_fair_seasonal
506411,ct_eversource_icos_fair_seasonal
536766,ct_eversource_icos_fair_seasonal
547006,ct_eversource_icos_fair_seasonal
66302,ct_eversource_icos_fair_seasonal
423839,ct_eversource_icos_fair_seasonal
138250,ct_eversource_icos_fair_seasonal
177032,ct_eversource_icos_fair_seasonal
149090,ct_eversource_icos_fair_seasonal
201591,ct_eversource_icos_fair_seasonal
2277,ct_eversource_icos_fair_seasonal
8668,ct_eversource_icos_fair_seasonal
27158,ct_eversource_icos_fair_seasonal
68228,ct_eversource_icos_fair_seasonal
158351,ct_eversource_icos_fair_seasonal
375754,ct_eversource_icos_fair_seasonal
77566,ct_eversource_icos_fair_seasonal
240534,ct_eversource_icos_fair_seasonal
313414,ct_eversource_icos_fair_seasonal
335511,ct_eversource_icos_fair_seasonal
392788,ct_eversource_icos_fair_seasonal
72973,ct_eversource_icos_fair_seasonal
80757,ct_eversource_icos_fair_seasonal
81765,ct_eversource_icos_fair_seasonal
87814,ct_eversource_icos_fair_seasonal
103549,ct_eversource_icos_fair_seasonal
109583,ct_eversource_icos_fair_seasonal
118062,ct_eversource_icos_fair_seasonal
118525,ct_eversource_icos_fair_seasonal
122986,ct_eversource_icos_fair_seasonal
124571,ct_eversource_icos_fair_seasonal
135239,ct_eversource_icos_fair_seasonal
148789,ct_eversource_icos_fair_seasonal
177756,ct_eversource_icos_fair_seasonal
188612,ct_eversource_icos_fair_seasonal
449294,ct_eversource_icos_fair_seasonal
140086,ct_eversource_icos_fair_seasonal
196662,ct_eversource_icos_fair_seasonal
395296,ct_eversource_icos_fair_seasonal
285671,ct_eversource_icos_fair_seasonal
401808,ct_eversource_icos_fair_seasonal
250429,ct_eversource_icos_fair_seasonal
267183,ct_eversource_icos_fair_seasonal
404078,ct_eversource_icos_fair_seasonal
412719,ct_eversource_icos_fair_seasonal
353401,ct_eversource_icos_fair_seasonal
311915,ct_eversource_icos_fair_seasonal
328947,ct_eversource_icos_fair_seasonal
345551,ct_eversource_icos_fair_seasonal
361533,ct_eversource_icos_fair_seasonal
372098,ct_eversource_icos_fair_seasonal
398637,ct_eversource_icos_fair_seasonal
400217,ct_eversource_icos_fair_seasonal
452463,ct_eversource_icos_fair_seasonal
467723,ct_eversource_icos_fair_seasonal
173953,ct_eversource_icos_fair_seasonal
259915,ct_eversource_icos_fair_seasonal
286644,ct_eversource_icos_fair_seasonal
166026,ct_eversource_icos_fair_seasonal
512927,ct_eversource_icos_fair_seasonal
142551,ct_eversource_icos_fair_seasonal
95661,ct_eversource_icos_fair_seasonal
481351,ct_eversource_icos_fair_seasonal
484920,ct_eversource_icos_fair_seasonal
492432,ct_eversource_icos_fair_seasonal
511947,ct_eversource_icos_fair_seasonal
517286,ct_eversource_icos_fair_seasonal
529641,ct_eversource_icos_fair_seasonal
535665,ct_eversource_icos_fair_seasonal
205877,ct_eversource_icos_fair_seasonal
27243,ct_eversource_icos_fair_seasonal
46424,ct_eversource_icos_fair_seasonal
233579,ct_eversource_icos_fair_seasonal
284251,ct_eversource_icos_fair_seasonal
9823,ct_eversource_icos_fair_seasonal
9864,ct_eversource_icos_fair_seasonal
26760,ct_eversource_icos_fair_seasonal
36195,ct_eversource_icos_fair_seasonal
44292,ct_eversource_icos_fair_seasonal
45971,ct_eversource_icos_fair_seasonal
52890,ct_eversource_icos_fair_seasonal
207683,ct_eversource_icos_fair_seasonal
176093,ct_eversource_icos_fair_seasonal
72516,ct_eversource_icos_fair_seasonal
76490,ct_eversource_icos_fair_seasonal
78423,ct_eversource_icos_fair_seasonal
104498,ct_eversource_icos_fair_seasonal
108548,ct_eversource_icos_fair_seasonal
117094,ct_eversource_icos_fair_seasonal
352514,ct_eversource_icos_fair_seasonal
145900,ct_eversource_icos_fair_seasonal
180003,ct_eversource_icos_fair_seasonal
195914,ct_eversource_icos_fair_seasonal
370535,ct_eversource_icos_fair_seasonal
419331,ct_eversource_icos_fair_seasonal
366781,ct_eversource_icos_fair_seasonal
234060,ct_eversource_icos_fair_seasonal
236716,ct_eversource_icos_fair_seasonal
262462,ct_eversource_icos_fair_seasonal
270772,ct_eversource_icos_fair_seasonal
418294,ct_eversource_icos_fair_seasonal
344355,ct_eversource_icos_fair_seasonal
338813,ct_eversource_icos_fair_seasonal
331539,ct_eversource_icos_fair_seasonal
379973,ct_eversource_icos_fair_seasonal
375349,ct_eversource_icos_fair_seasonal
395953,ct_eversource_icos_fair_seasonal
360991,ct_eversource_icos_fair_seasonal
468052,ct_eversource_icos_fair_seasonal
464196,ct_eversource_icos_fair_seasonal
426127,ct_eversource_icos_fair_seasonal
395762,ct_eversource_icos_fair_seasonal
425831,ct_eversource_icos_fair_seasonal
445350,ct_eversource_icos_fair_seasonal
489540,ct_eversource_icos_fair_seasonal
498983,ct_eversource_icos_fair_seasonal
502886,ct_eversource_icos_fair_seasonal
477348,ct_eversource_icos_fair_seasonal
283932,ct_eversource_icos_fair_seasonal
128937,ct_eversource_icos_fair_seasonal
381912,ct_eversource_icos_fair_seasonal
313039,ct_eversource_icos_fair_seasonal
462689,ct_eversource_icos_fair_seasonal
18537,ct_eversource_icos_fair_seasonal
24641,ct_eversource_icos_fair_seasonal
27385,ct_eversource_icos_fair_seasonal
33175,ct_eversource_icos_fair_seasonal
53720,ct_eversource_icos_fair_seasonal
61712,ct_eversource_icos_fair_seasonal
450794,ct_eversource_icos_fair_seasonal
269609,ct_eversource_icos_fair_seasonal
154921,ct_eversource_icos_fair_seasonal
75614,ct_eversource_icos_fair_seasonal
284162,ct_eversource_icos_fair_seasonal
394835,ct_eversource_icos_fair_seasonal
241308,ct_eversource_icos_fair_seasonal
233838,ct_eversource_icos_fair_seasonal
336601,ct_eversource_icos_fair_seasonal
97418,ct_eversource_icos_fair_seasonal
130986,ct_eversource_icos_fair_seasonal
410253,ct_eversource_icos_fair_seasonal
429606,ct_eversource_icos_fair_seasonal
155618,ct_eversource_icos_fair_seasonal
289023,ct_eversource_icos_fair_seasonal
267742,ct_eversource_icos_fair_seasonal
140041,ct_eversource_icos_fair_seasonal
149395,ct_eversource_icos_fair_seasonal
157709,ct_eversource_icos_fair_seasonal
169510,ct_eversource_icos_fair_seasonal
192807,ct_eversource_icos_fair_seasonal
202615,ct_eversource_icos_fair_seasonal
321529,ct_eversource_icos_fair_seasonal
232373,ct_eversource_icos_fair_seasonal
214956,ct_eversource_icos_fair_seasonal
381549,ct_eversource_icos_fair_seasonal
210586,ct_eversource_icos_fair_seasonal
222274,ct_eversource_icos_fair_seasonal
230085,ct_eversource_icos_fair_seasonal
234088,ct_eversource_icos_fair_seasonal
255376,ct_eversource_icos_fair_seasonal
256547,ct_eversource_icos_fair_seasonal
257424,ct_eversource_icos_fair_seasonal
313638,ct_eversource_icos_fair_seasonal
377726,ct_eversource_icos_fair_seasonal
438090,ct_eversource_icos_fair_seasonal
283240,ct_eversource_icos_fair_seasonal
386939,ct_eversource_icos_fair_seasonal
345221,ct_eversource_icos_fair_seasonal
455971,ct_eversource_icos_fair_seasonal
419620,ct_eversource_icos_fair_seasonal
466957,ct_eversource_icos_fair_seasonal
304905,ct_eversource_icos_fair_seasonal
330795,ct_eversource_icos_fair_seasonal
164726,ct_eversource_icos_fair_seasonal
481376,ct_eversource_icos_fair_seasonal
494917,ct_eversource_icos_fair_seasonal
497812,ct_eversource_icos_fair_seasonal
501205,ct_eversource_icos_fair_seasonal
514569,ct_eversource_icos_fair_seasonal
530525,ct_eversource_icos_fair_seasonal
548050,ct_eversource_icos_fair_seasonal
32547,ct_eversource_icos_fair_seasonal
458348,ct_eversource_icos_fair_seasonal
230861,ct_eversource_icos_fair_seasonal
159807,ct_eversource_icos_fair_seasonal
189805,ct_eversource_icos_fair_seasonal
422492,ct_eversource_icos_fair_seasonal
5402,ct_eversource_icos_fair_seasonal
12130,ct_eversource_icos_fair_seasonal
17722,ct_eversource_icos_fair_seasonal
27159,ct_eversource_icos_fair_seasonal
57684,ct_eversource_icos_fair_seasonal
59642,ct_eversource_icos_fair_seasonal
63319,ct_eversource_icos_fair_seasonal
469433,ct_eversource_icos_fair_seasonal
155495,ct_eversource_icos_fair_seasonal
344965,ct_eversource_icos_fair_seasonal
370741,ct_eversource_icos_fair_seasonal
83250,ct_eversource_icos_fair_seasonal
86996,ct_eversource_icos_fair_seasonal
95471,ct_eversource_icos_fair_seasonal
113670,ct_eversource_icos_fair_seasonal
123377,ct_eversource_icos_fair_seasonal
278927,ct_eversource_icos_fair_seasonal
467556,ct_eversource_icos_fair_seasonal
255906,ct_eversource_icos_fair_seasonal
161057,ct_eversource_icos_fair_seasonal
235903,ct_eversource_icos_fair_seasonal
264915,ct_eversource_icos_fair_seasonal
189384,ct_eversource_icos_fair_seasonal
201473,ct_eversource_icos_fair_seasonal
409096,ct_eversource_icos_fair_seasonal
477335,ct_eversource_icos_fair_seasonal
213348,ct_eversource_icos_fair_seasonal
323479,ct_eversource_icos_fair_seasonal
393672,ct_eversource_icos_fair_seasonal
444682,ct_eversource_icos_fair_seasonal
207521,ct_eversource_icos_fair_seasonal
209535,ct_eversource_icos_fair_seasonal
246176,ct_eversource_icos_fair_seasonal
266833,ct_eversource_icos_fair_seasonal
286758,ct_eversource_icos_fair_seasonal
369980,ct_eversource_icos_fair_seasonal
351703,ct_eversource_icos_fair_seasonal
289326,ct_eversource_icos_fair_seasonal
287870,ct_eversource_icos_fair_seasonal
372571,ct_eversource_icos_fair_seasonal
365021,ct_eversource_icos_fair_seasonal
438211,ct_eversource_icos_fair_seasonal
440365,ct_eversource_icos_fair_seasonal
376101,ct_eversource_icos_fair_seasonal
464901,ct_eversource_icos_fair_seasonal
473002,ct_eversource_icos_fair_seasonal
339039,ct_eversource_icos_fair_seasonal
487658,ct_eversource_icos_fair_seasonal
491879,ct_eversource_icos_fair_seasonal
493159,ct_eversource_icos_fair_seasonal
496484,ct_eversource_icos_fair_seasonal
497979,ct_eversource_icos_fair_seasonal
502563,ct_eversource_icos_fair_seasonal
518006,ct_eversource_icos_fair_seasonal
521242,ct_eversource_icos_fair_seasonal
530807,ct_eversource_icos_fair_seasonal
539937,ct_eversource_icos_fair_seasonal
544299,ct_eversource_icos_fair_seasonal
548202,ct_eversource_icos_fair_seasonal
186466,ct_eversource_icos_fair_seasonal
169371,ct_eversource_icos_fair_seasonal
396445,ct_eversource_icos_fair_seasonal
11115,ct_eversource_icos_fair_seasonal
13102,ct_eversource_icos_fair_seasonal
28825,ct_eversource_icos_fair_seasonal
37196,ct_eversource_icos_fair_seasonal
39749,ct_eversource_icos_fair_seasonal
43941,ct_eversource_icos_fair_seasonal
52634,ct_eversource_icos_fair_seasonal
351676,ct_eversource_icos_fair_seasonal
389179,ct_eversource_icos_fair_seasonal
218453,ct_eversource_icos_fair_seasonal
254036,ct_eversource_icos_fair_seasonal
415577,ct_eversource_icos_fair_seasonal
74793,ct_eversource_icos_fair_seasonal
79077,ct_eversource_icos_fair_seasonal
79321,ct_eversource_icos_fair_seasonal
79682,ct_eversource_icos_fair_seasonal
80969,ct_eversource_icos_fair_seasonal
106676,ct_eversource_icos_fair_seasonal
109508,ct_eversource_icos_fair_seasonal
111347,ct_eversource_icos_fair_seasonal
263934,ct_eversource_icos_fair_seasonal
246271,ct_eversource_icos_fair_seasonal
334624,ct_eversource_icos_fair_seasonal
142742,ct_eversource_icos_fair_seasonal
143634,ct_eversource_icos_fair_seasonal
149062,ct_eversource_icos_fair_seasonal
152443,ct_eversource_icos_fair_seasonal
175100,ct_eversource_icos_fair_seasonal
181138,ct_eversource_icos_fair_seasonal
191793,ct_eversource_icos_fair_seasonal
202643,ct_eversource_icos_fair_seasonal
395273,ct_eversource_icos_fair_seasonal
479583,ct_eversource_icos_fair_seasonal
218716,ct_eversource_icos_fair_seasonal
303508,ct_eversource_icos_fair_seasonal
390756,ct_eversource_icos_fair_seasonal
270414,ct_eversource_icos_fair_seasonal
336660,ct_eversource_icos_fair_seasonal
336805,ct_eversource_icos_fair_seasonal
342536,ct_eversource_icos_fair_seasonal
369932,ct_eversource_icos_fair_seasonal
386117,ct_eversource_icos_fair_seasonal
387714,ct_eversource_icos_fair_seasonal
396659,ct_eversource_icos_fair_seasonal
478720,ct_eversource_icos_fair_seasonal
429064,ct_eversource_icos_fair_seasonal
396910,ct_eversource_icos_fair_seasonal
402569,ct_eversource_icos_fair_seasonal
494791,ct_eversource_icos_fair_seasonal
495173,ct_eversource_icos_fair_seasonal
520868,ct_eversource_icos_fair_seasonal
523355,ct_eversource_icos_fair_seasonal
548511,ct_eversource_icos_fair_seasonal
51406,ct_eversource_icos_fair_seasonal
216140,ct_eversource_icos_fair_seasonal
165872,ct_eversource_icos_fair_seasonal
430722,ct_eversource_icos_fair_seasonal
454748,ct_eversource_icos_fair_seasonal
449060,ct_eversource_icos_fair_seasonal
6883,ct_eversource_icos_fair_seasonal
39862,ct_eversource_icos_fair_seasonal
54071,ct_eversource_icos_fair_seasonal
58974,ct_eversource_icos_fair_seasonal
60169,ct_eversource_icos_fair_seasonal
62435,ct_eversource_icos_fair_seasonal
360828,ct_eversource_icos_fair_seasonal
212720,ct_eversource_icos_fair_seasonal
387280,ct_eversource_icos_fair_seasonal
455280,ct_eversource_icos_fair_seasonal
71693,ct_eversource_icos_fair_seasonal
86890,ct_eversource_icos_fair_seasonal
91640,ct_eversource_icos_fair_seasonal
99040,ct_eversource_icos_fair_seasonal
107184,ct_eversource_icos_fair_seasonal
249700,ct_eversource_icos_fair_seasonal
140685,ct_eversource_icos_fair_seasonal
141865,ct_eversource_icos_fair_seasonal
145855,ct_eversource_icos_fair_seasonal
153024,ct_eversource_icos_fair_seasonal
169863,ct_eversource_icos_fair_seasonal
182800,ct_eversource_icos_fair_seasonal
193937,ct_eversource_icos_fair_seasonal
368655,ct_eversource_icos_fair_seasonal
291008,ct_eversource_icos_fair_seasonal
206529,ct_eversource_icos_fair_seasonal
217273,ct_eversource_icos_fair_seasonal
229704,ct_eversource_icos_fair_seasonal
457572,ct_eversource_icos_fair_seasonal
470503,ct_eversource_icos_fair_seasonal
364356,ct_eversource_icos_fair_seasonal
344988,ct_eversource_icos_fair_seasonal
434410,ct_eversource_icos_fair_seasonal
418337,ct_eversource_icos_fair_seasonal
369704,ct_eversource_icos_fair_seasonal
318066,ct_eversource_icos_fair_seasonal
288341,ct_eversource_icos_fair_seasonal
492711,ct_eversource_icos_fair_seasonal
514626,ct_eversource_icos_fair_seasonal
544118,ct_eversource_icos_fair_seasonal
7295,ct_eversource_icos_fair_seasonal
74082,ct_eversource_icos_fair_seasonal
116550,ct_eversource_icos_fair_seasonal
121510,ct_eversource_icos_fair_seasonal
128948,ct_eversource_icos_fair_seasonal
360373,ct_eversource_icos_fair_seasonal
336113,ct_eversource_icos_fair_seasonal
9514,ct_eversource_icos_fair_seasonal
35680,ct_eversource_icos_fair_seasonal
37993,ct_eversource_icos_fair_seasonal
39084,ct_eversource_icos_fair_seasonal
55514,ct_eversource_icos_fair_seasonal
66329,ct_eversource_icos_fair_seasonal
378273,ct_eversource_icos_fair_seasonal
127949,ct_eversource_icos_fair_seasonal
356964,ct_eversource_icos_fair_seasonal
419207,ct_eversource_icos_fair_seasonal
335119,ct_eversource_icos_fair_seasonal
354779,ct_eversource_icos_fair_seasonal
70463,ct_eversource_icos_fair_seasonal
101712,ct_eversource_icos_fair_seasonal
109033,ct_eversource_icos_fair_seasonal
146623,ct_eversource_icos_fair_seasonal
183395,ct_eversource_icos_fair_seasonal
151554,ct_eversource_icos_fair_seasonal
161530,ct_eversource_icos_fair_seasonal
431265,ct_eversource_icos_fair_seasonal
233555,ct_eversource_icos_fair_seasonal
454389,ct_eversource_icos_fair_seasonal
423361,ct_eversource_icos_fair_seasonal
318566,ct_eversource_icos_fair_seasonal
371903,ct_eversource_icos_fair_seasonal
362142,ct_eversource_icos_fair_seasonal
412808,ct_eversource_icos_fair_seasonal
341761,ct_eversource_icos_fair_seasonal
387384,ct_eversource_icos_fair_seasonal
397830,ct_eversource_icos_fair_seasonal
471534,ct_eversource_icos_fair_seasonal
453304,ct_eversource_icos_fair_seasonal
410466,ct_eversource_icos_fair_seasonal
434670,ct_eversource_icos_fair_seasonal
340556,ct_eversource_icos_fair_seasonal
429431,ct_eversource_icos_fair_seasonal
497005,ct_eversource_icos_fair_seasonal
497292,ct_eversource_icos_fair_seasonal
75013,ct_eversource_icos_fair_seasonal
153381,ct_eversource_icos_fair_seasonal
370264,ct_eversource_icos_fair_seasonal
371922,ct_eversource_icos_fair_seasonal
5294,ct_eversource_icos_fair_seasonal
23403,ct_eversource_icos_fair_seasonal
44270,ct_eversource_icos_fair_seasonal
44839,ct_eversource_icos_fair_seasonal
50671,ct_eversource_icos_fair_seasonal
57388,ct_eversource_icos_fair_seasonal
64829,ct_eversource_icos_fair_seasonal
219916,ct_eversource_icos_fair_seasonal
278135,ct_eversource_icos_fair_seasonal
310833,ct_eversource_icos_fair_seasonal
89603,ct_eversource_icos_fair_seasonal
95837,ct_eversource_icos_fair_seasonal
114727,ct_eversource_icos_fair_seasonal
116050,ct_eversource_icos_fair_seasonal
137552,ct_eversource_icos_fair_seasonal
444882,ct_eversource_icos_fair_seasonal
138918,ct_eversource_icos_fair_seasonal
142772,ct_eversource_icos_fair_seasonal
165236,ct_eversource_icos_fair_seasonal
168816,ct_eversource_icos_fair_seasonal
184296,ct_eversource_icos_fair_seasonal
187133,ct_eversource_icos_fair_seasonal
190668,ct_eversource_icos_fair_seasonal
256412,ct_eversource_icos_fair_seasonal
339142,ct_eversource_icos_fair_seasonal
226236,ct_eversource_icos_fair_seasonal
225669,ct_eversource_icos_fair_seasonal
234407,ct_eversource_icos_fair_seasonal
243631,ct_eversource_icos_fair_seasonal
245025,ct_eversource_icos_fair_seasonal
262135,ct_eversource_icos_fair_seasonal
267238,ct_eversource_icos_fair_seasonal
276590,ct_eversource_icos_fair_seasonal
286503,ct_eversource_icos_fair_seasonal
338356,ct_eversource_icos_fair_seasonal
478960,ct_eversource_icos_fair_seasonal
412450,ct_eversource_icos_fair_seasonal
401814,ct_eversource_icos_fair_seasonal
350407,ct_eversource_icos_fair_seasonal
429768,ct_eversource_icos_fair_seasonal
434822,ct_eversource_icos_fair_seasonal
456568,ct_eversource_icos_fair_seasonal
468575,ct_eversource_icos_fair_seasonal
470340,ct_eversource_icos_fair_seasonal
471164,ct_eversource_icos_fair_seasonal
390642,ct_eversource_icos_fair_seasonal
300723,ct_eversource_icos_fair_seasonal
167821,ct_eversource_icos_fair_seasonal
370922,ct_eversource_icos_fair_seasonal
409480,ct_eversource_icos_fair_seasonal
208199,ct_eversource_icos_fair_seasonal
510197,ct_eversource_icos_fair_seasonal
511515,ct_eversource_icos_fair_seasonal
519442,ct_eversource_icos_fair_seasonal
536698,ct_eversource_icos_fair_seasonal
539418,ct_eversource_icos_fair_seasonal
543144,ct_eversource_icos_fair_seasonal
252889,ct_eversource_icos_fair_seasonal
243316,ct_eversource_icos_fair_seasonal
170742,ct_eversource_icos_fair_seasonal
223328,ct_eversource_icos_fair_seasonal
5662,ct_eversource_icos_fair_seasonal
8050,ct_eversource_icos_fair_seasonal
9636,ct_eversource_icos_fair_seasonal
201985,ct_eversource_icos_fair_seasonal
475918,ct_eversource_icos_fair_seasonal
244554,ct_eversource_icos_fair_seasonal
285665,ct_eversource_icos_fair_seasonal
446435,ct_eversource_icos_fair_seasonal
79812,ct_eversource_icos_fair_seasonal
81580,ct_eversource_icos_fair_seasonal
116972,ct_eversource_icos_fair_seasonal
133607,ct_eversource_icos_fair_seasonal
282665,ct_eversource_icos_fair_seasonal
354854,ct_eversource_icos_fair_seasonal
144857,ct_eversource_icos_fair_seasonal
151394,ct_eversource_icos_fair_seasonal
168305,ct_eversource_icos_fair_seasonal
175741,ct_eversource_icos_fair_seasonal
185627,ct_eversource_icos_fair_seasonal
188282,ct_eversource_icos_fair_seasonal
194918,ct_eversource_icos_fair_seasonal
197312,ct_eversource_icos_fair_seasonal
364122,ct_eversource_icos_fair_seasonal
239353,ct_eversource_icos_fair_seasonal
466927,ct_eversource_icos_fair_seasonal
382846,ct_eversource_icos_fair_seasonal
243997,ct_eversource_icos_fair_seasonal
261897,ct_eversource_icos_fair_seasonal
363300,ct_eversource_icos_fair_seasonal
472249,ct_eversource_icos_fair_seasonal
290238,ct_eversource_icos_fair_seasonal
305571,ct_eversource_icos_fair_seasonal
318217,ct_eversource_icos_fair_seasonal
339367,ct_eversource_icos_fair_seasonal
371914,ct_eversource_icos_fair_seasonal
375118,ct_eversource_icos_fair_seasonal
394093,ct_eversource_icos_fair_seasonal
127978,ct_eversource_icos_fair_seasonal
407141,ct_eversource_icos_fair_seasonal
481910,ct_eversource_icos_fair_seasonal
520689,ct_eversource_icos_fair_seasonal
523182,ct_eversource_icos_fair_seasonal
526241,ct_eversource_icos_fair_seasonal
535592,ct_eversource_icos_fair_seasonal
546741,ct_eversource_icos_fair_seasonal
547936,ct_eversource_icos_fair_seasonal
23039,ct_eversource_icos_fair_seasonal
291407,ct_eversource_icos_fair_seasonal
157101,ct_eversource_icos_fair_seasonal
435536,ct_eversource_icos_fair_seasonal
289514,ct_eversource_icos_fair_seasonal
13728,ct_eversource_icos_fair_seasonal
30667,ct_eversource_icos_fair_seasonal
79702,ct_eversource_icos_fair_seasonal
475824,ct_eversource_icos_fair_seasonal
216023,ct_eversource_icos_fair_seasonal
284718,ct_eversource_icos_fair_seasonal
78479,ct_eversource_icos_fair_seasonal
88974,ct_eversource_icos_fair_seasonal
106708,ct_eversource_icos_fair_seasonal
107945,ct_eversource_icos_fair_seasonal
113585,ct_eversource_icos_fair_seasonal
281756,ct_eversource_icos_fair_seasonal
453705,ct_eversource_icos_fair_seasonal
324303,ct_eversource_icos_fair_seasonal
363266,ct_eversource_icos_fair_seasonal
153527,ct_eversource_icos_fair_seasonal
288697,ct_eversource_icos_fair_seasonal
272195,ct_eversource_icos_fair_seasonal
241785,ct_eversource_icos_fair_seasonal
301616,ct_eversource_icos_fair_seasonal
365945,ct_eversource_icos_fair_seasonal
448734,ct_eversource_icos_fair_seasonal
283082,ct_eversource_icos_fair_seasonal
325223,ct_eversource_icos_fair_seasonal
380081,ct_eversource_icos_fair_seasonal
386008,ct_eversource_icos_fair_seasonal
351891,ct_eversource_icos_fair_seasonal
443848,ct_eversource_icos_fair_seasonal
453942,ct_eversource_icos_fair_seasonal
363309,ct_eversource_icos_fair_seasonal
391048,ct_eversource_icos_fair_seasonal
107058,ct_eversource_icos_fair_seasonal
112020,ct_eversource_icos_fair_seasonal
123709,ct_eversource_icos_fair_seasonal
318322,ct_eversource_icos_fair_seasonal
380039,ct_eversource_icos_fair_seasonal
485086,ct_eversource_icos_fair_seasonal
501886,ct_eversource_icos_fair_seasonal
524903,ct_eversource_icos_fair_seasonal
535414,ct_eversource_icos_fair_seasonal
231057,ct_eversource_icos_fair_seasonal
266265,ct_eversource_icos_fair_seasonal
208351,ct_eversource_icos_fair_seasonal
392987,ct_eversource_icos_fair_seasonal
48561,ct_eversource_icos_fair_seasonal
19852,ct_eversource_icos_fair_seasonal
20399,ct_eversource_icos_fair_seasonal
26148,ct_eversource_icos_fair_seasonal
48790,ct_eversource_icos_fair_seasonal
56396,ct_eversource_icos_fair_seasonal
68479,ct_eversource_icos_fair_seasonal
131753,ct_eversource_icos_fair_seasonal
281710,ct_eversource_icos_fair_seasonal
363729,ct_eversource_icos_fair_seasonal
279137,ct_eversource_icos_fair_seasonal
337336,ct_eversource_icos_fair_seasonal
76103,ct_eversource_icos_fair_seasonal
127251,ct_eversource_icos_fair_seasonal
135247,ct_eversource_icos_fair_seasonal
472643,ct_eversource_icos_fair_seasonal
395471,ct_eversource_icos_fair_seasonal
154304,ct_eversource_icos_fair_seasonal
442306,ct_eversource_icos_fair_seasonal
450305,ct_eversource_icos_fair_seasonal
393034,ct_eversource_icos_fair_seasonal
160258,ct_eversource_icos_fair_seasonal
160266,ct_eversource_icos_fair_seasonal
169909,ct_eversource_icos_fair_seasonal
170897,ct_eversource_icos_fair_seasonal
190543,ct_eversource_icos_fair_seasonal
400694,ct_eversource_icos_fair_seasonal
257534,ct_eversource_icos_fair_seasonal
342450,ct_eversource_icos_fair_seasonal
204289,ct_eversource_icos_fair_seasonal
206661,ct_eversource_icos_fair_seasonal
232630,ct_eversource_icos_fair_seasonal
420215,ct_eversource_icos_fair_seasonal
417110,ct_eversource_icos_fair_seasonal
269531,ct_eversource_icos_fair_seasonal
273469,ct_eversource_icos_fair_seasonal
280816,ct_eversource_icos_fair_seasonal
287162,ct_eversource_icos_fair_seasonal
309826,ct_eversource_icos_fair_seasonal
310115,ct_eversource_icos_fair_seasonal
315840,ct_eversource_icos_fair_seasonal
318918,ct_eversource_icos_fair_seasonal
466200,ct_eversource_icos_fair_seasonal
477725,ct_eversource_icos_fair_seasonal
399525,ct_eversource_icos_fair_seasonal
458479,ct_eversource_icos_fair_seasonal
387637,ct_eversource_icos_fair_seasonal
149789,ct_eversource_icos_fair_seasonal
521478,ct_eversource_icos_fair_seasonal
534336,ct_eversource_icos_fair_seasonal
535836,ct_eversource_icos_fair_seasonal
537354,ct_eversource_icos_fair_seasonal
427401,ct_eversource_icos_fair_seasonal
267940,ct_eversource_icos_fair_seasonal
288179,ct_eversource_icos_fair_seasonal
21637,ct_eversource_icos_fair_seasonal
26167,ct_eversource_icos_fair_seasonal
52707,ct_eversource_icos_fair_seasonal
58319,ct_eversource_icos_fair_seasonal
60986,ct_eversource_icos_fair_seasonal
352143,ct_eversource_icos_fair_seasonal
372677,ct_eversource_icos_fair_seasonal
78995,ct_eversource_icos_fair_seasonal
106304,ct_eversource_icos_fair_seasonal
170339,ct_eversource_icos_fair_seasonal
384401,ct_eversource_icos_fair_seasonal
389787,ct_eversource_icos_fair_seasonal
84959,ct_eversource_icos_fair_seasonal
90757,ct_eversource_icos_fair_seasonal
102052,ct_eversource_icos_fair_seasonal
116537,ct_eversource_icos_fair_seasonal
151796,ct_eversource_icos_fair_seasonal
425742,ct_eversource_icos_fair_seasonal
427181,ct_eversource_icos_fair_seasonal
152774,ct_eversource_icos_fair_seasonal
189503,ct_eversource_icos_fair_seasonal
201030,ct_eversource_icos_fair_seasonal
407449,ct_eversource_icos_fair_seasonal
463827,ct_eversource_icos_fair_seasonal
471821,ct_eversource_icos_fair_seasonal
324153,ct_eversource_icos_fair_seasonal
386083,ct_eversource_icos_fair_seasonal
397518,ct_eversource_icos_fair_seasonal
212633,ct_eversource_icos_fair_seasonal
214727,ct_eversource_icos_fair_seasonal
242018,ct_eversource_icos_fair_seasonal
249626,ct_eversource_icos_fair_seasonal
257399,ct_eversource_icos_fair_seasonal
261878,ct_eversource_icos_fair_seasonal
325717,ct_eversource_icos_fair_seasonal
408812,ct_eversource_icos_fair_seasonal
15746,ct_eversource_icos_fair_seasonal
266537,ct_eversource_icos_fair_seasonal
311729,ct_eversource_icos_fair_seasonal
467685,ct_eversource_icos_fair_seasonal
492203,ct_eversource_icos_fair_seasonal
481237,ct_eversource_icos_fair_seasonal
488257,ct_eversource_icos_fair_seasonal
136508,ct_eversource_icos_fair_seasonal
343123,ct_eversource_icos_fair_seasonal
130227,ct_eversource_icos_fair_seasonal
270275,ct_eversource_icos_fair_seasonal
145504,ct_eversource_icos_fair_seasonal
243924,ct_eversource_icos_fair_seasonal
268963,ct_eversource_icos_fair_seasonal
336101,ct_eversource_icos_fair_seasonal
353154,ct_eversource_icos_fair_seasonal
436622,ct_eversource_icos_fair_seasonal
3154,ct_eversource_icos_fair_seasonal
11617,ct_eversource_icos_fair_seasonal
22898,ct_eversource_icos_fair_seasonal
31469,ct_eversource_icos_fair_seasonal
34990,ct_eversource_icos_fair_seasonal
40503,ct_eversource_icos_fair_seasonal
58688,ct_eversource_icos_fair_seasonal
61608,ct_eversource_icos_fair_seasonal
65432,ct_eversource_icos_fair_seasonal
425476,ct_eversource_icos_fair_seasonal
239218,ct_eversource_icos_fair_seasonal
372485,ct_eversource_icos_fair_seasonal
86406,ct_eversource_icos_fair_seasonal
111574,ct_eversource_icos_fair_seasonal
114181,ct_eversource_icos_fair_seasonal
115827,ct_eversource_icos_fair_seasonal
127706,ct_eversource_icos_fair_seasonal
134233,ct_eversource_icos_fair_seasonal
450553,ct_eversource_icos_fair_seasonal
351883,ct_eversource_icos_fair_seasonal
361019,ct_eversource_icos_fair_seasonal
176054,ct_eversource_icos_fair_seasonal
254746,ct_eversource_icos_fair_seasonal
434285,ct_eversource_icos_fair_seasonal
201756,ct_eversource_icos_fair_seasonal
218146,ct_eversource_icos_fair_seasonal
263107,ct_eversource_icos_fair_seasonal
229795,ct_eversource_icos_fair_seasonal
231443,ct_eversource_icos_fair_seasonal
233677,ct_eversource_icos_fair_seasonal
234600,ct_eversource_icos_fair_seasonal
238945,ct_eversource_icos_fair_seasonal
249349,ct_eversource_icos_fair_seasonal
260475,ct_eversource_icos_fair_seasonal
264949,ct_eversource_icos_fair_seasonal
366920,ct_eversource_icos_fair_seasonal
318701,ct_eversource_icos_fair_seasonal
335324,ct_eversource_icos_fair_seasonal
444132,ct_eversource_icos_fair_seasonal
269988,ct_eversource_icos_fair_seasonal
310232,ct_eversource_icos_fair_seasonal
314489,ct_eversource_icos_fair_seasonal
317088,ct_eversource_icos_fair_seasonal
385856,ct_eversource_icos_fair_seasonal
418808,ct_eversource_icos_fair_seasonal
528920,ct_eversource_icos_fair_seasonal
544025,ct_eversource_icos_fair_seasonal
137576,ct_eversource_icos_fair_seasonal
321480,ct_eversource_icos_fair_seasonal
221554,ct_eversource_icos_fair_seasonal
131784,ct_eversource_icos_fair_seasonal
467782,ct_eversource_icos_fair_seasonal
483411,ct_eversource_icos_fair_seasonal
507859,ct_eversource_icos_fair_seasonal
520508,ct_eversource_icos_fair_seasonal
523863,ct_eversource_icos_fair_seasonal
70257,ct_eversource_icos_fair_seasonal
148882,ct_eversource_icos_fair_seasonal
175401,ct_eversource_icos_fair_seasonal
386481,ct_eversource_icos_fair_seasonal
14391,ct_eversource_icos_fair_seasonal
19183,ct_eversource_icos_fair_seasonal
20203,ct_eversource_icos_fair_seasonal
28444,ct_eversource_icos_fair_seasonal
61664,ct_eversource_icos_fair_seasonal
63338,ct_eversource_icos_fair_seasonal
124732,ct_eversource_icos_fair_seasonal
190608,ct_eversource_icos_fair_seasonal
408568,ct_eversource_icos_fair_seasonal
366356,ct_eversource_icos_fair_seasonal
70022,ct_eversource_icos_fair_seasonal
86780,ct_eversource_icos_fair_seasonal
94925,ct_eversource_icos_fair_seasonal
114199,ct_eversource_icos_fair_seasonal
114982,ct_eversource_icos_fair_seasonal
138119,ct_eversource_icos_fair_seasonal
398582,ct_eversource_icos_fair_seasonal
295009,ct_eversource_icos_fair_seasonal
273790,ct_eversource_icos_fair_seasonal
441708,ct_eversource_icos_fair_seasonal
441679,ct_eversource_icos_fair_seasonal
378832,ct_eversource_icos_fair_seasonal
349966,ct_eversource_icos_fair_seasonal
231161,ct_eversource_icos_fair_seasonal
231500,ct_eversource_icos_fair_seasonal
248813,ct_eversource_icos_fair_seasonal
326686,ct_eversource_icos_fair_seasonal
476053,ct_eversource_icos_fair_seasonal
304436,ct_eversource_icos_fair_seasonal
447710,ct_eversource_icos_fair_seasonal
288872,ct_eversource_icos_fair_seasonal
298072,ct_eversource_icos_fair_seasonal
331126,ct_eversource_icos_fair_seasonal
355590,ct_eversource_icos_fair_seasonal
250517,ct_eversource_icos_fair_seasonal
464606,ct_eversource_icos_fair_seasonal
484776,ct_eversource_icos_fair_seasonal
487319,ct_eversource_icos_fair_seasonal
488744,ct_eversource_icos_fair_seasonal
499391,ct_eversource_icos_fair_seasonal
505902,ct_eversource_icos_fair_seasonal
521121,ct_eversource_icos_fair_seasonal
526014,ct_eversource_icos_fair_seasonal
540590,ct_eversource_icos_fair_seasonal
541349,ct_eversource_icos_fair_seasonal
548837,ct_eversource_icos_fair_seasonal
549253,ct_eversource_icos_fair_seasonal
250608,ct_eversource_icos_fair_seasonal
282431,ct_eversource_icos_fair_seasonal
237919,ct_eversource_icos_fair_seasonal
464184,ct_eversource_icos_fair_seasonal
8404,ct_eversource_icos_fair_seasonal
30835,ct_eversource_icos_fair_seasonal
32110,ct_eversource_icos_fair_seasonal
33334,ct_eversource_icos_fair_seasonal
40355,ct_eversource_icos_fair_seasonal
40750,ct_eversource_icos_fair_seasonal
53212,ct_eversource_icos_fair_seasonal
83837,ct_eversource_icos_fair_seasonal
385141,ct_eversource_icos_fair_seasonal
84435,ct_eversource_icos_fair_seasonal
84498,ct_eversource_icos_fair_seasonal
85463,ct_eversource_icos_fair_seasonal
100957,ct_eversource_icos_fair_seasonal
111057,ct_eversource_icos_fair_seasonal
122797,ct_eversource_icos_fair_seasonal
137674,ct_eversource_icos_fair_seasonal
300877,ct_eversource_icos_fair_seasonal
427829,ct_eversource_icos_fair_seasonal
415592,ct_eversource_icos_fair_seasonal
259860,ct_eversource_icos_fair_seasonal
158906,ct_eversource_icos_fair_seasonal
161086,ct_eversource_icos_fair_seasonal
193111,ct_eversource_icos_fair_seasonal
200183,ct_eversource_icos_fair_seasonal
202167,ct_eversource_icos_fair_seasonal
343396,ct_eversource_icos_fair_seasonal
454094,ct_eversource_icos_fair_seasonal
209806,ct_eversource_icos_fair_seasonal
332830,ct_eversource_icos_fair_seasonal
214665,ct_eversource_icos_fair_seasonal
221569,ct_eversource_icos_fair_seasonal
243776,ct_eversource_icos_fair_seasonal
254280,ct_eversource_icos_fair_seasonal
257043,ct_eversource_icos_fair_seasonal
471401,ct_eversource_icos_fair_seasonal
328324,ct_eversource_icos_fair_seasonal
293390,ct_eversource_icos_fair_seasonal
298456,ct_eversource_icos_fair_seasonal
308894,ct_eversource_icos_fair_seasonal
202188,ct_eversource_icos_fair_seasonal
136393,ct_eversource_icos_fair_seasonal
413098,ct_eversource_icos_fair_seasonal
198578,ct_eversource_icos_fair_seasonal
27801,ct_eversource_icos_fair_seasonal
210887,ct_eversource_icos_fair_seasonal
487439,ct_eversource_icos_fair_seasonal
508239,ct_eversource_icos_fair_seasonal
534898,ct_eversource_icos_fair_seasonal
27704,ct_eversource_icos_fair_seasonal
82862,ct_eversource_icos_fair_seasonal
237812,ct_eversource_icos_fair_seasonal
116355,ct_eversource_icos_fair_seasonal
420487,ct_eversource_icos_fair_seasonal
11356,ct_eversource_icos_fair_seasonal
18309,ct_eversource_icos_fair_seasonal
28430,ct_eversource_icos_fair_seasonal
69066,ct_eversource_icos_fair_seasonal
395985,ct_eversource_icos_fair_seasonal
166544,ct_eversource_icos_fair_seasonal
217893,ct_eversource_icos_fair_seasonal
429137,ct_eversource_icos_fair_seasonal
287089,ct_eversource_icos_fair_seasonal
71584,ct_eversource_icos_fair_seasonal
77755,ct_eversource_icos_fair_seasonal
85985,ct_eversource_icos_fair_seasonal
88080,ct_eversource_icos_fair_seasonal
108113,ct_eversource_icos_fair_seasonal
113181,ct_eversource_icos_fair_seasonal
126645,ct_eversource_icos_fair_seasonal
324963,ct_eversource_icos_fair_seasonal
209689,ct_eversource_icos_fair_seasonal
421084,ct_eversource_icos_fair_seasonal
143426,ct_eversource_icos_fair_seasonal
144938,ct_eversource_icos_fair_seasonal
179679,ct_eversource_icos_fair_seasonal
187921,ct_eversource_icos_fair_seasonal
193990,ct_eversource_icos_fair_seasonal
408644,ct_eversource_icos_fair_seasonal
375474,ct_eversource_icos_fair_seasonal
204304,ct_eversource_icos_fair_seasonal
206140,ct_eversource_icos_fair_seasonal
210753,ct_eversource_icos_fair_seasonal
223232,ct_eversource_icos_fair_seasonal
240564,ct_eversource_icos_fair_seasonal
249761,ct_eversource_icos_fair_seasonal
251493,ct_eversource_icos_fair_seasonal
398073,ct_eversource_icos_fair_seasonal
475291,ct_eversource_icos_fair_seasonal
287398,ct_eversource_icos_fair_seasonal
386773,ct_eversource_icos_fair_seasonal
292083,ct_eversource_icos_fair_seasonal
271401,ct_eversource_icos_fair_seasonal
273685,ct_eversource_icos_fair_seasonal
324555,ct_eversource_icos_fair_seasonal
422243,ct_eversource_icos_fair_seasonal
322672,ct_eversource_icos_fair_seasonal
422428,ct_eversource_icos_fair_seasonal
268734,ct_eversource_icos_fair_seasonal
327305,ct_eversource_icos_fair_seasonal
498971,ct_eversource_icos_fair_seasonal
525413,ct_eversource_icos_fair_seasonal
528731,ct_eversource_icos_fair_seasonal
216086,ct_eversource_icos_fair_seasonal
66301,ct_eversource_icos_fair_seasonal
214876,ct_eversource_icos_fair_seasonal
440247,ct_eversource_icos_fair_seasonal
93966,ct_eversource_icos_fair_seasonal
273523,ct_eversource_icos_fair_seasonal
314540,ct_eversource_icos_fair_seasonal
1745,ct_eversource_icos_fair_seasonal
8897,ct_eversource_icos_fair_seasonal
31168,ct_eversource_icos_fair_seasonal
41696,ct_eversource_icos_fair_seasonal
55313,ct_eversource_icos_fair_seasonal
59067,ct_eversource_icos_fair_seasonal
288835,ct_eversource_icos_fair_seasonal
142465,ct_eversource_icos_fair_seasonal
133083,ct_eversource_icos_fair_seasonal
380058,ct_eversource_icos_fair_seasonal
476228,ct_eversource_icos_fair_seasonal
429590,ct_eversource_icos_fair_seasonal
107477,ct_eversource_icos_fair_seasonal
126273,ct_eversource_icos_fair_seasonal
312859,ct_eversource_icos_fair_seasonal
248038,ct_eversource_icos_fair_seasonal
468247,ct_eversource_icos_fair_seasonal
171651,ct_eversource_icos_fair_seasonal
366916,ct_eversource_icos_fair_seasonal
140801,ct_eversource_icos_fair_seasonal
443644,ct_eversource_icos_fair_seasonal
449376,ct_eversource_icos_fair_seasonal
237714,ct_eversource_icos_fair_seasonal
261326,ct_eversource_icos_fair_seasonal
207306,ct_eversource_icos_fair_seasonal
254740,ct_eversource_icos_fair_seasonal
461038,ct_eversource_icos_fair_seasonal
283518,ct_eversource_icos_fair_seasonal
314303,ct_eversource_icos_fair_seasonal
463648,ct_eversource_icos_fair_seasonal
475049,ct_eversource_icos_fair_seasonal
405051,ct_eversource_icos_fair_seasonal
374441,ct_eversource_icos_fair_seasonal
50586,ct_eversource_icos_fair_seasonal
338446,ct_eversource_icos_fair_seasonal
89917,ct_eversource_icos_fair_seasonal
367320,ct_eversource_icos_fair_seasonal
273771,ct_eversource_icos_fair_seasonal
376228,ct_eversource_icos_fair_seasonal
488676,ct_eversource_icos_fair_seasonal
523423,ct_eversource_icos_fair_seasonal
524917,ct_eversource_icos_fair_seasonal
530283,ct_eversource_icos_fair_seasonal
538036,ct_eversource_icos_fair_seasonal
89983,ct_eversource_icos_fair_seasonal
207181,ct_eversource_icos_fair_seasonal
310619,ct_eversource_icos_fair_seasonal
31933,ct_eversource_icos_fair_seasonal
43096,ct_eversource_icos_fair_seasonal
51924,ct_eversource_icos_fair_seasonal
56086,ct_eversource_icos_fair_seasonal
61362,ct_eversource_icos_fair_seasonal
194092,ct_eversource_icos_fair_seasonal
355296,ct_eversource_icos_fair_seasonal
410412,ct_eversource_icos_fair_seasonal
72177,ct_eversource_icos_fair_seasonal
95378,ct_eversource_icos_fair_seasonal
120803,ct_eversource_icos_fair_seasonal
123848,ct_eversource_icos_fair_seasonal
202633,ct_eversource_icos_fair_seasonal
161628,ct_eversource_icos_fair_seasonal
197551,ct_eversource_icos_fair_seasonal
315398,ct_eversource_icos_fair_seasonal
383417,ct_eversource_icos_fair_seasonal
470663,ct_eversource_icos_fair_seasonal
141585,ct_eversource_icos_fair_seasonal
182146,ct_eversource_icos_fair_seasonal
183614,ct_eversource_icos_fair_seasonal
203584,ct_eversource_icos_fair_seasonal
329865,ct_eversource_icos_fair_seasonal
323295,ct_eversource_icos_fair_seasonal
248667,ct_eversource_icos_fair_seasonal
283431,ct_eversource_icos_fair_seasonal
378515,ct_eversource_icos_fair_seasonal
215434,ct_eversource_icos_fair_seasonal
229552,ct_eversource_icos_fair_seasonal
239802,ct_eversource_icos_fair_seasonal
267480,ct_eversource_icos_fair_seasonal
470066,ct_eversource_icos_fair_seasonal
389753,ct_eversource_icos_fair_seasonal
341661,ct_eversource_icos_fair_seasonal
401258,ct_eversource_icos_fair_seasonal
363956,ct_eversource_icos_fair_seasonal
400746,ct_eversource_icos_fair_seasonal
451538,ct_eversource_icos_fair_seasonal
469143,ct_eversource_icos_fair_seasonal
174372,ct_eversource_icos_fair_seasonal
190140,ct_eversource_icos_fair_seasonal
486593,ct_eversource_icos_fair_seasonal
496966,ct_eversource_icos_fair_seasonal
228430,ct_eversource_icos_fair_seasonal
211844,ct_eversource_icos_fair_seasonal
316476,ct_eversource_icos_fair_seasonal
352646,ct_eversource_icos_fair_seasonal
267057,ct_eversource_icos_fair_seasonal
424150,ct_eversource_icos_fair_seasonal
9068,ct_eversource_icos_fair_seasonal
12516,ct_eversource_icos_fair_seasonal
22036,ct_eversource_icos_fair_seasonal
38032,ct_eversource_icos_fair_seasonal
46519,ct_eversource_icos_fair_seasonal
355805,ct_eversource_icos_fair_seasonal
69863,ct_eversource_icos_fair_seasonal
195246,ct_eversource_icos_fair_seasonal
384795,ct_eversource_icos_fair_seasonal
81207,ct_eversource_icos_fair_seasonal
121069,ct_eversource_icos_fair_seasonal
137557,ct_eversource_icos_fair_seasonal
412269,ct_eversource_icos_fair_seasonal
222080,ct_eversource_icos_fair_seasonal
151621,ct_eversource_icos_fair_seasonal
159335,ct_eversource_icos_fair_seasonal
190271,ct_eversource_icos_fair_seasonal
387123,ct_eversource_icos_fair_seasonal
470504,ct_eversource_icos_fair_seasonal
426731,ct_eversource_icos_fair_seasonal
301199,ct_eversource_icos_fair_seasonal
394101,ct_eversource_icos_fair_seasonal
402346,ct_eversource_icos_fair_seasonal
424401,ct_eversource_icos_fair_seasonal
244714,ct_eversource_icos_fair_seasonal
250042,ct_eversource_icos_fair_seasonal
263666,ct_eversource_icos_fair_seasonal
474615,ct_eversource_icos_fair_seasonal
384475,ct_eversource_icos_fair_seasonal
452940,ct_eversource_icos_fair_seasonal
324722,ct_eversource_icos_fair_seasonal
386536,ct_eversource_icos_fair_seasonal
358191,ct_eversource_icos_fair_seasonal
420795,ct_eversource_icos_fair_seasonal
238269,ct_eversource_icos_fair_seasonal
341042,ct_eversource_icos_fair_seasonal
117949,ct_eversource_icos_fair_seasonal
400914,ct_eversource_icos_fair_seasonal
306251,ct_eversource_icos_fair_seasonal
464462,ct_eversource_icos_fair_seasonal
480646,ct_eversource_icos_fair_seasonal
484090,ct_eversource_icos_fair_seasonal
489118,ct_eversource_icos_fair_seasonal
515200,ct_eversource_icos_fair_seasonal
522925,ct_eversource_icos_fair_seasonal
532452,ct_eversource_icos_fair_seasonal
534455,ct_eversource_icos_fair_seasonal
549750,ct_eversource_icos_fair_seasonal
232686,ct_eversource_icos_fair_seasonal
358115,ct_eversource_icos_fair_seasonal
229569,ct_eversource_icos_fair_seasonal
365778,ct_eversource_icos_fair_seasonal
323811,ct_eversource_icos_fair_seasonal
164739,ct_eversource_icos_fair_seasonal
16566,ct_eversource_icos_fair_seasonal
30845,ct_eversource_icos_fair_seasonal
34449,ct_eversource_icos_fair_seasonal
346980,ct_eversource_icos_fair_seasonal
70214,ct_eversource_icos_fair_seasonal
74440,ct_eversource_icos_fair_seasonal
115750,ct_eversource_icos_fair_seasonal
118209,ct_eversource_icos_fair_seasonal
376626,ct_eversource_icos_fair_seasonal
152605,ct_eversource_icos_fair_seasonal
157844,ct_eversource_icos_fair_seasonal
192893,ct_eversource_icos_fair_seasonal
197325,ct_eversource_icos_fair_seasonal
255250,ct_eversource_icos_fair_seasonal
391357,ct_eversource_icos_fair_seasonal
208707,ct_eversource_icos_fair_seasonal
232840,ct_eversource_icos_fair_seasonal
239646,ct_eversource_icos_fair_seasonal
240549,ct_eversource_icos_fair_seasonal
449166,ct_eversource_icos_fair_seasonal
334532,ct_eversource_icos_fair_seasonal
307185,ct_eversource_icos_fair_seasonal
316309,ct_eversource_icos_fair_seasonal
354412,ct_eversource_icos_fair_seasonal
367624,ct_eversource_icos_fair_seasonal
394460,ct_eversource_icos_fair_seasonal
345352,ct_eversource_icos_fair_seasonal
378545,ct_eversource_icos_fair_seasonal
399724,ct_eversource_icos_fair_seasonal
393355,ct_eversource_icos_fair_seasonal
464951,ct_eversource_icos_fair_seasonal
472269,ct_eversource_icos_fair_seasonal
48305,ct_eversource_icos_fair_seasonal
65283,ct_eversource_icos_fair_seasonal
539987,ct_eversource_icos_fair_seasonal
478937,ct_eversource_icos_fair_seasonal
395002,ct_eversource_icos_fair_seasonal
334842,ct_eversource_icos_fair_seasonal
290529,ct_eversource_icos_fair_seasonal
480262,ct_eversource_icos_fair_seasonal
481669,ct_eversource_icos_fair_seasonal
496425,ct_eversource_icos_fair_seasonal
506937,ct_eversource_icos_fair_seasonal
517891,ct_eversource_icos_fair_seasonal
524928,ct_eversource_icos_fair_seasonal
543602,ct_eversource_icos_fair_seasonal
549100,ct_eversource_icos_fair_seasonal
37479,ct_eversource_icos_fair_seasonal
435437,ct_eversource_icos_fair_seasonal
150542,ct_eversource_icos_fair_seasonal
15817,ct_eversource_icos_fair_seasonal
18791,ct_eversource_icos_fair_seasonal
32152,ct_eversource_icos_fair_seasonal
81912,ct_eversource_icos_fair_seasonal
211,ct_eversource_icos_fair_seasonal
14448,ct_eversource_icos_fair_seasonal
15333,ct_eversource_icos_fair_seasonal
40980,ct_eversource_icos_fair_seasonal
50310,ct_eversource_icos_fair_seasonal
289769,ct_eversource_icos_fair_seasonal
373194,ct_eversource_icos_fair_seasonal
127446,ct_eversource_icos_fair_seasonal
148478,ct_eversource_icos_fair_seasonal
357958,ct_eversource_icos_fair_seasonal
393300,ct_eversource_icos_fair_seasonal
69340,ct_eversource_icos_fair_seasonal
117068,ct_eversource_icos_fair_seasonal
121534,ct_eversource_icos_fair_seasonal
126671,ct_eversource_icos_fair_seasonal
132619,ct_eversource_icos_fair_seasonal
262932,ct_eversource_icos_fair_seasonal
432173,ct_eversource_icos_fair_seasonal
167583,ct_eversource_icos_fair_seasonal
173926,ct_eversource_icos_fair_seasonal
187372,ct_eversource_icos_fair_seasonal
190285,ct_eversource_icos_fair_seasonal
199440,ct_eversource_icos_fair_seasonal
212567,ct_eversource_icos_fair_seasonal
215946,ct_eversource_icos_fair_seasonal
240509,ct_eversource_icos_fair_seasonal
302645,ct_eversource_icos_fair_seasonal
304170,ct_eversource_icos_fair_seasonal
342568,ct_eversource_icos_fair_seasonal
402180,ct_eversource_icos_fair_seasonal
421233,ct_eversource_icos_fair_seasonal
459199,ct_eversource_icos_fair_seasonal
463167,ct_eversource_icos_fair_seasonal
470038,ct_eversource_icos_fair_seasonal
135404,ct_eversource_icos_fair_seasonal
134461,ct_eversource_icos_fair_seasonal
183084,ct_eversource_icos_fair_seasonal
369885,ct_eversource_icos_fair_seasonal
308750,ct_eversource_icos_fair_seasonal
155840,ct_eversource_icos_fair_seasonal
481620,ct_eversource_icos_fair_seasonal
484587,ct_eversource_icos_fair_seasonal
490213,ct_eversource_icos_fair_seasonal
494950,ct_eversource_icos_fair_seasonal
495287,ct_eversource_icos_fair_seasonal
513768,ct_eversource_icos_fair_seasonal
514832,ct_eversource_icos_fair_seasonal
519075,ct_eversource_icos_fair_seasonal
530712,ct_eversource_icos_fair_seasonal
536511,ct_eversource_icos_fair_seasonal
537612,ct_eversource_icos_fair_seasonal
309661,ct_eversource_icos_fair_seasonal
323128,ct_eversource_icos_fair_seasonal
6446,ct_eversource_icos_fair_seasonal
7208,ct_eversource_icos_fair_seasonal
22336,ct_eversource_icos_fair_seasonal
39461,ct_eversource_icos_fair_seasonal
40390,ct_eversource_icos_fair_seasonal
41021,ct_eversource_icos_fair_seasonal
47418,ct_eversource_icos_fair_seasonal
50058,ct_eversource_icos_fair_seasonal
59367,ct_eversource_icos_fair_seasonal
63735,ct_eversource_icos_fair_seasonal
65969,ct_eversource_icos_fair_seasonal
78197,ct_eversource_icos_fair_seasonal
75852,ct_eversource_icos_fair_seasonal
298935,ct_eversource_icos_fair_seasonal
90983,ct_eversource_icos_fair_seasonal
155349,ct_eversource_icos_fair_seasonal
172826,ct_eversource_icos_fair_seasonal
431915,ct_eversource_icos_fair_seasonal
95305,ct_eversource_icos_fair_seasonal
104574,ct_eversource_icos_fair_seasonal
119723,ct_eversource_icos_fair_seasonal
448483,ct_eversource_icos_fair_seasonal
350044,ct_eversource_icos_fair_seasonal
429647,ct_eversource_icos_fair_seasonal
278775,ct_eversource_icos_fair_seasonal
142309,ct_eversource_icos_fair_seasonal
147150,ct_eversource_icos_fair_seasonal
179790,ct_eversource_icos_fair_seasonal
184916,ct_eversource_icos_fair_seasonal
317645,ct_eversource_icos_fair_seasonal
219771,ct_eversource_icos_fair_seasonal
206612,ct_eversource_icos_fair_seasonal
212003,ct_eversource_icos_fair_seasonal
249989,ct_eversource_icos_fair_seasonal
256589,ct_eversource_icos_fair_seasonal
407848,ct_eversource_icos_fair_seasonal
464659,ct_eversource_icos_fair_seasonal
360551,ct_eversource_icos_fair_seasonal
273593,ct_eversource_icos_fair_seasonal
295064,ct_eversource_icos_fair_seasonal
316187,ct_eversource_icos_fair_seasonal
328048,ct_eversource_icos_fair_seasonal
329145,ct_eversource_icos_fair_seasonal
406372,ct_eversource_icos_fair_seasonal
405100,ct_eversource_icos_fair_seasonal
411749,ct_eversource_icos_fair_seasonal
469342,ct_eversource_icos_fair_seasonal
391578,ct_eversource_icos_fair_seasonal
427507,ct_eversource_icos_fair_seasonal
435064,ct_eversource_icos_fair_seasonal
485873,ct_eversource_icos_fair_seasonal
392577,ct_eversource_icos_fair_seasonal
470466,ct_eversource_icos_fair_seasonal
491400,ct_eversource_icos_fair_seasonal
491805,ct_eversource_icos_fair_seasonal
501602,ct_eversource_icos_fair_seasonal
506193,ct_eversource_icos_fair_seasonal
513576,ct_eversource_icos_fair_seasonal
516816,ct_eversource_icos_fair_seasonal
541341,ct_eversource_icos_fair_seasonal
543573,ct_eversource_icos_fair_seasonal
479352,ct_eversource_icos_fair_seasonal
171899,ct_eversource_icos_fair_seasonal
306482,ct_eversource_icos_fair_seasonal
472161,ct_eversource_icos_fair_seasonal
40151,ct_eversource_icos_fair_seasonal
50606,ct_eversource_icos_fair_seasonal
116381,ct_eversource_icos_fair_seasonal
439904,ct_eversource_icos_fair_seasonal
431949,ct_eversource_icos_fair_seasonal
74282,ct_eversource_icos_fair_seasonal
96220,ct_eversource_icos_fair_seasonal
129035,ct_eversource_icos_fair_seasonal
228782,ct_eversource_icos_fair_seasonal
193975,ct_eversource_icos_fair_seasonal
222293,ct_eversource_icos_fair_seasonal
352952,ct_eversource_icos_fair_seasonal
145419,ct_eversource_icos_fair_seasonal
152274,ct_eversource_icos_fair_seasonal
169001,ct_eversource_icos_fair_seasonal
180312,ct_eversource_icos_fair_seasonal
184750,ct_eversource_icos_fair_seasonal
185183,ct_eversource_icos_fair_seasonal
185475,ct_eversource_icos_fair_seasonal
199994,ct_eversource_icos_fair_seasonal
367096,ct_eversource_icos_fair_seasonal
211791,ct_eversource_icos_fair_seasonal
212152,ct_eversource_icos_fair_seasonal
221411,ct_eversource_icos_fair_seasonal
262171,ct_eversource_icos_fair_seasonal
403554,ct_eversource_icos_fair_seasonal
297099,ct_eversource_icos_fair_seasonal
395566,ct_eversource_icos_fair_seasonal
436888,ct_eversource_icos_fair_seasonal
433001,ct_eversource_icos_fair_seasonal
463434,ct_eversource_icos_fair_seasonal
381275,ct_eversource_icos_fair_seasonal
363626,ct_eversource_icos_fair_seasonal
376625,ct_eversource_icos_fair_seasonal
461736,ct_eversource_icos_fair_seasonal
538180,ct_eversource_icos_fair_seasonal
27685,ct_eversource_icos_fair_seasonal
63824,ct_eversource_icos_fair_seasonal
33975,ct_eversource_icos_fair_seasonal
135245,ct_eversource_icos_fair_seasonal
499678,ct_eversource_icos_fair_seasonal
508519,ct_eversource_icos_fair_seasonal
536741,ct_eversource_icos_fair_seasonal
160389,ct_eversource_icos_fair_seasonal
243843,ct_eversource_icos_fair_seasonal
50980,ct_eversource_icos_fair_seasonal
118331,ct_eversource_icos_fair_seasonal
139207,ct_eversource_icos_fair_seasonal
239181,ct_eversource_icos_fair_seasonal
211338,ct_eversource_icos_fair_seasonal
345015,ct_eversource_icos_fair_seasonal
16458,ct_eversource_icos_fair_seasonal
44370,ct_eversource_icos_fair_seasonal
55013,ct_eversource_icos_fair_seasonal
473520,ct_eversource_icos_fair_seasonal
89545,ct_eversource_icos_fair_seasonal
118397,ct_eversource_icos_fair_seasonal
143600,ct_eversource_icos_fair_seasonal
154267,ct_eversource_icos_fair_seasonal
367868,ct_eversource_icos_fair_seasonal
71980,ct_eversource_icos_fair_seasonal
94223,ct_eversource_icos_fair_seasonal
95965,ct_eversource_icos_fair_seasonal
98080,ct_eversource_icos_fair_seasonal
105152,ct_eversource_icos_fair_seasonal
114551,ct_eversource_icos_fair_seasonal
229338,ct_eversource_icos_fair_seasonal
441434,ct_eversource_icos_fair_seasonal
151658,ct_eversource_icos_fair_seasonal
155445,ct_eversource_icos_fair_seasonal
157228,ct_eversource_icos_fair_seasonal
159069,ct_eversource_icos_fair_seasonal
173238,ct_eversource_icos_fair_seasonal
452740,ct_eversource_icos_fair_seasonal
464732,ct_eversource_icos_fair_seasonal
316418,ct_eversource_icos_fair_seasonal
206343,ct_eversource_icos_fair_seasonal
244258,ct_eversource_icos_fair_seasonal
245285,ct_eversource_icos_fair_seasonal
253681,ct_eversource_icos_fair_seasonal
310571,ct_eversource_icos_fair_seasonal
371827,ct_eversource_icos_fair_seasonal
307525,ct_eversource_icos_fair_seasonal
311215,ct_eversource_icos_fair_seasonal
311592,ct_eversource_icos_fair_seasonal
354362,ct_eversource_icos_fair_seasonal
378659,ct_eversource_icos_fair_seasonal
366960,ct_eversource_icos_fair_seasonal
391475,ct_eversource_icos_fair_seasonal
425521,ct_eversource_icos_fair_seasonal
111861,ct_eversource_icos_fair_seasonal
394663,ct_eversource_icos_fair_seasonal
459901,ct_eversource_icos_fair_seasonal
149533,ct_eversource_icos_fair_seasonal
462705,ct_eversource_icos_fair_seasonal
59815,ct_eversource_icos_fair_seasonal
78013,ct_eversource_icos_fair_seasonal
487589,ct_eversource_icos_fair_seasonal
497784,ct_eversource_icos_fair_seasonal
516407,ct_eversource_icos_fair_seasonal
528149,ct_eversource_icos_fair_seasonal
533746,ct_eversource_icos_fair_seasonal
534714,ct_eversource_icos_fair_seasonal
541287,ct_eversource_icos_fair_seasonal
35840,ct_eversource_icos_fair_seasonal
39627,ct_eversource_icos_fair_seasonal
4302,ct_eversource_icos_fair_seasonal
14078,ct_eversource_icos_fair_seasonal
22333,ct_eversource_icos_fair_seasonal
28578,ct_eversource_icos_fair_seasonal
37084,ct_eversource_icos_fair_seasonal
50614,ct_eversource_icos_fair_seasonal
425849,ct_eversource_icos_fair_seasonal
112660,ct_eversource_icos_fair_seasonal
72022,ct_eversource_icos_fair_seasonal
75679,ct_eversource_icos_fair_seasonal
76416,ct_eversource_icos_fair_seasonal
87758,ct_eversource_icos_fair_seasonal
95522,ct_eversource_icos_fair_seasonal
115436,ct_eversource_icos_fair_seasonal
136998,ct_eversource_icos_fair_seasonal
184457,ct_eversource_icos_fair_seasonal
441053,ct_eversource_icos_fair_seasonal
318154,ct_eversource_icos_fair_seasonal
324312,ct_eversource_icos_fair_seasonal
392290,ct_eversource_icos_fair_seasonal
150419,ct_eversource_icos_fair_seasonal
153589,ct_eversource_icos_fair_seasonal
157875,ct_eversource_icos_fair_seasonal
168553,ct_eversource_icos_fair_seasonal
174599,ct_eversource_icos_fair_seasonal
175251,ct_eversource_icos_fair_seasonal
189704,ct_eversource_icos_fair_seasonal
200504,ct_eversource_icos_fair_seasonal
202660,ct_eversource_icos_fair_seasonal
477554,ct_eversource_icos_fair_seasonal
223948,ct_eversource_icos_fair_seasonal
239531,ct_eversource_icos_fair_seasonal
208750,ct_eversource_icos_fair_seasonal
221053,ct_eversource_icos_fair_seasonal
228897,ct_eversource_icos_fair_seasonal
246844,ct_eversource_icos_fair_seasonal
263907,ct_eversource_icos_fair_seasonal
312217,ct_eversource_icos_fair_seasonal
398794,ct_eversource_icos_fair_seasonal
298286,ct_eversource_icos_fair_seasonal
339085,ct_eversource_icos_fair_seasonal
305199,ct_eversource_icos_fair_seasonal
311280,ct_eversource_icos_fair_seasonal
319249,ct_eversource_icos_fair_seasonal
466232,ct_eversource_icos_fair_seasonal
444253,ct_eversource_icos_fair_seasonal
353481,ct_eversource_icos_fair_seasonal
428866,ct_eversource_icos_fair_seasonal
370876,ct_eversource_icos_fair_seasonal
407385,ct_eversource_icos_fair_seasonal
458233,ct_eversource_icos_fair_seasonal
522759,ct_eversource_icos_fair_seasonal
336492,ct_eversource_icos_fair_seasonal
25471,ct_eversource_icos_fair_seasonal
445503,ct_eversource_icos_fair_seasonal
236366,ct_eversource_icos_fair_seasonal
496235,ct_eversource_icos_fair_seasonal
497440,ct_eversource_icos_fair_seasonal
500061,ct_eversource_icos_fair_seasonal
525855,ct_eversource_icos_fair_seasonal
532490,ct_eversource_icos_fair_seasonal
546407,ct_eversource_icos_fair_seasonal
59236,ct_eversource_icos_fair_seasonal
73909,ct_eversource_icos_fair_seasonal
335414,ct_eversource_icos_fair_seasonal
399139,ct_eversource_icos_fair_seasonal
426274,ct_eversource_icos_fair_seasonal
354241,ct_eversource_icos_fair_seasonal
16129,ct_eversource_icos_fair_seasonal
18640,ct_eversource_icos_fair_seasonal
58776,ct_eversource_icos_fair_seasonal
65684,ct_eversource_icos_fair_seasonal
186309,ct_eversource_icos_fair_seasonal
247034,ct_eversource_icos_fair_seasonal
392141,ct_eversource_icos_fair_seasonal
86487,ct_eversource_icos_fair_seasonal
98063,ct_eversource_icos_fair_seasonal
98649,ct_eversource_icos_fair_seasonal
122567,ct_eversource_icos_fair_seasonal
125295,ct_eversource_icos_fair_seasonal
286287,ct_eversource_icos_fair_seasonal
155714,ct_eversource_icos_fair_seasonal
470869,ct_eversource_icos_fair_seasonal
295864,ct_eversource_icos_fair_seasonal
227114,ct_eversource_icos_fair_seasonal
237171,ct_eversource_icos_fair_seasonal
260859,ct_eversource_icos_fair_seasonal
285879,ct_eversource_icos_fair_seasonal
285136,ct_eversource_icos_fair_seasonal
295688,ct_eversource_icos_fair_seasonal
434182,ct_eversource_icos_fair_seasonal
422218,ct_eversource_icos_fair_seasonal
396580,ct_eversource_icos_fair_seasonal
399590,ct_eversource_icos_fair_seasonal
404054,ct_eversource_icos_fair_seasonal
444551,ct_eversource_icos_fair_seasonal
454683,ct_eversource_icos_fair_seasonal
37201,ct_eversource_icos_fair_seasonal
414313,ct_eversource_icos_fair_seasonal
213885,ct_eversource_icos_fair_seasonal
103790,ct_eversource_icos_fair_seasonal
372222,ct_eversource_icos_fair_seasonal
290674,ct_eversource_icos_fair_seasonal
351414,ct_eversource_icos_fair_seasonal
500821,ct_eversource_icos_fair_seasonal
501798,ct_eversource_icos_fair_seasonal
510857,ct_eversource_icos_fair_seasonal
521195,ct_eversource_icos_fair_seasonal
529769,ct_eversource_icos_fair_seasonal
315166,ct_eversource_icos_fair_seasonal
123829,ct_eversource_icos_fair_seasonal
319120,ct_eversource_icos_fair_seasonal
118330,ct_eversource_icos_fair_seasonal
7290,ct_eversource_icos_fair_seasonal
16249,ct_eversource_icos_fair_seasonal
33802,ct_eversource_icos_fair_seasonal
34832,ct_eversource_icos_fair_seasonal
46489,ct_eversource_icos_fair_seasonal
58736,ct_eversource_icos_fair_seasonal
62035,ct_eversource_icos_fair_seasonal
285353,ct_eversource_icos_fair_seasonal
202735,ct_eversource_icos_fair_seasonal
281177,ct_eversource_icos_fair_seasonal
82213,ct_eversource_icos_fair_seasonal
83229,ct_eversource_icos_fair_seasonal
89352,ct_eversource_icos_fair_seasonal
101091,ct_eversource_icos_fair_seasonal
101832,ct_eversource_icos_fair_seasonal
135169,ct_eversource_icos_fair_seasonal
160432,ct_eversource_icos_fair_seasonal
189285,ct_eversource_icos_fair_seasonal
273185,ct_eversource_icos_fair_seasonal
143799,ct_eversource_icos_fair_seasonal
171838,ct_eversource_icos_fair_seasonal
370840,ct_eversource_icos_fair_seasonal
408920,ct_eversource_icos_fair_seasonal
156423,ct_eversource_icos_fair_seasonal
181185,ct_eversource_icos_fair_seasonal
185590,ct_eversource_icos_fair_seasonal
192384,ct_eversource_icos_fair_seasonal
378211,ct_eversource_icos_fair_seasonal
474009,ct_eversource_icos_fair_seasonal
218122,ct_eversource_icos_fair_seasonal
222848,ct_eversource_icos_fair_seasonal
322467,ct_eversource_icos_fair_seasonal
222977,ct_eversource_icos_fair_seasonal
306652,ct_eversource_icos_fair_seasonal
453341,ct_eversource_icos_fair_seasonal
311576,ct_eversource_icos_fair_seasonal
339991,ct_eversource_icos_fair_seasonal
362911,ct_eversource_icos_fair_seasonal
472670,ct_eversource_icos_fair_seasonal
363022,ct_eversource_icos_fair_seasonal
341216,ct_eversource_icos_fair_seasonal
225125,ct_eversource_icos_fair_seasonal
70925,ct_eversource_icos_fair_seasonal
369876,ct_eversource_icos_fair_seasonal
77453,ct_eversource_icos_fair_seasonal
507910,ct_eversource_icos_fair_seasonal
509097,ct_eversource_icos_fair_seasonal
515737,ct_eversource_icos_fair_seasonal
516081,ct_eversource_icos_fair_seasonal
520167,ct_eversource_icos_fair_seasonal
529924,ct_eversource_icos_fair_seasonal
533976,ct_eversource_icos_fair_seasonal
536595,ct_eversource_icos_fair_seasonal
538815,ct_eversource_icos_fair_seasonal
422044,ct_eversource_icos_fair_seasonal
198362,ct_eversource_icos_fair_seasonal
72463,ct_eversource_icos_fair_seasonal
199367,ct_eversource_icos_fair_seasonal
338462,ct_eversource_icos_fair_seasonal
396413,ct_eversource_icos_fair_seasonal
229468,ct_eversource_icos_fair_seasonal
299316,ct_eversource_icos_fair_seasonal
367796,ct_eversource_icos_fair_seasonal
200,ct_eversource_icos_fair_seasonal
1557,ct_eversource_icos_fair_seasonal
9239,ct_eversource_icos_fair_seasonal
11894,ct_eversource_icos_fair_seasonal
35861,ct_eversource_icos_fair_seasonal
52218,ct_eversource_icos_fair_seasonal
54234,ct_eversource_icos_fair_seasonal
59217,ct_eversource_icos_fair_seasonal
63124,ct_eversource_icos_fair_seasonal
200185,ct_eversource_icos_fair_seasonal
358363,ct_eversource_icos_fair_seasonal
384477,ct_eversource_icos_fair_seasonal
329852,ct_eversource_icos_fair_seasonal
421546,ct_eversource_icos_fair_seasonal
69843,ct_eversource_icos_fair_seasonal
76601,ct_eversource_icos_fair_seasonal
125933,ct_eversource_icos_fair_seasonal
127141,ct_eversource_icos_fair_seasonal
138474,ct_eversource_icos_fair_seasonal
187028,ct_eversource_icos_fair_seasonal
155639,ct_eversource_icos_fair_seasonal
310489,ct_eversource_icos_fair_seasonal
142637,ct_eversource_icos_fair_seasonal
158835,ct_eversource_icos_fair_seasonal
183595,ct_eversource_icos_fair_seasonal
182029,ct_eversource_icos_fair_seasonal
192198,ct_eversource_icos_fair_seasonal
440102,ct_eversource_icos_fair_seasonal
401767,ct_eversource_icos_fair_seasonal
470072,ct_eversource_icos_fair_seasonal
218121,ct_eversource_icos_fair_seasonal
331346,ct_eversource_icos_fair_seasonal
253910,ct_eversource_icos_fair_seasonal
259211,ct_eversource_icos_fair_seasonal
263527,ct_eversource_icos_fair_seasonal
458949,ct_eversource_icos_fair_seasonal
331662,ct_eversource_icos_fair_seasonal
426464,ct_eversource_icos_fair_seasonal
328476,ct_eversource_icos_fair_seasonal
339777,ct_eversource_icos_fair_seasonal
442387,ct_eversource_icos_fair_seasonal
375689,ct_eversource_icos_fair_seasonal
416144,ct_eversource_icos_fair_seasonal
419237,ct_eversource_icos_fair_seasonal
350167,ct_eversource_icos_fair_seasonal
360869,ct_eversource_icos_fair_seasonal
367759,ct_eversource_icos_fair_seasonal
368146,ct_eversource_icos_fair_seasonal
445274,ct_eversource_icos_fair_seasonal
50625,ct_eversource_icos_fair_seasonal
500559,ct_eversource_icos_fair_seasonal
479871,ct_eversource_icos_fair_seasonal
486851,ct_eversource_icos_fair_seasonal
488241,ct_eversource_icos_fair_seasonal
488252,ct_eversource_icos_fair_seasonal
492815,ct_eversource_icos_fair_seasonal
493825,ct_eversource_icos_fair_seasonal
509773,ct_eversource_icos_fair_seasonal
511861,ct_eversource_icos_fair_seasonal
541025,ct_eversource_icos_fair_seasonal
453817,ct_eversource_icos_fair_seasonal
284537,ct_eversource_icos_fair_seasonal
464296,ct_eversource_icos_fair_seasonal
284076,ct_eversource_icos_fair_seasonal
423805,ct_eversource_icos_fair_seasonal
291,ct_eversource_icos_fair_seasonal
31488,ct_eversource_icos_fair_seasonal
65781,ct_eversource_icos_fair_seasonal
124036,ct_eversource_icos_fair_seasonal
356635,ct_eversource_icos_fair_seasonal
287245,ct_eversource_icos_fair_seasonal
372830,ct_eversource_icos_fair_seasonal
100366,ct_eversource_icos_fair_seasonal
155993,ct_eversource_icos_fair_seasonal
371984,ct_eversource_icos_fair_seasonal
220710,ct_eversource_icos_fair_seasonal
257843,ct_eversource_icos_fair_seasonal
369473,ct_eversource_icos_fair_seasonal
74894,ct_eversource_icos_fair_seasonal
83009,ct_eversource_icos_fair_seasonal
101911,ct_eversource_icos_fair_seasonal
116503,ct_eversource_icos_fair_seasonal
431483,ct_eversource_icos_fair_seasonal
237540,ct_eversource_icos_fair_seasonal
297901,ct_eversource_icos_fair_seasonal
307563,ct_eversource_icos_fair_seasonal
438538,ct_eversource_icos_fair_seasonal
168438,ct_eversource_icos_fair_seasonal
174214,ct_eversource_icos_fair_seasonal
177282,ct_eversource_icos_fair_seasonal
180332,ct_eversource_icos_fair_seasonal
187297,ct_eversource_icos_fair_seasonal
293717,ct_eversource_icos_fair_seasonal
297944,ct_eversource_icos_fair_seasonal
470584,ct_eversource_icos_fair_seasonal
228832,ct_eversource_icos_fair_seasonal
240939,ct_eversource_icos_fair_seasonal
358880,ct_eversource_icos_fair_seasonal
351878,ct_eversource_icos_fair_seasonal
275297,ct_eversource_icos_fair_seasonal
290162,ct_eversource_icos_fair_seasonal
405147,ct_eversource_icos_fair_seasonal
212165,ct_eversource_icos_fair_seasonal
279395,ct_eversource_icos_fair_seasonal
87602,ct_eversource_icos_fair_seasonal
81115,ct_eversource_icos_fair_seasonal
484913,ct_eversource_icos_fair_seasonal
497464,ct_eversource_icos_fair_seasonal
527640,ct_eversource_icos_fair_seasonal
528278,ct_eversource_icos_fair_seasonal
529527,ct_eversource_icos_fair_seasonal
531839,ct_eversource_icos_fair_seasonal
540661,ct_eversource_icos_fair_seasonal
281847,ct_eversource_icos_fair_seasonal
73192,ct_eversource_icos_fair_seasonal
416365,ct_eversource_icos_fair_seasonal
11837,ct_eversource_icos_fair_seasonal
17497,ct_eversource_icos_fair_seasonal
30010,ct_eversource_icos_fair_seasonal
33746,ct_eversource_icos_fair_seasonal
34918,ct_eversource_icos_fair_seasonal
38142,ct_eversource_icos_fair_seasonal
40624,ct_eversource_icos_fair_seasonal
49861,ct_eversource_icos_fair_seasonal
54242,ct_eversource_icos_fair_seasonal
55603,ct_eversource_icos_fair_seasonal
59281,ct_eversource_icos_fair_seasonal
61520,ct_eversource_icos_fair_seasonal
400851,ct_eversource_icos_fair_seasonal
191944,ct_eversource_icos_fair_seasonal
127053,ct_eversource_icos_fair_seasonal
111927,ct_eversource_icos_fair_seasonal
73136,ct_eversource_icos_fair_seasonal
77051,ct_eversource_icos_fair_seasonal
78515,ct_eversource_icos_fair_seasonal
82080,ct_eversource_icos_fair_seasonal
83064,ct_eversource_icos_fair_seasonal
86045,ct_eversource_icos_fair_seasonal
89345,ct_eversource_icos_fair_seasonal
90132,ct_eversource_icos_fair_seasonal
128027,ct_eversource_icos_fair_seasonal
270211,ct_eversource_icos_fair_seasonal
365114,ct_eversource_icos_fair_seasonal
354905,ct_eversource_icos_fair_seasonal
148361,ct_eversource_icos_fair_seasonal
166250,ct_eversource_icos_fair_seasonal
185642,ct_eversource_icos_fair_seasonal
190755,ct_eversource_icos_fair_seasonal
201019,ct_eversource_icos_fair_seasonal
395189,ct_eversource_icos_fair_seasonal
233043,ct_eversource_icos_fair_seasonal
347846,ct_eversource_icos_fair_seasonal
452661,ct_eversource_icos_fair_seasonal
373113,ct_eversource_icos_fair_seasonal
447191,ct_eversource_icos_fair_seasonal
219782,ct_eversource_icos_fair_seasonal
225935,ct_eversource_icos_fair_seasonal
263100,ct_eversource_icos_fair_seasonal
363921,ct_eversource_icos_fair_seasonal
452982,ct_eversource_icos_fair_seasonal
314882,ct_eversource_icos_fair_seasonal
324161,ct_eversource_icos_fair_seasonal
470125,ct_eversource_icos_fair_seasonal
348631,ct_eversource_icos_fair_seasonal
357505,ct_eversource_icos_fair_seasonal
540005,ct_eversource_icos_fair_seasonal
544805,ct_eversource_icos_fair_seasonal
149118,ct_eversource_icos_fair_seasonal
199547,ct_eversource_icos_fair_seasonal
196743,ct_eversource_icos_fair_seasonal
336843,ct_eversource_icos_fair_seasonal
494331,ct_eversource_icos_fair_seasonal
497828,ct_eversource_icos_fair_seasonal
507033,ct_eversource_icos_fair_seasonal
519174,ct_eversource_icos_fair_seasonal
521563,ct_eversource_icos_fair_seasonal
523784,ct_eversource_icos_fair_seasonal
525758,ct_eversource_icos_fair_seasonal
532040,ct_eversource_icos_fair_seasonal
543612,ct_eversource_icos_fair_seasonal
43585,ct_eversource_icos_fair_seasonal
304933,ct_eversource_icos_fair_seasonal
286440,ct_eversource_icos_fair_seasonal
225154,ct_eversource_icos_fair_seasonal
285569,ct_eversource_icos_fair_seasonal
435832,ct_eversource_icos_fair_seasonal
438671,ct_eversource_icos_fair_seasonal
14667,ct_eversource_icos_fair_seasonal
17783,ct_eversource_icos_fair_seasonal
18396,ct_eversource_icos_fair_seasonal
24243,ct_eversource_icos_fair_seasonal
25243,ct_eversource_icos_fair_seasonal
33335,ct_eversource_icos_fair_seasonal
39292,ct_eversource_icos_fair_seasonal
41856,ct_eversource_icos_fair_seasonal
56804,ct_eversource_icos_fair_seasonal
327151,ct_eversource_icos_fair_seasonal
104339,ct_eversource_icos_fair_seasonal
358936,ct_eversource_icos_fair_seasonal
76537,ct_eversource_icos_fair_seasonal
108209,ct_eversource_icos_fair_seasonal
196174,ct_eversource_icos_fair_seasonal
364713,ct_eversource_icos_fair_seasonal
324201,ct_eversource_icos_fair_seasonal
85046,ct_eversource_icos_fair_seasonal
105564,ct_eversource_icos_fair_seasonal
110621,ct_eversource_icos_fair_seasonal
119790,ct_eversource_icos_fair_seasonal
265109,ct_eversource_icos_fair_seasonal
171290,ct_eversource_icos_fair_seasonal
185331,ct_eversource_icos_fair_seasonal
334170,ct_eversource_icos_fair_seasonal
433495,ct_eversource_icos_fair_seasonal
243667,ct_eversource_icos_fair_seasonal
383227,ct_eversource_icos_fair_seasonal
397988,ct_eversource_icos_fair_seasonal
345863,ct_eversource_icos_fair_seasonal
404287,ct_eversource_icos_fair_seasonal
376629,ct_eversource_icos_fair_seasonal
446641,ct_eversource_icos_fair_seasonal
284894,ct_eversource_icos_fair_seasonal
306937,ct_eversource_icos_fair_seasonal
332434,ct_eversource_icos_fair_seasonal
338882,ct_eversource_icos_fair_seasonal
5568,ct_eversource_icos_fair_seasonal
328282,ct_eversource_icos_fair_seasonal
481543,ct_eversource_icos_fair_seasonal
486773,ct_eversource_icos_fair_seasonal
488167,ct_eversource_icos_fair_seasonal
493789,ct_eversource_icos_fair_seasonal
499154,ct_eversource_icos_fair_seasonal
507577,ct_eversource_icos_fair_seasonal
525872,ct_eversource_icos_fair_seasonal
536928,ct_eversource_icos_fair_seasonal
542247,ct_eversource_icos_fair_seasonal
543479,ct_eversource_icos_fair_seasonal
547249,ct_eversource_icos_fair_seasonal
41853,ct_eversource_icos_fair_seasonal
55863,ct_eversource_icos_fair_seasonal
142960,ct_eversource_icos_fair_seasonal
466791,ct_eversource_icos_fair_seasonal
205028,ct_eversource_icos_fair_seasonal
409981,ct_eversource_icos_fair_seasonal
11040,ct_eversource_icos_fair_seasonal
20853,ct_eversource_icos_fair_seasonal
22039,ct_eversource_icos_fair_seasonal
41739,ct_eversource_icos_fair_seasonal
188641,ct_eversource_icos_fair_seasonal
258575,ct_eversource_icos_fair_seasonal
378747,ct_eversource_icos_fair_seasonal
366762,ct_eversource_icos_fair_seasonal
340707,ct_eversource_icos_fair_seasonal
202822,ct_eversource_icos_fair_seasonal
260078,ct_eversource_icos_fair_seasonal
69678,ct_eversource_icos_fair_seasonal
72825,ct_eversource_icos_fair_seasonal
111471,ct_eversource_icos_fair_seasonal
126281,ct_eversource_icos_fair_seasonal
129128,ct_eversource_icos_fair_seasonal
135467,ct_eversource_icos_fair_seasonal
177297,ct_eversource_icos_fair_seasonal
275965,ct_eversource_icos_fair_seasonal
208237,ct_eversource_icos_fair_seasonal
298341,ct_eversource_icos_fair_seasonal
164172,ct_eversource_icos_fair_seasonal
354115,ct_eversource_icos_fair_seasonal
162080,ct_eversource_icos_fair_seasonal
196123,ct_eversource_icos_fair_seasonal
212274,ct_eversource_icos_fair_seasonal
431784,ct_eversource_icos_fair_seasonal
210755,ct_eversource_icos_fair_seasonal
298137,ct_eversource_icos_fair_seasonal
308672,ct_eversource_icos_fair_seasonal
469372,ct_eversource_icos_fair_seasonal
316973,ct_eversource_icos_fair_seasonal
79787,ct_eversource_icos_fair_seasonal
480676,ct_eversource_icos_fair_seasonal
485585,ct_eversource_icos_fair_seasonal
491580,ct_eversource_icos_fair_seasonal
491860,ct_eversource_icos_fair_seasonal
500080,ct_eversource_icos_fair_seasonal
533884,ct_eversource_icos_fair_seasonal
542451,ct_eversource_icos_fair_seasonal
547131,ct_eversource_icos_fair_seasonal
140345,ct_eversource_icos_fair_seasonal
433531,ct_eversource_icos_fair_seasonal
155788,ct_eversource_icos_fair_seasonal
255390,ct_eversource_icos_fair_seasonal
321704,ct_eversource_icos_fair_seasonal
355741,ct_eversource_icos_fair_seasonal
425160,ct_eversource_icos_fair_seasonal
15805,ct_eversource_icos_fair_seasonal
54730,ct_eversource_icos_fair_seasonal
62509,ct_eversource_icos_fair_seasonal
64887,ct_eversource_icos_fair_seasonal
472345,ct_eversource_icos_fair_seasonal
213812,ct_eversource_icos_fair_seasonal
430962,ct_eversource_icos_fair_seasonal
442203,ct_eversource_icos_fair_seasonal
354209,ct_eversource_icos_fair_seasonal
396968,ct_eversource_icos_fair_seasonal
91412,ct_eversource_icos_fair_seasonal
97893,ct_eversource_icos_fair_seasonal
123755,ct_eversource_icos_fair_seasonal
201000,ct_eversource_icos_fair_seasonal
321439,ct_eversource_icos_fair_seasonal
340968,ct_eversource_icos_fair_seasonal
220253,ct_eversource_icos_fair_seasonal
432077,ct_eversource_icos_fair_seasonal
150667,ct_eversource_icos_fair_seasonal
155186,ct_eversource_icos_fair_seasonal
194343,ct_eversource_icos_fair_seasonal
203059,ct_eversource_icos_fair_seasonal
465998,ct_eversource_icos_fair_seasonal
279834,ct_eversource_icos_fair_seasonal
208748,ct_eversource_icos_fair_seasonal
235147,ct_eversource_icos_fair_seasonal
241599,ct_eversource_icos_fair_seasonal
258342,ct_eversource_icos_fair_seasonal
282830,ct_eversource_icos_fair_seasonal
392680,ct_eversource_icos_fair_seasonal
405059,ct_eversource_icos_fair_seasonal
535941,ct_eversource_icos_fair_seasonal
309261,ct_eversource_icos_fair_seasonal
288809,ct_eversource_icos_fair_seasonal
446358,ct_eversource_icos_fair_seasonal
59424,ct_eversource_icos_fair_seasonal
73983,ct_eversource_icos_fair_seasonal
186642,ct_eversource_icos_fair_seasonal
483180,ct_eversource_icos_fair_seasonal
500949,ct_eversource_icos_fair_seasonal
501088,ct_eversource_icos_fair_seasonal
520667,ct_eversource_icos_fair_seasonal
525765,ct_eversource_icos_fair_seasonal
528639,ct_eversource_icos_fair_seasonal
39750,ct_eversource_icos_fair_seasonal
84216,ct_eversource_icos_fair_seasonal
376122,ct_eversource_icos_fair_seasonal
255015,ct_eversource_icos_fair_seasonal
224556,ct_eversource_icos_fair_seasonal
445573,ct_eversource_icos_fair_seasonal
32979,ct_eversource_icos_fair_seasonal
44052,ct_eversource_icos_fair_seasonal
51656,ct_eversource_icos_fair_seasonal
386668,ct_eversource_icos_fair_seasonal
124950,ct_eversource_icos_fair_seasonal
184311,ct_eversource_icos_fair_seasonal
199728,ct_eversource_icos_fair_seasonal
273267,ct_eversource_icos_fair_seasonal
284408,ct_eversource_icos_fair_seasonal
95248,ct_eversource_icos_fair_seasonal
123593,ct_eversource_icos_fair_seasonal
129025,ct_eversource_icos_fair_seasonal
153369,ct_eversource_icos_fair_seasonal
158485,ct_eversource_icos_fair_seasonal
285979,ct_eversource_icos_fair_seasonal
429365,ct_eversource_icos_fair_seasonal
313092,ct_eversource_icos_fair_seasonal
325831,ct_eversource_icos_fair_seasonal
404459,ct_eversource_icos_fair_seasonal
152628,ct_eversource_icos_fair_seasonal
174056,ct_eversource_icos_fair_seasonal
174828,ct_eversource_icos_fair_seasonal
182134,ct_eversource_icos_fair_seasonal
201713,ct_eversource_icos_fair_seasonal
471490,ct_eversource_icos_fair_seasonal
382113,ct_eversource_icos_fair_seasonal
373683,ct_eversource_icos_fair_seasonal
350702,ct_eversource_icos_fair_seasonal
240613,ct_eversource_icos_fair_seasonal
364174,ct_eversource_icos_fair_seasonal
428852,ct_eversource_icos_fair_seasonal
288352,ct_eversource_icos_fair_seasonal
294624,ct_eversource_icos_fair_seasonal
301257,ct_eversource_icos_fair_seasonal
305611,ct_eversource_icos_fair_seasonal
311667,ct_eversource_icos_fair_seasonal
334796,ct_eversource_icos_fair_seasonal
337197,ct_eversource_icos_fair_seasonal
429563,ct_eversource_icos_fair_seasonal
508910,ct_eversource_icos_fair_seasonal
543443,ct_eversource_icos_fair_seasonal
522532,ct_eversource_icos_fair_seasonal
37269,ct_eversource_icos_fair_seasonal
182730,ct_eversource_icos_fair_seasonal
500993,ct_eversource_icos_fair_seasonal
535156,ct_eversource_icos_fair_seasonal
548491,ct_eversource_icos_fair_seasonal
91637,ct_eversource_icos_fair_seasonal
116156,ct_eversource_icos_fair_seasonal
143147,ct_eversource_icos_fair_seasonal
362768,ct_eversource_icos_fair_seasonal
208637,ct_eversource_icos_fair_seasonal
273033,ct_eversource_icos_fair_seasonal
294096,ct_eversource_icos_fair_seasonal
3,ct_eversource_icos_fair_seasonal
3680,ct_eversource_icos_fair_seasonal
4184,ct_eversource_icos_fair_seasonal
50936,ct_eversource_icos_fair_seasonal
434483,ct_eversource_icos_fair_seasonal
144559,ct_eversource_icos_fair_seasonal
373956,ct_eversource_icos_fair_seasonal
204933,ct_eversource_icos_fair_seasonal
329417,ct_eversource_icos_fair_seasonal
291370,ct_eversource_icos_fair_seasonal
95477,ct_eversource_icos_fair_seasonal
96514,ct_eversource_icos_fair_seasonal
129014,ct_eversource_icos_fair_seasonal
130871,ct_eversource_icos_fair_seasonal
157426,ct_eversource_icos_fair_seasonal
295792,ct_eversource_icos_fair_seasonal
355528,ct_eversource_icos_fair_seasonal
344643,ct_eversource_icos_fair_seasonal
442187,ct_eversource_icos_fair_seasonal
160713,ct_eversource_icos_fair_seasonal
167028,ct_eversource_icos_fair_seasonal
167366,ct_eversource_icos_fair_seasonal
174054,ct_eversource_icos_fair_seasonal
184030,ct_eversource_icos_fair_seasonal
201559,ct_eversource_icos_fair_seasonal
294431,ct_eversource_icos_fair_seasonal
380932,ct_eversource_icos_fair_seasonal
263450,ct_eversource_icos_fair_seasonal
247683,ct_eversource_icos_fair_seasonal
252897,ct_eversource_icos_fair_seasonal
256731,ct_eversource_icos_fair_seasonal
274090,ct_eversource_icos_fair_seasonal
287812,ct_eversource_icos_fair_seasonal
288517,ct_eversource_icos_fair_seasonal
419321,ct_eversource_icos_fair_seasonal
436974,ct_eversource_icos_fair_seasonal
398296,ct_eversource_icos_fair_seasonal
355513,ct_eversource_icos_fair_seasonal
371306,ct_eversource_icos_fair_seasonal
407636,ct_eversource_icos_fair_seasonal
411577,ct_eversource_icos_fair_seasonal
455532,ct_eversource_icos_fair_seasonal
458842,ct_eversource_icos_fair_seasonal
80147,ct_eversource_icos_fair_seasonal
56074,ct_eversource_icos_fair_seasonal
197242,ct_eversource_icos_fair_seasonal
438807,ct_eversource_icos_fair_seasonal
197995,ct_eversource_icos_fair_seasonal
479705,ct_eversource_icos_fair_seasonal
505035,ct_eversource_icos_fair_seasonal
509667,ct_eversource_icos_fair_seasonal
541018,ct_eversource_icos_fair_seasonal
548464,ct_eversource_icos_fair_seasonal
549975,ct_eversource_icos_fair_seasonal
159782,ct_eversource_icos_fair_seasonal
197476,ct_eversource_icos_fair_seasonal
252631,ct_eversource_icos_fair_seasonal
427703,ct_eversource_icos_fair_seasonal
2159,ct_eversource_icos_fair_seasonal
10324,ct_eversource_icos_fair_seasonal
10917,ct_eversource_icos_fair_seasonal
12676,ct_eversource_icos_fair_seasonal
15784,ct_eversource_icos_fair_seasonal
30020,ct_eversource_icos_fair_seasonal
67799,ct_eversource_icos_fair_seasonal
325241,ct_eversource_icos_fair_seasonal
261304,ct_eversource_icos_fair_seasonal
279714,ct_eversource_icos_fair_seasonal
376097,ct_eversource_icos_fair_seasonal
77215,ct_eversource_icos_fair_seasonal
90122,ct_eversource_icos_fair_seasonal
134582,ct_eversource_icos_fair_seasonal
478785,ct_eversource_icos_fair_seasonal
415966,ct_eversource_icos_fair_seasonal
155461,ct_eversource_icos_fair_seasonal
392054,ct_eversource_icos_fair_seasonal
414202,ct_eversource_icos_fair_seasonal
287206,ct_eversource_icos_fair_seasonal
364281,ct_eversource_icos_fair_seasonal
146454,ct_eversource_icos_fair_seasonal
165797,ct_eversource_icos_fair_seasonal
178062,ct_eversource_icos_fair_seasonal
182100,ct_eversource_icos_fair_seasonal
183820,ct_eversource_icos_fair_seasonal
195409,ct_eversource_icos_fair_seasonal
197924,ct_eversource_icos_fair_seasonal
202021,ct_eversource_icos_fair_seasonal
277653,ct_eversource_icos_fair_seasonal
354610,ct_eversource_icos_fair_seasonal
387751,ct_eversource_icos_fair_seasonal
224838,ct_eversource_icos_fair_seasonal
237004,ct_eversource_icos_fair_seasonal
268518,ct_eversource_icos_fair_seasonal
425535,ct_eversource_icos_fair_seasonal
317543,ct_eversource_icos_fair_seasonal
456103,ct_eversource_icos_fair_seasonal
451425,ct_eversource_icos_fair_seasonal
449972,ct_eversource_icos_fair_seasonal
306142,ct_eversource_icos_fair_seasonal
311293,ct_eversource_icos_fair_seasonal
340179,ct_eversource_icos_fair_seasonal
421245,ct_eversource_icos_fair_seasonal
272643,ct_eversource_icos_fair_seasonal
406990,ct_eversource_icos_fair_seasonal
203770,ct_eversource_icos_fair_seasonal
384391,ct_eversource_icos_fair_seasonal
451143,ct_eversource_icos_fair_seasonal
143951,ct_eversource_icos_fair_seasonal
194587,ct_eversource_icos_fair_seasonal
511846,ct_eversource_icos_fair_seasonal
517671,ct_eversource_icos_fair_seasonal
37601,ct_eversource_icos_fair_seasonal
137283,ct_eversource_icos_fair_seasonal
74455,ct_eversource_icos_fair_seasonal
351306,ct_eversource_icos_fair_seasonal
316463,ct_eversource_icos_fair_seasonal
217354,ct_eversource_icos_fair_seasonal
448947,ct_eversource_icos_fair_seasonal
4492,ct_eversource_icos_fair_seasonal
18617,ct_eversource_icos_fair_seasonal
22557,ct_eversource_icos_fair_seasonal
25414,ct_eversource_icos_fair_seasonal
36856,ct_eversource_icos_fair_seasonal
38051,ct_eversource_icos_fair_seasonal
56990,ct_eversource_icos_fair_seasonal
64892,ct_eversource_icos_fair_seasonal
227785,ct_eversource_icos_fair_seasonal
131249,ct_eversource_icos_fair_seasonal
74727,ct_eversource_icos_fair_seasonal
75359,ct_eversource_icos_fair_seasonal
92327,ct_eversource_icos_fair_seasonal
103990,ct_eversource_icos_fair_seasonal
118415,ct_eversource_icos_fair_seasonal
134240,ct_eversource_icos_fair_seasonal
183174,ct_eversource_icos_fair_seasonal
395638,ct_eversource_icos_fair_seasonal
283387,ct_eversource_icos_fair_seasonal
291638,ct_eversource_icos_fair_seasonal
297747,ct_eversource_icos_fair_seasonal
168741,ct_eversource_icos_fair_seasonal
168762,ct_eversource_icos_fair_seasonal
310594,ct_eversource_icos_fair_seasonal
349937,ct_eversource_icos_fair_seasonal
339605,ct_eversource_icos_fair_seasonal
237430,ct_eversource_icos_fair_seasonal
238047,ct_eversource_icos_fair_seasonal
247443,ct_eversource_icos_fair_seasonal
262661,ct_eversource_icos_fair_seasonal
386156,ct_eversource_icos_fair_seasonal
406111,ct_eversource_icos_fair_seasonal
416179,ct_eversource_icos_fair_seasonal
286184,ct_eversource_icos_fair_seasonal
471273,ct_eversource_icos_fair_seasonal
341891,ct_eversource_icos_fair_seasonal
389503,ct_eversource_icos_fair_seasonal
430754,ct_eversource_icos_fair_seasonal
422295,ct_eversource_icos_fair_seasonal
372478,ct_eversource_icos_fair_seasonal
459622,ct_eversource_icos_fair_seasonal
472469,ct_eversource_icos_fair_seasonal
444274,ct_eversource_icos_fair_seasonal
490807,ct_eversource_icos_fair_seasonal
501737,ct_eversource_icos_fair_seasonal
518108,ct_eversource_icos_fair_seasonal
520632,ct_eversource_icos_fair_seasonal
153291,ct_eversource_icos_fair_seasonal
118110,ct_eversource_icos_fair_seasonal
14925,ct_eversource_icos_fair_seasonal
225818,ct_eversource_icos_fair_seasonal
386461,ct_eversource_icos_fair_seasonal
6131,ct_eversource_icos_fair_seasonal
14108,ct_eversource_icos_fair_seasonal
44983,ct_eversource_icos_fair_seasonal
47276,ct_eversource_icos_fair_seasonal
53391,ct_eversource_icos_fair_seasonal
226848,ct_eversource_icos_fair_seasonal
417405,ct_eversource_icos_fair_seasonal
83670,ct_eversource_icos_fair_seasonal
84258,ct_eversource_icos_fair_seasonal
91503,ct_eversource_icos_fair_seasonal
127474,ct_eversource_icos_fair_seasonal
132458,ct_eversource_icos_fair_seasonal
444331,ct_eversource_icos_fair_seasonal
323764,ct_eversource_icos_fair_seasonal
400806,ct_eversource_icos_fair_seasonal
162745,ct_eversource_icos_fair_seasonal
168862,ct_eversource_icos_fair_seasonal
170333,ct_eversource_icos_fair_seasonal
179383,ct_eversource_icos_fair_seasonal
213429,ct_eversource_icos_fair_seasonal
293494,ct_eversource_icos_fair_seasonal
322629,ct_eversource_icos_fair_seasonal
433647,ct_eversource_icos_fair_seasonal
227285,ct_eversource_icos_fair_seasonal
241376,ct_eversource_icos_fair_seasonal
244706,ct_eversource_icos_fair_seasonal
259034,ct_eversource_icos_fair_seasonal
364125,ct_eversource_icos_fair_seasonal
382597,ct_eversource_icos_fair_seasonal
292528,ct_eversource_icos_fair_seasonal
428595,ct_eversource_icos_fair_seasonal
346111,ct_eversource_icos_fair_seasonal
355276,ct_eversource_icos_fair_seasonal
359410,ct_eversource_icos_fair_seasonal
392872,ct_eversource_icos_fair_seasonal
455479,ct_eversource_icos_fair_seasonal
429509,ct_eversource_icos_fair_seasonal
418596,ct_eversource_icos_fair_seasonal
160369,ct_eversource_icos_fair_seasonal
437649,ct_eversource_icos_fair_seasonal
488712,ct_eversource_icos_fair_seasonal
492174,ct_eversource_icos_fair_seasonal
511480,ct_eversource_icos_fair_seasonal
514774,ct_eversource_icos_fair_seasonal
515089,ct_eversource_icos_fair_seasonal
541330,ct_eversource_icos_fair_seasonal
68385,ct_eversource_icos_fair_seasonal
200777,ct_eversource_icos_fair_seasonal
125377,ct_eversource_icos_fair_seasonal
383535,ct_eversource_icos_fair_seasonal
20877,ct_eversource_icos_fair_seasonal
34869,ct_eversource_icos_fair_seasonal
152346,ct_eversource_icos_fair_seasonal
365579,ct_eversource_icos_fair_seasonal
355922,ct_eversource_icos_fair_seasonal
466938,ct_eversource_icos_fair_seasonal
6006,ct_eversource_icos_fair_seasonal
11579,ct_eversource_icos_fair_seasonal
18638,ct_eversource_icos_fair_seasonal
38423,ct_eversource_icos_fair_seasonal
46316,ct_eversource_icos_fair_seasonal
49344,ct_eversource_icos_fair_seasonal
53756,ct_eversource_icos_fair_seasonal
137475,ct_eversource_icos_fair_seasonal
232187,ct_eversource_icos_fair_seasonal
161590,ct_eversource_icos_fair_seasonal
185492,ct_eversource_icos_fair_seasonal
91343,ct_eversource_icos_fair_seasonal
111993,ct_eversource_icos_fair_seasonal
112137,ct_eversource_icos_fair_seasonal
118333,ct_eversource_icos_fair_seasonal
383008,ct_eversource_icos_fair_seasonal
235990,ct_eversource_icos_fair_seasonal
260676,ct_eversource_icos_fair_seasonal
278202,ct_eversource_icos_fair_seasonal
287978,ct_eversource_icos_fair_seasonal
161773,ct_eversource_icos_fair_seasonal
172980,ct_eversource_icos_fair_seasonal
174657,ct_eversource_icos_fair_seasonal
178154,ct_eversource_icos_fair_seasonal
183175,ct_eversource_icos_fair_seasonal
186040,ct_eversource_icos_fair_seasonal
459282,ct_eversource_icos_fair_seasonal
257990,ct_eversource_icos_fair_seasonal
206499,ct_eversource_icos_fair_seasonal
273047,ct_eversource_icos_fair_seasonal
232099,ct_eversource_icos_fair_seasonal
242165,ct_eversource_icos_fair_seasonal
261714,ct_eversource_icos_fair_seasonal
442875,ct_eversource_icos_fair_seasonal
349315,ct_eversource_icos_fair_seasonal
324099,ct_eversource_icos_fair_seasonal
472333,ct_eversource_icos_fair_seasonal
397389,ct_eversource_icos_fair_seasonal
401111,ct_eversource_icos_fair_seasonal
473602,ct_eversource_icos_fair_seasonal
209998,ct_eversource_icos_fair_seasonal
247231,ct_eversource_icos_fair_seasonal
424280,ct_eversource_icos_fair_seasonal
442632,ct_eversource_icos_fair_seasonal
48334,ct_eversource_icos_fair_seasonal
152001,ct_eversource_icos_fair_seasonal
370969,ct_eversource_icos_fair_seasonal
253855,ct_eversource_icos_fair_seasonal
507419,ct_eversource_icos_fair_seasonal
542121,ct_eversource_icos_fair_seasonal
22542,ct_eversource_icos_fair_seasonal
163354,ct_eversource_icos_fair_seasonal
2331,ct_eversource_icos_fair_seasonal
33756,ct_eversource_icos_fair_seasonal
324957,ct_eversource_icos_fair_seasonal
423800,ct_eversource_icos_fair_seasonal
391901,ct_eversource_icos_fair_seasonal
251450,ct_eversource_icos_fair_seasonal
414703,ct_eversource_icos_fair_seasonal
8517,ct_eversource_icos_fair_seasonal
18789,ct_eversource_icos_fair_seasonal
38654,ct_eversource_icos_fair_seasonal
41298,ct_eversource_icos_fair_seasonal
41654,ct_eversource_icos_fair_seasonal
144750,ct_eversource_icos_fair_seasonal
113238,ct_eversource_icos_fair_seasonal
283170,ct_eversource_icos_fair_seasonal
182059,ct_eversource_icos_fair_seasonal
263809,ct_eversource_icos_fair_seasonal
380283,ct_eversource_icos_fair_seasonal
75752,ct_eversource_icos_fair_seasonal
80492,ct_eversource_icos_fair_seasonal
82999,ct_eversource_icos_fair_seasonal
91086,ct_eversource_icos_fair_seasonal
98635,ct_eversource_icos_fair_seasonal
138666,ct_eversource_icos_fair_seasonal
426522,ct_eversource_icos_fair_seasonal
291808,ct_eversource_icos_fair_seasonal
294442,ct_eversource_icos_fair_seasonal
379198,ct_eversource_icos_fair_seasonal
180424,ct_eversource_icos_fair_seasonal
188598,ct_eversource_icos_fair_seasonal
322780,ct_eversource_icos_fair_seasonal
296548,ct_eversource_icos_fair_seasonal
321632,ct_eversource_icos_fair_seasonal
216043,ct_eversource_icos_fair_seasonal
211818,ct_eversource_icos_fair_seasonal
212363,ct_eversource_icos_fair_seasonal
247246,ct_eversource_icos_fair_seasonal
261873,ct_eversource_icos_fair_seasonal
306840,ct_eversource_icos_fair_seasonal
316939,ct_eversource_icos_fair_seasonal
318293,ct_eversource_icos_fair_seasonal
319862,ct_eversource_icos_fair_seasonal
377552,ct_eversource_icos_fair_seasonal
457069,ct_eversource_icos_fair_seasonal
454450,ct_eversource_icos_fair_seasonal
94511,ct_eversource_icos_fair_seasonal
459393,ct_eversource_icos_fair_seasonal
354094,ct_eversource_icos_fair_seasonal
17456,ct_eversource_icos_fair_seasonal
85263,ct_eversource_icos_fair_seasonal
498113,ct_eversource_icos_fair_seasonal
452470,ct_eversource_icos_fair_seasonal
451605,ct_eversource_icos_fair_seasonal
489275,ct_eversource_icos_fair_seasonal
515115,ct_eversource_icos_fair_seasonal
516089,ct_eversource_icos_fair_seasonal
517481,ct_eversource_icos_fair_seasonal
528448,ct_eversource_icos_fair_seasonal
530363,ct_eversource_icos_fair_seasonal
530368,ct_eversource_icos_fair_seasonal
537099,ct_eversource_icos_fair_seasonal
545017,ct_eversource_icos_fair_seasonal
546827,ct_eversource_icos_fair_seasonal
151858,ct_eversource_icos_fair_seasonal
113786,ct_eversource_icos_fair_seasonal
69832,ct_eversource_icos_fair_seasonal
23780,ct_eversource_icos_fair_seasonal
42412,ct_eversource_icos_fair_seasonal
79425,ct_eversource_icos_fair_seasonal
153049,ct_eversource_icos_fair_seasonal
274091,ct_eversource_icos_fair_seasonal
388109,ct_eversource_icos_fair_seasonal
5874,ct_eversource_icos_fair_seasonal
7747,ct_eversource_icos_fair_seasonal
19349,ct_eversource_icos_fair_seasonal
24633,ct_eversource_icos_fair_seasonal
25944,ct_eversource_icos_fair_seasonal
49252,ct_eversource_icos_fair_seasonal
50065,ct_eversource_icos_fair_seasonal
464573,ct_eversource_icos_fair_seasonal
114190,ct_eversource_icos_fair_seasonal
247456,ct_eversource_icos_fair_seasonal
113353,ct_eversource_icos_fair_seasonal
129535,ct_eversource_icos_fair_seasonal
467830,ct_eversource_icos_fair_seasonal
205970,ct_eversource_icos_fair_seasonal
145676,ct_eversource_icos_fair_seasonal
295621,ct_eversource_icos_fair_seasonal
215692,ct_eversource_icos_fair_seasonal
397261,ct_eversource_icos_fair_seasonal
147077,ct_eversource_icos_fair_seasonal
166660,ct_eversource_icos_fair_seasonal
173168,ct_eversource_icos_fair_seasonal
312302,ct_eversource_icos_fair_seasonal
206973,ct_eversource_icos_fair_seasonal
220103,ct_eversource_icos_fair_seasonal
230972,ct_eversource_icos_fair_seasonal
247788,ct_eversource_icos_fair_seasonal
260563,ct_eversource_icos_fair_seasonal
408458,ct_eversource_icos_fair_seasonal
276001,ct_eversource_icos_fair_seasonal
281725,ct_eversource_icos_fair_seasonal
284925,ct_eversource_icos_fair_seasonal
288367,ct_eversource_icos_fair_seasonal
312827,ct_eversource_icos_fair_seasonal
420746,ct_eversource_icos_fair_seasonal
342529,ct_eversource_icos_fair_seasonal
6355,ct_eversource_icos_fair_seasonal
348692,ct_eversource_icos_fair_seasonal
488710,ct_eversource_icos_fair_seasonal
491777,ct_eversource_icos_fair_seasonal
497136,ct_eversource_icos_fair_seasonal
503915,ct_eversource_icos_fair_seasonal
506159,ct_eversource_icos_fair_seasonal
507856,ct_eversource_icos_fair_seasonal
519281,ct_eversource_icos_fair_seasonal
535929,ct_eversource_icos_fair_seasonal
539452,ct_eversource_icos_fair_seasonal
542913,ct_eversource_icos_fair_seasonal
545195,ct_eversource_icos_fair_seasonal
117421,ct_eversource_icos_fair_seasonal
72930,ct_eversource_icos_fair_seasonal
119339,ct_eversource_icos_fair_seasonal
441634,ct_eversource_icos_fair_seasonal
2353,ct_eversource_icos_fair_seasonal
6735,ct_eversource_icos_fair_seasonal
12771,ct_eversource_icos_fair_seasonal
23352,ct_eversource_icos_fair_seasonal
51039,ct_eversource_icos_fair_seasonal
53172,ct_eversource_icos_fair_seasonal
55303,ct_eversource_icos_fair_seasonal
56732,ct_eversource_icos_fair_seasonal
57750,ct_eversource_icos_fair_seasonal
60316,ct_eversource_icos_fair_seasonal
120819,ct_eversource_icos_fair_seasonal
450863,ct_eversource_icos_fair_seasonal
240630,ct_eversource_icos_fair_seasonal
255366,ct_eversource_icos_fair_seasonal
450335,ct_eversource_icos_fair_seasonal
69628,ct_eversource_icos_fair_seasonal
79407,ct_eversource_icos_fair_seasonal
113586,ct_eversource_icos_fair_seasonal
118532,ct_eversource_icos_fair_seasonal
122421,ct_eversource_icos_fair_seasonal
435576,ct_eversource_icos_fair_seasonal
311711,ct_eversource_icos_fair_seasonal
249777,ct_eversource_icos_fair_seasonal
165585,ct_eversource_icos_fair_seasonal
184229,ct_eversource_icos_fair_seasonal
190193,ct_eversource_icos_fair_seasonal
336679,ct_eversource_icos_fair_seasonal
242264,ct_eversource_icos_fair_seasonal
333302,ct_eversource_icos_fair_seasonal
338234,ct_eversource_icos_fair_seasonal
424934,ct_eversource_icos_fair_seasonal
438705,ct_eversource_icos_fair_seasonal
442434,ct_eversource_icos_fair_seasonal
459979,ct_eversource_icos_fair_seasonal
392014,ct_eversource_icos_fair_seasonal
398961,ct_eversource_icos_fair_seasonal
319853,ct_eversource_icos_fair_seasonal
336599,ct_eversource_icos_fair_seasonal
243549,ct_eversource_icos_fair_seasonal
481626,ct_eversource_icos_fair_seasonal
502694,ct_eversource_icos_fair_seasonal
507271,ct_eversource_icos_fair_seasonal
515768,ct_eversource_icos_fair_seasonal
518965,ct_eversource_icos_fair_seasonal
522279,ct_eversource_icos_fair_seasonal
303466,ct_eversource_icos_fair_seasonal
85078,ct_eversource_icos_fair_seasonal
98947,ct_eversource_icos_fair_seasonal
229435,ct_eversource_icos_fair_seasonal
342719,ct_eversource_icos_fair_seasonal
401878,ct_eversource_icos_fair_seasonal
13358,ct_eversource_icos_fair_seasonal
25909,ct_eversource_icos_fair_seasonal
29081,ct_eversource_icos_fair_seasonal
30941,ct_eversource_icos_fair_seasonal
47532,ct_eversource_icos_fair_seasonal
372736,ct_eversource_icos_fair_seasonal
413311,ct_eversource_icos_fair_seasonal
193067,ct_eversource_icos_fair_seasonal
225651,ct_eversource_icos_fair_seasonal
103158,ct_eversource_icos_fair_seasonal
406897,ct_eversource_icos_fair_seasonal
381913,ct_eversource_icos_fair_seasonal
213567,ct_eversource_icos_fair_seasonal
146027,ct_eversource_icos_fair_seasonal
261746,ct_eversource_icos_fair_seasonal
267179,ct_eversource_icos_fair_seasonal
387630,ct_eversource_icos_fair_seasonal
142334,ct_eversource_icos_fair_seasonal
160218,ct_eversource_icos_fair_seasonal
311861,ct_eversource_icos_fair_seasonal
203802,ct_eversource_icos_fair_seasonal
268067,ct_eversource_icos_fair_seasonal
340100,ct_eversource_icos_fair_seasonal
208333,ct_eversource_icos_fair_seasonal
214815,ct_eversource_icos_fair_seasonal
224901,ct_eversource_icos_fair_seasonal
228449,ct_eversource_icos_fair_seasonal
243076,ct_eversource_icos_fair_seasonal
255106,ct_eversource_icos_fair_seasonal
364523,ct_eversource_icos_fair_seasonal
273834,ct_eversource_icos_fair_seasonal
298079,ct_eversource_icos_fair_seasonal
303938,ct_eversource_icos_fair_seasonal
425189,ct_eversource_icos_fair_seasonal
376346,ct_eversource_icos_fair_seasonal
401487,ct_eversource_icos_fair_seasonal
401641,ct_eversource_icos_fair_seasonal
472886,ct_eversource_icos_fair_seasonal
372954,ct_eversource_icos_fair_seasonal
440596,ct_eversource_icos_fair_seasonal
427998,ct_eversource_icos_fair_seasonal
120756,ct_eversource_icos_fair_seasonal
235345,ct_eversource_icos_fair_seasonal
150839,ct_eversource_icos_fair_seasonal
202653,ct_eversource_icos_fair_seasonal
481914,ct_eversource_icos_fair_seasonal
482224,ct_eversource_icos_fair_seasonal
506716,ct_eversource_icos_fair_seasonal
526202,ct_eversource_icos_fair_seasonal
529244,ct_eversource_icos_fair_seasonal
529288,ct_eversource_icos_fair_seasonal
545953,ct_eversource_icos_fair_seasonal
184904,ct_eversource_icos_fair_seasonal
45589,ct_eversource_icos_fair_seasonal
419677,ct_eversource_icos_fair_seasonal
115641,ct_eversource_icos_fair_seasonal
230905,ct_eversource_icos_fair_seasonal
369753,ct_eversource_icos_fair_seasonal
286777,ct_eversource_icos_fair_seasonal
290509,ct_eversource_icos_fair_seasonal
19111,ct_eversource_icos_fair_seasonal
28921,ct_eversource_icos_fair_seasonal
29861,ct_eversource_icos_fair_seasonal
38697,ct_eversource_icos_fair_seasonal
53696,ct_eversource_icos_fair_seasonal
59436,ct_eversource_icos_fair_seasonal
61741,ct_eversource_icos_fair_seasonal
423330,ct_eversource_icos_fair_seasonal
458993,ct_eversource_icos_fair_seasonal
196327,ct_eversource_icos_fair_seasonal
222831,ct_eversource_icos_fair_seasonal
388469,ct_eversource_icos_fair_seasonal
197131,ct_eversource_icos_fair_seasonal
217829,ct_eversource_icos_fair_seasonal
455241,ct_eversource_icos_fair_seasonal
73452,ct_eversource_icos_fair_seasonal
74901,ct_eversource_icos_fair_seasonal
110154,ct_eversource_icos_fair_seasonal
326141,ct_eversource_icos_fair_seasonal
316039,ct_eversource_icos_fair_seasonal
424701,ct_eversource_icos_fair_seasonal
147830,ct_eversource_icos_fair_seasonal
157722,ct_eversource_icos_fair_seasonal
302297,ct_eversource_icos_fair_seasonal
344139,ct_eversource_icos_fair_seasonal
404969,ct_eversource_icos_fair_seasonal
212627,ct_eversource_icos_fair_seasonal
213583,ct_eversource_icos_fair_seasonal
227854,ct_eversource_icos_fair_seasonal
265280,ct_eversource_icos_fair_seasonal
378152,ct_eversource_icos_fair_seasonal
469054,ct_eversource_icos_fair_seasonal
364547,ct_eversource_icos_fair_seasonal
297740,ct_eversource_icos_fair_seasonal
398195,ct_eversource_icos_fair_seasonal
342553,ct_eversource_icos_fair_seasonal
384627,ct_eversource_icos_fair_seasonal
391612,ct_eversource_icos_fair_seasonal
446647,ct_eversource_icos_fair_seasonal
433008,ct_eversource_icos_fair_seasonal
459169,ct_eversource_icos_fair_seasonal
240166,ct_eversource_icos_fair_seasonal
190719,ct_eversource_icos_fair_seasonal
1618,ct_eversource_icos_fair_seasonal
79489,ct_eversource_icos_fair_seasonal
449707,ct_eversource_icos_fair_seasonal
144417,ct_eversource_icos_fair_seasonal
481229,ct_eversource_icos_fair_seasonal
494455,ct_eversource_icos_fair_seasonal
500022,ct_eversource_icos_fair_seasonal
509329,ct_eversource_icos_fair_seasonal
515929,ct_eversource_icos_fair_seasonal
520926,ct_eversource_icos_fair_seasonal
521090,ct_eversource_icos_fair_seasonal
521675,ct_eversource_icos_fair_seasonal
528178,ct_eversource_icos_fair_seasonal
548742,ct_eversource_icos_fair_seasonal
96117,ct_eversource_icos_fair_seasonal
65617,ct_eversource_icos_fair_seasonal
391602,ct_eversource_icos_fair_seasonal
432525,ct_eversource_icos_fair_seasonal
356159,ct_eversource_icos_fair_seasonal
38824,ct_eversource_icos_fair_seasonal
43359,ct_eversource_icos_fair_seasonal
65340,ct_eversource_icos_fair_seasonal
247002,ct_eversource_icos_fair_seasonal
215511,ct_eversource_icos_fair_seasonal
300792,ct_eversource_icos_fair_seasonal
87526,ct_eversource_icos_fair_seasonal
118684,ct_eversource_icos_fair_seasonal
128230,ct_eversource_icos_fair_seasonal
469812,ct_eversource_icos_fair_seasonal
326045,ct_eversource_icos_fair_seasonal
166055,ct_eversource_icos_fair_seasonal
391030,ct_eversource_icos_fair_seasonal
427192,ct_eversource_icos_fair_seasonal
150302,ct_eversource_icos_fair_seasonal
188714,ct_eversource_icos_fair_seasonal
193621,ct_eversource_icos_fair_seasonal
198211,ct_eversource_icos_fair_seasonal
200121,ct_eversource_icos_fair_seasonal
392310,ct_eversource_icos_fair_seasonal
435778,ct_eversource_icos_fair_seasonal
299542,ct_eversource_icos_fair_seasonal
210322,ct_eversource_icos_fair_seasonal
256413,ct_eversource_icos_fair_seasonal
442655,ct_eversource_icos_fair_seasonal
204042,ct_eversource_icos_fair_seasonal
236241,ct_eversource_icos_fair_seasonal
242745,ct_eversource_icos_fair_seasonal
344862,ct_eversource_icos_fair_seasonal
323900,ct_eversource_icos_fair_seasonal
370970,ct_eversource_icos_fair_seasonal
289684,ct_eversource_icos_fair_seasonal
314179,ct_eversource_icos_fair_seasonal
331622,ct_eversource_icos_fair_seasonal
368741,ct_eversource_icos_fair_seasonal
374909,ct_eversource_icos_fair_seasonal
420246,ct_eversource_icos_fair_seasonal
473583,ct_eversource_icos_fair_seasonal
467445,ct_eversource_icos_fair_seasonal
463508,ct_eversource_icos_fair_seasonal
400567,ct_eversource_icos_fair_seasonal
181849,ct_eversource_icos_fair_seasonal
210821,ct_eversource_icos_fair_seasonal
477037,ct_eversource_icos_fair_seasonal
429335,ct_eversource_icos_fair_seasonal
485987,ct_eversource_icos_fair_seasonal
490023,ct_eversource_icos_fair_seasonal
491812,ct_eversource_icos_fair_seasonal
496679,ct_eversource_icos_fair_seasonal
508700,ct_eversource_icos_fair_seasonal
509179,ct_eversource_icos_fair_seasonal
510889,ct_eversource_icos_fair_seasonal
522181,ct_eversource_icos_fair_seasonal
146340,ct_eversource_icos_fair_seasonal
34968,ct_eversource_icos_fair_seasonal
35534,ct_eversource_icos_fair_seasonal
86661,ct_eversource_icos_fair_seasonal
276084,ct_eversource_icos_fair_seasonal
296281,ct_eversource_icos_fair_seasonal
395100,ct_eversource_icos_fair_seasonal
3541,ct_eversource_icos_fair_seasonal
17977,ct_eversource_icos_fair_seasonal
33151,ct_eversource_icos_fair_seasonal
47391,ct_eversource_icos_fair_seasonal
56055,ct_eversource_icos_fair_seasonal
57127,ct_eversource_icos_fair_seasonal
65356,ct_eversource_icos_fair_seasonal
178636,ct_eversource_icos_fair_seasonal
191502,ct_eversource_icos_fair_seasonal
291466,ct_eversource_icos_fair_seasonal
77386,ct_eversource_icos_fair_seasonal
89322,ct_eversource_icos_fair_seasonal
97626,ct_eversource_icos_fair_seasonal
106008,ct_eversource_icos_fair_seasonal
111495,ct_eversource_icos_fair_seasonal
114466,ct_eversource_icos_fair_seasonal
122130,ct_eversource_icos_fair_seasonal
164847,ct_eversource_icos_fair_seasonal
199144,ct_eversource_icos_fair_seasonal
264377,ct_eversource_icos_fair_seasonal
212514,ct_eversource_icos_fair_seasonal
402480,ct_eversource_icos_fair_seasonal
214704,ct_eversource_icos_fair_seasonal
236211,ct_eversource_icos_fair_seasonal
242992,ct_eversource_icos_fair_seasonal
246494,ct_eversource_icos_fair_seasonal
256628,ct_eversource_icos_fair_seasonal
258719,ct_eversource_icos_fair_seasonal
265729,ct_eversource_icos_fair_seasonal
426200,ct_eversource_icos_fair_seasonal
344692,ct_eversource_icos_fair_seasonal
294803,ct_eversource_icos_fair_seasonal
300239,ct_eversource_icos_fair_seasonal
338920,ct_eversource_icos_fair_seasonal
411184,ct_eversource_icos_fair_seasonal
468578,ct_eversource_icos_fair_seasonal
436830,ct_eversource_icos_fair_seasonal
422754,ct_eversource_icos_fair_seasonal
460731,ct_eversource_icos_fair_seasonal
344757,ct_eversource_icos_fair_seasonal
423963,ct_eversource_icos_fair_seasonal
479042,ct_eversource_icos_fair_seasonal
423277,ct_eversource_icos_fair_seasonal
223628,ct_eversource_icos_fair_seasonal
82784,ct_eversource_icos_fair_seasonal
485567,ct_eversource_icos_fair_seasonal
509191,ct_eversource_icos_fair_seasonal
518242,ct_eversource_icos_fair_seasonal
538651,ct_eversource_icos_fair_seasonal
97983,ct_eversource_icos_fair_seasonal
374858,ct_eversource_icos_fair_seasonal
57591,ct_eversource_icos_fair_seasonal
72386,ct_eversource_icos_fair_seasonal
15308,ct_eversource_icos_fair_seasonal
24359,ct_eversource_icos_fair_seasonal
33656,ct_eversource_icos_fair_seasonal
38464,ct_eversource_icos_fair_seasonal
53416,ct_eversource_icos_fair_seasonal
214531,ct_eversource_icos_fair_seasonal
455015,ct_eversource_icos_fair_seasonal
141134,ct_eversource_icos_fair_seasonal
172539,ct_eversource_icos_fair_seasonal
229392,ct_eversource_icos_fair_seasonal
74609,ct_eversource_icos_fair_seasonal
86256,ct_eversource_icos_fair_seasonal
98518,ct_eversource_icos_fair_seasonal
117728,ct_eversource_icos_fair_seasonal
119363,ct_eversource_icos_fair_seasonal
417089,ct_eversource_icos_fair_seasonal
399111,ct_eversource_icos_fair_seasonal
266085,ct_eversource_icos_fair_seasonal
314854,ct_eversource_icos_fair_seasonal
217939,ct_eversource_icos_fair_seasonal
451442,ct_eversource_icos_fair_seasonal
181938,ct_eversource_icos_fair_seasonal
186718,ct_eversource_icos_fair_seasonal
187198,ct_eversource_icos_fair_seasonal
311511,ct_eversource_icos_fair_seasonal
214841,ct_eversource_icos_fair_seasonal
220866,ct_eversource_icos_fair_seasonal
260715,ct_eversource_icos_fair_seasonal
290399,ct_eversource_icos_fair_seasonal
321428,ct_eversource_icos_fair_seasonal
229380,ct_eversource_icos_fair_seasonal
231877,ct_eversource_icos_fair_seasonal
320188,ct_eversource_icos_fair_seasonal
369627,ct_eversource_icos_fair_seasonal
388184,ct_eversource_icos_fair_seasonal
323431,ct_eversource_icos_fair_seasonal
359327,ct_eversource_icos_fair_seasonal
375050,ct_eversource_icos_fair_seasonal
374158,ct_eversource_icos_fair_seasonal
436129,ct_eversource_icos_fair_seasonal
451839,ct_eversource_icos_fair_seasonal
437068,ct_eversource_icos_fair_seasonal
448708,ct_eversource_icos_fair_seasonal
69195,ct_eversource_icos_fair_seasonal
299903,ct_eversource_icos_fair_seasonal
399175,ct_eversource_icos_fair_seasonal
346923,ct_eversource_icos_fair_seasonal
202969,ct_eversource_icos_fair_seasonal
493423,ct_eversource_icos_fair_seasonal
510448,ct_eversource_icos_fair_seasonal
510706,ct_eversource_icos_fair_seasonal
529661,ct_eversource_icos_fair_seasonal
530449,ct_eversource_icos_fair_seasonal
549806,ct_eversource_icos_fair_seasonal
549835,ct_eversource_icos_fair_seasonal
440996,ct_eversource_icos_fair_seasonal
349192,ct_eversource_icos_fair_seasonal
435263,ct_eversource_icos_fair_seasonal
1753,ct_eversource_icos_fair_seasonal
5675,ct_eversource_icos_fair_seasonal
7382,ct_eversource_icos_fair_seasonal
15092,ct_eversource_icos_fair_seasonal
22842,ct_eversource_icos_fair_seasonal
27095,ct_eversource_icos_fair_seasonal
36577,ct_eversource_icos_fair_seasonal
46946,ct_eversource_icos_fair_seasonal
52549,ct_eversource_icos_fair_seasonal
97910,ct_eversource_icos_fair_seasonal
123138,ct_eversource_icos_fair_seasonal
135137,ct_eversource_icos_fair_seasonal
451699,ct_eversource_icos_fair_seasonal
277625,ct_eversource_icos_fair_seasonal
87012,ct_eversource_icos_fair_seasonal
107878,ct_eversource_icos_fair_seasonal
114385,ct_eversource_icos_fair_seasonal
125327,ct_eversource_icos_fair_seasonal
201522,ct_eversource_icos_fair_seasonal
435727,ct_eversource_icos_fair_seasonal
393590,ct_eversource_icos_fair_seasonal
157515,ct_eversource_icos_fair_seasonal
164330,ct_eversource_icos_fair_seasonal
178008,ct_eversource_icos_fair_seasonal
186949,ct_eversource_icos_fair_seasonal
236236,ct_eversource_icos_fair_seasonal
383106,ct_eversource_icos_fair_seasonal
211466,ct_eversource_icos_fair_seasonal
248229,ct_eversource_icos_fair_seasonal
206613,ct_eversource_icos_fair_seasonal
211296,ct_eversource_icos_fair_seasonal
418864,ct_eversource_icos_fair_seasonal
341314,ct_eversource_icos_fair_seasonal
277830,ct_eversource_icos_fair_seasonal
423425,ct_eversource_icos_fair_seasonal
347101,ct_eversource_icos_fair_seasonal
462968,ct_eversource_icos_fair_seasonal
346546,ct_eversource_icos_fair_seasonal
473004,ct_eversource_icos_fair_seasonal
458835,ct_eversource_icos_fair_seasonal
417109,ct_eversource_icos_fair_seasonal
451888,ct_eversource_icos_fair_seasonal
169513,ct_eversource_icos_fair_seasonal
399645,ct_eversource_icos_fair_seasonal
332638,ct_eversource_icos_fair_seasonal
190191,ct_eversource_icos_fair_seasonal
483469,ct_eversource_icos_fair_seasonal
485821,ct_eversource_icos_fair_seasonal
488486,ct_eversource_icos_fair_seasonal
493625,ct_eversource_icos_fair_seasonal
495633,ct_eversource_icos_fair_seasonal
501831,ct_eversource_icos_fair_seasonal
522681,ct_eversource_icos_fair_seasonal
527183,ct_eversource_icos_fair_seasonal
530718,ct_eversource_icos_fair_seasonal
539784,ct_eversource_icos_fair_seasonal
541267,ct_eversource_icos_fair_seasonal
335915,ct_eversource_icos_fair_seasonal
351701,ct_eversource_icos_fair_seasonal
78972,ct_eversource_icos_fair_seasonal
301513,ct_eversource_icos_fair_seasonal
379843,ct_eversource_icos_fair_seasonal
17442,ct_eversource_icos_fair_seasonal
23785,ct_eversource_icos_fair_seasonal
29127,ct_eversource_icos_fair_seasonal
37236,ct_eversource_icos_fair_seasonal
52323,ct_eversource_icos_fair_seasonal
57583,ct_eversource_icos_fair_seasonal
67815,ct_eversource_icos_fair_seasonal
138634,ct_eversource_icos_fair_seasonal
255969,ct_eversource_icos_fair_seasonal
340686,ct_eversource_icos_fair_seasonal
426326,ct_eversource_icos_fair_seasonal
103275,ct_eversource_icos_fair_seasonal
108193,ct_eversource_icos_fair_seasonal
129812,ct_eversource_icos_fair_seasonal
136565,ct_eversource_icos_fair_seasonal
398557,ct_eversource_icos_fair_seasonal
155082,ct_eversource_icos_fair_seasonal
281821,ct_eversource_icos_fair_seasonal
256232,ct_eversource_icos_fair_seasonal
263519,ct_eversource_icos_fair_seasonal
431614,ct_eversource_icos_fair_seasonal
363685,ct_eversource_icos_fair_seasonal
368774,ct_eversource_icos_fair_seasonal
372529,ct_eversource_icos_fair_seasonal
353972,ct_eversource_icos_fair_seasonal
450463,ct_eversource_icos_fair_seasonal
395583,ct_eversource_icos_fair_seasonal
141414,ct_eversource_icos_fair_seasonal
138525,ct_eversource_icos_fair_seasonal
338689,ct_eversource_icos_fair_seasonal
481042,ct_eversource_icos_fair_seasonal
485209,ct_eversource_icos_fair_seasonal
486935,ct_eversource_icos_fair_seasonal
493305,ct_eversource_icos_fair_seasonal
500206,ct_eversource_icos_fair_seasonal
501485,ct_eversource_icos_fair_seasonal
502931,ct_eversource_icos_fair_seasonal
504826,ct_eversource_icos_fair_seasonal
531550,ct_eversource_icos_fair_seasonal
536674,ct_eversource_icos_fair_seasonal
168337,ct_eversource_icos_fair_seasonal
155155,ct_eversource_icos_fair_seasonal
462858,ct_eversource_icos_fair_seasonal
20008,ct_eversource_icos_fair_seasonal
27576,ct_eversource_icos_fair_seasonal
46808,ct_eversource_icos_fair_seasonal
54219,ct_eversource_icos_fair_seasonal
63562,ct_eversource_icos_fair_seasonal
108307,ct_eversource_icos_fair_seasonal
214795,ct_eversource_icos_fair_seasonal
459216,ct_eversource_icos_fair_seasonal
90920,ct_eversource_icos_fair_seasonal
155318,ct_eversource_icos_fair_seasonal
186954,ct_eversource_icos_fair_seasonal
331581,ct_eversource_icos_fair_seasonal
84846,ct_eversource_icos_fair_seasonal
92537,ct_eversource_icos_fair_seasonal
260482,ct_eversource_icos_fair_seasonal
342344,ct_eversource_icos_fair_seasonal
286987,ct_eversource_icos_fair_seasonal
291615,ct_eversource_icos_fair_seasonal
440914,ct_eversource_icos_fair_seasonal
148380,ct_eversource_icos_fair_seasonal
167564,ct_eversource_icos_fair_seasonal
200967,ct_eversource_icos_fair_seasonal
203226,ct_eversource_icos_fair_seasonal
212160,ct_eversource_icos_fair_seasonal
315941,ct_eversource_icos_fair_seasonal
207843,ct_eversource_icos_fair_seasonal
253841,ct_eversource_icos_fair_seasonal
308289,ct_eversource_icos_fair_seasonal
326629,ct_eversource_icos_fair_seasonal
465633,ct_eversource_icos_fair_seasonal
312400,ct_eversource_icos_fair_seasonal
368288,ct_eversource_icos_fair_seasonal
421364,ct_eversource_icos_fair_seasonal
471317,ct_eversource_icos_fair_seasonal
