bldg_id,tariff_key
335511,ct_eversource_hp_flat_epmc_passthrough_calibrated
338527,ct_eversource_hp_flat_epmc_passthrough_calibrated
347846,ct_eversource_hp_flat_epmc_passthrough_calibrated
358270,ct_eversource_hp_flat_epmc_passthrough_calibrated
365114,ct_eversource_hp_flat_epmc_passthrough_calibrated
368774,ct_eversource_hp_flat_epmc_passthrough_calibrated
370969,ct_eversource_hp_flat_epmc_passthrough_calibrated
386117,ct_eversource_hp_flat_epmc_passthrough_calibrated
392014,ct_eversource_hp_flat_epmc_passthrough_calibrated
407848,ct_eversource_hp_flat_epmc_passthrough_calibrated
233255,ct_eversource_hp_flat_epmc_passthrough_calibrated
363729,ct_eversource_hp_flat_epmc_passthrough_calibrated
431483,ct_eversource_hp_flat_epmc_passthrough_calibrated
435727,ct_eversource_hp_flat_epmc_passthrough_calibrated
438705,ct_eversource_hp_flat_epmc_passthrough_calibrated
451447,ct_eversource_hp_flat_epmc_passthrough_calibrated
521719,ct_eversource_hp_flat_epmc_passthrough_calibrated
538815,ct_eversource_hp_flat_epmc_passthrough_calibrated
543573,ct_eversource_hp_flat_epmc_passthrough_calibrated
549806,ct_eversource_hp_flat_epmc_passthrough_calibrated
89983,ct_eversource_hp_flat_epmc_passthrough_calibrated
104498,ct_eversource_hp_flat_epmc_passthrough_calibrated
113670,ct_eversource_hp_flat_epmc_passthrough_calibrated
278202,ct_eversource_hp_flat_epmc_passthrough_calibrated
240613,ct_eversource_hp_flat_epmc_passthrough_calibrated
195409,ct_eversource_hp_flat_epmc_passthrough_calibrated
255015,ct_eversource_hp_flat_epmc_passthrough_calibrated
247090,ct_eversource_hp_flat_epmc_passthrough_calibrated
344139,ct_eversource_hp_flat_epmc_passthrough_calibrated
147706,ct_eversource_hp_flat_epmc_passthrough_calibrated
249989,ct_eversource_hp_flat_epmc_passthrough_calibrated
257990,ct_eversource_hp_flat_epmc_passthrough_calibrated
467445,ct_eversource_hp_flat_epmc_passthrough_calibrated
523423,ct_eversource_hp_flat_epmc_passthrough_calibrated
43941,ct_eversource_hp_flat_epmc_passthrough_calibrated
78995,ct_eversource_hp_flat_epmc_passthrough_calibrated
96534,ct_eversource_hp_flat_epmc_passthrough_calibrated
130227,ct_eversource_hp_flat_epmc_passthrough_calibrated
289326,ct_eversource_hp_flat_epmc_passthrough_calibrated
305372,ct_eversource_hp_flat_epmc_passthrough_calibrated
309750,ct_eversource_hp_flat_epmc_passthrough_calibrated
365579,ct_eversource_hp_flat_epmc_passthrough_calibrated
154304,ct_eversource_hp_flat_epmc_passthrough_calibrated
484832,ct_eversource_hp_flat_epmc_passthrough_calibrated
113353,ct_eversource_hp_flat_epmc_passthrough_calibrated
30403,ct_eversource_hp_flat_epmc_passthrough_calibrated
291,ct_eversource_hp_flat_epmc_passthrough_calibrated
442306,ct_eversource_hp_flat_epmc_passthrough_calibrated
448734,ct_eversource_hp_flat_epmc_passthrough_calibrated
64829,ct_eversource_hp_flat_epmc_passthrough_calibrated
95248,ct_eversource_hp_flat_epmc_passthrough_calibrated
122797,ct_eversource_hp_flat_epmc_passthrough_calibrated
364713,ct_eversource_hp_flat_epmc_passthrough_calibrated
311915,ct_eversource_hp_flat_epmc_passthrough_calibrated
438432,ct_eversource_hp_flat_epmc_passthrough_calibrated
524903,ct_eversource_hp_flat_epmc_passthrough_calibrated
530368,ct_eversource_hp_flat_epmc_passthrough_calibrated
339367,ct_eversource_hp_flat_epmc_passthrough_calibrated
113716,ct_eversource_hp_flat_epmc_passthrough_calibrated
386939,ct_eversource_hp_flat_epmc_passthrough_calibrated
531839,ct_eversource_hp_flat_epmc_passthrough_calibrated
152443,ct_eversource_hp_flat_epmc_passthrough_calibrated
81315,ct_eversource_hp_flat_epmc_passthrough_calibrated
359410,ct_eversource_hp_flat_epmc_passthrough_calibrated
258689,ct_eversource_hp_flat_epmc_passthrough_calibrated
460731,ct_eversource_hp_flat_epmc_passthrough_calibrated
106008,ct_eversource_hp_flat_epmc_passthrough_calibrated
36577,ct_eversource_hp_flat_epmc_passthrough_calibrated
29960,ct_eversource_hp_flat_epmc_passthrough_calibrated
40980,ct_eversource_hp_flat_epmc_passthrough_calibrated
384795,ct_eversource_hp_flat_epmc_passthrough_calibrated
380642,ct_eversource_hp_flat_epmc_passthrough_calibrated
372222,ct_eversource_hp_flat_epmc_passthrough_calibrated
200967,ct_eversource_hp_flat_epmc_passthrough_calibrated
362768,ct_eversource_hp_flat_epmc_passthrough_calibrated
386656,ct_eversource_hp_flat_epmc_passthrough_calibrated
411184,ct_eversource_hp_flat_epmc_passthrough_calibrated
429365,ct_eversource_hp_flat_epmc_passthrough_calibrated
436888,ct_eversource_hp_flat_epmc_passthrough_calibrated
478937,ct_eversource_hp_flat_epmc_passthrough_calibrated
500206,ct_eversource_hp_flat_epmc_passthrough_calibrated
535941,ct_eversource_hp_flat_epmc_passthrough_calibrated
15308,ct_eversource_hp_flat_epmc_passthrough_calibrated
25471,ct_eversource_hp_flat_epmc_passthrough_calibrated
37269,ct_eversource_hp_flat_epmc_passthrough_calibrated
40760,ct_eversource_hp_flat_epmc_passthrough_calibrated
286440,ct_eversource_hp_flat_epmc_passthrough_calibrated
351676,ct_eversource_hp_flat_epmc_passthrough_calibrated
391030,ct_eversource_hp_flat_epmc_passthrough_calibrated
321709,ct_eversource_hp_flat_epmc_passthrough_calibrated
149395,ct_eversource_hp_flat_epmc_passthrough_calibrated
162076,ct_eversource_hp_flat_epmc_passthrough_calibrated
186718,ct_eversource_hp_flat_epmc_passthrough_calibrated
205028,ct_eversource_hp_flat_epmc_passthrough_calibrated
262135,ct_eversource_hp_flat_epmc_passthrough_calibrated
288356,ct_eversource_hp_flat_epmc_passthrough_calibrated
363921,ct_eversource_hp_flat_epmc_passthrough_calibrated
284925,ct_eversource_hp_flat_epmc_passthrough_calibrated
339039,ct_eversource_hp_flat_epmc_passthrough_calibrated
415592,ct_eversource_hp_flat_epmc_passthrough_calibrated
420246,ct_eversource_hp_flat_epmc_passthrough_calibrated
431949,ct_eversource_hp_flat_epmc_passthrough_calibrated
441053,ct_eversource_hp_flat_epmc_passthrough_calibrated
444274,ct_eversource_hp_flat_epmc_passthrough_calibrated
447710,ct_eversource_hp_flat_epmc_passthrough_calibrated
451699,ct_eversource_hp_flat_epmc_passthrough_calibrated
456568,ct_eversource_hp_flat_epmc_passthrough_calibrated
462583,ct_eversource_hp_flat_epmc_passthrough_calibrated
464196,ct_eversource_hp_flat_epmc_passthrough_calibrated
464732,ct_eversource_hp_flat_epmc_passthrough_calibrated
465998,ct_eversource_hp_flat_epmc_passthrough_calibrated
468233,ct_eversource_hp_flat_epmc_passthrough_calibrated
474615,ct_eversource_hp_flat_epmc_passthrough_calibrated
475357,ct_eversource_hp_flat_epmc_passthrough_calibrated
484090,ct_eversource_hp_flat_epmc_passthrough_calibrated
484509,ct_eversource_hp_flat_epmc_passthrough_calibrated
487949,ct_eversource_hp_flat_epmc_passthrough_calibrated
488676,ct_eversource_hp_flat_epmc_passthrough_calibrated
502931,ct_eversource_hp_flat_epmc_passthrough_calibrated
505035,ct_eversource_hp_flat_epmc_passthrough_calibrated
510319,ct_eversource_hp_flat_epmc_passthrough_calibrated
514569,ct_eversource_hp_flat_epmc_passthrough_calibrated
520167,ct_eversource_hp_flat_epmc_passthrough_calibrated
520632,ct_eversource_hp_flat_epmc_passthrough_calibrated
523182,ct_eversource_hp_flat_epmc_passthrough_calibrated
524928,ct_eversource_hp_flat_epmc_passthrough_calibrated
530449,ct_eversource_hp_flat_epmc_passthrough_calibrated
541018,ct_eversource_hp_flat_epmc_passthrough_calibrated
545953,ct_eversource_hp_flat_epmc_passthrough_calibrated
3165,ct_eversource_hp_flat_epmc_passthrough_calibrated
12130,ct_eversource_hp_flat_epmc_passthrough_calibrated
16249,ct_eversource_hp_flat_epmc_passthrough_calibrated
23403,ct_eversource_hp_flat_epmc_passthrough_calibrated
25920,ct_eversource_hp_flat_epmc_passthrough_calibrated
31933,ct_eversource_hp_flat_epmc_passthrough_calibrated
32110,ct_eversource_hp_flat_epmc_passthrough_calibrated
34569,ct_eversource_hp_flat_epmc_passthrough_calibrated
37201,ct_eversource_hp_flat_epmc_passthrough_calibrated
46808,ct_eversource_hp_flat_epmc_passthrough_calibrated
50591,ct_eversource_hp_flat_epmc_passthrough_calibrated
50625,ct_eversource_hp_flat_epmc_passthrough_calibrated
57468,ct_eversource_hp_flat_epmc_passthrough_calibrated
58287,ct_eversource_hp_flat_epmc_passthrough_calibrated
60169,ct_eversource_hp_flat_epmc_passthrough_calibrated
65432,ct_eversource_hp_flat_epmc_passthrough_calibrated
72022,ct_eversource_hp_flat_epmc_passthrough_calibrated
74901,ct_eversource_hp_flat_epmc_passthrough_calibrated
76537,ct_eversource_hp_flat_epmc_passthrough_calibrated
78423,ct_eversource_hp_flat_epmc_passthrough_calibrated
93861,ct_eversource_hp_flat_epmc_passthrough_calibrated
101911,ct_eversource_hp_flat_epmc_passthrough_calibrated
113506,ct_eversource_hp_flat_epmc_passthrough_calibrated
116050,ct_eversource_hp_flat_epmc_passthrough_calibrated
116226,ct_eversource_hp_flat_epmc_passthrough_calibrated
128230,ct_eversource_hp_flat_epmc_passthrough_calibrated
132619,ct_eversource_hp_flat_epmc_passthrough_calibrated
223922,ct_eversource_hp_flat_epmc_passthrough_calibrated
338286,ct_eversource_hp_flat_epmc_passthrough_calibrated
218121,ct_eversource_hp_flat_epmc_passthrough_calibrated
263107,ct_eversource_hp_flat_epmc_passthrough_calibrated
291615,ct_eversource_hp_flat_epmc_passthrough_calibrated
180003,ct_eversource_hp_flat_epmc_passthrough_calibrated
196123,ct_eversource_hp_flat_epmc_passthrough_calibrated
203584,ct_eversource_hp_flat_epmc_passthrough_calibrated
145669,ct_eversource_hp_flat_epmc_passthrough_calibrated
200121,ct_eversource_hp_flat_epmc_passthrough_calibrated
153369,ct_eversource_hp_flat_epmc_passthrough_calibrated
398073,ct_eversource_hp_flat_epmc_passthrough_calibrated
172826,ct_eversource_hp_flat_epmc_passthrough_calibrated
197551,ct_eversource_hp_flat_epmc_passthrough_calibrated
212514,ct_eversource_hp_flat_epmc_passthrough_calibrated
217273,ct_eversource_hp_flat_epmc_passthrough_calibrated
247788,ct_eversource_hp_flat_epmc_passthrough_calibrated
261614,ct_eversource_hp_flat_epmc_passthrough_calibrated
336101,ct_eversource_hp_flat_epmc_passthrough_calibrated
287812,ct_eversource_hp_flat_epmc_passthrough_calibrated
351891,ct_eversource_hp_flat_epmc_passthrough_calibrated
152274,ct_eversource_hp_flat_epmc_passthrough_calibrated
155993,ct_eversource_hp_flat_epmc_passthrough_calibrated
157875,ct_eversource_hp_flat_epmc_passthrough_calibrated
164739,ct_eversource_hp_flat_epmc_passthrough_calibrated
164767,ct_eversource_hp_flat_epmc_passthrough_calibrated
178154,ct_eversource_hp_flat_epmc_passthrough_calibrated
181938,ct_eversource_hp_flat_epmc_passthrough_calibrated
183820,ct_eversource_hp_flat_epmc_passthrough_calibrated
188641,ct_eversource_hp_flat_epmc_passthrough_calibrated
190271,ct_eversource_hp_flat_epmc_passthrough_calibrated
203770,ct_eversource_hp_flat_epmc_passthrough_calibrated
204933,ct_eversource_hp_flat_epmc_passthrough_calibrated
206140,ct_eversource_hp_flat_epmc_passthrough_calibrated
210478,ct_eversource_hp_flat_epmc_passthrough_calibrated
213348,ct_eversource_hp_flat_epmc_passthrough_calibrated
225648,ct_eversource_hp_flat_epmc_passthrough_calibrated
225743,ct_eversource_hp_flat_epmc_passthrough_calibrated
238190,ct_eversource_hp_flat_epmc_passthrough_calibrated
244250,ct_eversource_hp_flat_epmc_passthrough_calibrated
249700,ct_eversource_hp_flat_epmc_passthrough_calibrated
259915,ct_eversource_hp_flat_epmc_passthrough_calibrated
268734,ct_eversource_hp_flat_epmc_passthrough_calibrated
387012,ct_eversource_hp_flat_epmc_passthrough_calibrated
409480,ct_eversource_hp_flat_epmc_passthrough_calibrated
406166,ct_eversource_hp_flat_epmc_passthrough_calibrated
400694,ct_eversource_hp_flat_epmc_passthrough_calibrated
408568,ct_eversource_hp_flat_epmc_passthrough_calibrated
379973,ct_eversource_hp_flat_epmc_passthrough_calibrated
368288,ct_eversource_hp_flat_epmc_passthrough_calibrated
352952,ct_eversource_hp_flat_epmc_passthrough_calibrated
344965,ct_eversource_hp_flat_epmc_passthrough_calibrated
343082,ct_eversource_hp_flat_epmc_passthrough_calibrated
346190,ct_eversource_hp_flat_epmc_passthrough_calibrated
319010,ct_eversource_hp_flat_epmc_passthrough_calibrated
278135,ct_eversource_hp_flat_epmc_passthrough_calibrated
284894,ct_eversource_hp_flat_epmc_passthrough_calibrated
287206,ct_eversource_hp_flat_epmc_passthrough_calibrated
294932,ct_eversource_hp_flat_epmc_passthrough_calibrated
298137,ct_eversource_hp_flat_epmc_passthrough_calibrated
318918,ct_eversource_hp_flat_epmc_passthrough_calibrated
336492,ct_eversource_hp_flat_epmc_passthrough_calibrated
345863,ct_eversource_hp_flat_epmc_passthrough_calibrated
334257,ct_eversource_hp_flat_epmc_passthrough_calibrated
342450,ct_eversource_hp_flat_epmc_passthrough_calibrated
350407,ct_eversource_hp_flat_epmc_passthrough_calibrated
352646,ct_eversource_hp_flat_epmc_passthrough_calibrated
368521,ct_eversource_hp_flat_epmc_passthrough_calibrated
370264,ct_eversource_hp_flat_epmc_passthrough_calibrated
371984,ct_eversource_hp_flat_epmc_passthrough_calibrated
396413,ct_eversource_hp_flat_epmc_passthrough_calibrated
239186,ct_eversource_hp_flat_epmc_passthrough_calibrated
440996,ct_eversource_hp_flat_epmc_passthrough_calibrated
30667,ct_eversource_hp_flat_epmc_passthrough_calibrated
459686,ct_eversource_hp_flat_epmc_passthrough_calibrated
459901,ct_eversource_hp_flat_epmc_passthrough_calibrated
470038,ct_eversource_hp_flat_epmc_passthrough_calibrated
472886,ct_eversource_hp_flat_epmc_passthrough_calibrated
491812,ct_eversource_hp_flat_epmc_passthrough_calibrated
496484,ct_eversource_hp_flat_epmc_passthrough_calibrated
497464,ct_eversource_hp_flat_epmc_passthrough_calibrated
500061,ct_eversource_hp_flat_epmc_passthrough_calibrated
505849,ct_eversource_hp_flat_epmc_passthrough_calibrated
547936,ct_eversource_hp_flat_epmc_passthrough_calibrated
105821,ct_eversource_hp_flat_epmc_passthrough_calibrated
119339,ct_eversource_hp_flat_epmc_passthrough_calibrated
138786,ct_eversource_hp_flat_epmc_passthrough_calibrated
236236,ct_eversource_hp_flat_epmc_passthrough_calibrated
376629,ct_eversource_hp_flat_epmc_passthrough_calibrated
375050,ct_eversource_hp_flat_epmc_passthrough_calibrated
168438,ct_eversource_hp_flat_epmc_passthrough_calibrated
220710,ct_eversource_hp_flat_epmc_passthrough_calibrated
165872,ct_eversource_hp_flat_epmc_passthrough_calibrated
291808,ct_eversource_hp_flat_epmc_passthrough_calibrated
328461,ct_eversource_hp_flat_epmc_passthrough_calibrated
338813,ct_eversource_hp_flat_epmc_passthrough_calibrated
333328,ct_eversource_hp_flat_epmc_passthrough_calibrated
522532,ct_eversource_hp_flat_epmc_passthrough_calibrated
348539,ct_eversource_hp_flat_epmc_passthrough_calibrated
506193,ct_eversource_hp_flat_epmc_passthrough_calibrated
386443,ct_eversource_hp_flat_epmc_passthrough_calibrated
14108,ct_eversource_hp_flat_epmc_passthrough_calibrated
33802,ct_eversource_hp_flat_epmc_passthrough_calibrated
89917,ct_eversource_hp_flat_epmc_passthrough_calibrated
304905,ct_eversource_hp_flat_epmc_passthrough_calibrated
304933,ct_eversource_hp_flat_epmc_passthrough_calibrated
353481,ct_eversource_hp_flat_epmc_passthrough_calibrated
355513,ct_eversource_hp_flat_epmc_passthrough_calibrated
376742,ct_eversource_hp_flat_epmc_passthrough_calibrated
394835,ct_eversource_hp_flat_epmc_passthrough_calibrated
117728,ct_eversource_hp_flat_epmc_passthrough_calibrated
459404,ct_eversource_hp_flat_epmc_passthrough_calibrated
534455,ct_eversource_hp_flat_epmc_passthrough_calibrated
542718,ct_eversource_hp_flat_epmc_passthrough_calibrated
427507,ct_eversource_hp_flat_epmc_passthrough_calibrated
489361,ct_eversource_hp_flat_epmc_passthrough_calibrated
55313,ct_eversource_hp_flat_epmc_passthrough_calibrated
137427,ct_eversource_hp_flat_epmc_passthrough_calibrated
364125,ct_eversource_hp_flat_epmc_passthrough_calibrated
8897,ct_eversource_hp_flat_epmc_passthrough_calibrated
487589,ct_eversource_hp_flat_epmc_passthrough_calibrated
492432,ct_eversource_hp_flat_epmc_passthrough_calibrated
497292,ct_eversource_hp_flat_epmc_passthrough_calibrated
541349,ct_eversource_hp_flat_epmc_passthrough_calibrated
345352,ct_eversource_hp_flat_epmc_passthrough_calibrated
136565,ct_eversource_hp_flat_epmc_passthrough_calibrated
493825,ct_eversource_hp_flat_epmc_passthrough_calibrated
131445,ct_eversource_hp_flat_epmc_passthrough_calibrated
386536,ct_eversource_hp_flat_epmc_passthrough_calibrated
75679,ct_eversource_hp_flat_epmc_passthrough_calibrated
356964,ct_eversource_hp_flat_epmc_passthrough_calibrated
6844,ct_eversource_hp_flat_epmc_passthrough_calibrated
493305,ct_eversource_hp_flat_epmc_passthrough_calibrated
518295,ct_eversource_hp_flat_epmc_passthrough_calibrated
530718,ct_eversource_hp_flat_epmc_passthrough_calibrated
335324,ct_eversource_hp_flat_epmc_passthrough_calibrated
427181,ct_eversource_hp_flat_epmc_passthrough_calibrated
429137,ct_eversource_hp_flat_epmc_passthrough_calibrated
439904,ct_eversource_hp_flat_epmc_passthrough_calibrated
485086,ct_eversource_hp_flat_epmc_passthrough_calibrated
519075,ct_eversource_hp_flat_epmc_passthrough_calibrated
40624,ct_eversource_hp_flat_epmc_passthrough_calibrated
7295,ct_eversource_hp_flat_epmc_passthrough_calibrated
15805,ct_eversource_hp_flat_epmc_passthrough_calibrated
16129,ct_eversource_hp_flat_epmc_passthrough_calibrated
27159,ct_eversource_hp_flat_epmc_passthrough_calibrated
45589,ct_eversource_hp_flat_epmc_passthrough_calibrated
58319,ct_eversource_hp_flat_epmc_passthrough_calibrated
74440,ct_eversource_hp_flat_epmc_passthrough_calibrated
75807,ct_eversource_hp_flat_epmc_passthrough_calibrated
106708,ct_eversource_hp_flat_epmc_passthrough_calibrated
324787,ct_eversource_hp_flat_epmc_passthrough_calibrated
261714,ct_eversource_hp_flat_epmc_passthrough_calibrated
274091,ct_eversource_hp_flat_epmc_passthrough_calibrated
177901,ct_eversource_hp_flat_epmc_passthrough_calibrated
193990,ct_eversource_hp_flat_epmc_passthrough_calibrated
211791,ct_eversource_hp_flat_epmc_passthrough_calibrated
222293,ct_eversource_hp_flat_epmc_passthrough_calibrated
231443,ct_eversource_hp_flat_epmc_passthrough_calibrated
311511,ct_eversource_hp_flat_epmc_passthrough_calibrated
367868,ct_eversource_hp_flat_epmc_passthrough_calibrated
295621,ct_eversource_hp_flat_epmc_passthrough_calibrated
339299,ct_eversource_hp_flat_epmc_passthrough_calibrated
411577,ct_eversource_hp_flat_epmc_passthrough_calibrated
414935,ct_eversource_hp_flat_epmc_passthrough_calibrated
418596,ct_eversource_hp_flat_epmc_passthrough_calibrated
424572,ct_eversource_hp_flat_epmc_passthrough_calibrated
425476,ct_eversource_hp_flat_epmc_passthrough_calibrated
429064,ct_eversource_hp_flat_epmc_passthrough_calibrated
435064,ct_eversource_hp_flat_epmc_passthrough_calibrated
438146,ct_eversource_hp_flat_epmc_passthrough_calibrated
439139,ct_eversource_hp_flat_epmc_passthrough_calibrated
452661,ct_eversource_hp_flat_epmc_passthrough_calibrated
454748,ct_eversource_hp_flat_epmc_passthrough_calibrated
466232,ct_eversource_hp_flat_epmc_passthrough_calibrated
473602,ct_eversource_hp_flat_epmc_passthrough_calibrated
475824,ct_eversource_hp_flat_epmc_passthrough_calibrated
476063,ct_eversource_hp_flat_epmc_passthrough_calibrated
480262,ct_eversource_hp_flat_epmc_passthrough_calibrated
484913,ct_eversource_hp_flat_epmc_passthrough_calibrated
496679,ct_eversource_hp_flat_epmc_passthrough_calibrated
500022,ct_eversource_hp_flat_epmc_passthrough_calibrated
503666,ct_eversource_hp_flat_epmc_passthrough_calibrated
521195,ct_eversource_hp_flat_epmc_passthrough_calibrated
525872,ct_eversource_hp_flat_epmc_passthrough_calibrated
532373,ct_eversource_hp_flat_epmc_passthrough_calibrated
539937,ct_eversource_hp_flat_epmc_passthrough_calibrated
3,ct_eversource_hp_flat_epmc_passthrough_calibrated
6446,ct_eversource_hp_flat_epmc_passthrough_calibrated
9823,ct_eversource_hp_flat_epmc_passthrough_calibrated
13594,ct_eversource_hp_flat_epmc_passthrough_calibrated
17497,ct_eversource_hp_flat_epmc_passthrough_calibrated
18617,ct_eversource_hp_flat_epmc_passthrough_calibrated
18791,ct_eversource_hp_flat_epmc_passthrough_calibrated
20203,ct_eversource_hp_flat_epmc_passthrough_calibrated
22039,ct_eversource_hp_flat_epmc_passthrough_calibrated
24633,ct_eversource_hp_flat_epmc_passthrough_calibrated
27243,ct_eversource_hp_flat_epmc_passthrough_calibrated
27576,ct_eversource_hp_flat_epmc_passthrough_calibrated
32152,ct_eversource_hp_flat_epmc_passthrough_calibrated
38032,ct_eversource_hp_flat_epmc_passthrough_calibrated
38697,ct_eversource_hp_flat_epmc_passthrough_calibrated
39749,ct_eversource_hp_flat_epmc_passthrough_calibrated
41654,ct_eversource_hp_flat_epmc_passthrough_calibrated
48790,ct_eversource_hp_flat_epmc_passthrough_calibrated
54234,ct_eversource_hp_flat_epmc_passthrough_calibrated
56990,ct_eversource_hp_flat_epmc_passthrough_calibrated
57750,ct_eversource_hp_flat_epmc_passthrough_calibrated
69843,ct_eversource_hp_flat_epmc_passthrough_calibrated
70022,ct_eversource_hp_flat_epmc_passthrough_calibrated
70670,ct_eversource_hp_flat_epmc_passthrough_calibrated
72825,ct_eversource_hp_flat_epmc_passthrough_calibrated
79425,ct_eversource_hp_flat_epmc_passthrough_calibrated
86890,ct_eversource_hp_flat_epmc_passthrough_calibrated
98947,ct_eversource_hp_flat_epmc_passthrough_calibrated
100927,ct_eversource_hp_flat_epmc_passthrough_calibrated
106304,ct_eversource_hp_flat_epmc_passthrough_calibrated
107111,ct_eversource_hp_flat_epmc_passthrough_calibrated
107184,ct_eversource_hp_flat_epmc_passthrough_calibrated
114982,ct_eversource_hp_flat_epmc_passthrough_calibrated
115771,ct_eversource_hp_flat_epmc_passthrough_calibrated
116225,ct_eversource_hp_flat_epmc_passthrough_calibrated
116355,ct_eversource_hp_flat_epmc_passthrough_calibrated
118062,ct_eversource_hp_flat_epmc_passthrough_calibrated
118209,ct_eversource_hp_flat_epmc_passthrough_calibrated
122130,ct_eversource_hp_flat_epmc_passthrough_calibrated
126273,ct_eversource_hp_flat_epmc_passthrough_calibrated
137832,ct_eversource_hp_flat_epmc_passthrough_calibrated
263450,ct_eversource_hp_flat_epmc_passthrough_calibrated
229380,ct_eversource_hp_flat_epmc_passthrough_calibrated
313092,ct_eversource_hp_flat_epmc_passthrough_calibrated
367696,ct_eversource_hp_flat_epmc_passthrough_calibrated
227114,ct_eversource_hp_flat_epmc_passthrough_calibrated
329417,ct_eversource_hp_flat_epmc_passthrough_calibrated
310594,ct_eversource_hp_flat_epmc_passthrough_calibrated
336113,ct_eversource_hp_flat_epmc_passthrough_calibrated
344692,ct_eversource_hp_flat_epmc_passthrough_calibrated
201559,ct_eversource_hp_flat_epmc_passthrough_calibrated
149533,ct_eversource_hp_flat_epmc_passthrough_calibrated
246844,ct_eversource_hp_flat_epmc_passthrough_calibrated
202021,ct_eversource_hp_flat_epmc_passthrough_calibrated
280816,ct_eversource_hp_flat_epmc_passthrough_calibrated
194343,ct_eversource_hp_flat_epmc_passthrough_calibrated
197131,ct_eversource_hp_flat_epmc_passthrough_calibrated
244258,ct_eversource_hp_flat_epmc_passthrough_calibrated
276489,ct_eversource_hp_flat_epmc_passthrough_calibrated
352162,ct_eversource_hp_flat_epmc_passthrough_calibrated
338234,ct_eversource_hp_flat_epmc_passthrough_calibrated
349937,ct_eversource_hp_flat_epmc_passthrough_calibrated
358115,ct_eversource_hp_flat_epmc_passthrough_calibrated
362911,ct_eversource_hp_flat_epmc_passthrough_calibrated
143951,ct_eversource_hp_flat_epmc_passthrough_calibrated
151658,ct_eversource_hp_flat_epmc_passthrough_calibrated
152718,ct_eversource_hp_flat_epmc_passthrough_calibrated
153291,ct_eversource_hp_flat_epmc_passthrough_calibrated
155356,ct_eversource_hp_flat_epmc_passthrough_calibrated
162080,ct_eversource_hp_flat_epmc_passthrough_calibrated
174056,ct_eversource_hp_flat_epmc_passthrough_calibrated
194918,ct_eversource_hp_flat_epmc_passthrough_calibrated
201713,ct_eversource_hp_flat_epmc_passthrough_calibrated
218122,ct_eversource_hp_flat_epmc_passthrough_calibrated
220103,ct_eversource_hp_flat_epmc_passthrough_calibrated
233573,ct_eversource_hp_flat_epmc_passthrough_calibrated
233838,ct_eversource_hp_flat_epmc_passthrough_calibrated
236366,ct_eversource_hp_flat_epmc_passthrough_calibrated
246414,ct_eversource_hp_flat_epmc_passthrough_calibrated
247774,ct_eversource_hp_flat_epmc_passthrough_calibrated
254740,ct_eversource_hp_flat_epmc_passthrough_calibrated
260563,ct_eversource_hp_flat_epmc_passthrough_calibrated
261326,ct_eversource_hp_flat_epmc_passthrough_calibrated
263809,ct_eversource_hp_flat_epmc_passthrough_calibrated
267057,ct_eversource_hp_flat_epmc_passthrough_calibrated
389179,ct_eversource_hp_flat_epmc_passthrough_calibrated
388109,ct_eversource_hp_flat_epmc_passthrough_calibrated
399849,ct_eversource_hp_flat_epmc_passthrough_calibrated
279714,ct_eversource_hp_flat_epmc_passthrough_calibrated
331581,ct_eversource_hp_flat_epmc_passthrough_calibrated
343663,ct_eversource_hp_flat_epmc_passthrough_calibrated
294442,ct_eversource_hp_flat_epmc_passthrough_calibrated
373683,ct_eversource_hp_flat_epmc_passthrough_calibrated
283499,ct_eversource_hp_flat_epmc_passthrough_calibrated
284757,ct_eversource_hp_flat_epmc_passthrough_calibrated
271248,ct_eversource_hp_flat_epmc_passthrough_calibrated
273790,ct_eversource_hp_flat_epmc_passthrough_calibrated
284718,ct_eversource_hp_flat_epmc_passthrough_calibrated
292083,ct_eversource_hp_flat_epmc_passthrough_calibrated
297901,ct_eversource_hp_flat_epmc_passthrough_calibrated
300832,ct_eversource_hp_flat_epmc_passthrough_calibrated
310115,ct_eversource_hp_flat_epmc_passthrough_calibrated
314179,ct_eversource_hp_flat_epmc_passthrough_calibrated
329145,ct_eversource_hp_flat_epmc_passthrough_calibrated
331662,ct_eversource_hp_flat_epmc_passthrough_calibrated
335119,ct_eversource_hp_flat_epmc_passthrough_calibrated
339991,ct_eversource_hp_flat_epmc_passthrough_calibrated
341761,ct_eversource_hp_flat_epmc_passthrough_calibrated
346111,ct_eversource_hp_flat_epmc_passthrough_calibrated
342568,ct_eversource_hp_flat_epmc_passthrough_calibrated
355590,ct_eversource_hp_flat_epmc_passthrough_calibrated
362142,ct_eversource_hp_flat_epmc_passthrough_calibrated
364174,ct_eversource_hp_flat_epmc_passthrough_calibrated
366781,ct_eversource_hp_flat_epmc_passthrough_calibrated
369980,ct_eversource_hp_flat_epmc_passthrough_calibrated
386008,ct_eversource_hp_flat_epmc_passthrough_calibrated
167366,ct_eversource_hp_flat_epmc_passthrough_calibrated
50936,ct_eversource_hp_flat_epmc_passthrough_calibrated
182100,ct_eversource_hp_flat_epmc_passthrough_calibrated
185590,ct_eversource_hp_flat_epmc_passthrough_calibrated
142334,ct_eversource_hp_flat_epmc_passthrough_calibrated
254746,ct_eversource_hp_flat_epmc_passthrough_calibrated
370922,ct_eversource_hp_flat_epmc_passthrough_calibrated
454683,ct_eversource_hp_flat_epmc_passthrough_calibrated
464494,ct_eversource_hp_flat_epmc_passthrough_calibrated
500993,ct_eversource_hp_flat_epmc_passthrough_calibrated
510197,ct_eversource_hp_flat_epmc_passthrough_calibrated
515737,ct_eversource_hp_flat_epmc_passthrough_calibrated
525855,ct_eversource_hp_flat_epmc_passthrough_calibrated
532452,ct_eversource_hp_flat_epmc_passthrough_calibrated
535238,ct_eversource_hp_flat_epmc_passthrough_calibrated
540903,ct_eversource_hp_flat_epmc_passthrough_calibrated
544118,ct_eversource_hp_flat_epmc_passthrough_calibrated
549975,ct_eversource_hp_flat_epmc_passthrough_calibrated
73192,ct_eversource_hp_flat_epmc_passthrough_calibrated
113238,ct_eversource_hp_flat_epmc_passthrough_calibrated
114199,ct_eversource_hp_flat_epmc_passthrough_calibrated
116156,ct_eversource_hp_flat_epmc_passthrough_calibrated
138634,ct_eversource_hp_flat_epmc_passthrough_calibrated
446844,ct_eversource_hp_flat_epmc_passthrough_calibrated
212165,ct_eversource_hp_flat_epmc_passthrough_calibrated
153527,ct_eversource_hp_flat_epmc_passthrough_calibrated
423800,ct_eversource_hp_flat_epmc_passthrough_calibrated
485567,ct_eversource_hp_flat_epmc_passthrough_calibrated
354610,ct_eversource_hp_flat_epmc_passthrough_calibrated
182800,ct_eversource_hp_flat_epmc_passthrough_calibrated
193975,ct_eversource_hp_flat_epmc_passthrough_calibrated
226236,ct_eversource_hp_flat_epmc_passthrough_calibrated
219054,ct_eversource_hp_flat_epmc_passthrough_calibrated
451538,ct_eversource_hp_flat_epmc_passthrough_calibrated
51924,ct_eversource_hp_flat_epmc_passthrough_calibrated
115964,ct_eversource_hp_flat_epmc_passthrough_calibrated
354209,ct_eversource_hp_flat_epmc_passthrough_calibrated
386156,ct_eversource_hp_flat_epmc_passthrough_calibrated
359335,ct_eversource_hp_flat_epmc_passthrough_calibrated
311576,ct_eversource_hp_flat_epmc_passthrough_calibrated
271401,ct_eversource_hp_flat_epmc_passthrough_calibrated
316463,ct_eversource_hp_flat_epmc_passthrough_calibrated
333817,ct_eversource_hp_flat_epmc_passthrough_calibrated
244714,ct_eversource_hp_flat_epmc_passthrough_calibrated
116550,ct_eversource_hp_flat_epmc_passthrough_calibrated
497812,ct_eversource_hp_flat_epmc_passthrough_calibrated
98993,ct_eversource_hp_flat_epmc_passthrough_calibrated
241308,ct_eversource_hp_flat_epmc_passthrough_calibrated
154267,ct_eversource_hp_flat_epmc_passthrough_calibrated
157501,ct_eversource_hp_flat_epmc_passthrough_calibrated
375754,ct_eversource_hp_flat_epmc_passthrough_calibrated
441017,ct_eversource_hp_flat_epmc_passthrough_calibrated
529288,ct_eversource_hp_flat_epmc_passthrough_calibrated
459393,ct_eversource_hp_flat_epmc_passthrough_calibrated
324161,ct_eversource_hp_flat_epmc_passthrough_calibrated
224901,ct_eversource_hp_flat_epmc_passthrough_calibrated
209689,ct_eversource_hp_flat_epmc_passthrough_calibrated
215946,ct_eversource_hp_flat_epmc_passthrough_calibrated
289684,ct_eversource_hp_flat_epmc_passthrough_calibrated
475918,ct_eversource_hp_flat_epmc_passthrough_calibrated
38046,ct_eversource_hp_flat_epmc_passthrough_calibrated
54071,ct_eversource_hp_flat_epmc_passthrough_calibrated
525413,ct_eversource_hp_flat_epmc_passthrough_calibrated
241785,ct_eversource_hp_flat_epmc_passthrough_calibrated
464659,ct_eversource_hp_flat_epmc_passthrough_calibrated
225669,ct_eversource_hp_flat_epmc_passthrough_calibrated
318066,ct_eversource_hp_flat_epmc_passthrough_calibrated
147973,ct_eversource_hp_flat_epmc_passthrough_calibrated
134461,ct_eversource_hp_flat_epmc_passthrough_calibrated
469054,ct_eversource_hp_flat_epmc_passthrough_calibrated
477037,ct_eversource_hp_flat_epmc_passthrough_calibrated
513576,ct_eversource_hp_flat_epmc_passthrough_calibrated
57127,ct_eversource_hp_flat_epmc_passthrough_calibrated
149698,ct_eversource_hp_flat_epmc_passthrough_calibrated
426326,ct_eversource_hp_flat_epmc_passthrough_calibrated
435536,ct_eversource_hp_flat_epmc_passthrough_calibrated
437068,ct_eversource_hp_flat_epmc_passthrough_calibrated
442387,ct_eversource_hp_flat_epmc_passthrough_calibrated
486721,ct_eversource_hp_flat_epmc_passthrough_calibrated
504616,ct_eversource_hp_flat_epmc_passthrough_calibrated
535592,ct_eversource_hp_flat_epmc_passthrough_calibrated
44370,ct_eversource_hp_flat_epmc_passthrough_calibrated
50614,ct_eversource_hp_flat_epmc_passthrough_calibrated
84959,ct_eversource_hp_flat_epmc_passthrough_calibrated
268941,ct_eversource_hp_flat_epmc_passthrough_calibrated
174657,ct_eversource_hp_flat_epmc_passthrough_calibrated
162209,ct_eversource_hp_flat_epmc_passthrough_calibrated
231500,ct_eversource_hp_flat_epmc_passthrough_calibrated
247683,ct_eversource_hp_flat_epmc_passthrough_calibrated
267940,ct_eversource_hp_flat_epmc_passthrough_calibrated
228897,ct_eversource_hp_flat_epmc_passthrough_calibrated
160266,ct_eversource_hp_flat_epmc_passthrough_calibrated
192461,ct_eversource_hp_flat_epmc_passthrough_calibrated
196174,ct_eversource_hp_flat_epmc_passthrough_calibrated
236412,ct_eversource_hp_flat_epmc_passthrough_calibrated
245321,ct_eversource_hp_flat_epmc_passthrough_calibrated
255106,ct_eversource_hp_flat_epmc_passthrough_calibrated
260482,ct_eversource_hp_flat_epmc_passthrough_calibrated
284147,ct_eversource_hp_flat_epmc_passthrough_calibrated
291008,ct_eversource_hp_flat_epmc_passthrough_calibrated
369704,ct_eversource_hp_flat_epmc_passthrough_calibrated
381424,ct_eversource_hp_flat_epmc_passthrough_calibrated
414202,ct_eversource_hp_flat_epmc_passthrough_calibrated
415577,ct_eversource_hp_flat_epmc_passthrough_calibrated
420215,ct_eversource_hp_flat_epmc_passthrough_calibrated
422428,ct_eversource_hp_flat_epmc_passthrough_calibrated
423361,ct_eversource_hp_flat_epmc_passthrough_calibrated
431673,ct_eversource_hp_flat_epmc_passthrough_calibrated
434822,ct_eversource_hp_flat_epmc_passthrough_calibrated
454094,ct_eversource_hp_flat_epmc_passthrough_calibrated
454450,ct_eversource_hp_flat_epmc_passthrough_calibrated
463534,ct_eversource_hp_flat_epmc_passthrough_calibrated
465211,ct_eversource_hp_flat_epmc_passthrough_calibrated
465633,ct_eversource_hp_flat_epmc_passthrough_calibrated
469372,ct_eversource_hp_flat_epmc_passthrough_calibrated
481914,ct_eversource_hp_flat_epmc_passthrough_calibrated
484451,ct_eversource_hp_flat_epmc_passthrough_calibrated
491805,ct_eversource_hp_flat_epmc_passthrough_calibrated
501088,ct_eversource_hp_flat_epmc_passthrough_calibrated
508910,ct_eversource_hp_flat_epmc_passthrough_calibrated
510242,ct_eversource_hp_flat_epmc_passthrough_calibrated
514130,ct_eversource_hp_flat_epmc_passthrough_calibrated
515124,ct_eversource_hp_flat_epmc_passthrough_calibrated
517891,ct_eversource_hp_flat_epmc_passthrough_calibrated
522677,ct_eversource_hp_flat_epmc_passthrough_calibrated
528731,ct_eversource_hp_flat_epmc_passthrough_calibrated
542121,ct_eversource_hp_flat_epmc_passthrough_calibrated
548050,ct_eversource_hp_flat_epmc_passthrough_calibrated
2252,ct_eversource_hp_flat_epmc_passthrough_calibrated
5675,ct_eversource_hp_flat_epmc_passthrough_calibrated
7740,ct_eversource_hp_flat_epmc_passthrough_calibrated
8404,ct_eversource_hp_flat_epmc_passthrough_calibrated
11040,ct_eversource_hp_flat_epmc_passthrough_calibrated
11617,ct_eversource_hp_flat_epmc_passthrough_calibrated
17442,ct_eversource_hp_flat_epmc_passthrough_calibrated
25836,ct_eversource_hp_flat_epmc_passthrough_calibrated
27685,ct_eversource_hp_flat_epmc_passthrough_calibrated
48305,ct_eversource_hp_flat_epmc_passthrough_calibrated
50606,ct_eversource_hp_flat_epmc_passthrough_calibrated
54262,ct_eversource_hp_flat_epmc_passthrough_calibrated
62509,ct_eversource_hp_flat_epmc_passthrough_calibrated
68228,ct_eversource_hp_flat_epmc_passthrough_calibrated
73038,ct_eversource_hp_flat_epmc_passthrough_calibrated
77386,ct_eversource_hp_flat_epmc_passthrough_calibrated
77566,ct_eversource_hp_flat_epmc_passthrough_calibrated
82999,ct_eversource_hp_flat_epmc_passthrough_calibrated
84846,ct_eversource_hp_flat_epmc_passthrough_calibrated
86996,ct_eversource_hp_flat_epmc_passthrough_calibrated
90757,ct_eversource_hp_flat_epmc_passthrough_calibrated
92327,ct_eversource_hp_flat_epmc_passthrough_calibrated
95471,ct_eversource_hp_flat_epmc_passthrough_calibrated
98063,ct_eversource_hp_flat_epmc_passthrough_calibrated
99558,ct_eversource_hp_flat_epmc_passthrough_calibrated
101749,ct_eversource_hp_flat_epmc_passthrough_calibrated
107477,ct_eversource_hp_flat_epmc_passthrough_calibrated
111574,ct_eversource_hp_flat_epmc_passthrough_calibrated
113181,ct_eversource_hp_flat_epmc_passthrough_calibrated
115078,ct_eversource_hp_flat_epmc_passthrough_calibrated
116537,ct_eversource_hp_flat_epmc_passthrough_calibrated
123709,ct_eversource_hp_flat_epmc_passthrough_calibrated
123848,ct_eversource_hp_flat_epmc_passthrough_calibrated
132411,ct_eversource_hp_flat_epmc_passthrough_calibrated
132458,ct_eversource_hp_flat_epmc_passthrough_calibrated
136998,ct_eversource_hp_flat_epmc_passthrough_calibrated
137576,ct_eversource_hp_flat_epmc_passthrough_calibrated
224834,ct_eversource_hp_flat_epmc_passthrough_calibrated
244706,ct_eversource_hp_flat_epmc_passthrough_calibrated
357001,ct_eversource_hp_flat_epmc_passthrough_calibrated
369885,ct_eversource_hp_flat_epmc_passthrough_calibrated
399139,ct_eversource_hp_flat_epmc_passthrough_calibrated
202822,ct_eversource_hp_flat_epmc_passthrough_calibrated
353972,ct_eversource_hp_flat_epmc_passthrough_calibrated
148478,ct_eversource_hp_flat_epmc_passthrough_calibrated
349192,ct_eversource_hp_flat_epmc_passthrough_calibrated
342529,ct_eversource_hp_flat_epmc_passthrough_calibrated
395520,ct_eversource_hp_flat_epmc_passthrough_calibrated
354854,ct_eversource_hp_flat_epmc_passthrough_calibrated
291638,ct_eversource_hp_flat_epmc_passthrough_calibrated
371827,ct_eversource_hp_flat_epmc_passthrough_calibrated
214956,ct_eversource_hp_flat_epmc_passthrough_calibrated
287089,ct_eversource_hp_flat_epmc_passthrough_calibrated
177756,ct_eversource_hp_flat_epmc_passthrough_calibrated
202614,ct_eversource_hp_flat_epmc_passthrough_calibrated
214815,ct_eversource_hp_flat_epmc_passthrough_calibrated
229174,ct_eversource_hp_flat_epmc_passthrough_calibrated
399175,ct_eversource_hp_flat_epmc_passthrough_calibrated
298741,ct_eversource_hp_flat_epmc_passthrough_calibrated
346923,ct_eversource_hp_flat_epmc_passthrough_calibrated
285569,ct_eversource_hp_flat_epmc_passthrough_calibrated
223573,ct_eversource_hp_flat_epmc_passthrough_calibrated
159383,ct_eversource_hp_flat_epmc_passthrough_calibrated
161590,ct_eversource_hp_flat_epmc_passthrough_calibrated
164598,ct_eversource_hp_flat_epmc_passthrough_calibrated
168326,ct_eversource_hp_flat_epmc_passthrough_calibrated
168862,ct_eversource_hp_flat_epmc_passthrough_calibrated
169001,ct_eversource_hp_flat_epmc_passthrough_calibrated
183846,ct_eversource_hp_flat_epmc_passthrough_calibrated
186466,ct_eversource_hp_flat_epmc_passthrough_calibrated
190608,ct_eversource_hp_flat_epmc_passthrough_calibrated
195914,ct_eversource_hp_flat_epmc_passthrough_calibrated
201019,ct_eversource_hp_flat_epmc_passthrough_calibrated
202887,ct_eversource_hp_flat_epmc_passthrough_calibrated
203802,ct_eversource_hp_flat_epmc_passthrough_calibrated
209998,ct_eversource_hp_flat_epmc_passthrough_calibrated
215511,ct_eversource_hp_flat_epmc_passthrough_calibrated
215670,ct_eversource_hp_flat_epmc_passthrough_calibrated
221767,ct_eversource_hp_flat_epmc_passthrough_calibrated
222080,ct_eversource_hp_flat_epmc_passthrough_calibrated
224556,ct_eversource_hp_flat_epmc_passthrough_calibrated
229325,ct_eversource_hp_flat_epmc_passthrough_calibrated
235903,ct_eversource_hp_flat_epmc_passthrough_calibrated
239531,ct_eversource_hp_flat_epmc_passthrough_calibrated
243549,ct_eversource_hp_flat_epmc_passthrough_calibrated
246271,ct_eversource_hp_flat_epmc_passthrough_calibrated
248229,ct_eversource_hp_flat_epmc_passthrough_calibrated
250458,ct_eversource_hp_flat_epmc_passthrough_calibrated
257361,ct_eversource_hp_flat_epmc_passthrough_calibrated
268767,ct_eversource_hp_flat_epmc_passthrough_calibrated
400746,ct_eversource_hp_flat_epmc_passthrough_calibrated
319808,ct_eversource_hp_flat_epmc_passthrough_calibrated
396910,ct_eversource_hp_flat_epmc_passthrough_calibrated
338882,ct_eversource_hp_flat_epmc_passthrough_calibrated
286287,ct_eversource_hp_flat_epmc_passthrough_calibrated
290529,ct_eversource_hp_flat_epmc_passthrough_calibrated
363626,ct_eversource_hp_flat_epmc_passthrough_calibrated
288352,ct_eversource_hp_flat_epmc_passthrough_calibrated
287162,ct_eversource_hp_flat_epmc_passthrough_calibrated
324555,ct_eversource_hp_flat_epmc_passthrough_calibrated
339085,ct_eversource_hp_flat_epmc_passthrough_calibrated
345015,ct_eversource_hp_flat_epmc_passthrough_calibrated
341042,ct_eversource_hp_flat_epmc_passthrough_calibrated
341216,ct_eversource_hp_flat_epmc_passthrough_calibrated
344355,ct_eversource_hp_flat_epmc_passthrough_calibrated
358363,ct_eversource_hp_flat_epmc_passthrough_calibrated
358880,ct_eversource_hp_flat_epmc_passthrough_calibrated
385141,ct_eversource_hp_flat_epmc_passthrough_calibrated
392054,ct_eversource_hp_flat_epmc_passthrough_calibrated
407141,ct_eversource_hp_flat_epmc_passthrough_calibrated
400567,ct_eversource_hp_flat_epmc_passthrough_calibrated
412909,ct_eversource_hp_flat_epmc_passthrough_calibrated
456103,ct_eversource_hp_flat_epmc_passthrough_calibrated
466791,ct_eversource_hp_flat_epmc_passthrough_calibrated
499391,ct_eversource_hp_flat_epmc_passthrough_calibrated
519591,ct_eversource_hp_flat_epmc_passthrough_calibrated
533976,ct_eversource_hp_flat_epmc_passthrough_calibrated
536741,ct_eversource_hp_flat_epmc_passthrough_calibrated
541267,ct_eversource_hp_flat_epmc_passthrough_calibrated
52218,ct_eversource_hp_flat_epmc_passthrough_calibrated
109583,ct_eversource_hp_flat_epmc_passthrough_calibrated
112137,ct_eversource_hp_flat_epmc_passthrough_calibrated
427101,ct_eversource_hp_flat_epmc_passthrough_calibrated
351703,ct_eversource_hp_flat_epmc_passthrough_calibrated
254036,ct_eversource_hp_flat_epmc_passthrough_calibrated
172850,ct_eversource_hp_flat_epmc_passthrough_calibrated
197995,ct_eversource_hp_flat_epmc_passthrough_calibrated
217786,ct_eversource_hp_flat_epmc_passthrough_calibrated
290636,ct_eversource_hp_flat_epmc_passthrough_calibrated
296181,ct_eversource_hp_flat_epmc_passthrough_calibrated
212951,ct_eversource_hp_flat_epmc_passthrough_calibrated
229338,ct_eversource_hp_flat_epmc_passthrough_calibrated
229704,ct_eversource_hp_flat_epmc_passthrough_calibrated
484920,ct_eversource_hp_flat_epmc_passthrough_calibrated
528448,ct_eversource_hp_flat_epmc_passthrough_calibrated
487439,ct_eversource_hp_flat_epmc_passthrough_calibrated
108548,ct_eversource_hp_flat_epmc_passthrough_calibrated
380058,ct_eversource_hp_flat_epmc_passthrough_calibrated
5568,ct_eversource_hp_flat_epmc_passthrough_calibrated
98635,ct_eversource_hp_flat_epmc_passthrough_calibrated
274090,ct_eversource_hp_flat_epmc_passthrough_calibrated
316039,ct_eversource_hp_flat_epmc_passthrough_calibrated
360373,ct_eversource_hp_flat_epmc_passthrough_calibrated
383106,ct_eversource_hp_flat_epmc_passthrough_calibrated
384627,ct_eversource_hp_flat_epmc_passthrough_calibrated
395583,ct_eversource_hp_flat_epmc_passthrough_calibrated
515550,ct_eversource_hp_flat_epmc_passthrough_calibrated
182059,ct_eversource_hp_flat_epmc_passthrough_calibrated
155155,ct_eversource_hp_flat_epmc_passthrough_calibrated
107058,ct_eversource_hp_flat_epmc_passthrough_calibrated
422754,ct_eversource_hp_flat_epmc_passthrough_calibrated
471656,ct_eversource_hp_flat_epmc_passthrough_calibrated
20399,ct_eversource_hp_flat_epmc_passthrough_calibrated
182134,ct_eversource_hp_flat_epmc_passthrough_calibrated
189917,ct_eversource_hp_flat_epmc_passthrough_calibrated
395762,ct_eversource_hp_flat_epmc_passthrough_calibrated
348692,ct_eversource_hp_flat_epmc_passthrough_calibrated
516626,ct_eversource_hp_flat_epmc_passthrough_calibrated
522371,ct_eversource_hp_flat_epmc_passthrough_calibrated
261878,ct_eversource_hp_flat_epmc_passthrough_calibrated
527640,ct_eversource_hp_flat_epmc_passthrough_calibrated
320682,ct_eversource_hp_flat_epmc_passthrough_calibrated
228449,ct_eversource_hp_flat_epmc_passthrough_calibrated
369753,ct_eversource_hp_flat_epmc_passthrough_calibrated
391901,ct_eversource_hp_flat_epmc_passthrough_calibrated
461448,ct_eversource_hp_flat_epmc_passthrough_calibrated
88080,ct_eversource_hp_flat_epmc_passthrough_calibrated
300723,ct_eversource_hp_flat_epmc_passthrough_calibrated
430722,ct_eversource_hp_flat_epmc_passthrough_calibrated
318701,ct_eversource_hp_flat_epmc_passthrough_calibrated
490023,ct_eversource_hp_flat_epmc_passthrough_calibrated
515316,ct_eversource_hp_flat_epmc_passthrough_calibrated
28578,ct_eversource_hp_flat_epmc_passthrough_calibrated
125695,ct_eversource_hp_flat_epmc_passthrough_calibrated
334170,ct_eversource_hp_flat_epmc_passthrough_calibrated
206499,ct_eversource_hp_flat_epmc_passthrough_calibrated
376960,ct_eversource_hp_flat_epmc_passthrough_calibrated
419207,ct_eversource_hp_flat_epmc_passthrough_calibrated
488167,ct_eversource_hp_flat_epmc_passthrough_calibrated
514198,ct_eversource_hp_flat_epmc_passthrough_calibrated
1753,ct_eversource_hp_flat_epmc_passthrough_calibrated
25243,ct_eversource_hp_flat_epmc_passthrough_calibrated
26760,ct_eversource_hp_flat_epmc_passthrough_calibrated
33656,ct_eversource_hp_flat_epmc_passthrough_calibrated
39252,ct_eversource_hp_flat_epmc_passthrough_calibrated
56074,ct_eversource_hp_flat_epmc_passthrough_calibrated
110621,ct_eversource_hp_flat_epmc_passthrough_calibrated
123593,ct_eversource_hp_flat_epmc_passthrough_calibrated
127978,ct_eversource_hp_flat_epmc_passthrough_calibrated
276001,ct_eversource_hp_flat_epmc_passthrough_calibrated
313039,ct_eversource_hp_flat_epmc_passthrough_calibrated
212003,ct_eversource_hp_flat_epmc_passthrough_calibrated
243631,ct_eversource_hp_flat_epmc_passthrough_calibrated
165797,ct_eversource_hp_flat_epmc_passthrough_calibrated
177282,ct_eversource_hp_flat_epmc_passthrough_calibrated
184311,ct_eversource_hp_flat_epmc_passthrough_calibrated
184457,ct_eversource_hp_flat_epmc_passthrough_calibrated
187133,ct_eversource_hp_flat_epmc_passthrough_calibrated
199026,ct_eversource_hp_flat_epmc_passthrough_calibrated
217492,ct_eversource_hp_flat_epmc_passthrough_calibrated
237919,ct_eversource_hp_flat_epmc_passthrough_calibrated
239646,ct_eversource_hp_flat_epmc_passthrough_calibrated
263527,ct_eversource_hp_flat_epmc_passthrough_calibrated
289514,ct_eversource_hp_flat_epmc_passthrough_calibrated
314854,ct_eversource_hp_flat_epmc_passthrough_calibrated
285879,ct_eversource_hp_flat_epmc_passthrough_calibrated
288310,ct_eversource_hp_flat_epmc_passthrough_calibrated
306142,ct_eversource_hp_flat_epmc_passthrough_calibrated
417109,ct_eversource_hp_flat_epmc_passthrough_calibrated
421233,ct_eversource_hp_flat_epmc_passthrough_calibrated
427261,ct_eversource_hp_flat_epmc_passthrough_calibrated
428595,ct_eversource_hp_flat_epmc_passthrough_calibrated
431265,ct_eversource_hp_flat_epmc_passthrough_calibrated
436830,ct_eversource_hp_flat_epmc_passthrough_calibrated
441434,ct_eversource_hp_flat_epmc_passthrough_calibrated
446647,ct_eversource_hp_flat_epmc_passthrough_calibrated
447107,ct_eversource_hp_flat_epmc_passthrough_calibrated
450305,ct_eversource_hp_flat_epmc_passthrough_calibrated
455532,ct_eversource_hp_flat_epmc_passthrough_calibrated
461736,ct_eversource_hp_flat_epmc_passthrough_calibrated
464184,ct_eversource_hp_flat_epmc_passthrough_calibrated
476228,ct_eversource_hp_flat_epmc_passthrough_calibrated
484587,ct_eversource_hp_flat_epmc_passthrough_calibrated
491400,ct_eversource_hp_flat_epmc_passthrough_calibrated
518419,ct_eversource_hp_flat_epmc_passthrough_calibrated
524661,ct_eversource_hp_flat_epmc_passthrough_calibrated
536310,ct_eversource_hp_flat_epmc_passthrough_calibrated
536928,ct_eversource_hp_flat_epmc_passthrough_calibrated
538180,ct_eversource_hp_flat_epmc_passthrough_calibrated
539784,ct_eversource_hp_flat_epmc_passthrough_calibrated
543443,ct_eversource_hp_flat_epmc_passthrough_calibrated
543612,ct_eversource_hp_flat_epmc_passthrough_calibrated
1557,ct_eversource_hp_flat_epmc_passthrough_calibrated
5425,ct_eversource_hp_flat_epmc_passthrough_calibrated
6355,ct_eversource_hp_flat_epmc_passthrough_calibrated
20293,ct_eversource_hp_flat_epmc_passthrough_calibrated
25944,ct_eversource_hp_flat_epmc_passthrough_calibrated
30334,ct_eversource_hp_flat_epmc_passthrough_calibrated
32659,ct_eversource_hp_flat_epmc_passthrough_calibrated
33756,ct_eversource_hp_flat_epmc_passthrough_calibrated
37993,ct_eversource_hp_flat_epmc_passthrough_calibrated
39461,ct_eversource_hp_flat_epmc_passthrough_calibrated
50310,ct_eversource_hp_flat_epmc_passthrough_calibrated
51039,ct_eversource_hp_flat_epmc_passthrough_calibrated
52323,ct_eversource_hp_flat_epmc_passthrough_calibrated
59424,ct_eversource_hp_flat_epmc_passthrough_calibrated
60316,ct_eversource_hp_flat_epmc_passthrough_calibrated
63562,ct_eversource_hp_flat_epmc_passthrough_calibrated
64892,ct_eversource_hp_flat_epmc_passthrough_calibrated
69384,ct_eversource_hp_flat_epmc_passthrough_calibrated
69909,ct_eversource_hp_flat_epmc_passthrough_calibrated
72177,ct_eversource_hp_flat_epmc_passthrough_calibrated
72485,ct_eversource_hp_flat_epmc_passthrough_calibrated
76490,ct_eversource_hp_flat_epmc_passthrough_calibrated
79489,ct_eversource_hp_flat_epmc_passthrough_calibrated
85002,ct_eversource_hp_flat_epmc_passthrough_calibrated
102052,ct_eversource_hp_flat_epmc_passthrough_calibrated
108154,ct_eversource_hp_flat_epmc_passthrough_calibrated
109033,ct_eversource_hp_flat_epmc_passthrough_calibrated
114727,ct_eversource_hp_flat_epmc_passthrough_calibrated
135137,ct_eversource_hp_flat_epmc_passthrough_calibrated
136508,ct_eversource_hp_flat_epmc_passthrough_calibrated
397389,ct_eversource_hp_flat_epmc_passthrough_calibrated
200183,ct_eversource_hp_flat_epmc_passthrough_calibrated
364356,ct_eversource_hp_flat_epmc_passthrough_calibrated
171838,ct_eversource_hp_flat_epmc_passthrough_calibrated
195151,ct_eversource_hp_flat_epmc_passthrough_calibrated
384477,ct_eversource_hp_flat_epmc_passthrough_calibrated
408796,ct_eversource_hp_flat_epmc_passthrough_calibrated
372954,ct_eversource_hp_flat_epmc_passthrough_calibrated
370840,ct_eversource_hp_flat_epmc_passthrough_calibrated
386773,ct_eversource_hp_flat_epmc_passthrough_calibrated
295009,ct_eversource_hp_flat_epmc_passthrough_calibrated
366960,ct_eversource_hp_flat_epmc_passthrough_calibrated
142637,ct_eversource_hp_flat_epmc_passthrough_calibrated
183395,ct_eversource_hp_flat_epmc_passthrough_calibrated
184750,ct_eversource_hp_flat_epmc_passthrough_calibrated
212363,ct_eversource_hp_flat_epmc_passthrough_calibrated
239218,ct_eversource_hp_flat_epmc_passthrough_calibrated
252897,ct_eversource_hp_flat_epmc_passthrough_calibrated
267480,ct_eversource_hp_flat_epmc_passthrough_calibrated
267639,ct_eversource_hp_flat_epmc_passthrough_calibrated
311754,ct_eversource_hp_flat_epmc_passthrough_calibrated
315840,ct_eversource_hp_flat_epmc_passthrough_calibrated
279137,ct_eversource_hp_flat_epmc_passthrough_calibrated
311592,ct_eversource_hp_flat_epmc_passthrough_calibrated
235147,ct_eversource_hp_flat_epmc_passthrough_calibrated
139506,ct_eversource_hp_flat_epmc_passthrough_calibrated
152628,ct_eversource_hp_flat_epmc_passthrough_calibrated
155318,ct_eversource_hp_flat_epmc_passthrough_calibrated
155495,ct_eversource_hp_flat_epmc_passthrough_calibrated
159069,ct_eversource_hp_flat_epmc_passthrough_calibrated
175401,ct_eversource_hp_flat_epmc_passthrough_calibrated
180312,ct_eversource_hp_flat_epmc_passthrough_calibrated
186949,ct_eversource_hp_flat_epmc_passthrough_calibrated
189805,ct_eversource_hp_flat_epmc_passthrough_calibrated
192807,ct_eversource_hp_flat_epmc_passthrough_calibrated
208750,ct_eversource_hp_flat_epmc_passthrough_calibrated
210755,ct_eversource_hp_flat_epmc_passthrough_calibrated
217354,ct_eversource_hp_flat_epmc_passthrough_calibrated
230972,ct_eversource_hp_flat_epmc_passthrough_calibrated
231205,ct_eversource_hp_flat_epmc_passthrough_calibrated
240564,ct_eversource_hp_flat_epmc_passthrough_calibrated
255366,ct_eversource_hp_flat_epmc_passthrough_calibrated
255390,ct_eversource_hp_flat_epmc_passthrough_calibrated
260078,ct_eversource_hp_flat_epmc_passthrough_calibrated
312302,ct_eversource_hp_flat_epmc_passthrough_calibrated
376462,ct_eversource_hp_flat_epmc_passthrough_calibrated
312827,ct_eversource_hp_flat_epmc_passthrough_calibrated
294624,ct_eversource_hp_flat_epmc_passthrough_calibrated
405147,ct_eversource_hp_flat_epmc_passthrough_calibrated
306840,ct_eversource_hp_flat_epmc_passthrough_calibrated
295064,ct_eversource_hp_flat_epmc_passthrough_calibrated
299316,ct_eversource_hp_flat_epmc_passthrough_calibrated
311667,ct_eversource_hp_flat_epmc_passthrough_calibrated
312228,ct_eversource_hp_flat_epmc_passthrough_calibrated
314824,ct_eversource_hp_flat_epmc_passthrough_calibrated
318322,ct_eversource_hp_flat_epmc_passthrough_calibrated
324201,ct_eversource_hp_flat_epmc_passthrough_calibrated
325223,ct_eversource_hp_flat_epmc_passthrough_calibrated
334624,ct_eversource_hp_flat_epmc_passthrough_calibrated
440365,ct_eversource_hp_flat_epmc_passthrough_calibrated
483180,ct_eversource_hp_flat_epmc_passthrough_calibrated
489275,ct_eversource_hp_flat_epmc_passthrough_calibrated
492815,ct_eversource_hp_flat_epmc_passthrough_calibrated
530712,ct_eversource_hp_flat_epmc_passthrough_calibrated
535414,ct_eversource_hp_flat_epmc_passthrough_calibrated
538036,ct_eversource_hp_flat_epmc_passthrough_calibrated
541668,ct_eversource_hp_flat_epmc_passthrough_calibrated
74727,ct_eversource_hp_flat_epmc_passthrough_calibrated
204289,ct_eversource_hp_flat_epmc_passthrough_calibrated
487658,ct_eversource_hp_flat_epmc_passthrough_calibrated
285353,ct_eversource_hp_flat_epmc_passthrough_calibrated
177297,ct_eversource_hp_flat_epmc_passthrough_calibrated
247002,ct_eversource_hp_flat_epmc_passthrough_calibrated
23352,ct_eversource_hp_flat_epmc_passthrough_calibrated
324957,ct_eversource_hp_flat_epmc_passthrough_calibrated
488712,ct_eversource_hp_flat_epmc_passthrough_calibrated
295438,ct_eversource_hp_flat_epmc_passthrough_calibrated
371306,ct_eversource_hp_flat_epmc_passthrough_calibrated
411749,ct_eversource_hp_flat_epmc_passthrough_calibrated
508239,ct_eversource_hp_flat_epmc_passthrough_calibrated
368741,ct_eversource_hp_flat_epmc_passthrough_calibrated
449166,ct_eversource_hp_flat_epmc_passthrough_calibrated
161086,ct_eversource_hp_flat_epmc_passthrough_calibrated
473004,ct_eversource_hp_flat_epmc_passthrough_calibrated
78197,ct_eversource_hp_flat_epmc_passthrough_calibrated
104911,ct_eversource_hp_flat_epmc_passthrough_calibrated
142465,ct_eversource_hp_flat_epmc_passthrough_calibrated
147830,ct_eversource_hp_flat_epmc_passthrough_calibrated
204304,ct_eversource_hp_flat_epmc_passthrough_calibrated
358936,ct_eversource_hp_flat_epmc_passthrough_calibrated
372736,ct_eversource_hp_flat_epmc_passthrough_calibrated
420746,ct_eversource_hp_flat_epmc_passthrough_calibrated
488241,ct_eversource_hp_flat_epmc_passthrough_calibrated
535665,ct_eversource_hp_flat_epmc_passthrough_calibrated
122986,ct_eversource_hp_flat_epmc_passthrough_calibrated
185384,ct_eversource_hp_flat_epmc_passthrough_calibrated
198211,ct_eversource_hp_flat_epmc_passthrough_calibrated
212901,ct_eversource_hp_flat_epmc_passthrough_calibrated
478694,ct_eversource_hp_flat_epmc_passthrough_calibrated
202633,ct_eversource_hp_flat_epmc_passthrough_calibrated
72386,ct_eversource_hp_flat_epmc_passthrough_calibrated
20853,ct_eversource_hp_flat_epmc_passthrough_calibrated
33975,ct_eversource_hp_flat_epmc_passthrough_calibrated
187297,ct_eversource_hp_flat_epmc_passthrough_calibrated
410555,ct_eversource_hp_flat_epmc_passthrough_calibrated
425742,ct_eversource_hp_flat_epmc_passthrough_calibrated
467556,ct_eversource_hp_flat_epmc_passthrough_calibrated
489733,ct_eversource_hp_flat_epmc_passthrough_calibrated
50586,ct_eversource_hp_flat_epmc_passthrough_calibrated
57684,ct_eversource_hp_flat_epmc_passthrough_calibrated
71980,ct_eversource_hp_flat_epmc_passthrough_calibrated
281821,ct_eversource_hp_flat_epmc_passthrough_calibrated
234407,ct_eversource_hp_flat_epmc_passthrough_calibrated
415966,ct_eversource_hp_flat_epmc_passthrough_calibrated
443583,ct_eversource_hp_flat_epmc_passthrough_calibrated
481376,ct_eversource_hp_flat_epmc_passthrough_calibrated
498113,ct_eversource_hp_flat_epmc_passthrough_calibrated
514774,ct_eversource_hp_flat_epmc_passthrough_calibrated
541025,ct_eversource_hp_flat_epmc_passthrough_calibrated
543241,ct_eversource_hp_flat_epmc_passthrough_calibrated
2331,ct_eversource_hp_flat_epmc_passthrough_calibrated
15333,ct_eversource_hp_flat_epmc_passthrough_calibrated
44292,ct_eversource_hp_flat_epmc_passthrough_calibrated
50980,ct_eversource_hp_flat_epmc_passthrough_calibrated
70257,ct_eversource_hp_flat_epmc_passthrough_calibrated
82338,ct_eversource_hp_flat_epmc_passthrough_calibrated
117068,ct_eversource_hp_flat_epmc_passthrough_calibrated
122567,ct_eversource_hp_flat_epmc_passthrough_calibrated
131784,ct_eversource_hp_flat_epmc_passthrough_calibrated
238047,ct_eversource_hp_flat_epmc_passthrough_calibrated
144559,ct_eversource_hp_flat_epmc_passthrough_calibrated
180332,ct_eversource_hp_flat_epmc_passthrough_calibrated
373956,ct_eversource_hp_flat_epmc_passthrough_calibrated
317543,ct_eversource_hp_flat_epmc_passthrough_calibrated
374909,ct_eversource_hp_flat_epmc_passthrough_calibrated
168816,ct_eversource_hp_flat_epmc_passthrough_calibrated
213429,ct_eversource_hp_flat_epmc_passthrough_calibrated
221053,ct_eversource_hp_flat_epmc_passthrough_calibrated
255906,ct_eversource_hp_flat_epmc_passthrough_calibrated
256232,ct_eversource_hp_flat_epmc_passthrough_calibrated
402569,ct_eversource_hp_flat_epmc_passthrough_calibrated
289754,ct_eversource_hp_flat_epmc_passthrough_calibrated
329241,ct_eversource_hp_flat_epmc_passthrough_calibrated
376101,ct_eversource_hp_flat_epmc_passthrough_calibrated
413311,ct_eversource_hp_flat_epmc_passthrough_calibrated
417714,ct_eversource_hp_flat_epmc_passthrough_calibrated
420474,ct_eversource_hp_flat_epmc_passthrough_calibrated
421032,ct_eversource_hp_flat_epmc_passthrough_calibrated
421386,ct_eversource_hp_flat_epmc_passthrough_calibrated
423425,ct_eversource_hp_flat_epmc_passthrough_calibrated
423839,ct_eversource_hp_flat_epmc_passthrough_calibrated
424280,ct_eversource_hp_flat_epmc_passthrough_calibrated
427829,ct_eversource_hp_flat_epmc_passthrough_calibrated
429563,ct_eversource_hp_flat_epmc_passthrough_calibrated
435778,ct_eversource_hp_flat_epmc_passthrough_calibrated
436266,ct_eversource_hp_flat_epmc_passthrough_calibrated
442203,ct_eversource_hp_flat_epmc_passthrough_calibrated
444551,ct_eversource_hp_flat_epmc_passthrough_calibrated
445350,ct_eversource_hp_flat_epmc_passthrough_calibrated
468247,ct_eversource_hp_flat_epmc_passthrough_calibrated
471534,ct_eversource_hp_flat_epmc_passthrough_calibrated
471886,ct_eversource_hp_flat_epmc_passthrough_calibrated
481669,ct_eversource_hp_flat_epmc_passthrough_calibrated
486274,ct_eversource_hp_flat_epmc_passthrough_calibrated
486851,ct_eversource_hp_flat_epmc_passthrough_calibrated
488744,ct_eversource_hp_flat_epmc_passthrough_calibrated
492203,ct_eversource_hp_flat_epmc_passthrough_calibrated
494791,ct_eversource_hp_flat_epmc_passthrough_calibrated
499678,ct_eversource_hp_flat_epmc_passthrough_calibrated
500559,ct_eversource_hp_flat_epmc_passthrough_calibrated
503336,ct_eversource_hp_flat_epmc_passthrough_calibrated
510857,ct_eversource_hp_flat_epmc_passthrough_calibrated
522925,ct_eversource_hp_flat_epmc_passthrough_calibrated
525975,ct_eversource_hp_flat_epmc_passthrough_calibrated
526202,ct_eversource_hp_flat_epmc_passthrough_calibrated
526460,ct_eversource_hp_flat_epmc_passthrough_calibrated
4999,ct_eversource_hp_flat_epmc_passthrough_calibrated
5294,ct_eversource_hp_flat_epmc_passthrough_calibrated
5662,ct_eversource_hp_flat_epmc_passthrough_calibrated
5874,ct_eversource_hp_flat_epmc_passthrough_calibrated
6936,ct_eversource_hp_flat_epmc_passthrough_calibrated
12274,ct_eversource_hp_flat_epmc_passthrough_calibrated
17557,ct_eversource_hp_flat_epmc_passthrough_calibrated
29127,ct_eversource_hp_flat_epmc_passthrough_calibrated
30020,ct_eversource_hp_flat_epmc_passthrough_calibrated
34832,ct_eversource_hp_flat_epmc_passthrough_calibrated
39750,ct_eversource_hp_flat_epmc_passthrough_calibrated
40390,ct_eversource_hp_flat_epmc_passthrough_calibrated
43096,ct_eversource_hp_flat_epmc_passthrough_calibrated
44052,ct_eversource_hp_flat_epmc_passthrough_calibrated
46316,ct_eversource_hp_flat_epmc_passthrough_calibrated
46946,ct_eversource_hp_flat_epmc_passthrough_calibrated
49344,ct_eversource_hp_flat_epmc_passthrough_calibrated
50058,ct_eversource_hp_flat_epmc_passthrough_calibrated
53391,ct_eversource_hp_flat_epmc_passthrough_calibrated
57583,ct_eversource_hp_flat_epmc_passthrough_calibrated
59217,ct_eversource_hp_flat_epmc_passthrough_calibrated
59281,ct_eversource_hp_flat_epmc_passthrough_calibrated
65283,ct_eversource_hp_flat_epmc_passthrough_calibrated
66426,ct_eversource_hp_flat_epmc_passthrough_calibrated
74452,ct_eversource_hp_flat_epmc_passthrough_calibrated
78515,ct_eversource_hp_flat_epmc_passthrough_calibrated
79518,ct_eversource_hp_flat_epmc_passthrough_calibrated
80492,ct_eversource_hp_flat_epmc_passthrough_calibrated
80969,ct_eversource_hp_flat_epmc_passthrough_calibrated
91503,ct_eversource_hp_flat_epmc_passthrough_calibrated
103790,ct_eversource_hp_flat_epmc_passthrough_calibrated
103990,ct_eversource_hp_flat_epmc_passthrough_calibrated
110154,ct_eversource_hp_flat_epmc_passthrough_calibrated
115436,ct_eversource_hp_flat_epmc_passthrough_calibrated
122421,ct_eversource_hp_flat_epmc_passthrough_calibrated
123138,ct_eversource_hp_flat_epmc_passthrough_calibrated
126323,ct_eversource_hp_flat_epmc_passthrough_calibrated
135245,ct_eversource_hp_flat_epmc_passthrough_calibrated
230905,ct_eversource_hp_flat_epmc_passthrough_calibrated
366920,ct_eversource_hp_flat_epmc_passthrough_calibrated
371914,ct_eversource_hp_flat_epmc_passthrough_calibrated
259034,ct_eversource_hp_flat_epmc_passthrough_calibrated
233043,ct_eversource_hp_flat_epmc_passthrough_calibrated
203226,ct_eversource_hp_flat_epmc_passthrough_calibrated
236915,ct_eversource_hp_flat_epmc_passthrough_calibrated
166660,ct_eversource_hp_flat_epmc_passthrough_calibrated
279395,ct_eversource_hp_flat_epmc_passthrough_calibrated
233579,ct_eversource_hp_flat_epmc_passthrough_calibrated
225125,ct_eversource_hp_flat_epmc_passthrough_calibrated
338462,ct_eversource_hp_flat_epmc_passthrough_calibrated
332434,ct_eversource_hp_flat_epmc_passthrough_calibrated
158906,ct_eversource_hp_flat_epmc_passthrough_calibrated
326045,ct_eversource_hp_flat_epmc_passthrough_calibrated
326543,ct_eversource_hp_flat_epmc_passthrough_calibrated
398310,ct_eversource_hp_flat_epmc_passthrough_calibrated
152001,ct_eversource_hp_flat_epmc_passthrough_calibrated
171899,ct_eversource_hp_flat_epmc_passthrough_calibrated
231057,ct_eversource_hp_flat_epmc_passthrough_calibrated
232630,ct_eversource_hp_flat_epmc_passthrough_calibrated
378152,ct_eversource_hp_flat_epmc_passthrough_calibrated
270211,ct_eversource_hp_flat_epmc_passthrough_calibrated
329282,ct_eversource_hp_flat_epmc_passthrough_calibrated
145900,ct_eversource_hp_flat_epmc_passthrough_calibrated
155639,ct_eversource_hp_flat_epmc_passthrough_calibrated
155840,ct_eversource_hp_flat_epmc_passthrough_calibrated
164726,ct_eversource_hp_flat_epmc_passthrough_calibrated
164924,ct_eversource_hp_flat_epmc_passthrough_calibrated
176751,ct_eversource_hp_flat_epmc_passthrough_calibrated
182029,ct_eversource_hp_flat_epmc_passthrough_calibrated
187028,ct_eversource_hp_flat_epmc_passthrough_calibrated
196327,ct_eversource_hp_flat_epmc_passthrough_calibrated
199440,ct_eversource_hp_flat_epmc_passthrough_calibrated
219042,ct_eversource_hp_flat_epmc_passthrough_calibrated
221554,ct_eversource_hp_flat_epmc_passthrough_calibrated
222831,ct_eversource_hp_flat_epmc_passthrough_calibrated
237714,ct_eversource_hp_flat_epmc_passthrough_calibrated
237722,ct_eversource_hp_flat_epmc_passthrough_calibrated
240534,ct_eversource_hp_flat_epmc_passthrough_calibrated
251493,ct_eversource_hp_flat_epmc_passthrough_calibrated
258719,ct_eversource_hp_flat_epmc_passthrough_calibrated
262369,ct_eversource_hp_flat_epmc_passthrough_calibrated
264377,ct_eversource_hp_flat_epmc_passthrough_calibrated
402180,ct_eversource_hp_flat_epmc_passthrough_calibrated
388469,ct_eversource_hp_flat_epmc_passthrough_calibrated
313086,ct_eversource_hp_flat_epmc_passthrough_calibrated
326141,ct_eversource_hp_flat_epmc_passthrough_calibrated
284162,ct_eversource_hp_flat_epmc_passthrough_calibrated
390756,ct_eversource_hp_flat_epmc_passthrough_calibrated
310489,ct_eversource_hp_flat_epmc_passthrough_calibrated
299903,ct_eversource_hp_flat_epmc_passthrough_calibrated
312217,ct_eversource_hp_flat_epmc_passthrough_calibrated
303938,ct_eversource_hp_flat_epmc_passthrough_calibrated
308867,ct_eversource_hp_flat_epmc_passthrough_calibrated
323128,ct_eversource_hp_flat_epmc_passthrough_calibrated
324303,ct_eversource_hp_flat_epmc_passthrough_calibrated
325787,ct_eversource_hp_flat_epmc_passthrough_calibrated
333546,ct_eversource_hp_flat_epmc_passthrough_calibrated
311711,ct_eversource_hp_flat_epmc_passthrough_calibrated
168183,ct_eversource_hp_flat_epmc_passthrough_calibrated
298286,ct_eversource_hp_flat_epmc_passthrough_calibrated
344988,ct_eversource_hp_flat_epmc_passthrough_calibrated
486773,ct_eversource_hp_flat_epmc_passthrough_calibrated
516089,ct_eversource_hp_flat_epmc_passthrough_calibrated
519442,ct_eversource_hp_flat_epmc_passthrough_calibrated
537354,ct_eversource_hp_flat_epmc_passthrough_calibrated
549750,ct_eversource_hp_flat_epmc_passthrough_calibrated
141585,ct_eversource_hp_flat_epmc_passthrough_calibrated
451888,ct_eversource_hp_flat_epmc_passthrough_calibrated
292197,ct_eversource_hp_flat_epmc_passthrough_calibrated
231161,ct_eversource_hp_flat_epmc_passthrough_calibrated
146459,ct_eversource_hp_flat_epmc_passthrough_calibrated
238269,ct_eversource_hp_flat_epmc_passthrough_calibrated
336099,ct_eversource_hp_flat_epmc_passthrough_calibrated
502886,ct_eversource_hp_flat_epmc_passthrough_calibrated
106399,ct_eversource_hp_flat_epmc_passthrough_calibrated
426618,ct_eversource_hp_flat_epmc_passthrough_calibrated
478785,ct_eversource_hp_flat_epmc_passthrough_calibrated
83234,ct_eversource_hp_flat_epmc_passthrough_calibrated
86661,ct_eversource_hp_flat_epmc_passthrough_calibrated
391612,ct_eversource_hp_flat_epmc_passthrough_calibrated
279732,ct_eversource_hp_flat_epmc_passthrough_calibrated
227785,ct_eversource_hp_flat_epmc_passthrough_calibrated
453304,ct_eversource_hp_flat_epmc_passthrough_calibrated
39862,ct_eversource_hp_flat_epmc_passthrough_calibrated
191944,ct_eversource_hp_flat_epmc_passthrough_calibrated
434410,ct_eversource_hp_flat_epmc_passthrough_calibrated
141865,ct_eversource_hp_flat_epmc_passthrough_calibrated
393355,ct_eversource_hp_flat_epmc_passthrough_calibrated
216043,ct_eversource_hp_flat_epmc_passthrough_calibrated
38423,ct_eversource_hp_flat_epmc_passthrough_calibrated
391578,ct_eversource_hp_flat_epmc_passthrough_calibrated
138525,ct_eversource_hp_flat_epmc_passthrough_calibrated
144857,ct_eversource_hp_flat_epmc_passthrough_calibrated
395189,ct_eversource_hp_flat_epmc_passthrough_calibrated
434483,ct_eversource_hp_flat_epmc_passthrough_calibrated
66839,ct_eversource_hp_flat_epmc_passthrough_calibrated
385856,ct_eversource_hp_flat_epmc_passthrough_calibrated
469143,ct_eversource_hp_flat_epmc_passthrough_calibrated
61362,ct_eversource_hp_flat_epmc_passthrough_calibrated
69535,ct_eversource_hp_flat_epmc_passthrough_calibrated
228430,ct_eversource_hp_flat_epmc_passthrough_calibrated
95522,ct_eversource_hp_flat_epmc_passthrough_calibrated
302645,ct_eversource_hp_flat_epmc_passthrough_calibrated
450863,ct_eversource_hp_flat_epmc_passthrough_calibrated
148361,ct_eversource_hp_flat_epmc_passthrough_calibrated
286987,ct_eversource_hp_flat_epmc_passthrough_calibrated
311861,ct_eversource_hp_flat_epmc_passthrough_calibrated
324722,ct_eversource_hp_flat_epmc_passthrough_calibrated
440502,ct_eversource_hp_flat_epmc_passthrough_calibrated
443644,ct_eversource_hp_flat_epmc_passthrough_calibrated
455178,ct_eversource_hp_flat_epmc_passthrough_calibrated
470340,ct_eversource_hp_flat_epmc_passthrough_calibrated
470503,ct_eversource_hp_flat_epmc_passthrough_calibrated
493901,ct_eversource_hp_flat_epmc_passthrough_calibrated
506411,ct_eversource_hp_flat_epmc_passthrough_calibrated
511480,ct_eversource_hp_flat_epmc_passthrough_calibrated
531291,ct_eversource_hp_flat_epmc_passthrough_calibrated
535929,ct_eversource_hp_flat_epmc_passthrough_calibrated
546407,ct_eversource_hp_flat_epmc_passthrough_calibrated
8050,ct_eversource_hp_flat_epmc_passthrough_calibrated
22557,ct_eversource_hp_flat_epmc_passthrough_calibrated
54730,ct_eversource_hp_flat_epmc_passthrough_calibrated
62666,ct_eversource_hp_flat_epmc_passthrough_calibrated
101712,ct_eversource_hp_flat_epmc_passthrough_calibrated
113586,ct_eversource_hp_flat_epmc_passthrough_calibrated
117421,ct_eversource_hp_flat_epmc_passthrough_calibrated
118333,ct_eversource_hp_flat_epmc_passthrough_calibrated
130871,ct_eversource_hp_flat_epmc_passthrough_calibrated
134582,ct_eversource_hp_flat_epmc_passthrough_calibrated
248038,ct_eversource_hp_flat_epmc_passthrough_calibrated
183175,ct_eversource_hp_flat_epmc_passthrough_calibrated
154921,ct_eversource_hp_flat_epmc_passthrough_calibrated
283387,ct_eversource_hp_flat_epmc_passthrough_calibrated
340707,ct_eversource_hp_flat_epmc_passthrough_calibrated
372677,ct_eversource_hp_flat_epmc_passthrough_calibrated
167821,ct_eversource_hp_flat_epmc_passthrough_calibrated
213583,ct_eversource_hp_flat_epmc_passthrough_calibrated
214795,ct_eversource_hp_flat_epmc_passthrough_calibrated
259211,ct_eversource_hp_flat_epmc_passthrough_calibrated
261746,ct_eversource_hp_flat_epmc_passthrough_calibrated
318217,ct_eversource_hp_flat_epmc_passthrough_calibrated
363300,ct_eversource_hp_flat_epmc_passthrough_calibrated
410466,ct_eversource_hp_flat_epmc_passthrough_calibrated
414167,ct_eversource_hp_flat_epmc_passthrough_calibrated
419331,ct_eversource_hp_flat_epmc_passthrough_calibrated
423330,ct_eversource_hp_flat_epmc_passthrough_calibrated
429946,ct_eversource_hp_flat_epmc_passthrough_calibrated
452463,ct_eversource_hp_flat_epmc_passthrough_calibrated
454389,ct_eversource_hp_flat_epmc_passthrough_calibrated
455479,ct_eversource_hp_flat_epmc_passthrough_calibrated
458993,ct_eversource_hp_flat_epmc_passthrough_calibrated
459169,ct_eversource_hp_flat_epmc_passthrough_calibrated
459216,ct_eversource_hp_flat_epmc_passthrough_calibrated
464951,ct_eversource_hp_flat_epmc_passthrough_calibrated
468970,ct_eversource_hp_flat_epmc_passthrough_calibrated
475049,ct_eversource_hp_flat_epmc_passthrough_calibrated
475601,ct_eversource_hp_flat_epmc_passthrough_calibrated
478720,ct_eversource_hp_flat_epmc_passthrough_calibrated
481351,ct_eversource_hp_flat_epmc_passthrough_calibrated
481910,ct_eversource_hp_flat_epmc_passthrough_calibrated
482224,ct_eversource_hp_flat_epmc_passthrough_calibrated
488252,ct_eversource_hp_flat_epmc_passthrough_calibrated
490807,ct_eversource_hp_flat_epmc_passthrough_calibrated
494455,ct_eversource_hp_flat_epmc_passthrough_calibrated
494950,ct_eversource_hp_flat_epmc_passthrough_calibrated
495287,ct_eversource_hp_flat_epmc_passthrough_calibrated
499154,ct_eversource_hp_flat_epmc_passthrough_calibrated
502563,ct_eversource_hp_flat_epmc_passthrough_calibrated
508808,ct_eversource_hp_flat_epmc_passthrough_calibrated
509585,ct_eversource_hp_flat_epmc_passthrough_calibrated
509852,ct_eversource_hp_flat_epmc_passthrough_calibrated
517271,ct_eversource_hp_flat_epmc_passthrough_calibrated
518108,ct_eversource_hp_flat_epmc_passthrough_calibrated
536674,ct_eversource_hp_flat_epmc_passthrough_calibrated
540661,ct_eversource_hp_flat_epmc_passthrough_calibrated
548491,ct_eversource_hp_flat_epmc_passthrough_calibrated
548837,ct_eversource_hp_flat_epmc_passthrough_calibrated
3005,ct_eversource_hp_flat_epmc_passthrough_calibrated
6006,ct_eversource_hp_flat_epmc_passthrough_calibrated
6131,ct_eversource_hp_flat_epmc_passthrough_calibrated
9864,ct_eversource_hp_flat_epmc_passthrough_calibrated
19111,ct_eversource_hp_flat_epmc_passthrough_calibrated
19349,ct_eversource_hp_flat_epmc_passthrough_calibrated
30835,ct_eversource_hp_flat_epmc_passthrough_calibrated
33335,ct_eversource_hp_flat_epmc_passthrough_calibrated
33479,ct_eversource_hp_flat_epmc_passthrough_calibrated
36856,ct_eversource_hp_flat_epmc_passthrough_calibrated
37479,ct_eversource_hp_flat_epmc_passthrough_calibrated
40750,ct_eversource_hp_flat_epmc_passthrough_calibrated
41739,ct_eversource_hp_flat_epmc_passthrough_calibrated
46424,ct_eversource_hp_flat_epmc_passthrough_calibrated
47391,ct_eversource_hp_flat_epmc_passthrough_calibrated
53172,ct_eversource_hp_flat_epmc_passthrough_calibrated
53499,ct_eversource_hp_flat_epmc_passthrough_calibrated
55863,ct_eversource_hp_flat_epmc_passthrough_calibrated
62348,ct_eversource_hp_flat_epmc_passthrough_calibrated
66301,ct_eversource_hp_flat_epmc_passthrough_calibrated
67305,ct_eversource_hp_flat_epmc_passthrough_calibrated
70463,ct_eversource_hp_flat_epmc_passthrough_calibrated
74082,ct_eversource_hp_flat_epmc_passthrough_calibrated
76601,ct_eversource_hp_flat_epmc_passthrough_calibrated
80757,ct_eversource_hp_flat_epmc_passthrough_calibrated
89352,ct_eversource_hp_flat_epmc_passthrough_calibrated
97893,ct_eversource_hp_flat_epmc_passthrough_calibrated
98080,ct_eversource_hp_flat_epmc_passthrough_calibrated
99099,ct_eversource_hp_flat_epmc_passthrough_calibrated
110571,ct_eversource_hp_flat_epmc_passthrough_calibrated
119790,ct_eversource_hp_flat_epmc_passthrough_calibrated
128937,ct_eversource_hp_flat_epmc_passthrough_calibrated
128948,ct_eversource_hp_flat_epmc_passthrough_calibrated
318870,ct_eversource_hp_flat_epmc_passthrough_calibrated
205970,ct_eversource_hp_flat_epmc_passthrough_calibrated
255969,ct_eversource_hp_flat_epmc_passthrough_calibrated
391048,ct_eversource_hp_flat_epmc_passthrough_calibrated
245025,ct_eversource_hp_flat_epmc_passthrough_calibrated
223868,ct_eversource_hp_flat_epmc_passthrough_calibrated
208237,ct_eversource_hp_flat_epmc_passthrough_calibrated
188282,ct_eversource_hp_flat_epmc_passthrough_calibrated
143426,ct_eversource_hp_flat_epmc_passthrough_calibrated
348722,ct_eversource_hp_flat_epmc_passthrough_calibrated
183614,ct_eversource_hp_flat_epmc_passthrough_calibrated
232831,ct_eversource_hp_flat_epmc_passthrough_calibrated
376122,ct_eversource_hp_flat_epmc_passthrough_calibrated
328324,ct_eversource_hp_flat_epmc_passthrough_calibrated
150302,ct_eversource_hp_flat_epmc_passthrough_calibrated
177032,ct_eversource_hp_flat_epmc_passthrough_calibrated
243316,ct_eversource_hp_flat_epmc_passthrough_calibrated
351306,ct_eversource_hp_flat_epmc_passthrough_calibrated
381912,ct_eversource_hp_flat_epmc_passthrough_calibrated
270275,ct_eversource_hp_flat_epmc_passthrough_calibrated
278775,ct_eversource_hp_flat_epmc_passthrough_calibrated
288938,ct_eversource_hp_flat_epmc_passthrough_calibrated
298341,ct_eversource_hp_flat_epmc_passthrough_calibrated
141134,ct_eversource_hp_flat_epmc_passthrough_calibrated
152605,ct_eversource_hp_flat_epmc_passthrough_calibrated
152924,ct_eversource_hp_flat_epmc_passthrough_calibrated
164718,ct_eversource_hp_flat_epmc_passthrough_calibrated
169513,ct_eversource_hp_flat_epmc_passthrough_calibrated
172539,ct_eversource_hp_flat_epmc_passthrough_calibrated
179383,ct_eversource_hp_flat_epmc_passthrough_calibrated
182613,ct_eversource_hp_flat_epmc_passthrough_calibrated
184172,ct_eversource_hp_flat_epmc_passthrough_calibrated
205540,ct_eversource_hp_flat_epmc_passthrough_calibrated
206661,ct_eversource_hp_flat_epmc_passthrough_calibrated
207521,ct_eversource_hp_flat_epmc_passthrough_calibrated
216549,ct_eversource_hp_flat_epmc_passthrough_calibrated
216890,ct_eversource_hp_flat_epmc_passthrough_calibrated
218716,ct_eversource_hp_flat_epmc_passthrough_calibrated
221569,ct_eversource_hp_flat_epmc_passthrough_calibrated
236061,ct_eversource_hp_flat_epmc_passthrough_calibrated
237542,ct_eversource_hp_flat_epmc_passthrough_calibrated
239181,ct_eversource_hp_flat_epmc_passthrough_calibrated
242063,ct_eversource_hp_flat_epmc_passthrough_calibrated
242745,ct_eversource_hp_flat_epmc_passthrough_calibrated
243076,ct_eversource_hp_flat_epmc_passthrough_calibrated
248813,ct_eversource_hp_flat_epmc_passthrough_calibrated
257424,ct_eversource_hp_flat_epmc_passthrough_calibrated
257534,ct_eversource_hp_flat_epmc_passthrough_calibrated
263934,ct_eversource_hp_flat_epmc_passthrough_calibrated
265729,ct_eversource_hp_flat_epmc_passthrough_calibrated
267238,ct_eversource_hp_flat_epmc_passthrough_calibrated
367320,ct_eversource_hp_flat_epmc_passthrough_calibrated
392680,ct_eversource_hp_flat_epmc_passthrough_calibrated
350167,ct_eversource_hp_flat_epmc_passthrough_calibrated
371903,ct_eversource_hp_flat_epmc_passthrough_calibrated
387454,ct_eversource_hp_flat_epmc_passthrough_calibrated
361929,ct_eversource_hp_flat_epmc_passthrough_calibrated
391602,ct_eversource_hp_flat_epmc_passthrough_calibrated
395002,ct_eversource_hp_flat_epmc_passthrough_calibrated
283240,ct_eversource_hp_flat_epmc_passthrough_calibrated
297099,ct_eversource_hp_flat_epmc_passthrough_calibrated
308557,ct_eversource_hp_flat_epmc_passthrough_calibrated
272195,ct_eversource_hp_flat_epmc_passthrough_calibrated
277101,ct_eversource_hp_flat_epmc_passthrough_calibrated
293494,ct_eversource_hp_flat_epmc_passthrough_calibrated
323899,ct_eversource_hp_flat_epmc_passthrough_calibrated
125295,ct_eversource_hp_flat_epmc_passthrough_calibrated
476274,ct_eversource_hp_flat_epmc_passthrough_calibrated
192893,ct_eversource_hp_flat_epmc_passthrough_calibrated
419677,ct_eversource_hp_flat_epmc_passthrough_calibrated
430754,ct_eversource_hp_flat_epmc_passthrough_calibrated
448708,ct_eversource_hp_flat_epmc_passthrough_calibrated
496425,ct_eversource_hp_flat_epmc_passthrough_calibrated
501737,ct_eversource_hp_flat_epmc_passthrough_calibrated
502694,ct_eversource_hp_flat_epmc_passthrough_calibrated
510889,ct_eversource_hp_flat_epmc_passthrough_calibrated
515089,ct_eversource_hp_flat_epmc_passthrough_calibrated
522279,ct_eversource_hp_flat_epmc_passthrough_calibrated
526557,ct_eversource_hp_flat_epmc_passthrough_calibrated
539452,ct_eversource_hp_flat_epmc_passthrough_calibrated
111347,ct_eversource_hp_flat_epmc_passthrough_calibrated
137283,ct_eversource_hp_flat_epmc_passthrough_calibrated
212274,ct_eversource_hp_flat_epmc_passthrough_calibrated
459282,ct_eversource_hp_flat_epmc_passthrough_calibrated
240939,ct_eversource_hp_flat_epmc_passthrough_calibrated
323811,ct_eversource_hp_flat_epmc_passthrough_calibrated
266533,ct_eversource_hp_flat_epmc_passthrough_calibrated
145419,ct_eversource_hp_flat_epmc_passthrough_calibrated
217893,ct_eversource_hp_flat_epmc_passthrough_calibrated
396580,ct_eversource_hp_flat_epmc_passthrough_calibrated
269988,ct_eversource_hp_flat_epmc_passthrough_calibrated
378211,ct_eversource_hp_flat_epmc_passthrough_calibrated
336599,ct_eversource_hp_flat_epmc_passthrough_calibrated
341809,ct_eversource_hp_flat_epmc_passthrough_calibrated
214876,ct_eversource_hp_flat_epmc_passthrough_calibrated
247246,ct_eversource_hp_flat_epmc_passthrough_calibrated
268518,ct_eversource_hp_flat_epmc_passthrough_calibrated
11579,ct_eversource_hp_flat_epmc_passthrough_calibrated
513561,ct_eversource_hp_flat_epmc_passthrough_calibrated
378273,ct_eversource_hp_flat_epmc_passthrough_calibrated
71584,ct_eversource_hp_flat_epmc_passthrough_calibrated
349049,ct_eversource_hp_flat_epmc_passthrough_calibrated
312400,ct_eversource_hp_flat_epmc_passthrough_calibrated
78013,ct_eversource_hp_flat_epmc_passthrough_calibrated
389503,ct_eversource_hp_flat_epmc_passthrough_calibrated
157228,ct_eversource_hp_flat_epmc_passthrough_calibrated
431784,ct_eversource_hp_flat_epmc_passthrough_calibrated
547131,ct_eversource_hp_flat_epmc_passthrough_calibrated
44270,ct_eversource_hp_flat_epmc_passthrough_calibrated
127949,ct_eversource_hp_flat_epmc_passthrough_calibrated
155082,ct_eversource_hp_flat_epmc_passthrough_calibrated
231877,ct_eversource_hp_flat_epmc_passthrough_calibrated
250608,ct_eversource_hp_flat_epmc_passthrough_calibrated
370535,ct_eversource_hp_flat_epmc_passthrough_calibrated
382113,ct_eversource_hp_flat_epmc_passthrough_calibrated
398195,ct_eversource_hp_flat_epmc_passthrough_calibrated
401111,ct_eversource_hp_flat_epmc_passthrough_calibrated
397988,ct_eversource_hp_flat_epmc_passthrough_calibrated
260758,ct_eversource_hp_flat_epmc_passthrough_calibrated
348631,ct_eversource_hp_flat_epmc_passthrough_calibrated
540590,ct_eversource_hp_flat_epmc_passthrough_calibrated
422243,ct_eversource_hp_flat_epmc_passthrough_calibrated
542451,ct_eversource_hp_flat_epmc_passthrough_calibrated
192143,ct_eversource_hp_flat_epmc_passthrough_calibrated
285136,ct_eversource_hp_flat_epmc_passthrough_calibrated
106676,ct_eversource_hp_flat_epmc_passthrough_calibrated
118684,ct_eversource_hp_flat_epmc_passthrough_calibrated
388190,ct_eversource_hp_flat_epmc_passthrough_calibrated
146753,ct_eversource_hp_flat_epmc_passthrough_calibrated
366762,ct_eversource_hp_flat_epmc_passthrough_calibrated
412269,ct_eversource_hp_flat_epmc_passthrough_calibrated
418337,ct_eversource_hp_flat_epmc_passthrough_calibrated
424819,ct_eversource_hp_flat_epmc_passthrough_calibrated
425535,ct_eversource_hp_flat_epmc_passthrough_calibrated
440596,ct_eversource_hp_flat_epmc_passthrough_calibrated
445503,ct_eversource_hp_flat_epmc_passthrough_calibrated
467723,ct_eversource_hp_flat_epmc_passthrough_calibrated
474009,ct_eversource_hp_flat_epmc_passthrough_calibrated
493625,ct_eversource_hp_flat_epmc_passthrough_calibrated
518006,ct_eversource_hp_flat_epmc_passthrough_calibrated
2277,ct_eversource_hp_flat_epmc_passthrough_calibrated
28921,ct_eversource_hp_flat_epmc_passthrough_calibrated
56086,ct_eversource_hp_flat_epmc_passthrough_calibrated
111861,ct_eversource_hp_flat_epmc_passthrough_calibrated
127420,ct_eversource_hp_flat_epmc_passthrough_calibrated
338689,ct_eversource_hp_flat_epmc_passthrough_calibrated
400914,ct_eversource_hp_flat_epmc_passthrough_calibrated
170333,ct_eversource_hp_flat_epmc_passthrough_calibrated
400163,ct_eversource_hp_flat_epmc_passthrough_calibrated
342553,ct_eversource_hp_flat_epmc_passthrough_calibrated
148789,ct_eversource_hp_flat_epmc_passthrough_calibrated
155186,ct_eversource_hp_flat_epmc_passthrough_calibrated
155461,ct_eversource_hp_flat_epmc_passthrough_calibrated
182730,ct_eversource_hp_flat_epmc_passthrough_calibrated
193111,ct_eversource_hp_flat_epmc_passthrough_calibrated
199994,ct_eversource_hp_flat_epmc_passthrough_calibrated
398093,ct_eversource_hp_flat_epmc_passthrough_calibrated
295688,ct_eversource_hp_flat_epmc_passthrough_calibrated
304436,ct_eversource_hp_flat_epmc_passthrough_calibrated
345860,ct_eversource_hp_flat_epmc_passthrough_calibrated
361019,ct_eversource_hp_flat_epmc_passthrough_calibrated
421298,ct_eversource_hp_flat_epmc_passthrough_calibrated
425849,ct_eversource_hp_flat_epmc_passthrough_calibrated
426200,ct_eversource_hp_flat_epmc_passthrough_calibrated
426731,ct_eversource_hp_flat_epmc_passthrough_calibrated
427998,ct_eversource_hp_flat_epmc_passthrough_calibrated
430962,ct_eversource_hp_flat_epmc_passthrough_calibrated
434670,ct_eversource_hp_flat_epmc_passthrough_calibrated
438090,ct_eversource_hp_flat_epmc_passthrough_calibrated
438970,ct_eversource_hp_flat_epmc_passthrough_calibrated
440102,ct_eversource_hp_flat_epmc_passthrough_calibrated
440247,ct_eversource_hp_flat_epmc_passthrough_calibrated
455015,ct_eversource_hp_flat_epmc_passthrough_calibrated
458348,ct_eversource_hp_flat_epmc_passthrough_calibrated
463827,ct_eversource_hp_flat_epmc_passthrough_calibrated
464296,ct_eversource_hp_flat_epmc_passthrough_calibrated
464901,ct_eversource_hp_flat_epmc_passthrough_calibrated
469342,ct_eversource_hp_flat_epmc_passthrough_calibrated
469812,ct_eversource_hp_flat_epmc_passthrough_calibrated
471401,ct_eversource_hp_flat_epmc_passthrough_calibrated
471821,ct_eversource_hp_flat_epmc_passthrough_calibrated
491580,ct_eversource_hp_flat_epmc_passthrough_calibrated
510448,ct_eversource_hp_flat_epmc_passthrough_calibrated
510706,ct_eversource_hp_flat_epmc_passthrough_calibrated
521090,ct_eversource_hp_flat_epmc_passthrough_calibrated
523355,ct_eversource_hp_flat_epmc_passthrough_calibrated
528149,ct_eversource_hp_flat_epmc_passthrough_calibrated
528292,ct_eversource_hp_flat_epmc_passthrough_calibrated
533884,ct_eversource_hp_flat_epmc_passthrough_calibrated
543602,ct_eversource_hp_flat_epmc_passthrough_calibrated
3154,ct_eversource_hp_flat_epmc_passthrough_calibrated
11356,ct_eversource_hp_flat_epmc_passthrough_calibrated
13358,ct_eversource_hp_flat_epmc_passthrough_calibrated
18638,ct_eversource_hp_flat_epmc_passthrough_calibrated
18640,ct_eversource_hp_flat_epmc_passthrough_calibrated
28444,ct_eversource_hp_flat_epmc_passthrough_calibrated
34254,ct_eversource_hp_flat_epmc_passthrough_calibrated
34449,ct_eversource_hp_flat_epmc_passthrough_calibrated
35534,ct_eversource_hp_flat_epmc_passthrough_calibrated
35658,ct_eversource_hp_flat_epmc_passthrough_calibrated
38051,ct_eversource_hp_flat_epmc_passthrough_calibrated
41853,ct_eversource_hp_flat_epmc_passthrough_calibrated
48561,ct_eversource_hp_flat_epmc_passthrough_calibrated
50671,ct_eversource_hp_flat_epmc_passthrough_calibrated
59970,ct_eversource_hp_flat_epmc_passthrough_calibrated
64995,ct_eversource_hp_flat_epmc_passthrough_calibrated
67799,ct_eversource_hp_flat_epmc_passthrough_calibrated
75614,ct_eversource_hp_flat_epmc_passthrough_calibrated
77453,ct_eversource_hp_flat_epmc_passthrough_calibrated
79812,ct_eversource_hp_flat_epmc_passthrough_calibrated
82784,ct_eversource_hp_flat_epmc_passthrough_calibrated
85046,ct_eversource_hp_flat_epmc_passthrough_calibrated
86780,ct_eversource_hp_flat_epmc_passthrough_calibrated
91086,ct_eversource_hp_flat_epmc_passthrough_calibrated
91412,ct_eversource_hp_flat_epmc_passthrough_calibrated
99280,ct_eversource_hp_flat_epmc_passthrough_calibrated
103158,ct_eversource_hp_flat_epmc_passthrough_calibrated
114551,ct_eversource_hp_flat_epmc_passthrough_calibrated
116001,ct_eversource_hp_flat_epmc_passthrough_calibrated
116644,ct_eversource_hp_flat_epmc_passthrough_calibrated
117949,ct_eversource_hp_flat_epmc_passthrough_calibrated
118525,ct_eversource_hp_flat_epmc_passthrough_calibrated
124950,ct_eversource_hp_flat_epmc_passthrough_calibrated
127474,ct_eversource_hp_flat_epmc_passthrough_calibrated
128027,ct_eversource_hp_flat_epmc_passthrough_calibrated
130986,ct_eversource_hp_flat_epmc_passthrough_calibrated
137674,ct_eversource_hp_flat_epmc_passthrough_calibrated
257399,ct_eversource_hp_flat_epmc_passthrough_calibrated
247443,ct_eversource_hp_flat_epmc_passthrough_calibrated
325273,ct_eversource_hp_flat_epmc_passthrough_calibrated
191444,ct_eversource_hp_flat_epmc_passthrough_calibrated
407385,ct_eversource_hp_flat_epmc_passthrough_calibrated
336660,ct_eversource_hp_flat_epmc_passthrough_calibrated
171290,ct_eversource_hp_flat_epmc_passthrough_calibrated
207843,ct_eversource_hp_flat_epmc_passthrough_calibrated
178669,ct_eversource_hp_flat_epmc_passthrough_calibrated
253837,ct_eversource_hp_flat_epmc_passthrough_calibrated
399111,ct_eversource_hp_flat_epmc_passthrough_calibrated
331622,ct_eversource_hp_flat_epmc_passthrough_calibrated
309661,ct_eversource_hp_flat_epmc_passthrough_calibrated
323900,ct_eversource_hp_flat_epmc_passthrough_calibrated
327305,ct_eversource_hp_flat_epmc_passthrough_calibrated
329319,ct_eversource_hp_flat_epmc_passthrough_calibrated
139207,ct_eversource_hp_flat_epmc_passthrough_calibrated
144417,ct_eversource_hp_flat_epmc_passthrough_calibrated
147995,ct_eversource_hp_flat_epmc_passthrough_calibrated
151554,ct_eversource_hp_flat_epmc_passthrough_calibrated
151858,ct_eversource_hp_flat_epmc_passthrough_calibrated
158154,ct_eversource_hp_flat_epmc_passthrough_calibrated
187198,ct_eversource_hp_flat_epmc_passthrough_calibrated
190719,ct_eversource_hp_flat_epmc_passthrough_calibrated
193937,ct_eversource_hp_flat_epmc_passthrough_calibrated
209623,ct_eversource_hp_flat_epmc_passthrough_calibrated
222977,ct_eversource_hp_flat_epmc_passthrough_calibrated
230861,ct_eversource_hp_flat_epmc_passthrough_calibrated
241531,ct_eversource_hp_flat_epmc_passthrough_calibrated
242264,ct_eversource_hp_flat_epmc_passthrough_calibrated
246176,ct_eversource_hp_flat_epmc_passthrough_calibrated
252889,ct_eversource_hp_flat_epmc_passthrough_calibrated
253910,ct_eversource_hp_flat_epmc_passthrough_calibrated
256412,ct_eversource_hp_flat_epmc_passthrough_calibrated
392065,ct_eversource_hp_flat_epmc_passthrough_calibrated
352514,ct_eversource_hp_flat_epmc_passthrough_calibrated
380932,ct_eversource_hp_flat_epmc_passthrough_calibrated
406990,ct_eversource_hp_flat_epmc_passthrough_calibrated
350971,ct_eversource_hp_flat_epmc_passthrough_calibrated
313414,ct_eversource_hp_flat_epmc_passthrough_calibrated
282665,ct_eversource_hp_flat_epmc_passthrough_calibrated
399525,ct_eversource_hp_flat_epmc_passthrough_calibrated
290674,ct_eversource_hp_flat_epmc_passthrough_calibrated
339142,ct_eversource_hp_flat_epmc_passthrough_calibrated
301513,ct_eversource_hp_flat_epmc_passthrough_calibrated
308672,ct_eversource_hp_flat_epmc_passthrough_calibrated
273185,ct_eversource_hp_flat_epmc_passthrough_calibrated
277653,ct_eversource_hp_flat_epmc_passthrough_calibrated
282431,ct_eversource_hp_flat_epmc_passthrough_calibrated
307525,ct_eversource_hp_flat_epmc_passthrough_calibrated
307812,ct_eversource_hp_flat_epmc_passthrough_calibrated
324153,ct_eversource_hp_flat_epmc_passthrough_calibrated
1233,ct_eversource_hp_flat_epmc_passthrough_calibrated
188714,ct_eversource_hp_flat_epmc_passthrough_calibrated
257682,ct_eversource_hp_flat_epmc_passthrough_calibrated
418294,ct_eversource_hp_flat_epmc_passthrough_calibrated
418864,ct_eversource_hp_flat_epmc_passthrough_calibrated
419321,ct_eversource_hp_flat_epmc_passthrough_calibrated
471164,ct_eversource_hp_flat_epmc_passthrough_calibrated
518231,ct_eversource_hp_flat_epmc_passthrough_calibrated
533746,ct_eversource_hp_flat_epmc_passthrough_calibrated
543247,ct_eversource_hp_flat_epmc_passthrough_calibrated
107961,ct_eversource_hp_flat_epmc_passthrough_calibrated
257043,ct_eversource_hp_flat_epmc_passthrough_calibrated
153381,ct_eversource_hp_flat_epmc_passthrough_calibrated
169510,ct_eversource_hp_flat_epmc_passthrough_calibrated
329749,ct_eversource_hp_flat_epmc_passthrough_calibrated
140801,ct_eversource_hp_flat_epmc_passthrough_calibrated
283932,ct_eversource_hp_flat_epmc_passthrough_calibrated
176093,ct_eversource_hp_flat_epmc_passthrough_calibrated
431614,ct_eversource_hp_flat_epmc_passthrough_calibrated
271241,ct_eversource_hp_flat_epmc_passthrough_calibrated
505902,ct_eversource_hp_flat_epmc_passthrough_calibrated
27385,ct_eversource_hp_flat_epmc_passthrough_calibrated
87667,ct_eversource_hp_flat_epmc_passthrough_calibrated
345221,ct_eversource_hp_flat_epmc_passthrough_calibrated
407449,ct_eversource_hp_flat_epmc_passthrough_calibrated
275965,ct_eversource_hp_flat_epmc_passthrough_calibrated
408644,ct_eversource_hp_flat_epmc_passthrough_calibrated
140345,ct_eversource_hp_flat_epmc_passthrough_calibrated
469433,ct_eversource_hp_flat_epmc_passthrough_calibrated
172274,ct_eversource_hp_flat_epmc_passthrough_calibrated
520926,ct_eversource_hp_flat_epmc_passthrough_calibrated
44839,ct_eversource_hp_flat_epmc_passthrough_calibrated
65617,ct_eversource_hp_flat_epmc_passthrough_calibrated
111927,ct_eversource_hp_flat_epmc_passthrough_calibrated
129128,ct_eversource_hp_flat_epmc_passthrough_calibrated
145855,ct_eversource_hp_flat_epmc_passthrough_calibrated
229795,ct_eversource_hp_flat_epmc_passthrough_calibrated
245307,ct_eversource_hp_flat_epmc_passthrough_calibrated
395296,ct_eversource_hp_flat_epmc_passthrough_calibrated
368655,ct_eversource_hp_flat_epmc_passthrough_calibrated
454794,ct_eversource_hp_flat_epmc_passthrough_calibrated
86487,ct_eversource_hp_flat_epmc_passthrough_calibrated
118415,ct_eversource_hp_flat_epmc_passthrough_calibrated
250429,ct_eversource_hp_flat_epmc_passthrough_calibrated
398557,ct_eversource_hp_flat_epmc_passthrough_calibrated
530363,ct_eversource_hp_flat_epmc_passthrough_calibrated
83837,ct_eversource_hp_flat_epmc_passthrough_calibrated
308319,ct_eversource_hp_flat_epmc_passthrough_calibrated
241768,ct_eversource_hp_flat_epmc_passthrough_calibrated
83250,ct_eversource_hp_flat_epmc_passthrough_calibrated
368492,ct_eversource_hp_flat_epmc_passthrough_calibrated
395985,ct_eversource_hp_flat_epmc_passthrough_calibrated
15784,ct_eversource_hp_flat_epmc_passthrough_calibrated
7382,ct_eversource_hp_flat_epmc_passthrough_calibrated
75852,ct_eversource_hp_flat_epmc_passthrough_calibrated
330748,ct_eversource_hp_flat_epmc_passthrough_calibrated
422143,ct_eversource_hp_flat_epmc_passthrough_calibrated
429768,ct_eversource_hp_flat_epmc_passthrough_calibrated
51759,ct_eversource_hp_flat_epmc_passthrough_calibrated
190193,ct_eversource_hp_flat_epmc_passthrough_calibrated
228932,ct_eversource_hp_flat_epmc_passthrough_calibrated
298935,ct_eversource_hp_flat_epmc_passthrough_calibrated
356752,ct_eversource_hp_flat_epmc_passthrough_calibrated
433531,ct_eversource_hp_flat_epmc_passthrough_calibrated
442274,ct_eversource_hp_flat_epmc_passthrough_calibrated
509097,ct_eversource_hp_flat_epmc_passthrough_calibrated
32979,ct_eversource_hp_flat_epmc_passthrough_calibrated
41871,ct_eversource_hp_flat_epmc_passthrough_calibrated
47418,ct_eversource_hp_flat_epmc_passthrough_calibrated
61739,ct_eversource_hp_flat_epmc_passthrough_calibrated
89603,ct_eversource_hp_flat_epmc_passthrough_calibrated
97626,ct_eversource_hp_flat_epmc_passthrough_calibrated
378440,ct_eversource_hp_flat_epmc_passthrough_calibrated
349966,ct_eversource_hp_flat_epmc_passthrough_calibrated
158351,ct_eversource_hp_flat_epmc_passthrough_calibrated
235990,ct_eversource_hp_flat_epmc_passthrough_calibrated
239353,ct_eversource_hp_flat_epmc_passthrough_calibrated
377726,ct_eversource_hp_flat_epmc_passthrough_calibrated
142551,ct_eversource_hp_flat_epmc_passthrough_calibrated
146027,ct_eversource_hp_flat_epmc_passthrough_calibrated
155773,ct_eversource_hp_flat_epmc_passthrough_calibrated
210921,ct_eversource_hp_flat_epmc_passthrough_calibrated
213812,ct_eversource_hp_flat_epmc_passthrough_calibrated
226848,ct_eversource_hp_flat_epmc_passthrough_calibrated
236241,ct_eversource_hp_flat_epmc_passthrough_calibrated
236716,ct_eversource_hp_flat_epmc_passthrough_calibrated
301538,ct_eversource_hp_flat_epmc_passthrough_calibrated
377552,ct_eversource_hp_flat_epmc_passthrough_calibrated
339777,ct_eversource_hp_flat_epmc_passthrough_calibrated
326686,ct_eversource_hp_flat_epmc_passthrough_calibrated
343123,ct_eversource_hp_flat_epmc_passthrough_calibrated
410069,ct_eversource_hp_flat_epmc_passthrough_calibrated
417405,ct_eversource_hp_flat_epmc_passthrough_calibrated
418874,ct_eversource_hp_flat_epmc_passthrough_calibrated
422044,ct_eversource_hp_flat_epmc_passthrough_calibrated
422089,ct_eversource_hp_flat_epmc_passthrough_calibrated
422295,ct_eversource_hp_flat_epmc_passthrough_calibrated
424934,ct_eversource_hp_flat_epmc_passthrough_calibrated
427401,ct_eversource_hp_flat_epmc_passthrough_calibrated
429647,ct_eversource_hp_flat_epmc_passthrough_calibrated
434182,ct_eversource_hp_flat_epmc_passthrough_calibrated
445641,ct_eversource_hp_flat_epmc_passthrough_calibrated
445773,ct_eversource_hp_flat_epmc_passthrough_calibrated
449376,ct_eversource_hp_flat_epmc_passthrough_calibrated
452470,ct_eversource_hp_flat_epmc_passthrough_calibrated
458835,ct_eversource_hp_flat_epmc_passthrough_calibrated
462432,ct_eversource_hp_flat_epmc_passthrough_calibrated
468575,ct_eversource_hp_flat_epmc_passthrough_calibrated
472333,ct_eversource_hp_flat_epmc_passthrough_calibrated
477335,ct_eversource_hp_flat_epmc_passthrough_calibrated
477554,ct_eversource_hp_flat_epmc_passthrough_calibrated
477725,ct_eversource_hp_flat_epmc_passthrough_calibrated
478657,ct_eversource_hp_flat_epmc_passthrough_calibrated
479087,ct_eversource_hp_flat_epmc_passthrough_calibrated
479582,ct_eversource_hp_flat_epmc_passthrough_calibrated
481042,ct_eversource_hp_flat_epmc_passthrough_calibrated
489540,ct_eversource_hp_flat_epmc_passthrough_calibrated
495173,ct_eversource_hp_flat_epmc_passthrough_calibrated
496823,ct_eversource_hp_flat_epmc_passthrough_calibrated
501886,ct_eversource_hp_flat_epmc_passthrough_calibrated
509191,ct_eversource_hp_flat_epmc_passthrough_calibrated
509329,ct_eversource_hp_flat_epmc_passthrough_calibrated
516407,ct_eversource_hp_flat_epmc_passthrough_calibrated
518242,ct_eversource_hp_flat_epmc_passthrough_calibrated
522181,ct_eversource_hp_flat_epmc_passthrough_calibrated
524288,ct_eversource_hp_flat_epmc_passthrough_calibrated
535836,ct_eversource_hp_flat_epmc_passthrough_calibrated
548742,ct_eversource_hp_flat_epmc_passthrough_calibrated
211,ct_eversource_hp_flat_epmc_passthrough_calibrated
7747,ct_eversource_hp_flat_epmc_passthrough_calibrated
10917,ct_eversource_hp_flat_epmc_passthrough_calibrated
12676,ct_eversource_hp_flat_epmc_passthrough_calibrated
16421,ct_eversource_hp_flat_epmc_passthrough_calibrated
17456,ct_eversource_hp_flat_epmc_passthrough_calibrated
19852,ct_eversource_hp_flat_epmc_passthrough_calibrated
25414,ct_eversource_hp_flat_epmc_passthrough_calibrated
27095,ct_eversource_hp_flat_epmc_passthrough_calibrated
30010,ct_eversource_hp_flat_epmc_passthrough_calibrated
34869,ct_eversource_hp_flat_epmc_passthrough_calibrated
37601,ct_eversource_hp_flat_epmc_passthrough_calibrated
37648,ct_eversource_hp_flat_epmc_passthrough_calibrated
41696,ct_eversource_hp_flat_epmc_passthrough_calibrated
41856,ct_eversource_hp_flat_epmc_passthrough_calibrated
46489,ct_eversource_hp_flat_epmc_passthrough_calibrated
46519,ct_eversource_hp_flat_epmc_passthrough_calibrated
49252,ct_eversource_hp_flat_epmc_passthrough_calibrated
55514,ct_eversource_hp_flat_epmc_passthrough_calibrated
57388,ct_eversource_hp_flat_epmc_passthrough_calibrated
58688,ct_eversource_hp_flat_epmc_passthrough_calibrated
63338,ct_eversource_hp_flat_epmc_passthrough_calibrated
65340,ct_eversource_hp_flat_epmc_passthrough_calibrated
66302,ct_eversource_hp_flat_epmc_passthrough_calibrated
73380,ct_eversource_hp_flat_epmc_passthrough_calibrated
75752,ct_eversource_hp_flat_epmc_passthrough_calibrated
81580,ct_eversource_hp_flat_epmc_passthrough_calibrated
84498,ct_eversource_hp_flat_epmc_passthrough_calibrated
95965,ct_eversource_hp_flat_epmc_passthrough_calibrated
100366,ct_eversource_hp_flat_epmc_passthrough_calibrated
100771,ct_eversource_hp_flat_epmc_passthrough_calibrated
105576,ct_eversource_hp_flat_epmc_passthrough_calibrated
111993,ct_eversource_hp_flat_epmc_passthrough_calibrated
114385,ct_eversource_hp_flat_epmc_passthrough_calibrated
118331,ct_eversource_hp_flat_epmc_passthrough_calibrated
118397,ct_eversource_hp_flat_epmc_passthrough_calibrated
122033,ct_eversource_hp_flat_epmc_passthrough_calibrated
123377,ct_eversource_hp_flat_epmc_passthrough_calibrated
123731,ct_eversource_hp_flat_epmc_passthrough_calibrated
125327,ct_eversource_hp_flat_epmc_passthrough_calibrated
127141,ct_eversource_hp_flat_epmc_passthrough_calibrated
240549,ct_eversource_hp_flat_epmc_passthrough_calibrated
176430,ct_eversource_hp_flat_epmc_passthrough_calibrated
152774,ct_eversource_hp_flat_epmc_passthrough_calibrated
201756,ct_eversource_hp_flat_epmc_passthrough_calibrated
205835,ct_eversource_hp_flat_epmc_passthrough_calibrated
149789,ct_eversource_hp_flat_epmc_passthrough_calibrated
191793,ct_eversource_hp_flat_epmc_passthrough_calibrated
229435,ct_eversource_hp_flat_epmc_passthrough_calibrated
372128,ct_eversource_hp_flat_epmc_passthrough_calibrated
197924,ct_eversource_hp_flat_epmc_passthrough_calibrated
212567,ct_eversource_hp_flat_epmc_passthrough_calibrated
232099,ct_eversource_hp_flat_epmc_passthrough_calibrated
266950,ct_eversource_hp_flat_epmc_passthrough_calibrated
319862,ct_eversource_hp_flat_epmc_passthrough_calibrated
309261,ct_eversource_hp_flat_epmc_passthrough_calibrated
374158,ct_eversource_hp_flat_epmc_passthrough_calibrated
142960,ct_eversource_hp_flat_epmc_passthrough_calibrated
144938,ct_eversource_hp_flat_epmc_passthrough_calibrated
156423,ct_eversource_hp_flat_epmc_passthrough_calibrated
160432,ct_eversource_hp_flat_epmc_passthrough_calibrated
161057,ct_eversource_hp_flat_epmc_passthrough_calibrated
164086,ct_eversource_hp_flat_epmc_passthrough_calibrated
164330,ct_eversource_hp_flat_epmc_passthrough_calibrated
165585,ct_eversource_hp_flat_epmc_passthrough_calibrated
167564,ct_eversource_hp_flat_epmc_passthrough_calibrated
168305,ct_eversource_hp_flat_epmc_passthrough_calibrated
170761,ct_eversource_hp_flat_epmc_passthrough_calibrated
172565,ct_eversource_hp_flat_epmc_passthrough_calibrated
179679,ct_eversource_hp_flat_epmc_passthrough_calibrated
190191,ct_eversource_hp_flat_epmc_passthrough_calibrated
195246,ct_eversource_hp_flat_epmc_passthrough_calibrated
197242,ct_eversource_hp_flat_epmc_passthrough_calibrated
199525,ct_eversource_hp_flat_epmc_passthrough_calibrated
202188,ct_eversource_hp_flat_epmc_passthrough_calibrated
206612,ct_eversource_hp_flat_epmc_passthrough_calibrated
211818,ct_eversource_hp_flat_epmc_passthrough_calibrated
211844,ct_eversource_hp_flat_epmc_passthrough_calibrated
216140,ct_eversource_hp_flat_epmc_passthrough_calibrated
223328,ct_eversource_hp_flat_epmc_passthrough_calibrated
223948,ct_eversource_hp_flat_epmc_passthrough_calibrated
232373,ct_eversource_hp_flat_epmc_passthrough_calibrated
234060,ct_eversource_hp_flat_epmc_passthrough_calibrated
238074,ct_eversource_hp_flat_epmc_passthrough_calibrated
240029,ct_eversource_hp_flat_epmc_passthrough_calibrated
260676,ct_eversource_hp_flat_epmc_passthrough_calibrated
263907,ct_eversource_hp_flat_epmc_passthrough_calibrated
266085,ct_eversource_hp_flat_epmc_passthrough_calibrated
399590,ct_eversource_hp_flat_epmc_passthrough_calibrated
281847,ct_eversource_hp_flat_epmc_passthrough_calibrated
328669,ct_eversource_hp_flat_epmc_passthrough_calibrated
347101,ct_eversource_hp_flat_epmc_passthrough_calibrated
330117,ct_eversource_hp_flat_epmc_passthrough_calibrated
276978,ct_eversource_hp_flat_epmc_passthrough_calibrated
340686,ct_eversource_hp_flat_epmc_passthrough_calibrated
398637,ct_eversource_hp_flat_epmc_passthrough_calibrated
399645,ct_eversource_hp_flat_epmc_passthrough_calibrated
279061,ct_eversource_hp_flat_epmc_passthrough_calibrated
308858,ct_eversource_hp_flat_epmc_passthrough_calibrated
272643,ct_eversource_hp_flat_epmc_passthrough_calibrated
281710,ct_eversource_hp_flat_epmc_passthrough_calibrated
282830,ct_eversource_hp_flat_epmc_passthrough_calibrated
283170,ct_eversource_hp_flat_epmc_passthrough_calibrated
294835,ct_eversource_hp_flat_epmc_passthrough_calibrated
295864,ct_eversource_hp_flat_epmc_passthrough_calibrated
299542,ct_eversource_hp_flat_epmc_passthrough_calibrated
304860,ct_eversource_hp_flat_epmc_passthrough_calibrated
308857,ct_eversource_hp_flat_epmc_passthrough_calibrated
311027,ct_eversource_hp_flat_epmc_passthrough_calibrated
316476,ct_eversource_hp_flat_epmc_passthrough_calibrated
325717,ct_eversource_hp_flat_epmc_passthrough_calibrated
355741,ct_eversource_hp_flat_epmc_passthrough_calibrated
367025,ct_eversource_hp_flat_epmc_passthrough_calibrated
369627,ct_eversource_hp_flat_epmc_passthrough_calibrated
378659,ct_eversource_hp_flat_epmc_passthrough_calibrated
383417,ct_eversource_hp_flat_epmc_passthrough_calibrated
392788,ct_eversource_hp_flat_epmc_passthrough_calibrated
375474,ct_eversource_hp_flat_epmc_passthrough_calibrated
442434,ct_eversource_hp_flat_epmc_passthrough_calibrated
442875,ct_eversource_hp_flat_epmc_passthrough_calibrated
449294,ct_eversource_hp_flat_epmc_passthrough_calibrated
466560,ct_eversource_hp_flat_epmc_passthrough_calibrated
499053,ct_eversource_hp_flat_epmc_passthrough_calibrated
506159,ct_eversource_hp_flat_epmc_passthrough_calibrated
533296,ct_eversource_hp_flat_epmc_passthrough_calibrated
539418,ct_eversource_hp_flat_epmc_passthrough_calibrated
34047,ct_eversource_hp_flat_epmc_passthrough_calibrated
37196,ct_eversource_hp_flat_epmc_passthrough_calibrated
57591,ct_eversource_hp_flat_epmc_passthrough_calibrated
462968,ct_eversource_hp_flat_epmc_passthrough_calibrated
284251,ct_eversource_hp_flat_epmc_passthrough_calibrated
305611,ct_eversource_hp_flat_epmc_passthrough_calibrated
292263,ct_eversource_hp_flat_epmc_passthrough_calibrated
278304,ct_eversource_hp_flat_epmc_passthrough_calibrated
224486,ct_eversource_hp_flat_epmc_passthrough_calibrated
225154,ct_eversource_hp_flat_epmc_passthrough_calibrated
248667,ct_eversource_hp_flat_epmc_passthrough_calibrated
442655,ct_eversource_hp_flat_epmc_passthrough_calibrated
54219,ct_eversource_hp_flat_epmc_passthrough_calibrated
63060,ct_eversource_hp_flat_epmc_passthrough_calibrated
76103,ct_eversource_hp_flat_epmc_passthrough_calibrated
115827,ct_eversource_hp_flat_epmc_passthrough_calibrated
137166,ct_eversource_hp_flat_epmc_passthrough_calibrated
137552,ct_eversource_hp_flat_epmc_passthrough_calibrated
404969,ct_eversource_hp_flat_epmc_passthrough_calibrated
380039,ct_eversource_hp_flat_epmc_passthrough_calibrated
384475,ct_eversource_hp_flat_epmc_passthrough_calibrated
395081,ct_eversource_hp_flat_epmc_passthrough_calibrated
405051,ct_eversource_hp_flat_epmc_passthrough_calibrated
407636,ct_eversource_hp_flat_epmc_passthrough_calibrated
38142,ct_eversource_hp_flat_epmc_passthrough_calibrated
192384,ct_eversource_hp_flat_epmc_passthrough_calibrated
467685,ct_eversource_hp_flat_epmc_passthrough_calibrated
3426,ct_eversource_hp_flat_epmc_passthrough_calibrated
11565,ct_eversource_hp_flat_epmc_passthrough_calibrated
30845,ct_eversource_hp_flat_epmc_passthrough_calibrated
51656,ct_eversource_hp_flat_epmc_passthrough_calibrated
146197,ct_eversource_hp_flat_epmc_passthrough_calibrated
181185,ct_eversource_hp_flat_epmc_passthrough_calibrated
210753,ct_eversource_hp_flat_epmc_passthrough_calibrated
357505,ct_eversource_hp_flat_epmc_passthrough_calibrated
340179,ct_eversource_hp_flat_epmc_passthrough_calibrated
147077,ct_eversource_hp_flat_epmc_passthrough_calibrated
288341,ct_eversource_hp_flat_epmc_passthrough_calibrated
77811,ct_eversource_hp_flat_epmc_passthrough_calibrated
301616,ct_eversource_hp_flat_epmc_passthrough_calibrated
401767,ct_eversource_hp_flat_epmc_passthrough_calibrated
180424,ct_eversource_hp_flat_epmc_passthrough_calibrated
200,ct_eversource_hp_flat_epmc_passthrough_calibrated
240166,ct_eversource_hp_flat_epmc_passthrough_calibrated
101832,ct_eversource_hp_flat_epmc_passthrough_calibrated
285665,ct_eversource_hp_flat_epmc_passthrough_calibrated
170339,ct_eversource_hp_flat_epmc_passthrough_calibrated
186309,ct_eversource_hp_flat_epmc_passthrough_calibrated
463167,ct_eversource_hp_flat_epmc_passthrough_calibrated
433647,ct_eversource_hp_flat_epmc_passthrough_calibrated
18789,ct_eversource_hp_flat_epmc_passthrough_calibrated
294096,ct_eversource_hp_flat_epmc_passthrough_calibrated
309826,ct_eversource_hp_flat_epmc_passthrough_calibrated
219916,ct_eversource_hp_flat_epmc_passthrough_calibrated
245285,ct_eversource_hp_flat_epmc_passthrough_calibrated
346980,ct_eversource_hp_flat_epmc_passthrough_calibrated
311215,ct_eversource_hp_flat_epmc_passthrough_calibrated
369876,ct_eversource_hp_flat_epmc_passthrough_calibrated
417110,ct_eversource_hp_flat_epmc_passthrough_calibrated
438283,ct_eversource_hp_flat_epmc_passthrough_calibrated
488257,ct_eversource_hp_flat_epmc_passthrough_calibrated
539733,ct_eversource_hp_flat_epmc_passthrough_calibrated
547969,ct_eversource_hp_flat_epmc_passthrough_calibrated
8668,ct_eversource_hp_flat_epmc_passthrough_calibrated
12771,ct_eversource_hp_flat_epmc_passthrough_calibrated
43359,ct_eversource_hp_flat_epmc_passthrough_calibrated
100540,ct_eversource_hp_flat_epmc_passthrough_calibrated
106211,ct_eversource_hp_flat_epmc_passthrough_calibrated
115641,ct_eversource_hp_flat_epmc_passthrough_calibrated
142772,ct_eversource_hp_flat_epmc_passthrough_calibrated
378545,ct_eversource_hp_flat_epmc_passthrough_calibrated
273033,ct_eversource_hp_flat_epmc_passthrough_calibrated
197312,ct_eversource_hp_flat_epmc_passthrough_calibrated
208707,ct_eversource_hp_flat_epmc_passthrough_calibrated
253841,ct_eversource_hp_flat_epmc_passthrough_calibrated
314303,ct_eversource_hp_flat_epmc_passthrough_calibrated
273523,ct_eversource_hp_flat_epmc_passthrough_calibrated
410412,ct_eversource_hp_flat_epmc_passthrough_calibrated
412658,ct_eversource_hp_flat_epmc_passthrough_calibrated
421084,ct_eversource_hp_flat_epmc_passthrough_calibrated
422960,ct_eversource_hp_flat_epmc_passthrough_calibrated
424150,ct_eversource_hp_flat_epmc_passthrough_calibrated
431915,ct_eversource_hp_flat_epmc_passthrough_calibrated
435437,ct_eversource_hp_flat_epmc_passthrough_calibrated
438807,ct_eversource_hp_flat_epmc_passthrough_calibrated
442187,ct_eversource_hp_flat_epmc_passthrough_calibrated
461509,ct_eversource_hp_flat_epmc_passthrough_calibrated
472477,ct_eversource_hp_flat_epmc_passthrough_calibrated
479583,ct_eversource_hp_flat_epmc_passthrough_calibrated
479871,ct_eversource_hp_flat_epmc_passthrough_calibrated
484131,ct_eversource_hp_flat_epmc_passthrough_calibrated
497440,ct_eversource_hp_flat_epmc_passthrough_calibrated
506937,ct_eversource_hp_flat_epmc_passthrough_calibrated
507419,ct_eversource_hp_flat_epmc_passthrough_calibrated
518965,ct_eversource_hp_flat_epmc_passthrough_calibrated
527183,ct_eversource_hp_flat_epmc_passthrough_calibrated
530141,ct_eversource_hp_flat_epmc_passthrough_calibrated
535156,ct_eversource_hp_flat_epmc_passthrough_calibrated
542913,ct_eversource_hp_flat_epmc_passthrough_calibrated
543967,ct_eversource_hp_flat_epmc_passthrough_calibrated
548997,ct_eversource_hp_flat_epmc_passthrough_calibrated
63824,ct_eversource_hp_flat_epmc_passthrough_calibrated
5402,ct_eversource_hp_flat_epmc_passthrough_calibrated
14391,ct_eversource_hp_flat_epmc_passthrough_calibrated
19183,ct_eversource_hp_flat_epmc_passthrough_calibrated
21637,ct_eversource_hp_flat_epmc_passthrough_calibrated
22333,ct_eversource_hp_flat_epmc_passthrough_calibrated
28825,ct_eversource_hp_flat_epmc_passthrough_calibrated
33746,ct_eversource_hp_flat_epmc_passthrough_calibrated
35840,ct_eversource_hp_flat_epmc_passthrough_calibrated
50841,ct_eversource_hp_flat_epmc_passthrough_calibrated
53696,ct_eversource_hp_flat_epmc_passthrough_calibrated
55303,ct_eversource_hp_flat_epmc_passthrough_calibrated
56804,ct_eversource_hp_flat_epmc_passthrough_calibrated
59067,ct_eversource_hp_flat_epmc_passthrough_calibrated
59815,ct_eversource_hp_flat_epmc_passthrough_calibrated
60986,ct_eversource_hp_flat_epmc_passthrough_calibrated
72516,ct_eversource_hp_flat_epmc_passthrough_calibrated
72716,ct_eversource_hp_flat_epmc_passthrough_calibrated
74332,ct_eversource_hp_flat_epmc_passthrough_calibrated
74862,ct_eversource_hp_flat_epmc_passthrough_calibrated
75359,ct_eversource_hp_flat_epmc_passthrough_calibrated
76304,ct_eversource_hp_flat_epmc_passthrough_calibrated
82869,ct_eversource_hp_flat_epmc_passthrough_calibrated
96220,ct_eversource_hp_flat_epmc_passthrough_calibrated
97418,ct_eversource_hp_flat_epmc_passthrough_calibrated
103549,ct_eversource_hp_flat_epmc_passthrough_calibrated
107945,ct_eversource_hp_flat_epmc_passthrough_calibrated
111495,ct_eversource_hp_flat_epmc_passthrough_calibrated
113798,ct_eversource_hp_flat_epmc_passthrough_calibrated
121069,ct_eversource_hp_flat_epmc_passthrough_calibrated
123755,ct_eversource_hp_flat_epmc_passthrough_calibrated
126645,ct_eversource_hp_flat_epmc_passthrough_calibrated
126710,ct_eversource_hp_flat_epmc_passthrough_calibrated
127303,ct_eversource_hp_flat_epmc_passthrough_calibrated
146623,ct_eversource_hp_flat_epmc_passthrough_calibrated
402346,ct_eversource_hp_flat_epmc_passthrough_calibrated
316973,ct_eversource_hp_flat_epmc_passthrough_calibrated
373113,ct_eversource_hp_flat_epmc_passthrough_calibrated
199728,ct_eversource_hp_flat_epmc_passthrough_calibrated
406372,ct_eversource_hp_flat_epmc_passthrough_calibrated
256547,ct_eversource_hp_flat_epmc_passthrough_calibrated
208165,ct_eversource_hp_flat_epmc_passthrough_calibrated
208637,ct_eversource_hp_flat_epmc_passthrough_calibrated
257643,ct_eversource_hp_flat_epmc_passthrough_calibrated
269197,ct_eversource_hp_flat_epmc_passthrough_calibrated
387123,ct_eversource_hp_flat_epmc_passthrough_calibrated
404715,ct_eversource_hp_flat_epmc_passthrough_calibrated
158835,ct_eversource_hp_flat_epmc_passthrough_calibrated
160369,ct_eversource_hp_flat_epmc_passthrough_calibrated
161530,ct_eversource_hp_flat_epmc_passthrough_calibrated
172980,ct_eversource_hp_flat_epmc_passthrough_calibrated
178636,ct_eversource_hp_flat_epmc_passthrough_calibrated
183595,ct_eversource_hp_flat_epmc_passthrough_calibrated
186642,ct_eversource_hp_flat_epmc_passthrough_calibrated
204637,ct_eversource_hp_flat_epmc_passthrough_calibrated
207181,ct_eversource_hp_flat_epmc_passthrough_calibrated
241599,ct_eversource_hp_flat_epmc_passthrough_calibrated
247009,ct_eversource_hp_flat_epmc_passthrough_calibrated
250042,ct_eversource_hp_flat_epmc_passthrough_calibrated
263666,ct_eversource_hp_flat_epmc_passthrough_calibrated
266833,ct_eversource_hp_flat_epmc_passthrough_calibrated
268963,ct_eversource_hp_flat_epmc_passthrough_calibrated
379843,ct_eversource_hp_flat_epmc_passthrough_calibrated
372485,ct_eversource_hp_flat_epmc_passthrough_calibrated
283431,ct_eversource_hp_flat_epmc_passthrough_calibrated
396528,ct_eversource_hp_flat_epmc_passthrough_calibrated
316418,ct_eversource_hp_flat_epmc_passthrough_calibrated
332638,ct_eversource_hp_flat_epmc_passthrough_calibrated
286758,ct_eversource_hp_flat_epmc_passthrough_calibrated
290509,ct_eversource_hp_flat_epmc_passthrough_calibrated
298072,ct_eversource_hp_flat_epmc_passthrough_calibrated
300792,ct_eversource_hp_flat_epmc_passthrough_calibrated
308750,ct_eversource_hp_flat_epmc_passthrough_calibrated
310833,ct_eversource_hp_flat_epmc_passthrough_calibrated
324092,ct_eversource_hp_flat_epmc_passthrough_calibrated
336679,ct_eversource_hp_flat_epmc_passthrough_calibrated
337197,ct_eversource_hp_flat_epmc_passthrough_calibrated
357592,ct_eversource_hp_flat_epmc_passthrough_calibrated
370970,ct_eversource_hp_flat_epmc_passthrough_calibrated
371922,ct_eversource_hp_flat_epmc_passthrough_calibrated
378844,ct_eversource_hp_flat_epmc_passthrough_calibrated
384401,ct_eversource_hp_flat_epmc_passthrough_calibrated
387964,ct_eversource_hp_flat_epmc_passthrough_calibrated
398785,ct_eversource_hp_flat_epmc_passthrough_calibrated
433001,ct_eversource_hp_flat_epmc_passthrough_calibrated
446435,ct_eversource_hp_flat_epmc_passthrough_calibrated
470584,ct_eversource_hp_flat_epmc_passthrough_calibrated
472670,ct_eversource_hp_flat_epmc_passthrough_calibrated
497828,ct_eversource_hp_flat_epmc_passthrough_calibrated
511515,ct_eversource_hp_flat_epmc_passthrough_calibrated
511861,ct_eversource_hp_flat_epmc_passthrough_calibrated
541287,ct_eversource_hp_flat_epmc_passthrough_calibrated
322467,ct_eversource_hp_flat_epmc_passthrough_calibrated
472469,ct_eversource_hp_flat_epmc_passthrough_calibrated
161773,ct_eversource_hp_flat_epmc_passthrough_calibrated
237004,ct_eversource_hp_flat_epmc_passthrough_calibrated
252631,ct_eversource_hp_flat_epmc_passthrough_calibrated
248918,ct_eversource_hp_flat_epmc_passthrough_calibrated
258860,ct_eversource_hp_flat_epmc_passthrough_calibrated
370876,ct_eversource_hp_flat_epmc_passthrough_calibrated
324718,ct_eversource_hp_flat_epmc_passthrough_calibrated
314882,ct_eversource_hp_flat_epmc_passthrough_calibrated
24243,ct_eversource_hp_flat_epmc_passthrough_calibrated
36388,ct_eversource_hp_flat_epmc_passthrough_calibrated
84216,ct_eversource_hp_flat_epmc_passthrough_calibrated
375349,ct_eversource_hp_flat_epmc_passthrough_calibrated
288179,ct_eversource_hp_flat_epmc_passthrough_calibrated
353154,ct_eversource_hp_flat_epmc_passthrough_calibrated
311293,ct_eversource_hp_flat_epmc_passthrough_calibrated
340556,ct_eversource_hp_flat_epmc_passthrough_calibrated
198339,ct_eversource_hp_flat_epmc_passthrough_calibrated
459811,ct_eversource_hp_flat_epmc_passthrough_calibrated
206613,ct_eversource_hp_flat_epmc_passthrough_calibrated
150839,ct_eversource_hp_flat_epmc_passthrough_calibrated
2159,ct_eversource_hp_flat_epmc_passthrough_calibrated
17722,ct_eversource_hp_flat_epmc_passthrough_calibrated
147150,ct_eversource_hp_flat_epmc_passthrough_calibrated
267742,ct_eversource_hp_flat_epmc_passthrough_calibrated
399483,ct_eversource_hp_flat_epmc_passthrough_calibrated
462858,ct_eversource_hp_flat_epmc_passthrough_calibrated
480217,ct_eversource_hp_flat_epmc_passthrough_calibrated
519773,ct_eversource_hp_flat_epmc_passthrough_calibrated
542706,ct_eversource_hp_flat_epmc_passthrough_calibrated
502652,ct_eversource_hp_flat_epmc_passthrough_calibrated
56396,ct_eversource_hp_flat_epmc_passthrough_calibrated
266537,ct_eversource_hp_flat_epmc_passthrough_calibrated
129812,ct_eversource_hp_flat_epmc_passthrough_calibrated
507859,ct_eversource_hp_flat_epmc_passthrough_calibrated
73983,ct_eversource_hp_flat_epmc_passthrough_calibrated
201685,ct_eversource_hp_flat_epmc_passthrough_calibrated
369473,ct_eversource_hp_flat_epmc_passthrough_calibrated
355296,ct_eversource_hp_flat_epmc_passthrough_calibrated
420795,ct_eversource_hp_flat_epmc_passthrough_calibrated
427703,ct_eversource_hp_flat_epmc_passthrough_calibrated
157709,ct_eversource_hp_flat_epmc_passthrough_calibrated
140086,ct_eversource_hp_flat_epmc_passthrough_calibrated
144492,ct_eversource_hp_flat_epmc_passthrough_calibrated
157515,ct_eversource_hp_flat_epmc_passthrough_calibrated
224838,ct_eversource_hp_flat_epmc_passthrough_calibrated
321480,ct_eversource_hp_flat_epmc_passthrough_calibrated
459622,ct_eversource_hp_flat_epmc_passthrough_calibrated
462705,ct_eversource_hp_flat_epmc_passthrough_calibrated
496966,ct_eversource_hp_flat_epmc_passthrough_calibrated
537099,ct_eversource_hp_flat_epmc_passthrough_calibrated
543144,ct_eversource_hp_flat_epmc_passthrough_calibrated
8528,ct_eversource_hp_flat_epmc_passthrough_calibrated
22898,ct_eversource_hp_flat_epmc_passthrough_calibrated
38654,ct_eversource_hp_flat_epmc_passthrough_calibrated
131195,ct_eversource_hp_flat_epmc_passthrough_calibrated
131753,ct_eversource_hp_flat_epmc_passthrough_calibrated
135169,ct_eversource_hp_flat_epmc_passthrough_calibrated
344643,ct_eversource_hp_flat_epmc_passthrough_calibrated
227285,ct_eversource_hp_flat_epmc_passthrough_calibrated
184030,ct_eversource_hp_flat_epmc_passthrough_calibrated
184296,ct_eversource_hp_flat_epmc_passthrough_calibrated
199144,ct_eversource_hp_flat_epmc_passthrough_calibrated
242992,ct_eversource_hp_flat_epmc_passthrough_calibrated
319249,ct_eversource_hp_flat_epmc_passthrough_calibrated
333274,ct_eversource_hp_flat_epmc_passthrough_calibrated
421364,ct_eversource_hp_flat_epmc_passthrough_calibrated
421546,ct_eversource_hp_flat_epmc_passthrough_calibrated
425521,ct_eversource_hp_flat_epmc_passthrough_calibrated
426127,ct_eversource_hp_flat_epmc_passthrough_calibrated
426274,ct_eversource_hp_flat_epmc_passthrough_calibrated
434285,ct_eversource_hp_flat_epmc_passthrough_calibrated
436129,ct_eversource_hp_flat_epmc_passthrough_calibrated
453942,ct_eversource_hp_flat_epmc_passthrough_calibrated
454697,ct_eversource_hp_flat_epmc_passthrough_calibrated
458233,ct_eversource_hp_flat_epmc_passthrough_calibrated
472269,ct_eversource_hp_flat_epmc_passthrough_calibrated
484265,ct_eversource_hp_flat_epmc_passthrough_calibrated
487725,ct_eversource_hp_flat_epmc_passthrough_calibrated
488710,ct_eversource_hp_flat_epmc_passthrough_calibrated
493159,ct_eversource_hp_flat_epmc_passthrough_calibrated
493423,ct_eversource_hp_flat_epmc_passthrough_calibrated
494593,ct_eversource_hp_flat_epmc_passthrough_calibrated
500821,ct_eversource_hp_flat_epmc_passthrough_calibrated
501205,ct_eversource_hp_flat_epmc_passthrough_calibrated
516816,ct_eversource_hp_flat_epmc_passthrough_calibrated
529641,ct_eversource_hp_flat_epmc_passthrough_calibrated
529924,ct_eversource_hp_flat_epmc_passthrough_calibrated
533872,ct_eversource_hp_flat_epmc_passthrough_calibrated
534336,ct_eversource_hp_flat_epmc_passthrough_calibrated
537530,ct_eversource_hp_flat_epmc_passthrough_calibrated
548202,ct_eversource_hp_flat_epmc_passthrough_calibrated
1618,ct_eversource_hp_flat_epmc_passthrough_calibrated
2376,ct_eversource_hp_flat_epmc_passthrough_calibrated
13728,ct_eversource_hp_flat_epmc_passthrough_calibrated
16566,ct_eversource_hp_flat_epmc_passthrough_calibrated
18396,ct_eversource_hp_flat_epmc_passthrough_calibrated
20877,ct_eversource_hp_flat_epmc_passthrough_calibrated
29654,ct_eversource_hp_flat_epmc_passthrough_calibrated
32733,ct_eversource_hp_flat_epmc_passthrough_calibrated
34246,ct_eversource_hp_flat_epmc_passthrough_calibrated
44983,ct_eversource_hp_flat_epmc_passthrough_calibrated
49861,ct_eversource_hp_flat_epmc_passthrough_calibrated
51406,ct_eversource_hp_flat_epmc_passthrough_calibrated
63735,ct_eversource_hp_flat_epmc_passthrough_calibrated
65684,ct_eversource_hp_flat_epmc_passthrough_calibrated
66329,ct_eversource_hp_flat_epmc_passthrough_calibrated
72930,ct_eversource_hp_flat_epmc_passthrough_calibrated
73452,ct_eversource_hp_flat_epmc_passthrough_calibrated
73909,ct_eversource_hp_flat_epmc_passthrough_calibrated
74609,ct_eversource_hp_flat_epmc_passthrough_calibrated
75013,ct_eversource_hp_flat_epmc_passthrough_calibrated
77755,ct_eversource_hp_flat_epmc_passthrough_calibrated
77766,ct_eversource_hp_flat_epmc_passthrough_calibrated
83229,ct_eversource_hp_flat_epmc_passthrough_calibrated
84258,ct_eversource_hp_flat_epmc_passthrough_calibrated
85078,ct_eversource_hp_flat_epmc_passthrough_calibrated
85985,ct_eversource_hp_flat_epmc_passthrough_calibrated
86493,ct_eversource_hp_flat_epmc_passthrough_calibrated
89409,ct_eversource_hp_flat_epmc_passthrough_calibrated
90132,ct_eversource_hp_flat_epmc_passthrough_calibrated
90983,ct_eversource_hp_flat_epmc_passthrough_calibrated
93966,ct_eversource_hp_flat_epmc_passthrough_calibrated
98649,ct_eversource_hp_flat_epmc_passthrough_calibrated
105564,ct_eversource_hp_flat_epmc_passthrough_calibrated
113786,ct_eversource_hp_flat_epmc_passthrough_calibrated
116381,ct_eversource_hp_flat_epmc_passthrough_calibrated
118330,ct_eversource_hp_flat_epmc_passthrough_calibrated
121510,ct_eversource_hp_flat_epmc_passthrough_calibrated
129025,ct_eversource_hp_flat_epmc_passthrough_calibrated
129035,ct_eversource_hp_flat_epmc_passthrough_calibrated
134458,ct_eversource_hp_flat_epmc_passthrough_calibrated
346546,ct_eversource_hp_flat_epmc_passthrough_calibrated
354779,ct_eversource_hp_flat_epmc_passthrough_calibrated
392625,ct_eversource_hp_flat_epmc_passthrough_calibrated
249349,ct_eversource_hp_flat_epmc_passthrough_calibrated
157844,ct_eversource_hp_flat_epmc_passthrough_calibrated
187372,ct_eversource_hp_flat_epmc_passthrough_calibrated
214841,ct_eversource_hp_flat_epmc_passthrough_calibrated
323479,ct_eversource_hp_flat_epmc_passthrough_calibrated
397830,ct_eversource_hp_flat_epmc_passthrough_calibrated
281229,ct_eversource_hp_flat_epmc_passthrough_calibrated
244554,ct_eversource_hp_flat_epmc_passthrough_calibrated
285671,ct_eversource_hp_flat_epmc_passthrough_calibrated
314540,ct_eversource_hp_flat_epmc_passthrough_calibrated
143799,ct_eversource_hp_flat_epmc_passthrough_calibrated
198362,ct_eversource_hp_flat_epmc_passthrough_calibrated
211994,ct_eversource_hp_flat_epmc_passthrough_calibrated
253681,ct_eversource_hp_flat_epmc_passthrough_calibrated
280660,ct_eversource_hp_flat_epmc_passthrough_calibrated
296281,ct_eversource_hp_flat_epmc_passthrough_calibrated
138918,ct_eversource_hp_flat_epmc_passthrough_calibrated
146340,ct_eversource_hp_flat_epmc_passthrough_calibrated
148380,ct_eversource_hp_flat_epmc_passthrough_calibrated
151621,ct_eversource_hp_flat_epmc_passthrough_calibrated
152727,ct_eversource_hp_flat_epmc_passthrough_calibrated
155349,ct_eversource_hp_flat_epmc_passthrough_calibrated
159807,ct_eversource_hp_flat_epmc_passthrough_calibrated
174828,ct_eversource_hp_flat_epmc_passthrough_calibrated
175855,ct_eversource_hp_flat_epmc_passthrough_calibrated
182146,ct_eversource_hp_flat_epmc_passthrough_calibrated
183174,ct_eversource_hp_flat_epmc_passthrough_calibrated
185183,ct_eversource_hp_flat_epmc_passthrough_calibrated
190668,ct_eversource_hp_flat_epmc_passthrough_calibrated
192198,ct_eversource_hp_flat_epmc_passthrough_calibrated
210119,ct_eversource_hp_flat_epmc_passthrough_calibrated
229392,ct_eversource_hp_flat_epmc_passthrough_calibrated
234600,ct_eversource_hp_flat_epmc_passthrough_calibrated
237239,ct_eversource_hp_flat_epmc_passthrough_calibrated
244982,ct_eversource_hp_flat_epmc_passthrough_calibrated
251450,ct_eversource_hp_flat_epmc_passthrough_calibrated
256628,ct_eversource_hp_flat_epmc_passthrough_calibrated
265109,ct_eversource_hp_flat_epmc_passthrough_calibrated
336843,ct_eversource_hp_flat_epmc_passthrough_calibrated
381549,ct_eversource_hp_flat_epmc_passthrough_calibrated
277655,ct_eversource_hp_flat_epmc_passthrough_calibrated
393300,ct_eversource_hp_flat_epmc_passthrough_calibrated
307563,ct_eversource_hp_flat_epmc_passthrough_calibrated
289769,ct_eversource_hp_flat_epmc_passthrough_calibrated
298456,ct_eversource_hp_flat_epmc_passthrough_calibrated
290162,ct_eversource_hp_flat_epmc_passthrough_calibrated
290399,ct_eversource_hp_flat_epmc_passthrough_calibrated
291466,ct_eversource_hp_flat_epmc_passthrough_calibrated
325265,ct_eversource_hp_flat_epmc_passthrough_calibrated
331126,ct_eversource_hp_flat_epmc_passthrough_calibrated
342963,ct_eversource_hp_flat_epmc_passthrough_calibrated
343593,ct_eversource_hp_flat_epmc_passthrough_calibrated
351414,ct_eversource_hp_flat_epmc_passthrough_calibrated
354479,ct_eversource_hp_flat_epmc_passthrough_calibrated
364547,ct_eversource_hp_flat_epmc_passthrough_calibrated
367624,ct_eversource_hp_flat_epmc_passthrough_calibrated
391422,ct_eversource_hp_flat_epmc_passthrough_calibrated
399724,ct_eversource_hp_flat_epmc_passthrough_calibrated
408920,ct_eversource_hp_flat_epmc_passthrough_calibrated
402480,ct_eversource_hp_flat_epmc_passthrough_calibrated
342536,ct_eversource_hp_flat_epmc_passthrough_calibrated
453341,ct_eversource_hp_flat_epmc_passthrough_calibrated
463648,ct_eversource_hp_flat_epmc_passthrough_calibrated
471273,ct_eversource_hp_flat_epmc_passthrough_calibrated
476053,ct_eversource_hp_flat_epmc_passthrough_calibrated
513898,ct_eversource_hp_flat_epmc_passthrough_calibrated
515200,ct_eversource_hp_flat_epmc_passthrough_calibrated
515929,ct_eversource_hp_flat_epmc_passthrough_calibrated
523181,ct_eversource_hp_flat_epmc_passthrough_calibrated
526835,ct_eversource_hp_flat_epmc_passthrough_calibrated
542991,ct_eversource_hp_flat_epmc_passthrough_calibrated
545195,ct_eversource_hp_flat_epmc_passthrough_calibrated
546741,ct_eversource_hp_flat_epmc_passthrough_calibrated
548796,ct_eversource_hp_flat_epmc_passthrough_calibrated
133083,ct_eversource_hp_flat_epmc_passthrough_calibrated
135404,ct_eversource_hp_flat_epmc_passthrough_calibrated
493789,ct_eversource_hp_flat_epmc_passthrough_calibrated
184229,ct_eversource_hp_flat_epmc_passthrough_calibrated
220253,ct_eversource_hp_flat_epmc_passthrough_calibrated
256182,ct_eversource_hp_flat_epmc_passthrough_calibrated
364142,ct_eversource_hp_flat_epmc_passthrough_calibrated
233677,ct_eversource_hp_flat_epmc_passthrough_calibrated
459979,ct_eversource_hp_flat_epmc_passthrough_calibrated
485987,ct_eversource_hp_flat_epmc_passthrough_calibrated
54281,ct_eversource_hp_flat_epmc_passthrough_calibrated
292528,ct_eversource_hp_flat_epmc_passthrough_calibrated
395100,ct_eversource_hp_flat_epmc_passthrough_calibrated
114181,ct_eversource_hp_flat_epmc_passthrough_calibrated
46384,ct_eversource_hp_flat_epmc_passthrough_calibrated
121534,ct_eversource_hp_flat_epmc_passthrough_calibrated
423805,ct_eversource_hp_flat_epmc_passthrough_calibrated
444690,ct_eversource_hp_flat_epmc_passthrough_calibrated
103275,ct_eversource_hp_flat_epmc_passthrough_calibrated
135239,ct_eversource_hp_flat_epmc_passthrough_calibrated
398961,ct_eversource_hp_flat_epmc_passthrough_calibrated
331539,ct_eversource_hp_flat_epmc_passthrough_calibrated
299527,ct_eversource_hp_flat_epmc_passthrough_calibrated
344862,ct_eversource_hp_flat_epmc_passthrough_calibrated
391357,ct_eversource_hp_flat_epmc_passthrough_calibrated
189384,ct_eversource_hp_flat_epmc_passthrough_calibrated
526014,ct_eversource_hp_flat_epmc_passthrough_calibrated
70925,ct_eversource_hp_flat_epmc_passthrough_calibrated
79682,ct_eversource_hp_flat_epmc_passthrough_calibrated
129535,ct_eversource_hp_flat_epmc_passthrough_calibrated
242165,ct_eversource_hp_flat_epmc_passthrough_calibrated
261873,ct_eversource_hp_flat_epmc_passthrough_calibrated
286777,ct_eversource_hp_flat_epmc_passthrough_calibrated
395953,ct_eversource_hp_flat_epmc_passthrough_calibrated
490213,ct_eversource_hp_flat_epmc_passthrough_calibrated
521242,ct_eversource_hp_flat_epmc_passthrough_calibrated
528131,ct_eversource_hp_flat_epmc_passthrough_calibrated
267713,ct_eversource_hp_flat_epmc_passthrough_calibrated
485212,ct_eversource_hp_flat_epmc_passthrough_calibrated
297747,ct_eversource_hp_flat_epmc_passthrough_calibrated
392872,ct_eversource_hp_flat_epmc_passthrough_calibrated
401808,ct_eversource_hp_flat_epmc_passthrough_calibrated
86045,ct_eversource_hp_flat_epmc_passthrough_calibrated
229468,ct_eversource_hp_flat_epmc_passthrough_calibrated
94925,ct_eversource_hp_flat_epmc_passthrough_calibrated
425390,ct_eversource_hp_flat_epmc_passthrough_calibrated
505638,ct_eversource_hp_flat_epmc_passthrough_calibrated
259860,ct_eversource_hp_flat_epmc_passthrough_calibrated
429335,ct_eversource_hp_flat_epmc_passthrough_calibrated
450335,ct_eversource_hp_flat_epmc_passthrough_calibrated
516081,ct_eversource_hp_flat_epmc_passthrough_calibrated
349743,ct_eversource_hp_flat_epmc_passthrough_calibrated
455241,ct_eversource_hp_flat_epmc_passthrough_calibrated
488486,ct_eversource_hp_flat_epmc_passthrough_calibrated
517535,ct_eversource_hp_flat_epmc_passthrough_calibrated
4184,ct_eversource_hp_flat_epmc_passthrough_calibrated
95661,ct_eversource_hp_flat_epmc_passthrough_calibrated
217829,ct_eversource_hp_flat_epmc_passthrough_calibrated
186057,ct_eversource_hp_flat_epmc_passthrough_calibrated
222277,ct_eversource_hp_flat_epmc_passthrough_calibrated
446358,ct_eversource_hp_flat_epmc_passthrough_calibrated
449676,ct_eversource_hp_flat_epmc_passthrough_calibrated
450463,ct_eversource_hp_flat_epmc_passthrough_calibrated
520868,ct_eversource_hp_flat_epmc_passthrough_calibrated
23780,ct_eversource_hp_flat_epmc_passthrough_calibrated
31168,ct_eversource_hp_flat_epmc_passthrough_calibrated
31488,ct_eversource_hp_flat_epmc_passthrough_calibrated
65969,ct_eversource_hp_flat_epmc_passthrough_calibrated
66773,ct_eversource_hp_flat_epmc_passthrough_calibrated
67474,ct_eversource_hp_flat_epmc_passthrough_calibrated
67815,ct_eversource_hp_flat_epmc_passthrough_calibrated
112020,ct_eversource_hp_flat_epmc_passthrough_calibrated
114190,ct_eversource_hp_flat_epmc_passthrough_calibrated
124036,ct_eversource_hp_flat_epmc_passthrough_calibrated
143147,ct_eversource_hp_flat_epmc_passthrough_calibrated
144124,ct_eversource_hp_flat_epmc_passthrough_calibrated
145676,ct_eversource_hp_flat_epmc_passthrough_calibrated
204042,ct_eversource_hp_flat_epmc_passthrough_calibrated
392141,ct_eversource_hp_flat_epmc_passthrough_calibrated
185331,ct_eversource_hp_flat_epmc_passthrough_calibrated
189285,ct_eversource_hp_flat_epmc_passthrough_calibrated
247456,ct_eversource_hp_flat_epmc_passthrough_calibrated
142309,ct_eversource_hp_flat_epmc_passthrough_calibrated
144435,ct_eversource_hp_flat_epmc_passthrough_calibrated
180529,ct_eversource_hp_flat_epmc_passthrough_calibrated
193621,ct_eversource_hp_flat_epmc_passthrough_calibrated
198578,ct_eversource_hp_flat_epmc_passthrough_calibrated
200777,ct_eversource_hp_flat_epmc_passthrough_calibrated
221745,ct_eversource_hp_flat_epmc_passthrough_calibrated
253855,ct_eversource_hp_flat_epmc_passthrough_calibrated
255265,ct_eversource_hp_flat_epmc_passthrough_calibrated
310144,ct_eversource_hp_flat_epmc_passthrough_calibrated
293029,ct_eversource_hp_flat_epmc_passthrough_calibrated
323431,ct_eversource_hp_flat_epmc_passthrough_calibrated
339605,ct_eversource_hp_flat_epmc_passthrough_calibrated
413621,ct_eversource_hp_flat_epmc_passthrough_calibrated
413869,ct_eversource_hp_flat_epmc_passthrough_calibrated
432173,ct_eversource_hp_flat_epmc_passthrough_calibrated
434609,ct_eversource_hp_flat_epmc_passthrough_calibrated
441708,ct_eversource_hp_flat_epmc_passthrough_calibrated
445274,ct_eversource_hp_flat_epmc_passthrough_calibrated
445573,ct_eversource_hp_flat_epmc_passthrough_calibrated
446641,ct_eversource_hp_flat_epmc_passthrough_calibrated
447191,ct_eversource_hp_flat_epmc_passthrough_calibrated
452977,ct_eversource_hp_flat_epmc_passthrough_calibrated
462689,ct_eversource_hp_flat_epmc_passthrough_calibrated
466957,ct_eversource_hp_flat_epmc_passthrough_calibrated
470125,ct_eversource_hp_flat_epmc_passthrough_calibrated
470663,ct_eversource_hp_flat_epmc_passthrough_calibrated
478478,ct_eversource_hp_flat_epmc_passthrough_calibrated
486935,ct_eversource_hp_flat_epmc_passthrough_calibrated
492711,ct_eversource_hp_flat_epmc_passthrough_calibrated
496235,ct_eversource_hp_flat_epmc_passthrough_calibrated
503915,ct_eversource_hp_flat_epmc_passthrough_calibrated
504712,ct_eversource_hp_flat_epmc_passthrough_calibrated
509773,ct_eversource_hp_flat_epmc_passthrough_calibrated
521478,ct_eversource_hp_flat_epmc_passthrough_calibrated
522759,ct_eversource_hp_flat_epmc_passthrough_calibrated
529527,ct_eversource_hp_flat_epmc_passthrough_calibrated
530807,ct_eversource_hp_flat_epmc_passthrough_calibrated
540005,ct_eversource_hp_flat_epmc_passthrough_calibrated
546827,ct_eversource_hp_flat_epmc_passthrough_calibrated
547006,ct_eversource_hp_flat_epmc_passthrough_calibrated
3680,ct_eversource_hp_flat_epmc_passthrough_calibrated
6735,ct_eversource_hp_flat_epmc_passthrough_calibrated
11837,ct_eversource_hp_flat_epmc_passthrough_calibrated
20461,ct_eversource_hp_flat_epmc_passthrough_calibrated
27158,ct_eversource_hp_flat_epmc_passthrough_calibrated
29861,ct_eversource_hp_flat_epmc_passthrough_calibrated
38464,ct_eversource_hp_flat_epmc_passthrough_calibrated
41021,ct_eversource_hp_flat_epmc_passthrough_calibrated
45173,ct_eversource_hp_flat_epmc_passthrough_calibrated
55846,ct_eversource_hp_flat_epmc_passthrough_calibrated
56055,ct_eversource_hp_flat_epmc_passthrough_calibrated
62435,ct_eversource_hp_flat_epmc_passthrough_calibrated
68385,ct_eversource_hp_flat_epmc_passthrough_calibrated
71224,ct_eversource_hp_flat_epmc_passthrough_calibrated
79077,ct_eversource_hp_flat_epmc_passthrough_calibrated
82080,ct_eversource_hp_flat_epmc_passthrough_calibrated
87526,ct_eversource_hp_flat_epmc_passthrough_calibrated
99258,ct_eversource_hp_flat_epmc_passthrough_calibrated
101537,ct_eversource_hp_flat_epmc_passthrough_calibrated
107885,ct_eversource_hp_flat_epmc_passthrough_calibrated
112660,ct_eversource_hp_flat_epmc_passthrough_calibrated
121194,ct_eversource_hp_flat_epmc_passthrough_calibrated
126671,ct_eversource_hp_flat_epmc_passthrough_calibrated
127706,ct_eversource_hp_flat_epmc_passthrough_calibrated
134564,ct_eversource_hp_flat_epmc_passthrough_calibrated
176054,ct_eversource_hp_flat_epmc_passthrough_calibrated
175741,ct_eversource_hp_flat_epmc_passthrough_calibrated
306937,ct_eversource_hp_flat_epmc_passthrough_calibrated
220404,ct_eversource_hp_flat_epmc_passthrough_calibrated
354690,ct_eversource_hp_flat_epmc_passthrough_calibrated
400217,ct_eversource_hp_flat_epmc_passthrough_calibrated
361533,ct_eversource_hp_flat_epmc_passthrough_calibrated
332830,ct_eversource_hp_flat_epmc_passthrough_calibrated
212152,ct_eversource_hp_flat_epmc_passthrough_calibrated
194587,ct_eversource_hp_flat_epmc_passthrough_calibrated
192258,ct_eversource_hp_flat_epmc_passthrough_calibrated
206529,ct_eversource_hp_flat_epmc_passthrough_calibrated
369932,ct_eversource_hp_flat_epmc_passthrough_calibrated
376228,ct_eversource_hp_flat_epmc_passthrough_calibrated
164495,ct_eversource_hp_flat_epmc_passthrough_calibrated
237540,ct_eversource_hp_flat_epmc_passthrough_calibrated
249777,ct_eversource_hp_flat_epmc_passthrough_calibrated
307185,ct_eversource_hp_flat_epmc_passthrough_calibrated
349315,ct_eversource_hp_flat_epmc_passthrough_calibrated
157722,ct_eversource_hp_flat_epmc_passthrough_calibrated
160218,ct_eversource_hp_flat_epmc_passthrough_calibrated
161628,ct_eversource_hp_flat_epmc_passthrough_calibrated
178008,ct_eversource_hp_flat_epmc_passthrough_calibrated
190140,ct_eversource_hp_flat_epmc_passthrough_calibrated
193067,ct_eversource_hp_flat_epmc_passthrough_calibrated
208333,ct_eversource_hp_flat_epmc_passthrough_calibrated
210322,ct_eversource_hp_flat_epmc_passthrough_calibrated
210887,ct_eversource_hp_flat_epmc_passthrough_calibrated
223628,ct_eversource_hp_flat_epmc_passthrough_calibrated
243667,ct_eversource_hp_flat_epmc_passthrough_calibrated
262171,ct_eversource_hp_flat_epmc_passthrough_calibrated
268203,ct_eversource_hp_flat_epmc_passthrough_calibrated
268893,ct_eversource_hp_flat_epmc_passthrough_calibrated
328947,ct_eversource_hp_flat_epmc_passthrough_calibrated
324099,ct_eversource_hp_flat_epmc_passthrough_calibrated
354846,ct_eversource_hp_flat_epmc_passthrough_calibrated
288809,ct_eversource_hp_flat_epmc_passthrough_calibrated
380175,ct_eversource_hp_flat_epmc_passthrough_calibrated
316309,ct_eversource_hp_flat_epmc_passthrough_calibrated
327407,ct_eversource_hp_flat_epmc_passthrough_calibrated
341314,ct_eversource_hp_flat_epmc_passthrough_calibrated
342719,ct_eversource_hp_flat_epmc_passthrough_calibrated
354115,ct_eversource_hp_flat_epmc_passthrough_calibrated
366356,ct_eversource_hp_flat_epmc_passthrough_calibrated
386461,ct_eversource_hp_flat_epmc_passthrough_calibrated
400197,ct_eversource_hp_flat_epmc_passthrough_calibrated
408812,ct_eversource_hp_flat_epmc_passthrough_calibrated
223232,ct_eversource_hp_flat_epmc_passthrough_calibrated
412719,ct_eversource_hp_flat_epmc_passthrough_calibrated
422492,ct_eversource_hp_flat_epmc_passthrough_calibrated
428852,ct_eversource_hp_flat_epmc_passthrough_calibrated
449707,ct_eversource_hp_flat_epmc_passthrough_calibrated
466927,ct_eversource_hp_flat_epmc_passthrough_calibrated
497784,ct_eversource_hp_flat_epmc_passthrough_calibrated
500080,ct_eversource_hp_flat_epmc_passthrough_calibrated
511947,ct_eversource_hp_flat_epmc_passthrough_calibrated
513768,ct_eversource_hp_flat_epmc_passthrough_calibrated
520508,ct_eversource_hp_flat_epmc_passthrough_calibrated
39292,ct_eversource_hp_flat_epmc_passthrough_calibrated
47532,ct_eversource_hp_flat_epmc_passthrough_calibrated
90920,ct_eversource_hp_flat_epmc_passthrough_calibrated
101183,ct_eversource_hp_flat_epmc_passthrough_calibrated
118110,ct_eversource_hp_flat_epmc_passthrough_calibrated
138250,ct_eversource_hp_flat_epmc_passthrough_calibrated
148882,ct_eversource_hp_flat_epmc_passthrough_calibrated
354094,ct_eversource_hp_flat_epmc_passthrough_calibrated
387751,ct_eversource_hp_flat_epmc_passthrough_calibrated
412450,ct_eversource_hp_flat_epmc_passthrough_calibrated
531550,ct_eversource_hp_flat_epmc_passthrough_calibrated
185104,ct_eversource_hp_flat_epmc_passthrough_calibrated
201030,ct_eversource_hp_flat_epmc_passthrough_calibrated
227854,ct_eversource_hp_flat_epmc_passthrough_calibrated
265280,ct_eversource_hp_flat_epmc_passthrough_calibrated
393672,ct_eversource_hp_flat_epmc_passthrough_calibrated
300239,ct_eversource_hp_flat_epmc_passthrough_calibrated
481276,ct_eversource_hp_flat_epmc_passthrough_calibrated
363266,ct_eversource_hp_flat_epmc_passthrough_calibrated
322629,ct_eversource_hp_flat_epmc_passthrough_calibrated
370530,ct_eversource_hp_flat_epmc_passthrough_calibrated
334796,ct_eversource_hp_flat_epmc_passthrough_calibrated
396659,ct_eversource_hp_flat_epmc_passthrough_calibrated
406111,ct_eversource_hp_flat_epmc_passthrough_calibrated
406197,ct_eversource_hp_flat_epmc_passthrough_calibrated
153049,ct_eversource_hp_flat_epmc_passthrough_calibrated
16426,ct_eversource_hp_flat_epmc_passthrough_calibrated
197325,ct_eversource_hp_flat_epmc_passthrough_calibrated
215692,ct_eversource_hp_flat_epmc_passthrough_calibrated
171961,ct_eversource_hp_flat_epmc_passthrough_calibrated
176963,ct_eversource_hp_flat_epmc_passthrough_calibrated
258342,ct_eversource_hp_flat_epmc_passthrough_calibrated
355922,ct_eversource_hp_flat_epmc_passthrough_calibrated
324312,ct_eversource_hp_flat_epmc_passthrough_calibrated
517286,ct_eversource_hp_flat_epmc_passthrough_calibrated
529661,ct_eversource_hp_flat_epmc_passthrough_calibrated
532172,ct_eversource_hp_flat_epmc_passthrough_calibrated
536766,ct_eversource_hp_flat_epmc_passthrough_calibrated
421245,ct_eversource_hp_flat_epmc_passthrough_calibrated
81765,ct_eversource_hp_flat_epmc_passthrough_calibrated
429590,ct_eversource_hp_flat_epmc_passthrough_calibrated
185627,ct_eversource_hp_flat_epmc_passthrough_calibrated
266745,ct_eversource_hp_flat_epmc_passthrough_calibrated
387714,ct_eversource_hp_flat_epmc_passthrough_calibrated
393590,ct_eversource_hp_flat_epmc_passthrough_calibrated
286644,ct_eversource_hp_flat_epmc_passthrough_calibrated
41275,ct_eversource_hp_flat_epmc_passthrough_calibrated
520667,ct_eversource_hp_flat_epmc_passthrough_calibrated
419620,ct_eversource_hp_flat_epmc_passthrough_calibrated
463434,ct_eversource_hp_flat_epmc_passthrough_calibrated
492174,ct_eversource_hp_flat_epmc_passthrough_calibrated
37236,ct_eversource_hp_flat_epmc_passthrough_calibrated
217939,ct_eversource_hp_flat_epmc_passthrough_calibrated
205800,ct_eversource_hp_flat_epmc_passthrough_calibrated
281725,ct_eversource_hp_flat_epmc_passthrough_calibrated
424163,ct_eversource_hp_flat_epmc_passthrough_calibrated
436622,ct_eversource_hp_flat_epmc_passthrough_calibrated
451442,ct_eversource_hp_flat_epmc_passthrough_calibrated
455280,ct_eversource_hp_flat_epmc_passthrough_calibrated
483411,ct_eversource_hp_flat_epmc_passthrough_calibrated
485585,ct_eversource_hp_flat_epmc_passthrough_calibrated
496871,ct_eversource_hp_flat_epmc_passthrough_calibrated
510774,ct_eversource_hp_flat_epmc_passthrough_calibrated
515205,ct_eversource_hp_flat_epmc_passthrough_calibrated
542247,ct_eversource_hp_flat_epmc_passthrough_calibrated
12516,ct_eversource_hp_flat_epmc_passthrough_calibrated
13102,ct_eversource_hp_flat_epmc_passthrough_calibrated
15574,ct_eversource_hp_flat_epmc_passthrough_calibrated
58736,ct_eversource_hp_flat_epmc_passthrough_calibrated
135247,ct_eversource_hp_flat_epmc_passthrough_calibrated
138666,ct_eversource_hp_flat_epmc_passthrough_calibrated
169863,ct_eversource_hp_flat_epmc_passthrough_calibrated
160258,ct_eversource_hp_flat_epmc_passthrough_calibrated
199547,ct_eversource_hp_flat_epmc_passthrough_calibrated
190543,ct_eversource_hp_flat_epmc_passthrough_calibrated
191502,ct_eversource_hp_flat_epmc_passthrough_calibrated
249626,ct_eversource_hp_flat_epmc_passthrough_calibrated
150419,ct_eversource_hp_flat_epmc_passthrough_calibrated
166055,ct_eversource_hp_flat_epmc_passthrough_calibrated
204113,ct_eversource_hp_flat_epmc_passthrough_calibrated
210586,ct_eversource_hp_flat_epmc_passthrough_calibrated
228782,ct_eversource_hp_flat_epmc_passthrough_calibrated
249761,ct_eversource_hp_flat_epmc_passthrough_calibrated
329852,ct_eversource_hp_flat_epmc_passthrough_calibrated
277625,ct_eversource_hp_flat_epmc_passthrough_calibrated
288872,ct_eversource_hp_flat_epmc_passthrough_calibrated
306251,ct_eversource_hp_flat_epmc_passthrough_calibrated
329491,ct_eversource_hp_flat_epmc_passthrough_calibrated
404287,ct_eversource_hp_flat_epmc_passthrough_calibrated
416179,ct_eversource_hp_flat_epmc_passthrough_calibrated
417128,ct_eversource_hp_flat_epmc_passthrough_calibrated
418808,ct_eversource_hp_flat_epmc_passthrough_calibrated
424701,ct_eversource_hp_flat_epmc_passthrough_calibrated
425831,ct_eversource_hp_flat_epmc_passthrough_calibrated
426522,ct_eversource_hp_flat_epmc_passthrough_calibrated
432525,ct_eversource_hp_flat_epmc_passthrough_calibrated
436974,ct_eversource_hp_flat_epmc_passthrough_calibrated
437649,ct_eversource_hp_flat_epmc_passthrough_calibrated
438538,ct_eversource_hp_flat_epmc_passthrough_calibrated
443848,ct_eversource_hp_flat_epmc_passthrough_calibrated
444253,ct_eversource_hp_flat_epmc_passthrough_calibrated
444682,ct_eversource_hp_flat_epmc_passthrough_calibrated
448483,ct_eversource_hp_flat_epmc_passthrough_calibrated
448947,ct_eversource_hp_flat_epmc_passthrough_calibrated
450553,ct_eversource_hp_flat_epmc_passthrough_calibrated
451425,ct_eversource_hp_flat_epmc_passthrough_calibrated
458479,ct_eversource_hp_flat_epmc_passthrough_calibrated
467782,ct_eversource_hp_flat_epmc_passthrough_calibrated
471317,ct_eversource_hp_flat_epmc_passthrough_calibrated
473583,ct_eversource_hp_flat_epmc_passthrough_calibrated
479725,ct_eversource_hp_flat_epmc_passthrough_calibrated
482769,ct_eversource_hp_flat_epmc_passthrough_calibrated
487272,ct_eversource_hp_flat_epmc_passthrough_calibrated
487319,ct_eversource_hp_flat_epmc_passthrough_calibrated
491879,ct_eversource_hp_flat_epmc_passthrough_calibrated
494331,ct_eversource_hp_flat_epmc_passthrough_calibrated
497005,ct_eversource_hp_flat_epmc_passthrough_calibrated
507033,ct_eversource_hp_flat_epmc_passthrough_calibrated
507577,ct_eversource_hp_flat_epmc_passthrough_calibrated
508486,ct_eversource_hp_flat_epmc_passthrough_calibrated
509179,ct_eversource_hp_flat_epmc_passthrough_calibrated
515115,ct_eversource_hp_flat_epmc_passthrough_calibrated
519174,ct_eversource_hp_flat_epmc_passthrough_calibrated
527406,ct_eversource_hp_flat_epmc_passthrough_calibrated
529769,ct_eversource_hp_flat_epmc_passthrough_calibrated
530283,ct_eversource_hp_flat_epmc_passthrough_calibrated
532490,ct_eversource_hp_flat_epmc_passthrough_calibrated
536169,ct_eversource_hp_flat_epmc_passthrough_calibrated
537612,ct_eversource_hp_flat_epmc_passthrough_calibrated
2701,ct_eversource_hp_flat_epmc_passthrough_calibrated
4302,ct_eversource_hp_flat_epmc_passthrough_calibrated
9636,ct_eversource_hp_flat_epmc_passthrough_calibrated
15817,ct_eversource_hp_flat_epmc_passthrough_calibrated
17783,ct_eversource_hp_flat_epmc_passthrough_calibrated
18537,ct_eversource_hp_flat_epmc_passthrough_calibrated
27801,ct_eversource_hp_flat_epmc_passthrough_calibrated
33175,ct_eversource_hp_flat_epmc_passthrough_calibrated
34990,ct_eversource_hp_flat_epmc_passthrough_calibrated
45971,ct_eversource_hp_flat_epmc_passthrough_calibrated
52634,ct_eversource_hp_flat_epmc_passthrough_calibrated
53741,ct_eversource_hp_flat_epmc_passthrough_calibrated
55603,ct_eversource_hp_flat_epmc_passthrough_calibrated
59436,ct_eversource_hp_flat_epmc_passthrough_calibrated
60966,ct_eversource_hp_flat_epmc_passthrough_calibrated
77051,ct_eversource_hp_flat_epmc_passthrough_calibrated
81661,ct_eversource_hp_flat_epmc_passthrough_calibrated
86074,ct_eversource_hp_flat_epmc_passthrough_calibrated
86406,ct_eversource_hp_flat_epmc_passthrough_calibrated
91120,ct_eversource_hp_flat_epmc_passthrough_calibrated
91637,ct_eversource_hp_flat_epmc_passthrough_calibrated
91640,ct_eversource_hp_flat_epmc_passthrough_calibrated
94169,ct_eversource_hp_flat_epmc_passthrough_calibrated
95837,ct_eversource_hp_flat_epmc_passthrough_calibrated
96514,ct_eversource_hp_flat_epmc_passthrough_calibrated
97983,ct_eversource_hp_flat_epmc_passthrough_calibrated
98518,ct_eversource_hp_flat_epmc_passthrough_calibrated
102606,ct_eversource_hp_flat_epmc_passthrough_calibrated
108209,ct_eversource_hp_flat_epmc_passthrough_calibrated
109508,ct_eversource_hp_flat_epmc_passthrough_calibrated
122360,ct_eversource_hp_flat_epmc_passthrough_calibrated
124571,ct_eversource_hp_flat_epmc_passthrough_calibrated
135467,ct_eversource_hp_flat_epmc_passthrough_calibrated
207306,ct_eversource_hp_flat_epmc_passthrough_calibrated
279828,ct_eversource_hp_flat_epmc_passthrough_calibrated
301199,ct_eversource_hp_flat_epmc_passthrough_calibrated
214847,ct_eversource_hp_flat_epmc_passthrough_calibrated
194092,ct_eversource_hp_flat_epmc_passthrough_calibrated
197476,ct_eversource_hp_flat_epmc_passthrough_calibrated
239802,ct_eversource_hp_flat_epmc_passthrough_calibrated
353401,ct_eversource_hp_flat_epmc_passthrough_calibrated
273593,ct_eversource_hp_flat_epmc_passthrough_calibrated
167583,ct_eversource_hp_flat_epmc_passthrough_calibrated
185328,ct_eversource_hp_flat_epmc_passthrough_calibrated
206973,ct_eversource_hp_flat_epmc_passthrough_calibrated
210821,ct_eversource_hp_flat_epmc_passthrough_calibrated
360869,ct_eversource_hp_flat_epmc_passthrough_calibrated
297740,ct_eversource_hp_flat_epmc_passthrough_calibrated
240509,ct_eversource_hp_flat_epmc_passthrough_calibrated
269531,ct_eversource_hp_flat_epmc_passthrough_calibrated
171651,ct_eversource_hp_flat_epmc_passthrough_calibrated
202653,ct_eversource_hp_flat_epmc_passthrough_calibrated
228832,ct_eversource_hp_flat_epmc_passthrough_calibrated
246494,ct_eversource_hp_flat_epmc_passthrough_calibrated
314092,ct_eversource_hp_flat_epmc_passthrough_calibrated
382846,ct_eversource_hp_flat_epmc_passthrough_calibrated
273469,ct_eversource_hp_flat_epmc_passthrough_calibrated
140041,ct_eversource_hp_flat_epmc_passthrough_calibrated
143634,ct_eversource_hp_flat_epmc_passthrough_calibrated
149090,ct_eversource_hp_flat_epmc_passthrough_calibrated
150667,ct_eversource_hp_flat_epmc_passthrough_calibrated
155788,ct_eversource_hp_flat_epmc_passthrough_calibrated
158485,ct_eversource_hp_flat_epmc_passthrough_calibrated
166026,ct_eversource_hp_flat_epmc_passthrough_calibrated
174214,ct_eversource_hp_flat_epmc_passthrough_calibrated
175100,ct_eversource_hp_flat_epmc_passthrough_calibrated
202735,ct_eversource_hp_flat_epmc_passthrough_calibrated
206343,ct_eversource_hp_flat_epmc_passthrough_calibrated
211866,ct_eversource_hp_flat_epmc_passthrough_calibrated
213885,ct_eversource_hp_flat_epmc_passthrough_calibrated
215434,ct_eversource_hp_flat_epmc_passthrough_calibrated
217901,ct_eversource_hp_flat_epmc_passthrough_calibrated
236459,ct_eversource_hp_flat_epmc_passthrough_calibrated
240630,ct_eversource_hp_flat_epmc_passthrough_calibrated
243924,ct_eversource_hp_flat_epmc_passthrough_calibrated
255250,ct_eversource_hp_flat_epmc_passthrough_calibrated
256589,ct_eversource_hp_flat_epmc_passthrough_calibrated
263519,ct_eversource_hp_flat_epmc_passthrough_calibrated
267179,ct_eversource_hp_flat_epmc_passthrough_calibrated
268067,ct_eversource_hp_flat_epmc_passthrough_calibrated
396445,ct_eversource_hp_flat_epmc_passthrough_calibrated
313638,ct_eversource_hp_flat_epmc_passthrough_calibrated
306482,ct_eversource_hp_flat_epmc_passthrough_calibrated
293390,ct_eversource_hp_flat_epmc_passthrough_calibrated
357958,ct_eversource_hp_flat_epmc_passthrough_calibrated
401814,ct_eversource_hp_flat_epmc_passthrough_calibrated
386481,ct_eversource_hp_flat_epmc_passthrough_calibrated
334842,ct_eversource_hp_flat_epmc_passthrough_calibrated
277830,ct_eversource_hp_flat_epmc_passthrough_calibrated
400806,ct_eversource_hp_flat_epmc_passthrough_calibrated
351878,ct_eversource_hp_flat_epmc_passthrough_calibrated
316939,ct_eversource_hp_flat_epmc_passthrough_calibrated
273757,ct_eversource_hp_flat_epmc_passthrough_calibrated
334532,ct_eversource_hp_flat_epmc_passthrough_calibrated
338356,ct_eversource_hp_flat_epmc_passthrough_calibrated
344757,ct_eversource_hp_flat_epmc_passthrough_calibrated
350702,ct_eversource_hp_flat_epmc_passthrough_calibrated
355524,ct_eversource_hp_flat_epmc_passthrough_calibrated
356159,ct_eversource_hp_flat_epmc_passthrough_calibrated
363022,ct_eversource_hp_flat_epmc_passthrough_calibrated
363886,ct_eversource_hp_flat_epmc_passthrough_calibrated
372529,ct_eversource_hp_flat_epmc_passthrough_calibrated
372571,ct_eversource_hp_flat_epmc_passthrough_calibrated
380283,ct_eversource_hp_flat_epmc_passthrough_calibrated
387630,ct_eversource_hp_flat_epmc_passthrough_calibrated
398610,ct_eversource_hp_flat_epmc_passthrough_calibrated
471009,ct_eversource_hp_flat_epmc_passthrough_calibrated
33334,ct_eversource_hp_flat_epmc_passthrough_calibrated
212627,ct_eversource_hp_flat_epmc_passthrough_calibrated
157101,ct_eversource_hp_flat_epmc_passthrough_calibrated
165236,ct_eversource_hp_flat_epmc_passthrough_calibrated
404670,ct_eversource_hp_flat_epmc_passthrough_calibrated
414552,ct_eversource_hp_flat_epmc_passthrough_calibrated
432077,ct_eversource_hp_flat_epmc_passthrough_calibrated
449060,ct_eversource_hp_flat_epmc_passthrough_calibrated
470065,ct_eversource_hp_flat_epmc_passthrough_calibrated
480676,ct_eversource_hp_flat_epmc_passthrough_calibrated
489872,ct_eversource_hp_flat_epmc_passthrough_calibrated
501831,ct_eversource_hp_flat_epmc_passthrough_calibrated
507540,ct_eversource_hp_flat_epmc_passthrough_calibrated
519281,ct_eversource_hp_flat_epmc_passthrough_calibrated
525765,ct_eversource_hp_flat_epmc_passthrough_calibrated
549414,ct_eversource_hp_flat_epmc_passthrough_calibrated
93000,ct_eversource_hp_flat_epmc_passthrough_calibrated
106421,ct_eversource_hp_flat_epmc_passthrough_calibrated
115750,ct_eversource_hp_flat_epmc_passthrough_calibrated
123829,ct_eversource_hp_flat_epmc_passthrough_calibrated
134233,ct_eversource_hp_flat_epmc_passthrough_calibrated
325831,ct_eversource_hp_flat_epmc_passthrough_calibrated
288367,ct_eversource_hp_flat_epmc_passthrough_calibrated
451839,ct_eversource_hp_flat_epmc_passthrough_calibrated
153589,ct_eversource_hp_flat_epmc_passthrough_calibrated
279834,ct_eversource_hp_flat_epmc_passthrough_calibrated
276084,ct_eversource_hp_flat_epmc_passthrough_calibrated
341891,ct_eversource_hp_flat_epmc_passthrough_calibrated
222848,ct_eversource_hp_flat_epmc_passthrough_calibrated
264915,ct_eversource_hp_flat_epmc_passthrough_calibrated
264949,ct_eversource_hp_flat_epmc_passthrough_calibrated
138474,ct_eversource_hp_flat_epmc_passthrough_calibrated
99040,ct_eversource_hp_flat_epmc_passthrough_calibrated
422218,ct_eversource_hp_flat_epmc_passthrough_calibrated
9239,ct_eversource_hp_flat_epmc_passthrough_calibrated
52549,ct_eversource_hp_flat_epmc_passthrough_calibrated
54242,ct_eversource_hp_flat_epmc_passthrough_calibrated
296548,ct_eversource_hp_flat_epmc_passthrough_calibrated
392290,ct_eversource_hp_flat_epmc_passthrough_calibrated
362858,ct_eversource_hp_flat_epmc_passthrough_calibrated
319853,ct_eversource_hp_flat_epmc_passthrough_calibrated
273047,ct_eversource_hp_flat_epmc_passthrough_calibrated
340100,ct_eversource_hp_flat_epmc_passthrough_calibrated
394101,ct_eversource_hp_flat_epmc_passthrough_calibrated
397261,ct_eversource_hp_flat_epmc_passthrough_calibrated
498983,ct_eversource_hp_flat_epmc_passthrough_calibrated
85463,ct_eversource_hp_flat_epmc_passthrough_calibrated
238945,ct_eversource_hp_flat_epmc_passthrough_calibrated
84435,ct_eversource_hp_flat_epmc_passthrough_calibrated
262462,ct_eversource_hp_flat_epmc_passthrough_calibrated
36195,ct_eversource_hp_flat_epmc_passthrough_calibrated
452940,ct_eversource_hp_flat_epmc_passthrough_calibrated
59236,ct_eversource_hp_flat_epmc_passthrough_calibrated
213975,ct_eversource_hp_flat_epmc_passthrough_calibrated
159782,ct_eversource_hp_flat_epmc_passthrough_calibrated
356635,ct_eversource_hp_flat_epmc_passthrough_calibrated
384391,ct_eversource_hp_flat_epmc_passthrough_calibrated
405264,ct_eversource_hp_flat_epmc_passthrough_calibrated
479705,ct_eversource_hp_flat_epmc_passthrough_calibrated
382597,ct_eversource_hp_flat_epmc_passthrough_calibrated
230085,ct_eversource_hp_flat_epmc_passthrough_calibrated
128387,ct_eversource_hp_flat_epmc_passthrough_calibrated
58776,ct_eversource_hp_flat_epmc_passthrough_calibrated
100057,ct_eversource_hp_flat_epmc_passthrough_calibrated
175251,ct_eversource_hp_flat_epmc_passthrough_calibrated
378515,ct_eversource_hp_flat_epmc_passthrough_calibrated
393034,ct_eversource_hp_flat_epmc_passthrough_calibrated
401641,ct_eversource_hp_flat_epmc_passthrough_calibrated
120819,ct_eversource_hp_flat_epmc_passthrough_calibrated
371649,ct_eversource_hp_flat_epmc_passthrough_calibrated
317088,ct_eversource_hp_flat_epmc_passthrough_calibrated
40503,ct_eversource_hp_flat_epmc_passthrough_calibrated
277721,ct_eversource_hp_flat_epmc_passthrough_calibrated
52074,ct_eversource_hp_flat_epmc_passthrough_calibrated
65356,ct_eversource_hp_flat_epmc_passthrough_calibrated
145504,ct_eversource_hp_flat_epmc_passthrough_calibrated
247231,ct_eversource_hp_flat_epmc_passthrough_calibrated
260475,ct_eversource_hp_flat_epmc_passthrough_calibrated
415402,ct_eversource_hp_flat_epmc_passthrough_calibrated
444331,ct_eversource_hp_flat_epmc_passthrough_calibrated
452740,ct_eversource_hp_flat_epmc_passthrough_calibrated
457572,ct_eversource_hp_flat_epmc_passthrough_calibrated
472643,ct_eversource_hp_flat_epmc_passthrough_calibrated
479793,ct_eversource_hp_flat_epmc_passthrough_calibrated
481229,ct_eversource_hp_flat_epmc_passthrough_calibrated
1745,ct_eversource_hp_flat_epmc_passthrough_calibrated
9514,ct_eversource_hp_flat_epmc_passthrough_calibrated
14448,ct_eversource_hp_flat_epmc_passthrough_calibrated
25909,ct_eversource_hp_flat_epmc_passthrough_calibrated
29012,ct_eversource_hp_flat_epmc_passthrough_calibrated
33151,ct_eversource_hp_flat_epmc_passthrough_calibrated
77215,ct_eversource_hp_flat_epmc_passthrough_calibrated
211466,ct_eversource_hp_flat_epmc_passthrough_calibrated
174372,ct_eversource_hp_flat_epmc_passthrough_calibrated
143600,ct_eversource_hp_flat_epmc_passthrough_calibrated
149062,ct_eversource_hp_flat_epmc_passthrough_calibrated
155445,ct_eversource_hp_flat_epmc_passthrough_calibrated
185492,ct_eversource_hp_flat_epmc_passthrough_calibrated
211296,ct_eversource_hp_flat_epmc_passthrough_calibrated
219771,ct_eversource_hp_flat_epmc_passthrough_calibrated
219782,ct_eversource_hp_flat_epmc_passthrough_calibrated
231918,ct_eversource_hp_flat_epmc_passthrough_calibrated
256413,ct_eversource_hp_flat_epmc_passthrough_calibrated
368146,ct_eversource_hp_flat_epmc_passthrough_calibrated
276590,ct_eversource_hp_flat_epmc_passthrough_calibrated
291370,ct_eversource_hp_flat_epmc_passthrough_calibrated
420487,ct_eversource_hp_flat_epmc_passthrough_calibrated
426464,ct_eversource_hp_flat_epmc_passthrough_calibrated
427192,ct_eversource_hp_flat_epmc_passthrough_calibrated
429431,ct_eversource_hp_flat_epmc_passthrough_calibrated
433008,ct_eversource_hp_flat_epmc_passthrough_calibrated
453705,ct_eversource_hp_flat_epmc_passthrough_calibrated
453817,ct_eversource_hp_flat_epmc_passthrough_calibrated
461038,ct_eversource_hp_flat_epmc_passthrough_calibrated
463508,ct_eversource_hp_flat_epmc_passthrough_calibrated
481090,ct_eversource_hp_flat_epmc_passthrough_calibrated
491777,ct_eversource_hp_flat_epmc_passthrough_calibrated
494917,ct_eversource_hp_flat_epmc_passthrough_calibrated
498971,ct_eversource_hp_flat_epmc_passthrough_calibrated
506716,ct_eversource_hp_flat_epmc_passthrough_calibrated
512927,ct_eversource_hp_flat_epmc_passthrough_calibrated
513160,ct_eversource_hp_flat_epmc_passthrough_calibrated
521563,ct_eversource_hp_flat_epmc_passthrough_calibrated
524917,ct_eversource_hp_flat_epmc_passthrough_calibrated
526241,ct_eversource_hp_flat_epmc_passthrough_calibrated
528178,ct_eversource_hp_flat_epmc_passthrough_calibrated
528278,ct_eversource_hp_flat_epmc_passthrough_calibrated
534898,ct_eversource_hp_flat_epmc_passthrough_calibrated
536595,ct_eversource_hp_flat_epmc_passthrough_calibrated
544299,ct_eversource_hp_flat_epmc_passthrough_calibrated
545188,ct_eversource_hp_flat_epmc_passthrough_calibrated
546634,ct_eversource_hp_flat_epmc_passthrough_calibrated
548464,ct_eversource_hp_flat_epmc_passthrough_calibrated
4025,ct_eversource_hp_flat_epmc_passthrough_calibrated
4174,ct_eversource_hp_flat_epmc_passthrough_calibrated
4275,ct_eversource_hp_flat_epmc_passthrough_calibrated
6883,ct_eversource_hp_flat_epmc_passthrough_calibrated
15746,ct_eversource_hp_flat_epmc_passthrough_calibrated
16458,ct_eversource_hp_flat_epmc_passthrough_calibrated
17977,ct_eversource_hp_flat_epmc_passthrough_calibrated
20008,ct_eversource_hp_flat_epmc_passthrough_calibrated
22542,ct_eversource_hp_flat_epmc_passthrough_calibrated
24641,ct_eversource_hp_flat_epmc_passthrough_calibrated
38122,ct_eversource_hp_flat_epmc_passthrough_calibrated
40151,ct_eversource_hp_flat_epmc_passthrough_calibrated
41298,ct_eversource_hp_flat_epmc_passthrough_calibrated
52707,ct_eversource_hp_flat_epmc_passthrough_calibrated
52890,ct_eversource_hp_flat_epmc_passthrough_calibrated
55868,ct_eversource_hp_flat_epmc_passthrough_calibrated
58974,ct_eversource_hp_flat_epmc_passthrough_calibrated
61608,ct_eversource_hp_flat_epmc_passthrough_calibrated
61712,ct_eversource_hp_flat_epmc_passthrough_calibrated
64208,ct_eversource_hp_flat_epmc_passthrough_calibrated
68769,ct_eversource_hp_flat_epmc_passthrough_calibrated
69066,ct_eversource_hp_flat_epmc_passthrough_calibrated
69195,ct_eversource_hp_flat_epmc_passthrough_calibrated
69832,ct_eversource_hp_flat_epmc_passthrough_calibrated
74793,ct_eversource_hp_flat_epmc_passthrough_calibrated
81115,ct_eversource_hp_flat_epmc_passthrough_calibrated
83670,ct_eversource_hp_flat_epmc_passthrough_calibrated
88974,ct_eversource_hp_flat_epmc_passthrough_calibrated
91343,ct_eversource_hp_flat_epmc_passthrough_calibrated
104339,ct_eversource_hp_flat_epmc_passthrough_calibrated
104574,ct_eversource_hp_flat_epmc_passthrough_calibrated
109710,ct_eversource_hp_flat_epmc_passthrough_calibrated
120803,ct_eversource_hp_flat_epmc_passthrough_calibrated
124732,ct_eversource_hp_flat_epmc_passthrough_calibrated
125377,ct_eversource_hp_flat_epmc_passthrough_calibrated
126281,ct_eversource_hp_flat_epmc_passthrough_calibrated
127053,ct_eversource_hp_flat_epmc_passthrough_calibrated
132787,ct_eversource_hp_flat_epmc_passthrough_calibrated
355276,ct_eversource_hp_flat_epmc_passthrough_calibrated
183822,ct_eversource_hp_flat_epmc_passthrough_calibrated
250520,ct_eversource_hp_flat_epmc_passthrough_calibrated
169371,ct_eversource_hp_flat_epmc_passthrough_calibrated
202615,ct_eversource_hp_flat_epmc_passthrough_calibrated
209535,ct_eversource_hp_flat_epmc_passthrough_calibrated
155618,ct_eversource_hp_flat_epmc_passthrough_calibrated
365778,ct_eversource_hp_flat_epmc_passthrough_calibrated
170897,ct_eversource_hp_flat_epmc_passthrough_calibrated
322780,ct_eversource_hp_flat_epmc_passthrough_calibrated
401258,ct_eversource_hp_flat_epmc_passthrough_calibrated
364122,ct_eversource_hp_flat_epmc_passthrough_calibrated
290788,ct_eversource_hp_flat_epmc_passthrough_calibrated
297944,ct_eversource_hp_flat_epmc_passthrough_calibrated
378832,ct_eversource_hp_flat_epmc_passthrough_calibrated
187921,ct_eversource_hp_flat_epmc_passthrough_calibrated
144750,ct_eversource_hp_flat_epmc_passthrough_calibrated
166362,ct_eversource_hp_flat_epmc_passthrough_calibrated
168337,ct_eversource_hp_flat_epmc_passthrough_calibrated
174054,ct_eversource_hp_flat_epmc_passthrough_calibrated
185475,ct_eversource_hp_flat_epmc_passthrough_calibrated
200185,ct_eversource_hp_flat_epmc_passthrough_calibrated
208314,ct_eversource_hp_flat_epmc_passthrough_calibrated
208351,ct_eversource_hp_flat_epmc_passthrough_calibrated
212754,ct_eversource_hp_flat_epmc_passthrough_calibrated
213567,ct_eversource_hp_flat_epmc_passthrough_calibrated
232686,ct_eversource_hp_flat_epmc_passthrough_calibrated
233555,ct_eversource_hp_flat_epmc_passthrough_calibrated
237430,ct_eversource_hp_flat_epmc_passthrough_calibrated
243997,ct_eversource_hp_flat_epmc_passthrough_calibrated
254802,ct_eversource_hp_flat_epmc_passthrough_calibrated
390377,ct_eversource_hp_flat_epmc_passthrough_calibrated
363928,ct_eversource_hp_flat_epmc_passthrough_calibrated
356196,ct_eversource_hp_flat_epmc_passthrough_calibrated
343396,ct_eversource_hp_flat_epmc_passthrough_calibrated
352143,ct_eversource_hp_flat_epmc_passthrough_calibrated
378747,ct_eversource_hp_flat_epmc_passthrough_calibrated
381913,ct_eversource_hp_flat_epmc_passthrough_calibrated
321439,ct_eversource_hp_flat_epmc_passthrough_calibrated
322691,ct_eversource_hp_flat_epmc_passthrough_calibrated
409096,ct_eversource_hp_flat_epmc_passthrough_calibrated
348572,ct_eversource_hp_flat_epmc_passthrough_calibrated
297195,ct_eversource_hp_flat_epmc_passthrough_calibrated
305199,ct_eversource_hp_flat_epmc_passthrough_calibrated
312859,ct_eversource_hp_flat_epmc_passthrough_calibrated
278016,ct_eversource_hp_flat_epmc_passthrough_calibrated
287398,ct_eversource_hp_flat_epmc_passthrough_calibrated
290238,ct_eversource_hp_flat_epmc_passthrough_calibrated
303466,ct_eversource_hp_flat_epmc_passthrough_calibrated
310232,ct_eversource_hp_flat_epmc_passthrough_calibrated
335915,ct_eversource_hp_flat_epmc_passthrough_calibrated
341661,ct_eversource_hp_flat_epmc_passthrough_calibrated
342344,ct_eversource_hp_flat_epmc_passthrough_calibrated
350044,ct_eversource_hp_flat_epmc_passthrough_calibrated
360945,ct_eversource_hp_flat_epmc_passthrough_calibrated
392987,ct_eversource_hp_flat_epmc_passthrough_calibrated
401487,ct_eversource_hp_flat_epmc_passthrough_calibrated
365984,ct_eversource_hp_flat_epmc_passthrough_calibrated
367796,ct_eversource_hp_flat_epmc_passthrough_calibrated
368310,ct_eversource_hp_flat_epmc_passthrough_calibrated
388184,ct_eversource_hp_flat_epmc_passthrough_calibrated
395273,ct_eversource_hp_flat_epmc_passthrough_calibrated
404459,ct_eversource_hp_flat_epmc_passthrough_calibrated
532040,ct_eversource_hp_flat_epmc_passthrough_calibrated
22036,ct_eversource_hp_flat_epmc_passthrough_calibrated
225271,ct_eversource_hp_flat_epmc_passthrough_calibrated
433495,ct_eversource_hp_flat_epmc_passthrough_calibrated
452885,ct_eversource_hp_flat_epmc_passthrough_calibrated
468578,ct_eversource_hp_flat_epmc_passthrough_calibrated
470466,ct_eversource_hp_flat_epmc_passthrough_calibrated
475176,ct_eversource_hp_flat_epmc_passthrough_calibrated
480646,ct_eversource_hp_flat_epmc_passthrough_calibrated
497371,ct_eversource_hp_flat_epmc_passthrough_calibrated
500949,ct_eversource_hp_flat_epmc_passthrough_calibrated
509667,ct_eversource_hp_flat_epmc_passthrough_calibrated
517481,ct_eversource_hp_flat_epmc_passthrough_calibrated
521786,ct_eversource_hp_flat_epmc_passthrough_calibrated
522681,ct_eversource_hp_flat_epmc_passthrough_calibrated
528920,ct_eversource_hp_flat_epmc_passthrough_calibrated
536511,ct_eversource_hp_flat_epmc_passthrough_calibrated
536698,ct_eversource_hp_flat_epmc_passthrough_calibrated
541330,ct_eversource_hp_flat_epmc_passthrough_calibrated
545017,ct_eversource_hp_flat_epmc_passthrough_calibrated
548511,ct_eversource_hp_flat_epmc_passthrough_calibrated
549100,ct_eversource_hp_flat_epmc_passthrough_calibrated
80147,ct_eversource_hp_flat_epmc_passthrough_calibrated
108113,ct_eversource_hp_flat_epmc_passthrough_calibrated
131249,ct_eversource_hp_flat_epmc_passthrough_calibrated
534714,ct_eversource_hp_flat_epmc_passthrough_calibrated
435263,ct_eversource_hp_flat_epmc_passthrough_calibrated
185642,ct_eversource_hp_flat_epmc_passthrough_calibrated
457069,ct_eversource_hp_flat_epmc_passthrough_calibrated
178861,ct_eversource_hp_flat_epmc_passthrough_calibrated
191171,ct_eversource_hp_flat_epmc_passthrough_calibrated
225651,ct_eversource_hp_flat_epmc_passthrough_calibrated
322672,ct_eversource_hp_flat_epmc_passthrough_calibrated
220866,ct_eversource_hp_flat_epmc_passthrough_calibrated
263100,ct_eversource_hp_flat_epmc_passthrough_calibrated
32232,ct_eversource_hp_flat_epmc_passthrough_calibrated
53212,ct_eversource_hp_flat_epmc_passthrough_calibrated
14667,ct_eversource_hp_flat_epmc_passthrough_calibrated
455971,ct_eversource_hp_flat_epmc_passthrough_calibrated
519343,ct_eversource_hp_flat_epmc_passthrough_calibrated
79787,ct_eversource_hp_flat_epmc_passthrough_calibrated
273267,ct_eversource_hp_flat_epmc_passthrough_calibrated
286184,ct_eversource_hp_flat_epmc_passthrough_calibrated
281177,ct_eversource_hp_flat_epmc_passthrough_calibrated
320188,ct_eversource_hp_flat_epmc_passthrough_calibrated
365021,ct_eversource_hp_flat_epmc_passthrough_calibrated
406897,ct_eversource_hp_flat_epmc_passthrough_calibrated
472161,ct_eversource_hp_flat_epmc_passthrough_calibrated
14078,ct_eversource_hp_flat_epmc_passthrough_calibrated
477348,ct_eversource_hp_flat_epmc_passthrough_calibrated
511846,ct_eversource_hp_flat_epmc_passthrough_calibrated
78071,ct_eversource_hp_flat_epmc_passthrough_calibrated
146587,ct_eversource_hp_flat_epmc_passthrough_calibrated
363309,ct_eversource_hp_flat_epmc_passthrough_calibrated
375118,ct_eversource_hp_flat_epmc_passthrough_calibrated
321603,ct_eversource_hp_flat_epmc_passthrough_calibrated
520689,ct_eversource_hp_flat_epmc_passthrough_calibrated
137557,ct_eversource_hp_flat_epmc_passthrough_calibrated
317444,ct_eversource_hp_flat_epmc_passthrough_calibrated
232441,ct_eversource_hp_flat_epmc_passthrough_calibrated
331346,ct_eversource_hp_flat_epmc_passthrough_calibrated
394093,ct_eversource_hp_flat_epmc_passthrough_calibrated
186954,ct_eversource_hp_flat_epmc_passthrough_calibrated
48334,ct_eversource_hp_flat_epmc_passthrough_calibrated
142742,ct_eversource_hp_flat_epmc_passthrough_calibrated
159335,ct_eversource_hp_flat_epmc_passthrough_calibrated
47276,ct_eversource_hp_flat_epmc_passthrough_calibrated
113294,ct_eversource_hp_flat_epmc_passthrough_calibrated
28430,ct_eversource_hp_flat_epmc_passthrough_calibrated
72973,ct_eversource_hp_flat_epmc_passthrough_calibrated
76416,ct_eversource_hp_flat_epmc_passthrough_calibrated
119363,ct_eversource_hp_flat_epmc_passthrough_calibrated
273771,ct_eversource_hp_flat_epmc_passthrough_calibrated
315398,ct_eversource_hp_flat_epmc_passthrough_calibrated
209806,ct_eversource_hp_flat_epmc_passthrough_calibrated
169101,ct_eversource_hp_flat_epmc_passthrough_calibrated
180941,ct_eversource_hp_flat_epmc_passthrough_calibrated
211988,ct_eversource_hp_flat_epmc_passthrough_calibrated
405059,ct_eversource_hp_flat_epmc_passthrough_calibrated
311280,ct_eversource_hp_flat_epmc_passthrough_calibrated
153024,ct_eversource_hp_flat_epmc_passthrough_calibrated
155714,ct_eversource_hp_flat_epmc_passthrough_calibrated
184916,ct_eversource_hp_flat_epmc_passthrough_calibrated
196662,ct_eversource_hp_flat_epmc_passthrough_calibrated
196743,ct_eversource_hp_flat_epmc_passthrough_calibrated
201591,ct_eversource_hp_flat_epmc_passthrough_calibrated
212525,ct_eversource_hp_flat_epmc_passthrough_calibrated
214704,ct_eversource_hp_flat_epmc_passthrough_calibrated
225935,ct_eversource_hp_flat_epmc_passthrough_calibrated
229552,ct_eversource_hp_flat_epmc_passthrough_calibrated
254875,ct_eversource_hp_flat_epmc_passthrough_calibrated
309953,ct_eversource_hp_flat_epmc_passthrough_calibrated
397518,ct_eversource_hp_flat_epmc_passthrough_calibrated
412808,ct_eversource_hp_flat_epmc_passthrough_calibrated
413098,ct_eversource_hp_flat_epmc_passthrough_calibrated
416144,ct_eversource_hp_flat_epmc_passthrough_calibrated
431114,ct_eversource_hp_flat_epmc_passthrough_calibrated
438671,ct_eversource_hp_flat_epmc_passthrough_calibrated
439024,ct_eversource_hp_flat_epmc_passthrough_calibrated
441634,ct_eversource_hp_flat_epmc_passthrough_calibrated
450794,ct_eversource_hp_flat_epmc_passthrough_calibrated
451996,ct_eversource_hp_flat_epmc_passthrough_calibrated
458842,ct_eversource_hp_flat_epmc_passthrough_calibrated
466200,ct_eversource_hp_flat_epmc_passthrough_calibrated
467830,ct_eversource_hp_flat_epmc_passthrough_calibrated
470066,ct_eversource_hp_flat_epmc_passthrough_calibrated
470504,ct_eversource_hp_flat_epmc_passthrough_calibrated
473002,ct_eversource_hp_flat_epmc_passthrough_calibrated
473101,ct_eversource_hp_flat_epmc_passthrough_calibrated
475291,ct_eversource_hp_flat_epmc_passthrough_calibrated
476442,ct_eversource_hp_flat_epmc_passthrough_calibrated
483469,ct_eversource_hp_flat_epmc_passthrough_calibrated
484780,ct_eversource_hp_flat_epmc_passthrough_calibrated
485821,ct_eversource_hp_flat_epmc_passthrough_calibrated
486593,ct_eversource_hp_flat_epmc_passthrough_calibrated
495633,ct_eversource_hp_flat_epmc_passthrough_calibrated
501485,ct_eversource_hp_flat_epmc_passthrough_calibrated
504826,ct_eversource_hp_flat_epmc_passthrough_calibrated
508700,ct_eversource_hp_flat_epmc_passthrough_calibrated
514626,ct_eversource_hp_flat_epmc_passthrough_calibrated
515768,ct_eversource_hp_flat_epmc_passthrough_calibrated
523863,ct_eversource_hp_flat_epmc_passthrough_calibrated
528639,ct_eversource_hp_flat_epmc_passthrough_calibrated
9068,ct_eversource_hp_flat_epmc_passthrough_calibrated
10324,ct_eversource_hp_flat_epmc_passthrough_calibrated
11074,ct_eversource_hp_flat_epmc_passthrough_calibrated
18309,ct_eversource_hp_flat_epmc_passthrough_calibrated
31289,ct_eversource_hp_flat_epmc_passthrough_calibrated
32547,ct_eversource_hp_flat_epmc_passthrough_calibrated
37084,ct_eversource_hp_flat_epmc_passthrough_calibrated
43585,ct_eversource_hp_flat_epmc_passthrough_calibrated
53416,ct_eversource_hp_flat_epmc_passthrough_calibrated
61664,ct_eversource_hp_flat_epmc_passthrough_calibrated
70214,ct_eversource_hp_flat_epmc_passthrough_calibrated
74282,ct_eversource_hp_flat_epmc_passthrough_calibrated
83009,ct_eversource_hp_flat_epmc_passthrough_calibrated
83064,ct_eversource_hp_flat_epmc_passthrough_calibrated
85263,ct_eversource_hp_flat_epmc_passthrough_calibrated
87602,ct_eversource_hp_flat_epmc_passthrough_calibrated
87814,ct_eversource_hp_flat_epmc_passthrough_calibrated
89322,ct_eversource_hp_flat_epmc_passthrough_calibrated
95305,ct_eversource_hp_flat_epmc_passthrough_calibrated
99142,ct_eversource_hp_flat_epmc_passthrough_calibrated
101091,ct_eversource_hp_flat_epmc_passthrough_calibrated
111057,ct_eversource_hp_flat_epmc_passthrough_calibrated
115204,ct_eversource_hp_flat_epmc_passthrough_calibrated
133607,ct_eversource_hp_flat_epmc_passthrough_calibrated
134240,ct_eversource_hp_flat_epmc_passthrough_calibrated
135025,ct_eversource_hp_flat_epmc_passthrough_calibrated
137475,ct_eversource_hp_flat_epmc_passthrough_calibrated
243776,ct_eversource_hp_flat_epmc_passthrough_calibrated
221411,ct_eversource_hp_flat_epmc_passthrough_calibrated
325241,ct_eversource_hp_flat_epmc_passthrough_calibrated
216086,ct_eversource_hp_flat_epmc_passthrough_calibrated
365945,ct_eversource_hp_flat_epmc_passthrough_calibrated
294803,ct_eversource_hp_flat_epmc_passthrough_calibrated
267183,ct_eversource_hp_flat_epmc_passthrough_calibrated
392310,ct_eversource_hp_flat_epmc_passthrough_calibrated
170742,ct_eversource_hp_flat_epmc_passthrough_calibrated
163354,ct_eversource_hp_flat_epmc_passthrough_calibrated
173953,ct_eversource_hp_flat_epmc_passthrough_calibrated
174908,ct_eversource_hp_flat_epmc_passthrough_calibrated
183084,ct_eversource_hp_flat_epmc_passthrough_calibrated
184904,ct_eversource_hp_flat_epmc_passthrough_calibrated
278927,ct_eversource_hp_flat_epmc_passthrough_calibrated
359327,ct_eversource_hp_flat_epmc_passthrough_calibrated
328048,ct_eversource_hp_flat_epmc_passthrough_calibrated
140685,ct_eversource_hp_flat_epmc_passthrough_calibrated
160713,ct_eversource_hp_flat_epmc_passthrough_calibrated
162745,ct_eversource_hp_flat_epmc_passthrough_calibrated
166544,ct_eversource_hp_flat_epmc_passthrough_calibrated
173238,ct_eversource_hp_flat_epmc_passthrough_calibrated
178062,ct_eversource_hp_flat_epmc_passthrough_calibrated
185278,ct_eversource_hp_flat_epmc_passthrough_calibrated
186040,ct_eversource_hp_flat_epmc_passthrough_calibrated
190285,ct_eversource_hp_flat_epmc_passthrough_calibrated
191091,ct_eversource_hp_flat_epmc_passthrough_calibrated
199367,ct_eversource_hp_flat_epmc_passthrough_calibrated
203059,ct_eversource_hp_flat_epmc_passthrough_calibrated
208199,ct_eversource_hp_flat_epmc_passthrough_calibrated
212160,ct_eversource_hp_flat_epmc_passthrough_calibrated
214531,ct_eversource_hp_flat_epmc_passthrough_calibrated
225818,ct_eversource_hp_flat_epmc_passthrough_calibrated
228582,ct_eversource_hp_flat_epmc_passthrough_calibrated
232187,ct_eversource_hp_flat_epmc_passthrough_calibrated
232840,ct_eversource_hp_flat_epmc_passthrough_calibrated
260859,ct_eversource_hp_flat_epmc_passthrough_calibrated
261897,ct_eversource_hp_flat_epmc_passthrough_calibrated
395638,ct_eversource_hp_flat_epmc_passthrough_calibrated
404099,ct_eversource_hp_flat_epmc_passthrough_calibrated
367096,ct_eversource_hp_flat_epmc_passthrough_calibrated
405100,ct_eversource_hp_flat_epmc_passthrough_calibrated
376346,ct_eversource_hp_flat_epmc_passthrough_calibrated
294431,ct_eversource_hp_flat_epmc_passthrough_calibrated
280182,ct_eversource_hp_flat_epmc_passthrough_calibrated
295792,ct_eversource_hp_flat_epmc_passthrough_calibrated
298079,ct_eversource_hp_flat_epmc_passthrough_calibrated
304501,ct_eversource_hp_flat_epmc_passthrough_calibrated
305571,ct_eversource_hp_flat_epmc_passthrough_calibrated
310571,ct_eversource_hp_flat_epmc_passthrough_calibrated
327151,ct_eversource_hp_flat_epmc_passthrough_calibrated
364523,ct_eversource_hp_flat_epmc_passthrough_calibrated
370733,ct_eversource_hp_flat_epmc_passthrough_calibrated
373194,ct_eversource_hp_flat_epmc_passthrough_calibrated
374858,ct_eversource_hp_flat_epmc_passthrough_calibrated
379629,ct_eversource_hp_flat_epmc_passthrough_calibrated
383535,ct_eversource_hp_flat_epmc_passthrough_calibrated
404078,ct_eversource_hp_flat_epmc_passthrough_calibrated
408458,ct_eversource_hp_flat_epmc_passthrough_calibrated
408535,ct_eversource_hp_flat_epmc_passthrough_calibrated
366916,ct_eversource_hp_flat_epmc_passthrough_calibrated
370741,ct_eversource_hp_flat_epmc_passthrough_calibrated
372098,ct_eversource_hp_flat_epmc_passthrough_calibrated
381989,ct_eversource_hp_flat_epmc_passthrough_calibrated
391475,ct_eversource_hp_flat_epmc_passthrough_calibrated
395566,ct_eversource_hp_flat_epmc_passthrough_calibrated
408682,ct_eversource_hp_flat_epmc_passthrough_calibrated
224727,ct_eversource_hp_flat_epmc_passthrough_calibrated
414703,ct_eversource_hp_flat_epmc_passthrough_calibrated
435832,ct_eversource_hp_flat_epmc_passthrough_calibrated
459199,ct_eversource_hp_flat_epmc_passthrough_calibrated
466938,ct_eversource_hp_flat_epmc_passthrough_calibrated
467582,ct_eversource_hp_flat_epmc_passthrough_calibrated
468052,ct_eversource_hp_flat_epmc_passthrough_calibrated
470869,ct_eversource_hp_flat_epmc_passthrough_calibrated
481237,ct_eversource_hp_flat_epmc_passthrough_calibrated
496876,ct_eversource_hp_flat_epmc_passthrough_calibrated
505266,ct_eversource_hp_flat_epmc_passthrough_calibrated
507910,ct_eversource_hp_flat_epmc_passthrough_calibrated
508519,ct_eversource_hp_flat_epmc_passthrough_calibrated
517671,ct_eversource_hp_flat_epmc_passthrough_calibrated
529244,ct_eversource_hp_flat_epmc_passthrough_calibrated
529264,ct_eversource_hp_flat_epmc_passthrough_calibrated
539987,ct_eversource_hp_flat_epmc_passthrough_calibrated
544025,ct_eversource_hp_flat_epmc_passthrough_calibrated
547249,ct_eversource_hp_flat_epmc_passthrough_calibrated
549253,ct_eversource_hp_flat_epmc_passthrough_calibrated
79702,ct_eversource_hp_flat_epmc_passthrough_calibrated
318293,ct_eversource_hp_flat_epmc_passthrough_calibrated
419237,ct_eversource_hp_flat_epmc_passthrough_calibrated
149118,ct_eversource_hp_flat_epmc_passthrough_calibrated
321428,ct_eversource_hp_flat_epmc_passthrough_calibrated
330826,ct_eversource_hp_flat_epmc_passthrough_calibrated
181849,ct_eversource_hp_flat_epmc_passthrough_calibrated
305165,ct_eversource_hp_flat_epmc_passthrough_calibrated
328282,ct_eversource_hp_flat_epmc_passthrough_calibrated
336805,ct_eversource_hp_flat_epmc_passthrough_calibrated
174599,ct_eversource_hp_flat_epmc_passthrough_calibrated
201985,ct_eversource_hp_flat_epmc_passthrough_calibrated
389787,ct_eversource_hp_flat_epmc_passthrough_calibrated
55018,ct_eversource_hp_flat_epmc_passthrough_calibrated
440914,ct_eversource_hp_flat_epmc_passthrough_calibrated
129014,ct_eversource_hp_flat_epmc_passthrough_calibrated
42412,ct_eversource_hp_flat_epmc_passthrough_calibrated
326049,ct_eversource_hp_flat_epmc_passthrough_calibrated
320074,ct_eversource_hp_flat_epmc_passthrough_calibrated
317645,ct_eversource_hp_flat_epmc_passthrough_calibrated
301257,ct_eversource_hp_flat_epmc_passthrough_calibrated
337336,ct_eversource_hp_flat_epmc_passthrough_calibrated
394460,ct_eversource_hp_flat_epmc_passthrough_calibrated
398582,ct_eversource_hp_flat_epmc_passthrough_calibrated
401878,ct_eversource_hp_flat_epmc_passthrough_calibrated
526273,ct_eversource_hp_flat_epmc_passthrough_calibrated
117094,ct_eversource_hp_flat_epmc_passthrough_calibrated
509779,ct_eversource_hp_flat_epmc_passthrough_calibrated
549835,ct_eversource_hp_flat_epmc_passthrough_calibrated
44772,ct_eversource_hp_flat_epmc_passthrough_calibrated
74894,ct_eversource_hp_flat_epmc_passthrough_calibrated
201473,ct_eversource_hp_flat_epmc_passthrough_calibrated
211338,ct_eversource_hp_flat_epmc_passthrough_calibrated
260715,ct_eversource_hp_flat_epmc_passthrough_calibrated
354241,ct_eversource_hp_flat_epmc_passthrough_calibrated
367759,ct_eversource_hp_flat_epmc_passthrough_calibrated
479352,ct_eversource_hp_flat_epmc_passthrough_calibrated
336034,ct_eversource_hp_flat_epmc_passthrough_calibrated
284408,ct_eversource_hp_flat_epmc_passthrough_calibrated
499935,ct_eversource_hp_flat_epmc_passthrough_calibrated
11115,ct_eversource_hp_flat_epmc_passthrough_calibrated
321632,ct_eversource_hp_flat_epmc_passthrough_calibrated
492413,ct_eversource_hp_flat_epmc_passthrough_calibrated
450243,ct_eversource_hp_flat_epmc_passthrough_calibrated
168741,ct_eversource_hp_flat_epmc_passthrough_calibrated
441679,ct_eversource_hp_flat_epmc_passthrough_calibrated
318566,ct_eversource_hp_flat_epmc_passthrough_calibrated
71693,ct_eversource_hp_flat_epmc_passthrough_calibrated
253223,ct_eversource_hp_flat_epmc_passthrough_calibrated
429509,ct_eversource_hp_flat_epmc_passthrough_calibrated
53756,ct_eversource_hp_flat_epmc_passthrough_calibrated
236211,ct_eversource_hp_flat_epmc_passthrough_calibrated
251027,ct_eversource_hp_flat_epmc_passthrough_calibrated
375689,ct_eversource_hp_flat_epmc_passthrough_calibrated
419573,ct_eversource_hp_flat_epmc_passthrough_calibrated
479042,ct_eversource_hp_flat_epmc_passthrough_calibrated
538936,ct_eversource_hp_flat_epmc_passthrough_calibrated
15092,ct_eversource_hp_flat_epmc_passthrough_calibrated
35680,ct_eversource_hp_flat_epmc_passthrough_calibrated
68479,ct_eversource_hp_flat_epmc_passthrough_calibrated
69863,ct_eversource_hp_flat_epmc_passthrough_calibrated
79407,ct_eversource_hp_flat_epmc_passthrough_calibrated
96779,ct_eversource_hp_flat_epmc_passthrough_calibrated
120756,ct_eversource_hp_flat_epmc_passthrough_calibrated
262661,ct_eversource_hp_flat_epmc_passthrough_calibrated
166250,ct_eversource_hp_flat_epmc_passthrough_calibrated
173168,ct_eversource_hp_flat_epmc_passthrough_calibrated
181138,ct_eversource_hp_flat_epmc_passthrough_calibrated
202969,ct_eversource_hp_flat_epmc_passthrough_calibrated
229879,ct_eversource_hp_flat_epmc_passthrough_calibrated
252861,ct_eversource_hp_flat_epmc_passthrough_calibrated
257843,ct_eversource_hp_flat_epmc_passthrough_calibrated
304170,ct_eversource_hp_flat_epmc_passthrough_calibrated
284076,ct_eversource_hp_flat_epmc_passthrough_calibrated
379198,ct_eversource_hp_flat_epmc_passthrough_calibrated
414313,ct_eversource_hp_flat_epmc_passthrough_calibrated
415266,ct_eversource_hp_flat_epmc_passthrough_calibrated
417089,ct_eversource_hp_flat_epmc_passthrough_calibrated
423277,ct_eversource_hp_flat_epmc_passthrough_calibrated
423963,ct_eversource_hp_flat_epmc_passthrough_calibrated
425160,ct_eversource_hp_flat_epmc_passthrough_calibrated
438211,ct_eversource_hp_flat_epmc_passthrough_calibrated
444882,ct_eversource_hp_flat_epmc_passthrough_calibrated
449534,ct_eversource_hp_flat_epmc_passthrough_calibrated
451605,ct_eversource_hp_flat_epmc_passthrough_calibrated
458949,ct_eversource_hp_flat_epmc_passthrough_calibrated
464462,ct_eversource_hp_flat_epmc_passthrough_calibrated
464573,ct_eversource_hp_flat_epmc_passthrough_calibrated
464606,ct_eversource_hp_flat_epmc_passthrough_calibrated
470072,ct_eversource_hp_flat_epmc_passthrough_calibrated
472249,ct_eversource_hp_flat_epmc_passthrough_calibrated
472345,ct_eversource_hp_flat_epmc_passthrough_calibrated
478960,ct_eversource_hp_flat_epmc_passthrough_calibrated
481543,ct_eversource_hp_flat_epmc_passthrough_calibrated
481620,ct_eversource_hp_flat_epmc_passthrough_calibrated
485209,ct_eversource_hp_flat_epmc_passthrough_calibrated
501798,ct_eversource_hp_flat_epmc_passthrough_calibrated
507271,ct_eversource_hp_flat_epmc_passthrough_calibrated
517191,ct_eversource_hp_flat_epmc_passthrough_calibrated
543479,ct_eversource_hp_flat_epmc_passthrough_calibrated
544805,ct_eversource_hp_flat_epmc_passthrough_calibrated
2353,ct_eversource_hp_flat_epmc_passthrough_calibrated
3541,ct_eversource_hp_flat_epmc_passthrough_calibrated
7290,ct_eversource_hp_flat_epmc_passthrough_calibrated
8517,ct_eversource_hp_flat_epmc_passthrough_calibrated
22842,ct_eversource_hp_flat_epmc_passthrough_calibrated
23039,ct_eversource_hp_flat_epmc_passthrough_calibrated
24359,ct_eversource_hp_flat_epmc_passthrough_calibrated
26167,ct_eversource_hp_flat_epmc_passthrough_calibrated
29081,ct_eversource_hp_flat_epmc_passthrough_calibrated
31469,ct_eversource_hp_flat_epmc_passthrough_calibrated
34968,ct_eversource_hp_flat_epmc_passthrough_calibrated
38824,ct_eversource_hp_flat_epmc_passthrough_calibrated
44562,ct_eversource_hp_flat_epmc_passthrough_calibrated
53720,ct_eversource_hp_flat_epmc_passthrough_calibrated
60301,ct_eversource_hp_flat_epmc_passthrough_calibrated
61520,ct_eversource_hp_flat_epmc_passthrough_calibrated
61741,ct_eversource_hp_flat_epmc_passthrough_calibrated
62035,ct_eversource_hp_flat_epmc_passthrough_calibrated
69340,ct_eversource_hp_flat_epmc_passthrough_calibrated
73136,ct_eversource_hp_flat_epmc_passthrough_calibrated
82862,ct_eversource_hp_flat_epmc_passthrough_calibrated
89545,ct_eversource_hp_flat_epmc_passthrough_calibrated
94223,ct_eversource_hp_flat_epmc_passthrough_calibrated
100957,ct_eversource_hp_flat_epmc_passthrough_calibrated
105152,ct_eversource_hp_flat_epmc_passthrough_calibrated
108307,ct_eversource_hp_flat_epmc_passthrough_calibrated
111471,ct_eversource_hp_flat_epmc_passthrough_calibrated
112550,ct_eversource_hp_flat_epmc_passthrough_calibrated
114466,ct_eversource_hp_flat_epmc_passthrough_calibrated
116503,ct_eversource_hp_flat_epmc_passthrough_calibrated
116972,ct_eversource_hp_flat_epmc_passthrough_calibrated
125933,ct_eversource_hp_flat_epmc_passthrough_calibrated
127251,ct_eversource_hp_flat_epmc_passthrough_calibrated
136393,ct_eversource_hp_flat_epmc_passthrough_calibrated
138119,ct_eversource_hp_flat_epmc_passthrough_calibrated
229569,ct_eversource_hp_flat_epmc_passthrough_calibrated
351883,ct_eversource_hp_flat_epmc_passthrough_calibrated
389753,ct_eversource_hp_flat_epmc_passthrough_calibrated
168553,ct_eversource_hp_flat_epmc_passthrough_calibrated
395471,ct_eversource_hp_flat_epmc_passthrough_calibrated
364156,ct_eversource_hp_flat_epmc_passthrough_calibrated
190755,ct_eversource_hp_flat_epmc_passthrough_calibrated
398794,ct_eversource_hp_flat_epmc_passthrough_calibrated
202643,ct_eversource_hp_flat_epmc_passthrough_calibrated
335414,ct_eversource_hp_flat_epmc_passthrough_calibrated
394663,ct_eversource_hp_flat_epmc_passthrough_calibrated
288697,ct_eversource_hp_flat_epmc_passthrough_calibrated
269609,ct_eversource_hp_flat_epmc_passthrough_calibrated
285979,ct_eversource_hp_flat_epmc_passthrough_calibrated
156273,ct_eversource_hp_flat_epmc_passthrough_calibrated
329865,ct_eversource_hp_flat_epmc_passthrough_calibrated
283082,ct_eversource_hp_flat_epmc_passthrough_calibrated
321529,ct_eversource_hp_flat_epmc_passthrough_calibrated
141414,ct_eversource_hp_flat_epmc_passthrough_calibrated
146454,ct_eversource_hp_flat_epmc_passthrough_calibrated
151394,ct_eversource_hp_flat_epmc_passthrough_calibrated
164420,ct_eversource_hp_flat_epmc_passthrough_calibrated
164847,ct_eversource_hp_flat_epmc_passthrough_calibrated
168367,ct_eversource_hp_flat_epmc_passthrough_calibrated
168762,ct_eversource_hp_flat_epmc_passthrough_calibrated
170021,ct_eversource_hp_flat_epmc_passthrough_calibrated
175717,ct_eversource_hp_flat_epmc_passthrough_calibrated
184621,ct_eversource_hp_flat_epmc_passthrough_calibrated
202660,ct_eversource_hp_flat_epmc_passthrough_calibrated
218453,ct_eversource_hp_flat_epmc_passthrough_calibrated
223749,ct_eversource_hp_flat_epmc_passthrough_calibrated
234372,ct_eversource_hp_flat_epmc_passthrough_calibrated
237812,ct_eversource_hp_flat_epmc_passthrough_calibrated
242018,ct_eversource_hp_flat_epmc_passthrough_calibrated
265493,ct_eversource_hp_flat_epmc_passthrough_calibrated
323295,ct_eversource_hp_flat_epmc_passthrough_calibrated
273685,ct_eversource_hp_flat_epmc_passthrough_calibrated
303508,ct_eversource_hp_flat_epmc_passthrough_calibrated
358191,ct_eversource_hp_flat_epmc_passthrough_calibrated
323764,ct_eversource_hp_flat_epmc_passthrough_calibrated
328476,ct_eversource_hp_flat_epmc_passthrough_calibrated
300877,ct_eversource_hp_flat_epmc_passthrough_calibrated
288517,ct_eversource_hp_flat_epmc_passthrough_calibrated
302297,ct_eversource_hp_flat_epmc_passthrough_calibrated
270414,ct_eversource_hp_flat_epmc_passthrough_calibrated
275297,ct_eversource_hp_flat_epmc_passthrough_calibrated
293717,ct_eversource_hp_flat_epmc_passthrough_calibrated
303495,ct_eversource_hp_flat_epmc_passthrough_calibrated
308289,ct_eversource_hp_flat_epmc_passthrough_calibrated
324963,ct_eversource_hp_flat_epmc_passthrough_calibrated
338446,ct_eversource_hp_flat_epmc_passthrough_calibrated
340968,ct_eversource_hp_flat_epmc_passthrough_calibrated
351701,ct_eversource_hp_flat_epmc_passthrough_calibrated
354412,ct_eversource_hp_flat_epmc_passthrough_calibrated
355452,ct_eversource_hp_flat_epmc_passthrough_calibrated
363956,ct_eversource_hp_flat_epmc_passthrough_calibrated
372830,ct_eversource_hp_flat_epmc_passthrough_calibrated
376625,ct_eversource_hp_flat_epmc_passthrough_calibrated
380081,ct_eversource_hp_flat_epmc_passthrough_calibrated
363685,ct_eversource_hp_flat_epmc_passthrough_calibrated
364281,ct_eversource_hp_flat_epmc_passthrough_calibrated
372478,ct_eversource_hp_flat_epmc_passthrough_calibrated
374441,ct_eversource_hp_flat_epmc_passthrough_calibrated
376097,ct_eversource_hp_flat_epmc_passthrough_calibrated
381275,ct_eversource_hp_flat_epmc_passthrough_calibrated
386083,ct_eversource_hp_flat_epmc_passthrough_calibrated
395341,ct_eversource_hp_flat_epmc_passthrough_calibrated
398296,ct_eversource_hp_flat_epmc_passthrough_calibrated
89345,ct_eversource_hp_flat_epmc_passthrough_calibrated
152346,ct_eversource_hp_flat_epmc_passthrough_calibrated
185451,ct_eversource_hp_flat_epmc_passthrough_calibrated
481626,ct_eversource_hp_flat_epmc_passthrough_calibrated
491860,ct_eversource_hp_flat_epmc_passthrough_calibrated
521675,ct_eversource_hp_flat_epmc_passthrough_calibrated
538651,ct_eversource_hp_flat_epmc_passthrough_calibrated
90325,ct_eversource_hp_flat_epmc_passthrough_calibrated
94511,ct_eversource_hp_flat_epmc_passthrough_calibrated
95378,ct_eversource_hp_flat_epmc_passthrough_calibrated
392577,ct_eversource_hp_flat_epmc_passthrough_calibrated
287978,ct_eversource_hp_flat_epmc_passthrough_calibrated
248237,ct_eversource_hp_flat_epmc_passthrough_calibrated
501602,ct_eversource_hp_flat_epmc_passthrough_calibrated
321102,ct_eversource_hp_flat_epmc_passthrough_calibrated
310619,ct_eversource_hp_flat_epmc_passthrough_calibrated
236225,ct_eversource_hp_flat_epmc_passthrough_calibrated
164172,ct_eversource_hp_flat_epmc_passthrough_calibrated
256731,ct_eversource_hp_flat_epmc_passthrough_calibrated
188598,ct_eversource_hp_flat_epmc_passthrough_calibrated
247034,ct_eversource_hp_flat_epmc_passthrough_calibrated
185955,ct_eversource_hp_flat_epmc_passthrough_calibrated
235345,ct_eversource_hp_flat_epmc_passthrough_calibrated
241376,ct_eversource_hp_flat_epmc_passthrough_calibrated
261304,ct_eversource_hp_flat_epmc_passthrough_calibrated
318154,ct_eversource_hp_flat_epmc_passthrough_calibrated
497979,ct_eversource_hp_flat_epmc_passthrough_calibrated
35861,ct_eversource_hp_flat_epmc_passthrough_calibrated
39084,ct_eversource_hp_flat_epmc_passthrough_calibrated
92537,ct_eversource_hp_flat_epmc_passthrough_calibrated
97910,ct_eversource_hp_flat_epmc_passthrough_calibrated
345551,ct_eversource_hp_flat_epmc_passthrough_calibrated
311729,ct_eversource_hp_flat_epmc_passthrough_calibrated
387277,ct_eversource_hp_flat_epmc_passthrough_calibrated
281756,ct_eversource_hp_flat_epmc_passthrough_calibrated
315941,ct_eversource_hp_flat_epmc_passthrough_calibrated
316187,ct_eversource_hp_flat_epmc_passthrough_calibrated
386668,ct_eversource_hp_flat_epmc_passthrough_calibrated
229772,ct_eversource_hp_flat_epmc_passthrough_calibrated
452982,ct_eversource_hp_flat_epmc_passthrough_calibrated
442632,ct_eversource_hp_flat_epmc_passthrough_calibrated
464679,ct_eversource_hp_flat_epmc_passthrough_calibrated
521121,ct_eversource_hp_flat_epmc_passthrough_calibrated
525758,ct_eversource_hp_flat_epmc_passthrough_calibrated
55013,ct_eversource_hp_flat_epmc_passthrough_calibrated
63319,ct_eversource_hp_flat_epmc_passthrough_calibrated
74455,ct_eversource_hp_flat_epmc_passthrough_calibrated
87012,ct_eversource_hp_flat_epmc_passthrough_calibrated
109102,ct_eversource_hp_flat_epmc_passthrough_calibrated
238549,ct_eversource_hp_flat_epmc_passthrough_calibrated
179790,ct_eversource_hp_flat_epmc_passthrough_calibrated
360551,ct_eversource_hp_flat_epmc_passthrough_calibrated
266265,ct_eversource_hp_flat_epmc_passthrough_calibrated
428866,ct_eversource_hp_flat_epmc_passthrough_calibrated
463664,ct_eversource_hp_flat_epmc_passthrough_calibrated
541341,ct_eversource_hp_flat_epmc_passthrough_calibrated
95477,ct_eversource_hp_flat_epmc_passthrough_calibrated
127446,ct_eversource_hp_flat_epmc_passthrough_calibrated
541302,ct_eversource_hp_flat_epmc_passthrough_calibrated
265984,ct_eversource_hp_flat_epmc_passthrough_calibrated
286503,ct_eversource_hp_flat_epmc_passthrough_calibrated
354905,ct_eversource_hp_flat_epmc_passthrough_calibrated
234088,ct_eversource_hp_flat_epmc_passthrough_calibrated
404054,ct_eversource_hp_flat_epmc_passthrough_calibrated
173926,ct_eversource_hp_flat_epmc_passthrough_calibrated
532634,ct_eversource_hp_flat_epmc_passthrough_calibrated
26148,ct_eversource_hp_flat_epmc_passthrough_calibrated
30941,ct_eversource_hp_flat_epmc_passthrough_calibrated
39627,ct_eversource_hp_flat_epmc_passthrough_calibrated
237171,ct_eversource_hp_flat_epmc_passthrough_calibrated
321704,ct_eversource_hp_flat_epmc_passthrough_calibrated
410253,ct_eversource_hp_flat_epmc_passthrough_calibrated
27704,ct_eversource_hp_flat_epmc_passthrough_calibrated
79321,ct_eversource_hp_flat_epmc_passthrough_calibrated
222274,ct_eversource_hp_flat_epmc_passthrough_calibrated
296427,ct_eversource_hp_flat_epmc_passthrough_calibrated
416365,ct_eversource_hp_flat_epmc_passthrough_calibrated
484776,ct_eversource_hp_flat_epmc_passthrough_calibrated
497136,ct_eversource_hp_flat_epmc_passthrough_calibrated
523784,ct_eversource_hp_flat_epmc_passthrough_calibrated
4492,ct_eversource_hp_flat_epmc_passthrough_calibrated
34918,ct_eversource_hp_flat_epmc_passthrough_calibrated
78479,ct_eversource_hp_flat_epmc_passthrough_calibrated
78972,ct_eversource_hp_flat_epmc_passthrough_calibrated
81912,ct_eversource_hp_flat_epmc_passthrough_calibrated
124352,ct_eversource_hp_flat_epmc_passthrough_calibrated
254280,ct_eversource_hp_flat_epmc_passthrough_calibrated
336601,ct_eversource_hp_flat_epmc_passthrough_calibrated
181308,ct_eversource_hp_flat_epmc_passthrough_calibrated
288835,ct_eversource_hp_flat_epmc_passthrough_calibrated
169909,ct_eversource_hp_flat_epmc_passthrough_calibrated
188612,ct_eversource_hp_flat_epmc_passthrough_calibrated
390642,ct_eversource_hp_flat_epmc_passthrough_calibrated
200504,ct_eversource_hp_flat_epmc_passthrough_calibrated
208748,ct_eversource_hp_flat_epmc_passthrough_calibrated
216023,ct_eversource_hp_flat_epmc_passthrough_calibrated
262932,ct_eversource_hp_flat_epmc_passthrough_calibrated
273834,ct_eversource_hp_flat_epmc_passthrough_calibrated
396968,ct_eversource_hp_flat_epmc_passthrough_calibrated
409981,ct_eversource_hp_flat_epmc_passthrough_calibrated
419298,ct_eversource_hp_flat_epmc_passthrough_calibrated
424401,ct_eversource_hp_flat_epmc_passthrough_calibrated
425189,ct_eversource_hp_flat_epmc_passthrough_calibrated
429606,ct_eversource_hp_flat_epmc_passthrough_calibrated
435576,ct_eversource_hp_flat_epmc_passthrough_calibrated
444132,ct_eversource_hp_flat_epmc_passthrough_calibrated
449972,ct_eversource_hp_flat_epmc_passthrough_calibrated
451143,ct_eversource_hp_flat_epmc_passthrough_calibrated
456455,ct_eversource_hp_flat_epmc_passthrough_calibrated
460454,ct_eversource_hp_flat_epmc_passthrough_calibrated
471490,ct_eversource_hp_flat_epmc_passthrough_calibrated
472076,ct_eversource_hp_flat_epmc_passthrough_calibrated
473520,ct_eversource_hp_flat_epmc_passthrough_calibrated
485873,ct_eversource_hp_flat_epmc_passthrough_calibrated
489118,ct_eversource_hp_flat_epmc_passthrough_calibrated
507856,ct_eversource_hp_flat_epmc_passthrough_calibrated
514832,ct_eversource_hp_flat_epmc_passthrough_calibrated
530525,ct_eversource_hp_flat_epmc_passthrough_calibrated
546748,ct_eversource_hp_flat_epmc_passthrough_calibrated
7208,ct_eversource_hp_flat_epmc_passthrough_calibrated
11894,ct_eversource_hp_flat_epmc_passthrough_calibrated
14925,ct_eversource_hp_flat_epmc_passthrough_calibrated
22336,ct_eversource_hp_flat_epmc_passthrough_calibrated
23447,ct_eversource_hp_flat_epmc_passthrough_calibrated
23785,ct_eversource_hp_flat_epmc_passthrough_calibrated
25925,ct_eversource_hp_flat_epmc_passthrough_calibrated
40355,ct_eversource_hp_flat_epmc_passthrough_calibrated
50065,ct_eversource_hp_flat_epmc_passthrough_calibrated
52396,ct_eversource_hp_flat_epmc_passthrough_calibrated
56732,ct_eversource_hp_flat_epmc_passthrough_calibrated
59367,ct_eversource_hp_flat_epmc_passthrough_calibrated
59642,ct_eversource_hp_flat_epmc_passthrough_calibrated
63124,ct_eversource_hp_flat_epmc_passthrough_calibrated
64887,ct_eversource_hp_flat_epmc_passthrough_calibrated
65781,ct_eversource_hp_flat_epmc_passthrough_calibrated
69628,ct_eversource_hp_flat_epmc_passthrough_calibrated
69678,ct_eversource_hp_flat_epmc_passthrough_calibrated
72463,ct_eversource_hp_flat_epmc_passthrough_calibrated
81207,ct_eversource_hp_flat_epmc_passthrough_calibrated
82213,ct_eversource_hp_flat_epmc_passthrough_calibrated
86256,ct_eversource_hp_flat_epmc_passthrough_calibrated
87758,ct_eversource_hp_flat_epmc_passthrough_calibrated
88120,ct_eversource_hp_flat_epmc_passthrough_calibrated
90122,ct_eversource_hp_flat_epmc_passthrough_calibrated
96117,ct_eversource_hp_flat_epmc_passthrough_calibrated
107878,ct_eversource_hp_flat_epmc_passthrough_calibrated
108193,ct_eversource_hp_flat_epmc_passthrough_calibrated
113585,ct_eversource_hp_flat_epmc_passthrough_calibrated
118532,ct_eversource_hp_flat_epmc_passthrough_calibrated
119723,ct_eversource_hp_flat_epmc_passthrough_calibrated
130568,ct_eversource_hp_flat_epmc_passthrough_calibrated
130778,ct_eversource_hp_flat_epmc_passthrough_calibrated
214665,ct_eversource_hp_flat_epmc_passthrough_calibrated
255376,ct_eversource_hp_flat_epmc_passthrough_calibrated
383008,ct_eversource_hp_flat_epmc_passthrough_calibrated
207683,ct_eversource_hp_flat_epmc_passthrough_calibrated
333302,ct_eversource_hp_flat_epmc_passthrough_calibrated
150542,ct_eversource_hp_flat_epmc_passthrough_calibrated
274040,ct_eversource_hp_flat_epmc_passthrough_calibrated
360828,ct_eversource_hp_flat_epmc_passthrough_calibrated
372147,ct_eversource_hp_flat_epmc_passthrough_calibrated
287245,ct_eversource_hp_flat_epmc_passthrough_calibrated
157426,ct_eversource_hp_flat_epmc_passthrough_calibrated
159435,ct_eversource_hp_flat_epmc_passthrough_calibrated
160389,ct_eversource_hp_flat_epmc_passthrough_calibrated
201000,ct_eversource_hp_flat_epmc_passthrough_calibrated
202167,ct_eversource_hp_flat_epmc_passthrough_calibrated
212633,ct_eversource_hp_flat_epmc_passthrough_calibrated
218146,ct_eversource_hp_flat_epmc_passthrough_calibrated
376553,ct_eversource_hp_flat_epmc_passthrough_calibrated
354362,ct_eversource_hp_flat_epmc_passthrough_calibrated
284537,ct_eversource_hp_flat_epmc_passthrough_calibrated
287870,ct_eversource_hp_flat_epmc_passthrough_calibrated
308894,ct_eversource_hp_flat_epmc_passthrough_calibrated
151079,ct_eversource_hp_flat_epmc_passthrough_calibrated
151796,ct_eversource_hp_flat_epmc_passthrough_calibrated
167028,ct_eversource_hp_flat_epmc_passthrough_calibrated
179475,ct_eversource_hp_flat_epmc_passthrough_calibrated
189503,ct_eversource_hp_flat_epmc_passthrough_calibrated
189704,ct_eversource_hp_flat_epmc_passthrough_calibrated
201522,ct_eversource_hp_flat_epmc_passthrough_calibrated
205877,ct_eversource_hp_flat_epmc_passthrough_calibrated
212720,ct_eversource_hp_flat_epmc_passthrough_calibrated
214727,ct_eversource_hp_flat_epmc_passthrough_calibrated
239590,ct_eversource_hp_flat_epmc_passthrough_calibrated
243843,ct_eversource_hp_flat_epmc_passthrough_calibrated
250517,ct_eversource_hp_flat_epmc_passthrough_calibrated
258575,ct_eversource_hp_flat_epmc_passthrough_calibrated
387280,ct_eversource_hp_flat_epmc_passthrough_calibrated
289023,ct_eversource_hp_flat_epmc_passthrough_calibrated
319120,ct_eversource_hp_flat_epmc_passthrough_calibrated
315166,ct_eversource_hp_flat_epmc_passthrough_calibrated
383227,ct_eversource_hp_flat_epmc_passthrough_calibrated
330795,ct_eversource_hp_flat_epmc_passthrough_calibrated
314489,ct_eversource_hp_flat_epmc_passthrough_calibrated
283518,ct_eversource_hp_flat_epmc_passthrough_calibrated
270772,ct_eversource_hp_flat_epmc_passthrough_calibrated
291407,ct_eversource_hp_flat_epmc_passthrough_calibrated
306652,ct_eversource_hp_flat_epmc_passthrough_calibrated
326629,ct_eversource_hp_flat_epmc_passthrough_calibrated
330961,ct_eversource_hp_flat_epmc_passthrough_calibrated
338920,ct_eversource_hp_flat_epmc_passthrough_calibrated
342412,ct_eversource_hp_flat_epmc_passthrough_calibrated
355528,ct_eversource_hp_flat_epmc_passthrough_calibrated
355805,ct_eversource_hp_flat_epmc_passthrough_calibrated
360991,ct_eversource_hp_flat_epmc_passthrough_calibrated
376626,ct_eversource_hp_flat_epmc_passthrough_calibrated
387384,ct_eversource_hp_flat_epmc_passthrough_calibrated
387637,ct_eversource_hp_flat_epmc_passthrough_calibrated
400851,ct_eversource_hp_flat_epmc_passthrough_calibrated
403554,ct_eversource_hp_flat_epmc_passthrough_calibrated
