bldg_id,tariff_key
434236,bge_non-hp_base_candidate_tariff_candidate_tariff
436422,bge_non-hp_base_candidate_tariff_candidate_tariff
449771,bge_non-hp_base_candidate_tariff_candidate_tariff
454864,bge_non-hp_base_candidate_tariff_candidate_tariff
458240,bge_hp_base_candidate_tariff_candidate_tariff
464895,bge_non-hp_base_candidate_tariff_candidate_tariff
466657,bge_non-hp_base_candidate_tariff_candidate_tariff
469417,bge_non-hp_base_candidate_tariff_candidate_tariff
479886,bge_non-hp_base_candidate_tariff_candidate_tariff
480228,bge_non-hp_base_candidate_tariff_candidate_tariff
480267,bge_non-hp_base_candidate_tariff_candidate_tariff
480438,bge_non-hp_base_candidate_tariff_candidate_tariff
485584,bge_non-hp_base_candidate_tariff_candidate_tariff
498840,bge_non-hp_base_candidate_tariff_candidate_tariff
498990,bge_hp_base_candidate_tariff_candidate_tariff
499996,bge_non-hp_base_candidate_tariff_candidate_tariff
501696,bge_non-hp_base_candidate_tariff_candidate_tariff
508289,bge_non-hp_base_candidate_tariff_candidate_tariff
516754,bge_non-hp_base_candidate_tariff_candidate_tariff
526335,bge_non-hp_base_candidate_tariff_candidate_tariff
531852,bge_non-hp_base_candidate_tariff_candidate_tariff
533562,bge_non-hp_base_candidate_tariff_candidate_tariff
540968,bge_non-hp_base_candidate_tariff_candidate_tariff
542107,bge_non-hp_base_candidate_tariff_candidate_tariff
549955,bge_non-hp_base_candidate_tariff_candidate_tariff
59257,bge_non-hp_base_candidate_tariff_candidate_tariff
60854,bge_non-hp_base_candidate_tariff_candidate_tariff
72146,bge_non-hp_base_candidate_tariff_candidate_tariff
73943,bge_hp_base_candidate_tariff_candidate_tariff
79851,bge_non-hp_base_candidate_tariff_candidate_tariff
90220,bge_non-hp_base_candidate_tariff_candidate_tariff
112243,bge_non-hp_base_candidate_tariff_candidate_tariff
390622,bge_non-hp_base_candidate_tariff_candidate_tariff
335247,bge_hp_base_candidate_tariff_candidate_tariff
269716,bge_hp_base_candidate_tariff_candidate_tariff
362573,bge_hp_base_candidate_tariff_candidate_tariff
462227,bge_non-hp_base_candidate_tariff_candidate_tariff
486693,bge_non-hp_base_candidate_tariff_candidate_tariff
152664,bge_hp_base_candidate_tariff_candidate_tariff
189321,bge_non-hp_base_candidate_tariff_candidate_tariff
510316,bge_non-hp_base_candidate_tariff_candidate_tariff
196986,bge_non-hp_base_candidate_tariff_candidate_tariff
353397,bge_non-hp_base_candidate_tariff_candidate_tariff
234402,bge_non-hp_base_candidate_tariff_candidate_tariff
273493,bge_non-hp_base_candidate_tariff_candidate_tariff
273551,bge_hp_base_candidate_tariff_candidate_tariff
274158,bge_non-hp_base_candidate_tariff_candidate_tariff
359142,bge_hp_base_candidate_tariff_candidate_tariff
313700,bge_non-hp_base_candidate_tariff_candidate_tariff
322602,bge_non-hp_base_candidate_tariff_candidate_tariff
331166,bge_non-hp_base_candidate_tariff_candidate_tariff
339725,bge_hp_base_candidate_tariff_candidate_tariff
265372,bge_hp_base_candidate_tariff_candidate_tariff
255898,bge_non-hp_base_candidate_tariff_candidate_tariff
259885,bge_non-hp_base_candidate_tariff_candidate_tariff
263523,bge_non-hp_base_candidate_tariff_candidate_tariff
264013,bge_non-hp_base_candidate_tariff_candidate_tariff
270605,bge_non-hp_base_candidate_tariff_candidate_tariff
85934,bge_non-hp_base_candidate_tariff_candidate_tariff
90086,bge_non-hp_base_candidate_tariff_candidate_tariff
125969,bge_non-hp_base_candidate_tariff_candidate_tariff
295902,bge_non-hp_base_candidate_tariff_candidate_tariff
95897,bge_non-hp_base_candidate_tariff_candidate_tariff
397251,bge_hp_base_candidate_tariff_candidate_tariff
1476,bge_non-hp_base_candidate_tariff_candidate_tariff
39973,bge_non-hp_base_candidate_tariff_candidate_tariff
55108,bge_non-hp_base_candidate_tariff_candidate_tariff
70122,bge_non-hp_base_candidate_tariff_candidate_tariff
103582,bge_hp_base_candidate_tariff_candidate_tariff
312223,bge_non-hp_base_candidate_tariff_candidate_tariff
379774,bge_non-hp_base_candidate_tariff_candidate_tariff
65237,bge_hp_base_candidate_tariff_candidate_tariff
334075,bge_hp_base_candidate_tariff_candidate_tariff
383060,bge_non-hp_base_candidate_tariff_candidate_tariff
413908,bge_non-hp_base_candidate_tariff_candidate_tariff
541512,bge_non-hp_base_candidate_tariff_candidate_tariff
219928,bge_non-hp_base_candidate_tariff_candidate_tariff
467890,bge_non-hp_base_candidate_tariff_candidate_tariff
89034,bge_non-hp_base_candidate_tariff_candidate_tariff
200428,bge_non-hp_base_candidate_tariff_candidate_tariff
445929,bge_non-hp_base_candidate_tariff_candidate_tariff
166931,bge_hp_base_candidate_tariff_candidate_tariff
226945,bge_non-hp_base_candidate_tariff_candidate_tariff
24204,bge_non-hp_base_candidate_tariff_candidate_tariff
137984,bge_non-hp_base_candidate_tariff_candidate_tariff
451219,bge_non-hp_base_candidate_tariff_candidate_tariff
227734,bge_non-hp_base_candidate_tariff_candidate_tariff
8009,bge_hp_base_candidate_tariff_candidate_tariff
37685,bge_hp_base_candidate_tariff_candidate_tariff
46528,bge_non-hp_base_candidate_tariff_candidate_tariff
74924,bge_non-hp_base_candidate_tariff_candidate_tariff
86584,bge_non-hp_base_candidate_tariff_candidate_tariff
88458,bge_non-hp_base_candidate_tariff_candidate_tariff
111709,bge_non-hp_base_candidate_tariff_candidate_tariff
113690,bge_non-hp_base_candidate_tariff_candidate_tariff
115760,bge_non-hp_base_candidate_tariff_candidate_tariff
238777,bge_non-hp_base_candidate_tariff_candidate_tariff
167654,bge_non-hp_base_candidate_tariff_candidate_tariff
169472,bge_non-hp_base_candidate_tariff_candidate_tariff
270184,bge_hp_base_candidate_tariff_candidate_tariff
318661,bge_non-hp_base_candidate_tariff_candidate_tariff
415560,bge_non-hp_base_candidate_tariff_candidate_tariff
428178,bge_hp_base_candidate_tariff_candidate_tariff
455844,bge_non-hp_base_candidate_tariff_candidate_tariff
488923,bge_non-hp_base_candidate_tariff_candidate_tariff
507594,bge_non-hp_base_candidate_tariff_candidate_tariff
508728,bge_hp_base_candidate_tariff_candidate_tariff
511066,bge_non-hp_base_candidate_tariff_candidate_tariff
516031,bge_non-hp_base_candidate_tariff_candidate_tariff
517666,bge_hp_base_candidate_tariff_candidate_tariff
80814,bge_non-hp_base_candidate_tariff_candidate_tariff
127417,bge_non-hp_base_candidate_tariff_candidate_tariff
127698,bge_non-hp_base_candidate_tariff_candidate_tariff
131612,bge_non-hp_base_candidate_tariff_candidate_tariff
308627,bge_non-hp_base_candidate_tariff_candidate_tariff
495704,bge_hp_base_candidate_tariff_candidate_tariff
171536,bge_non-hp_base_candidate_tariff_candidate_tariff
180890,bge_non-hp_base_candidate_tariff_candidate_tariff
100224,bge_non-hp_base_candidate_tariff_candidate_tariff
3274,bge_hp_base_candidate_tariff_candidate_tariff
4172,bge_non-hp_base_candidate_tariff_candidate_tariff
108234,bge_non-hp_base_candidate_tariff_candidate_tariff
324196,bge_non-hp_base_candidate_tariff_candidate_tariff
365025,bge_non-hp_base_candidate_tariff_candidate_tariff
411344,bge_hp_base_candidate_tariff_candidate_tariff
439283,bge_non-hp_base_candidate_tariff_candidate_tariff
61696,bge_non-hp_base_candidate_tariff_candidate_tariff
156252,bge_hp_base_candidate_tariff_candidate_tariff
27077,bge_non-hp_base_candidate_tariff_candidate_tariff
475384,bge_non-hp_base_candidate_tariff_candidate_tariff
372005,bge_non-hp_base_candidate_tariff_candidate_tariff
414850,bge_non-hp_base_candidate_tariff_candidate_tariff
466608,bge_non-hp_base_candidate_tariff_candidate_tariff
159371,bge_non-hp_base_candidate_tariff_candidate_tariff
291692,bge_non-hp_base_candidate_tariff_candidate_tariff
349907,bge_hp_base_candidate_tariff_candidate_tariff
459320,bge_hp_base_candidate_tariff_candidate_tariff
16820,bge_non-hp_base_candidate_tariff_candidate_tariff
17102,bge_non-hp_base_candidate_tariff_candidate_tariff
281871,bge_non-hp_base_candidate_tariff_candidate_tariff
294990,bge_hp_base_candidate_tariff_candidate_tariff
324229,bge_non-hp_base_candidate_tariff_candidate_tariff
171930,bge_non-hp_base_candidate_tariff_candidate_tariff
326098,bge_non-hp_base_candidate_tariff_candidate_tariff
419436,bge_non-hp_base_candidate_tariff_candidate_tariff
421375,bge_non-hp_base_candidate_tariff_candidate_tariff
429095,bge_non-hp_base_candidate_tariff_candidate_tariff
436754,bge_hp_base_candidate_tariff_candidate_tariff
443168,bge_non-hp_base_candidate_tariff_candidate_tariff
449173,bge_non-hp_base_candidate_tariff_candidate_tariff
470292,bge_hp_base_candidate_tariff_candidate_tariff
108838,bge_non-hp_base_candidate_tariff_candidate_tariff
121210,bge_non-hp_base_candidate_tariff_candidate_tariff
155980,bge_non-hp_base_candidate_tariff_candidate_tariff
358435,bge_non-hp_base_candidate_tariff_candidate_tariff
204050,bge_hp_base_candidate_tariff_candidate_tariff
294349,bge_non-hp_base_candidate_tariff_candidate_tariff
193861,bge_non-hp_base_candidate_tariff_candidate_tariff
200501,bge_non-hp_base_candidate_tariff_candidate_tariff
286675,bge_non-hp_base_candidate_tariff_candidate_tariff
368736,bge_hp_base_candidate_tariff_candidate_tariff
407342,bge_non-hp_base_candidate_tariff_candidate_tariff
417487,bge_hp_base_candidate_tariff_candidate_tariff
418853,bge_non-hp_base_candidate_tariff_candidate_tariff
432194,bge_non-hp_base_candidate_tariff_candidate_tariff
454020,bge_non-hp_base_candidate_tariff_candidate_tariff
456263,bge_non-hp_base_candidate_tariff_candidate_tariff
459503,bge_non-hp_base_candidate_tariff_candidate_tariff
465161,bge_non-hp_base_candidate_tariff_candidate_tariff
472654,bge_hp_base_candidate_tariff_candidate_tariff
474712,bge_non-hp_base_candidate_tariff_candidate_tariff
482562,bge_non-hp_base_candidate_tariff_candidate_tariff
489044,bge_non-hp_base_candidate_tariff_candidate_tariff
498485,bge_non-hp_base_candidate_tariff_candidate_tariff
500139,bge_non-hp_base_candidate_tariff_candidate_tariff
511730,bge_non-hp_base_candidate_tariff_candidate_tariff
524701,bge_non-hp_base_candidate_tariff_candidate_tariff
530389,bge_non-hp_base_candidate_tariff_candidate_tariff
530545,bge_non-hp_base_candidate_tariff_candidate_tariff
532507,bge_non-hp_base_candidate_tariff_candidate_tariff
537829,bge_non-hp_base_candidate_tariff_candidate_tariff
541770,bge_non-hp_base_candidate_tariff_candidate_tariff
542519,bge_hp_base_candidate_tariff_candidate_tariff
1037,bge_non-hp_base_candidate_tariff_candidate_tariff
5498,bge_hp_base_candidate_tariff_candidate_tariff
7998,bge_hp_base_candidate_tariff_candidate_tariff
11587,bge_hp_base_candidate_tariff_candidate_tariff
19749,bge_non-hp_base_candidate_tariff_candidate_tariff
25747,bge_non-hp_base_candidate_tariff_candidate_tariff
30054,bge_non-hp_base_candidate_tariff_candidate_tariff
35624,bge_non-hp_base_candidate_tariff_candidate_tariff
36155,bge_hp_base_candidate_tariff_candidate_tariff
37829,bge_non-hp_base_candidate_tariff_candidate_tariff
41434,bge_non-hp_base_candidate_tariff_candidate_tariff
43291,bge_hp_base_candidate_tariff_candidate_tariff
45557,bge_hp_base_candidate_tariff_candidate_tariff
50651,bge_hp_base_candidate_tariff_candidate_tariff
59734,bge_non-hp_base_candidate_tariff_candidate_tariff
66122,bge_non-hp_base_candidate_tariff_candidate_tariff
74337,bge_non-hp_base_candidate_tariff_candidate_tariff
77393,bge_non-hp_base_candidate_tariff_candidate_tariff
79902,bge_non-hp_base_candidate_tariff_candidate_tariff
80053,bge_non-hp_base_candidate_tariff_candidate_tariff
84087,bge_non-hp_base_candidate_tariff_candidate_tariff
89177,bge_hp_base_candidate_tariff_candidate_tariff
92785,bge_non-hp_base_candidate_tariff_candidate_tariff
99261,bge_non-hp_base_candidate_tariff_candidate_tariff
104569,bge_non-hp_base_candidate_tariff_candidate_tariff
105293,bge_non-hp_base_candidate_tariff_candidate_tariff
106438,bge_non-hp_base_candidate_tariff_candidate_tariff
110550,bge_non-hp_base_candidate_tariff_candidate_tariff
118174,bge_hp_base_candidate_tariff_candidate_tariff
122785,bge_non-hp_base_candidate_tariff_candidate_tariff
127392,bge_non-hp_base_candidate_tariff_candidate_tariff
127637,bge_non-hp_base_candidate_tariff_candidate_tariff
130456,bge_non-hp_base_candidate_tariff_candidate_tariff
131762,bge_non-hp_base_candidate_tariff_candidate_tariff
132289,bge_non-hp_base_candidate_tariff_candidate_tariff
311811,bge_non-hp_base_candidate_tariff_candidate_tariff
261733,bge_non-hp_base_candidate_tariff_candidate_tariff
388022,bge_non-hp_base_candidate_tariff_candidate_tariff
165951,bge_non-hp_base_candidate_tariff_candidate_tariff
289213,bge_non-hp_base_candidate_tariff_candidate_tariff
160487,bge_hp_base_candidate_tariff_candidate_tariff
187844,bge_non-hp_base_candidate_tariff_candidate_tariff
211951,bge_non-hp_base_candidate_tariff_candidate_tariff
257991,bge_non-hp_base_candidate_tariff_candidate_tariff
312651,bge_hp_base_candidate_tariff_candidate_tariff
203670,bge_non-hp_base_candidate_tariff_candidate_tariff
147338,bge_hp_base_candidate_tariff_candidate_tariff
150448,bge_non-hp_base_candidate_tariff_candidate_tariff
320870,bge_non-hp_base_candidate_tariff_candidate_tariff
139612,bge_non-hp_base_candidate_tariff_candidate_tariff
205862,bge_non-hp_base_candidate_tariff_candidate_tariff
199717,bge_non-hp_base_candidate_tariff_candidate_tariff
326056,bge_hp_base_candidate_tariff_candidate_tariff
286587,bge_non-hp_base_candidate_tariff_candidate_tariff
255233,bge_non-hp_base_candidate_tariff_candidate_tariff
140349,bge_hp_base_candidate_tariff_candidate_tariff
144718,bge_non-hp_base_candidate_tariff_candidate_tariff
155969,bge_non-hp_base_candidate_tariff_candidate_tariff
156638,bge_non-hp_base_candidate_tariff_candidate_tariff
157236,bge_non-hp_base_candidate_tariff_candidate_tariff
177465,bge_non-hp_base_candidate_tariff_candidate_tariff
179224,bge_hp_base_candidate_tariff_candidate_tariff
207627,bge_hp_base_candidate_tariff_candidate_tariff
232358,bge_non-hp_base_candidate_tariff_candidate_tariff
253422,bge_hp_base_candidate_tariff_candidate_tariff
255857,bge_hp_base_candidate_tariff_candidate_tariff
317137,bge_non-hp_base_candidate_tariff_candidate_tariff
398256,bge_non-hp_base_candidate_tariff_candidate_tariff
400343,bge_non-hp_base_candidate_tariff_candidate_tariff
330560,bge_non-hp_base_candidate_tariff_candidate_tariff
402026,bge_non-hp_base_candidate_tariff_candidate_tariff
295722,bge_non-hp_base_candidate_tariff_candidate_tariff
326901,bge_non-hp_base_candidate_tariff_candidate_tariff
362905,bge_hp_base_candidate_tariff_candidate_tariff
347163,bge_non-hp_base_candidate_tariff_candidate_tariff
278721,bge_non-hp_base_candidate_tariff_candidate_tariff
294590,bge_non-hp_base_candidate_tariff_candidate_tariff
297221,bge_non-hp_base_candidate_tariff_candidate_tariff
301949,bge_non-hp_base_candidate_tariff_candidate_tariff
310236,bge_hp_base_candidate_tariff_candidate_tariff
317097,bge_non-hp_base_candidate_tariff_candidate_tariff
319699,bge_non-hp_base_candidate_tariff_candidate_tariff
334709,bge_non-hp_base_candidate_tariff_candidate_tariff
350622,bge_non-hp_base_candidate_tariff_candidate_tariff
376029,bge_non-hp_base_candidate_tariff_candidate_tariff
377476,bge_hp_base_candidate_tariff_candidate_tariff
379433,bge_hp_base_candidate_tariff_candidate_tariff
411078,bge_hp_base_candidate_tariff_candidate_tariff
299842,bge_non-hp_base_candidate_tariff_candidate_tariff
541008,bge_non-hp_base_candidate_tariff_candidate_tariff
112796,bge_non-hp_base_candidate_tariff_candidate_tariff
157637,bge_non-hp_base_candidate_tariff_candidate_tariff
432143,bge_hp_base_candidate_tariff_candidate_tariff
433228,bge_non-hp_base_candidate_tariff_candidate_tariff
446774,bge_non-hp_base_candidate_tariff_candidate_tariff
460132,bge_non-hp_base_candidate_tariff_candidate_tariff
461258,bge_hp_base_candidate_tariff_candidate_tariff
465050,bge_non-hp_base_candidate_tariff_candidate_tariff
480592,bge_hp_base_candidate_tariff_candidate_tariff
481878,bge_non-hp_base_candidate_tariff_candidate_tariff
483659,bge_hp_base_candidate_tariff_candidate_tariff
488829,bge_non-hp_base_candidate_tariff_candidate_tariff
492445,bge_non-hp_base_candidate_tariff_candidate_tariff
492652,bge_non-hp_base_candidate_tariff_candidate_tariff
495349,bge_non-hp_base_candidate_tariff_candidate_tariff
497077,bge_non-hp_base_candidate_tariff_candidate_tariff
501324,bge_non-hp_base_candidate_tariff_candidate_tariff
502454,bge_hp_base_candidate_tariff_candidate_tariff
504559,bge_non-hp_base_candidate_tariff_candidate_tariff
505670,bge_hp_base_candidate_tariff_candidate_tariff
518104,bge_non-hp_base_candidate_tariff_candidate_tariff
519312,bge_hp_base_candidate_tariff_candidate_tariff
525059,bge_hp_base_candidate_tariff_candidate_tariff
525259,bge_non-hp_base_candidate_tariff_candidate_tariff
534068,bge_non-hp_base_candidate_tariff_candidate_tariff
535971,bge_hp_base_candidate_tariff_candidate_tariff
542826,bge_non-hp_base_candidate_tariff_candidate_tariff
545572,bge_hp_base_candidate_tariff_candidate_tariff
546562,bge_non-hp_base_candidate_tariff_candidate_tariff
547939,bge_non-hp_base_candidate_tariff_candidate_tariff
549350,bge_non-hp_base_candidate_tariff_candidate_tariff
44143,bge_non-hp_base_candidate_tariff_candidate_tariff
53579,bge_hp_base_candidate_tariff_candidate_tariff
64449,bge_non-hp_base_candidate_tariff_candidate_tariff
89118,bge_hp_base_candidate_tariff_candidate_tariff
116813,bge_hp_base_candidate_tariff_candidate_tariff
462617,bge_hp_base_candidate_tariff_candidate_tariff
283956,bge_non-hp_base_candidate_tariff_candidate_tariff
302954,bge_hp_base_candidate_tariff_candidate_tariff
177070,bge_non-hp_base_candidate_tariff_candidate_tariff
242059,bge_non-hp_base_candidate_tariff_candidate_tariff
380344,bge_hp_base_candidate_tariff_candidate_tariff
460225,bge_non-hp_base_candidate_tariff_candidate_tariff
348559,bge_non-hp_base_candidate_tariff_candidate_tariff
315459,bge_non-hp_base_candidate_tariff_candidate_tariff
218636,bge_non-hp_base_candidate_tariff_candidate_tariff
445602,bge_hp_base_candidate_tariff_candidate_tariff
471569,bge_non-hp_base_candidate_tariff_candidate_tariff
383280,bge_non-hp_base_candidate_tariff_candidate_tariff
164983,bge_non-hp_base_candidate_tariff_candidate_tariff
214305,bge_hp_base_candidate_tariff_candidate_tariff
220790,bge_hp_base_candidate_tariff_candidate_tariff
329556,bge_non-hp_base_candidate_tariff_candidate_tariff
155574,bge_non-hp_base_candidate_tariff_candidate_tariff
152402,bge_non-hp_base_candidate_tariff_candidate_tariff
172366,bge_hp_base_candidate_tariff_candidate_tariff
184088,bge_non-hp_base_candidate_tariff_candidate_tariff
194154,bge_non-hp_base_candidate_tariff_candidate_tariff
206468,bge_non-hp_base_candidate_tariff_candidate_tariff
219621,bge_non-hp_base_candidate_tariff_candidate_tariff
250720,bge_non-hp_base_candidate_tariff_candidate_tariff
409606,bge_non-hp_base_candidate_tariff_candidate_tariff
304421,bge_non-hp_base_candidate_tariff_candidate_tariff
321565,bge_non-hp_base_candidate_tariff_candidate_tariff
411419,bge_hp_base_candidate_tariff_candidate_tariff
419795,bge_non-hp_base_candidate_tariff_candidate_tariff
189471,bge_non-hp_base_candidate_tariff_candidate_tariff
195013,bge_non-hp_base_candidate_tariff_candidate_tariff
204533,bge_non-hp_base_candidate_tariff_candidate_tariff
235573,bge_non-hp_base_candidate_tariff_candidate_tariff
266045,bge_non-hp_base_candidate_tariff_candidate_tariff
399659,bge_non-hp_base_candidate_tariff_candidate_tariff
298281,bge_non-hp_base_candidate_tariff_candidate_tariff
421643,bge_non-hp_base_candidate_tariff_candidate_tariff
39356,bge_non-hp_base_candidate_tariff_candidate_tariff
344754,bge_hp_base_candidate_tariff_candidate_tariff
452980,bge_non-hp_base_candidate_tariff_candidate_tariff
428527,bge_non-hp_base_candidate_tariff_candidate_tariff
278842,bge_non-hp_base_candidate_tariff_candidate_tariff
371291,bge_non-hp_base_candidate_tariff_candidate_tariff
675,bge_non-hp_base_candidate_tariff_candidate_tariff
26394,bge_non-hp_base_candidate_tariff_candidate_tariff
50031,bge_non-hp_base_candidate_tariff_candidate_tariff
57916,bge_hp_base_candidate_tariff_candidate_tariff
64584,bge_non-hp_base_candidate_tariff_candidate_tariff
90341,bge_non-hp_base_candidate_tariff_candidate_tariff
298431,bge_non-hp_base_candidate_tariff_candidate_tariff
339089,bge_non-hp_base_candidate_tariff_candidate_tariff
328232,bge_hp_base_candidate_tariff_candidate_tariff
368665,bge_hp_base_candidate_tariff_candidate_tariff
334349,bge_non-hp_base_candidate_tariff_candidate_tariff
313419,bge_non-hp_base_candidate_tariff_candidate_tariff
348850,bge_non-hp_base_candidate_tariff_candidate_tariff
358204,bge_non-hp_base_candidate_tariff_candidate_tariff
375038,bge_hp_base_candidate_tariff_candidate_tariff
377466,bge_non-hp_base_candidate_tariff_candidate_tariff
383513,bge_non-hp_base_candidate_tariff_candidate_tariff
400930,bge_non-hp_base_candidate_tariff_candidate_tariff
453978,bge_non-hp_base_candidate_tariff_candidate_tariff
235183,bge_non-hp_base_candidate_tariff_candidate_tariff
5216,bge_hp_base_candidate_tariff_candidate_tariff
181618,bge_non-hp_base_candidate_tariff_candidate_tariff
100076,bge_non-hp_base_candidate_tariff_candidate_tariff
439132,bge_non-hp_base_candidate_tariff_candidate_tariff
107591,bge_non-hp_base_candidate_tariff_candidate_tariff
269860,bge_non-hp_base_candidate_tariff_candidate_tariff
452352,bge_non-hp_base_candidate_tariff_candidate_tariff
102789,bge_non-hp_base_candidate_tariff_candidate_tariff
120729,bge_non-hp_base_candidate_tariff_candidate_tariff
275247,bge_non-hp_base_candidate_tariff_candidate_tariff
209819,bge_non-hp_base_candidate_tariff_candidate_tariff
147633,bge_non-hp_base_candidate_tariff_candidate_tariff
170886,bge_non-hp_base_candidate_tariff_candidate_tariff
200229,bge_non-hp_base_candidate_tariff_candidate_tariff
202725,bge_non-hp_base_candidate_tariff_candidate_tariff
245815,bge_non-hp_base_candidate_tariff_candidate_tariff
312601,bge_non-hp_base_candidate_tariff_candidate_tariff
183908,bge_non-hp_base_candidate_tariff_candidate_tariff
310200,bge_non-hp_base_candidate_tariff_candidate_tariff
438139,bge_hp_base_candidate_tariff_candidate_tariff
449053,bge_hp_base_candidate_tariff_candidate_tariff
502835,bge_non-hp_base_candidate_tariff_candidate_tariff
529216,bge_non-hp_base_candidate_tariff_candidate_tariff
540463,bge_non-hp_base_candidate_tariff_candidate_tariff
544731,bge_non-hp_base_candidate_tariff_candidate_tariff
61643,bge_hp_base_candidate_tariff_candidate_tariff
83649,bge_non-hp_base_candidate_tariff_candidate_tariff
329368,bge_non-hp_base_candidate_tariff_candidate_tariff
391891,bge_hp_base_candidate_tariff_candidate_tariff
461242,bge_non-hp_base_candidate_tariff_candidate_tariff
305831,bge_hp_base_candidate_tariff_candidate_tariff
228384,bge_non-hp_base_candidate_tariff_candidate_tariff
108593,bge_hp_base_candidate_tariff_candidate_tariff
405033,bge_non-hp_base_candidate_tariff_candidate_tariff
182551,bge_hp_base_candidate_tariff_candidate_tariff
183412,bge_non-hp_base_candidate_tariff_candidate_tariff
184778,bge_non-hp_base_candidate_tariff_candidate_tariff
434146,bge_non-hp_base_candidate_tariff_candidate_tariff
502516,bge_non-hp_base_candidate_tariff_candidate_tariff
504883,bge_non-hp_base_candidate_tariff_candidate_tariff
1653,bge_non-hp_base_candidate_tariff_candidate_tariff
292276,bge_non-hp_base_candidate_tariff_candidate_tariff
368631,bge_non-hp_base_candidate_tariff_candidate_tariff
376843,bge_non-hp_base_candidate_tariff_candidate_tariff
462009,bge_non-hp_base_candidate_tariff_candidate_tariff
20137,bge_hp_base_candidate_tariff_candidate_tariff
216563,bge_non-hp_base_candidate_tariff_candidate_tariff
247209,bge_hp_base_candidate_tariff_candidate_tariff
297140,bge_non-hp_base_candidate_tariff_candidate_tariff
320903,bge_non-hp_base_candidate_tariff_candidate_tariff
355266,bge_non-hp_base_candidate_tariff_candidate_tariff
429731,bge_non-hp_base_candidate_tariff_candidate_tariff
493542,bge_non-hp_base_candidate_tariff_candidate_tariff
530422,bge_non-hp_base_candidate_tariff_candidate_tariff
4390,bge_hp_base_candidate_tariff_candidate_tariff
11916,bge_hp_base_candidate_tariff_candidate_tariff
28450,bge_non-hp_base_candidate_tariff_candidate_tariff
35870,bge_non-hp_base_candidate_tariff_candidate_tariff
41521,bge_hp_base_candidate_tariff_candidate_tariff
44194,bge_non-hp_base_candidate_tariff_candidate_tariff
45911,bge_non-hp_base_candidate_tariff_candidate_tariff
72118,bge_non-hp_base_candidate_tariff_candidate_tariff
268710,bge_non-hp_base_candidate_tariff_candidate_tariff
362446,bge_non-hp_base_candidate_tariff_candidate_tariff
294220,bge_non-hp_base_candidate_tariff_candidate_tariff
277895,bge_non-hp_base_candidate_tariff_candidate_tariff
342339,bge_non-hp_base_candidate_tariff_candidate_tariff
306755,bge_non-hp_base_candidate_tariff_candidate_tariff
316896,bge_non-hp_base_candidate_tariff_candidate_tariff
327143,bge_hp_base_candidate_tariff_candidate_tariff
343355,bge_non-hp_base_candidate_tariff_candidate_tariff
354824,bge_non-hp_base_candidate_tariff_candidate_tariff
418250,bge_non-hp_base_candidate_tariff_candidate_tariff
423164,bge_non-hp_base_candidate_tariff_candidate_tariff
423473,bge_non-hp_base_candidate_tariff_candidate_tariff
435005,bge_non-hp_base_candidate_tariff_candidate_tariff
457855,bge_hp_base_candidate_tariff_candidate_tariff
458552,bge_hp_base_candidate_tariff_candidate_tariff
460048,bge_non-hp_base_candidate_tariff_candidate_tariff
468583,bge_hp_base_candidate_tariff_candidate_tariff
468820,bge_non-hp_base_candidate_tariff_candidate_tariff
471023,bge_hp_base_candidate_tariff_candidate_tariff
490700,bge_non-hp_base_candidate_tariff_candidate_tariff
498357,bge_non-hp_base_candidate_tariff_candidate_tariff
499104,bge_non-hp_base_candidate_tariff_candidate_tariff
501922,bge_non-hp_base_candidate_tariff_candidate_tariff
523371,bge_non-hp_base_candidate_tariff_candidate_tariff
524647,bge_non-hp_base_candidate_tariff_candidate_tariff
529242,bge_non-hp_base_candidate_tariff_candidate_tariff
530724,bge_non-hp_base_candidate_tariff_candidate_tariff
15112,bge_non-hp_base_candidate_tariff_candidate_tariff
18374,bge_non-hp_base_candidate_tariff_candidate_tariff
19110,bge_non-hp_base_candidate_tariff_candidate_tariff
21168,bge_non-hp_base_candidate_tariff_candidate_tariff
21489,bge_non-hp_base_candidate_tariff_candidate_tariff
23381,bge_non-hp_base_candidate_tariff_candidate_tariff
27423,bge_non-hp_base_candidate_tariff_candidate_tariff
27706,bge_non-hp_base_candidate_tariff_candidate_tariff
33856,bge_non-hp_base_candidate_tariff_candidate_tariff
38317,bge_non-hp_base_candidate_tariff_candidate_tariff
44838,bge_non-hp_base_candidate_tariff_candidate_tariff
46122,bge_non-hp_base_candidate_tariff_candidate_tariff
48111,bge_non-hp_base_candidate_tariff_candidate_tariff
50066,bge_non-hp_base_candidate_tariff_candidate_tariff
57615,bge_hp_base_candidate_tariff_candidate_tariff
58822,bge_hp_base_candidate_tariff_candidate_tariff
62719,bge_non-hp_base_candidate_tariff_candidate_tariff
66568,bge_non-hp_base_candidate_tariff_candidate_tariff
74665,bge_non-hp_base_candidate_tariff_candidate_tariff
86097,bge_hp_base_candidate_tariff_candidate_tariff
88806,bge_non-hp_base_candidate_tariff_candidate_tariff
89217,bge_hp_base_candidate_tariff_candidate_tariff
91050,bge_non-hp_base_candidate_tariff_candidate_tariff
93339,bge_hp_base_candidate_tariff_candidate_tariff
103470,bge_non-hp_base_candidate_tariff_candidate_tariff
106653,bge_non-hp_base_candidate_tariff_candidate_tariff
112033,bge_non-hp_base_candidate_tariff_candidate_tariff
116078,bge_hp_base_candidate_tariff_candidate_tariff
117886,bge_non-hp_base_candidate_tariff_candidate_tariff
118711,bge_non-hp_base_candidate_tariff_candidate_tariff
125447,bge_non-hp_base_candidate_tariff_candidate_tariff
130498,bge_non-hp_base_candidate_tariff_candidate_tariff
130726,bge_non-hp_base_candidate_tariff_candidate_tariff
131614,bge_hp_base_candidate_tariff_candidate_tariff
369655,bge_non-hp_base_candidate_tariff_candidate_tariff
152609,bge_hp_base_candidate_tariff_candidate_tariff
169463,bge_non-hp_base_candidate_tariff_candidate_tariff
215690,bge_hp_base_candidate_tariff_candidate_tariff
395712,bge_hp_base_candidate_tariff_candidate_tariff
235871,bge_non-hp_base_candidate_tariff_candidate_tariff
183833,bge_non-hp_base_candidate_tariff_candidate_tariff
356132,bge_non-hp_base_candidate_tariff_candidate_tariff
365529,bge_non-hp_base_candidate_tariff_candidate_tariff
136859,bge_hp_base_candidate_tariff_candidate_tariff
217567,bge_non-hp_base_candidate_tariff_candidate_tariff
279035,bge_non-hp_base_candidate_tariff_candidate_tariff
304822,bge_non-hp_base_candidate_tariff_candidate_tariff
289527,bge_non-hp_base_candidate_tariff_candidate_tariff
349040,bge_non-hp_base_candidate_tariff_candidate_tariff
362252,bge_non-hp_base_candidate_tariff_candidate_tariff
163437,bge_non-hp_base_candidate_tariff_candidate_tariff
140691,bge_non-hp_base_candidate_tariff_candidate_tariff
143364,bge_non-hp_base_candidate_tariff_candidate_tariff
153667,bge_non-hp_base_candidate_tariff_candidate_tariff
165496,bge_non-hp_base_candidate_tariff_candidate_tariff
179578,bge_non-hp_base_candidate_tariff_candidate_tariff
185465,bge_non-hp_base_candidate_tariff_candidate_tariff
191602,bge_non-hp_base_candidate_tariff_candidate_tariff
194059,bge_non-hp_base_candidate_tariff_candidate_tariff
196808,bge_non-hp_base_candidate_tariff_candidate_tariff
197046,bge_non-hp_base_candidate_tariff_candidate_tariff
206850,bge_hp_base_candidate_tariff_candidate_tariff
208273,bge_non-hp_base_candidate_tariff_candidate_tariff
209122,bge_non-hp_base_candidate_tariff_candidate_tariff
211270,bge_non-hp_base_candidate_tariff_candidate_tariff
214366,bge_hp_base_candidate_tariff_candidate_tariff
216691,bge_non-hp_base_candidate_tariff_candidate_tariff
217224,bge_non-hp_base_candidate_tariff_candidate_tariff
222820,bge_non-hp_base_candidate_tariff_candidate_tariff
228577,bge_non-hp_base_candidate_tariff_candidate_tariff
228961,bge_non-hp_base_candidate_tariff_candidate_tariff
231453,bge_hp_base_candidate_tariff_candidate_tariff
234532,bge_non-hp_base_candidate_tariff_candidate_tariff
236380,bge_non-hp_base_candidate_tariff_candidate_tariff
242534,bge_non-hp_base_candidate_tariff_candidate_tariff
243780,bge_non-hp_base_candidate_tariff_candidate_tariff
249203,bge_non-hp_base_candidate_tariff_candidate_tariff
250598,bge_hp_base_candidate_tariff_candidate_tariff
250855,bge_non-hp_base_candidate_tariff_candidate_tariff
251925,bge_hp_base_candidate_tariff_candidate_tariff
259763,bge_non-hp_base_candidate_tariff_candidate_tariff
269735,bge_non-hp_base_candidate_tariff_candidate_tariff
270486,bge_non-hp_base_candidate_tariff_candidate_tariff
277112,bge_non-hp_base_candidate_tariff_candidate_tariff
337726,bge_hp_base_candidate_tariff_candidate_tariff
360522,bge_non-hp_base_candidate_tariff_candidate_tariff
371002,bge_non-hp_base_candidate_tariff_candidate_tariff
409053,bge_non-hp_base_candidate_tariff_candidate_tariff
356777,bge_hp_base_candidate_tariff_candidate_tariff
393317,bge_hp_base_candidate_tariff_candidate_tariff
325597,bge_non-hp_base_candidate_tariff_candidate_tariff
345817,bge_hp_base_candidate_tariff_candidate_tariff
313527,bge_non-hp_base_candidate_tariff_candidate_tariff
297962,bge_non-hp_base_candidate_tariff_candidate_tariff
316373,bge_non-hp_base_candidate_tariff_candidate_tariff
327047,bge_non-hp_base_candidate_tariff_candidate_tariff
329067,bge_non-hp_base_candidate_tariff_candidate_tariff
329766,bge_non-hp_base_candidate_tariff_candidate_tariff
336412,bge_non-hp_base_candidate_tariff_candidate_tariff
337974,bge_non-hp_base_candidate_tariff_candidate_tariff
350701,bge_non-hp_base_candidate_tariff_candidate_tariff
357641,bge_non-hp_base_candidate_tariff_candidate_tariff
367538,bge_non-hp_base_candidate_tariff_candidate_tariff
367994,bge_non-hp_base_candidate_tariff_candidate_tariff
373327,bge_non-hp_base_candidate_tariff_candidate_tariff
380820,bge_non-hp_base_candidate_tariff_candidate_tariff
394268,bge_hp_base_candidate_tariff_candidate_tariff
400423,bge_hp_base_candidate_tariff_candidate_tariff
410486,bge_non-hp_base_candidate_tariff_candidate_tariff
413039,bge_hp_base_candidate_tariff_candidate_tariff
335396,bge_non-hp_base_candidate_tariff_candidate_tariff
508914,bge_non-hp_base_candidate_tariff_candidate_tariff
43785,bge_non-hp_base_candidate_tariff_candidate_tariff
352986,bge_non-hp_base_candidate_tariff_candidate_tariff
303436,bge_non-hp_base_candidate_tariff_candidate_tariff
167972,bge_non-hp_base_candidate_tariff_candidate_tariff
195929,bge_non-hp_base_candidate_tariff_candidate_tariff
437341,bge_non-hp_base_candidate_tariff_candidate_tariff
437874,bge_non-hp_base_candidate_tariff_candidate_tariff
443693,bge_non-hp_base_candidate_tariff_candidate_tariff
443834,bge_non-hp_base_candidate_tariff_candidate_tariff
449223,bge_non-hp_base_candidate_tariff_candidate_tariff
449694,bge_non-hp_base_candidate_tariff_candidate_tariff
454985,bge_non-hp_base_candidate_tariff_candidate_tariff
463136,bge_non-hp_base_candidate_tariff_candidate_tariff
465516,bge_non-hp_base_candidate_tariff_candidate_tariff
470771,bge_non-hp_base_candidate_tariff_candidate_tariff
477610,bge_non-hp_base_candidate_tariff_candidate_tariff
486426,bge_non-hp_base_candidate_tariff_candidate_tariff
487413,bge_hp_base_candidate_tariff_candidate_tariff
490959,bge_non-hp_base_candidate_tariff_candidate_tariff
492625,bge_non-hp_base_candidate_tariff_candidate_tariff
498623,bge_non-hp_base_candidate_tariff_candidate_tariff
510535,bge_non-hp_base_candidate_tariff_candidate_tariff
513067,bge_non-hp_base_candidate_tariff_candidate_tariff
515978,bge_non-hp_base_candidate_tariff_candidate_tariff
517802,bge_non-hp_base_candidate_tariff_candidate_tariff
517834,bge_non-hp_base_candidate_tariff_candidate_tariff
535142,bge_non-hp_base_candidate_tariff_candidate_tariff
536891,bge_non-hp_base_candidate_tariff_candidate_tariff
538784,bge_non-hp_base_candidate_tariff_candidate_tariff
541347,bge_non-hp_base_candidate_tariff_candidate_tariff
547529,bge_non-hp_base_candidate_tariff_candidate_tariff
547758,bge_non-hp_base_candidate_tariff_candidate_tariff
547786,bge_non-hp_base_candidate_tariff_candidate_tariff
17246,bge_non-hp_base_candidate_tariff_candidate_tariff
48329,bge_non-hp_base_candidate_tariff_candidate_tariff
90253,bge_non-hp_base_candidate_tariff_candidate_tariff
98688,bge_non-hp_base_candidate_tariff_candidate_tariff
106775,bge_non-hp_base_candidate_tariff_candidate_tariff
126601,bge_non-hp_base_candidate_tariff_candidate_tariff
127606,bge_non-hp_base_candidate_tariff_candidate_tariff
171422,bge_non-hp_base_candidate_tariff_candidate_tariff
327690,bge_non-hp_base_candidate_tariff_candidate_tariff
445631,bge_non-hp_base_candidate_tariff_candidate_tariff
466688,bge_non-hp_base_candidate_tariff_candidate_tariff
290375,bge_non-hp_base_candidate_tariff_candidate_tariff
185207,bge_hp_base_candidate_tariff_candidate_tariff
195171,bge_non-hp_base_candidate_tariff_candidate_tariff
350071,bge_hp_base_candidate_tariff_candidate_tariff
243737,bge_non-hp_base_candidate_tariff_candidate_tariff
358263,bge_hp_base_candidate_tariff_candidate_tariff
182534,bge_non-hp_base_candidate_tariff_candidate_tariff
382119,bge_non-hp_base_candidate_tariff_candidate_tariff
319193,bge_non-hp_base_candidate_tariff_candidate_tariff
484548,bge_non-hp_base_candidate_tariff_candidate_tariff
145808,bge_non-hp_base_candidate_tariff_candidate_tariff
315008,bge_non-hp_base_candidate_tariff_candidate_tariff
177687,bge_non-hp_base_candidate_tariff_candidate_tariff
185314,bge_non-hp_base_candidate_tariff_candidate_tariff
206928,bge_non-hp_base_candidate_tariff_candidate_tariff
259525,bge_non-hp_base_candidate_tariff_candidate_tariff
276740,bge_non-hp_base_candidate_tariff_candidate_tariff
278190,bge_non-hp_base_candidate_tariff_candidate_tariff
328393,bge_non-hp_base_candidate_tariff_candidate_tariff
329657,bge_non-hp_base_candidate_tariff_candidate_tariff
332072,bge_non-hp_base_candidate_tariff_candidate_tariff
361540,bge_non-hp_base_candidate_tariff_candidate_tariff
435984,bge_non-hp_base_candidate_tariff_candidate_tariff
244291,bge_non-hp_base_candidate_tariff_candidate_tariff
254669,bge_non-hp_base_candidate_tariff_candidate_tariff
255162,bge_non-hp_base_candidate_tariff_candidate_tariff
265064,bge_hp_base_candidate_tariff_candidate_tariff
265497,bge_non-hp_base_candidate_tariff_candidate_tariff
267565,bge_non-hp_base_candidate_tariff_candidate_tariff
273653,bge_non-hp_base_candidate_tariff_candidate_tariff
500220,bge_non-hp_base_candidate_tariff_candidate_tariff
545524,bge_non-hp_base_candidate_tariff_candidate_tariff
438300,bge_non-hp_base_candidate_tariff_candidate_tariff
280957,bge_non-hp_base_candidate_tariff_candidate_tariff
325595,bge_hp_base_candidate_tariff_candidate_tariff
34925,bge_non-hp_base_candidate_tariff_candidate_tariff
33966,bge_hp_base_candidate_tariff_candidate_tariff
288844,bge_hp_base_candidate_tariff_candidate_tariff
334287,bge_hp_base_candidate_tariff_candidate_tariff
419034,bge_non-hp_base_candidate_tariff_candidate_tariff
86347,bge_non-hp_base_candidate_tariff_candidate_tariff
478995,bge_non-hp_base_candidate_tariff_candidate_tariff
38614,bge_non-hp_base_candidate_tariff_candidate_tariff
97214,bge_non-hp_base_candidate_tariff_candidate_tariff
297761,bge_non-hp_base_candidate_tariff_candidate_tariff
370006,bge_non-hp_base_candidate_tariff_candidate_tariff
359827,bge_non-hp_base_candidate_tariff_candidate_tariff
294174,bge_non-hp_base_candidate_tariff_candidate_tariff
310852,bge_hp_base_candidate_tariff_candidate_tariff
319087,bge_non-hp_base_candidate_tariff_candidate_tariff
300535,bge_hp_base_candidate_tariff_candidate_tariff
416620,bge_non-hp_base_candidate_tariff_candidate_tariff
330164,bge_non-hp_base_candidate_tariff_candidate_tariff
395264,bge_non-hp_base_candidate_tariff_candidate_tariff
395334,bge_non-hp_base_candidate_tariff_candidate_tariff
397278,bge_non-hp_base_candidate_tariff_candidate_tariff
402593,bge_non-hp_base_candidate_tariff_candidate_tariff
405540,bge_non-hp_base_candidate_tariff_candidate_tariff
406199,bge_non-hp_base_candidate_tariff_candidate_tariff
407616,bge_non-hp_base_candidate_tariff_candidate_tariff
413649,bge_non-hp_base_candidate_tariff_candidate_tariff
158261,bge_non-hp_base_candidate_tariff_candidate_tariff
417207,bge_hp_base_candidate_tariff_candidate_tariff
75634,bge_non-hp_base_candidate_tariff_candidate_tariff
145281,bge_hp_base_candidate_tariff_candidate_tariff
170717,bge_non-hp_base_candidate_tariff_candidate_tariff
426992,bge_non-hp_base_candidate_tariff_candidate_tariff
492453,bge_hp_base_candidate_tariff_candidate_tariff
494907,bge_non-hp_base_candidate_tariff_candidate_tariff
531462,bge_non-hp_base_candidate_tariff_candidate_tariff
17361,bge_non-hp_base_candidate_tariff_candidate_tariff
27697,bge_non-hp_base_candidate_tariff_candidate_tariff
54738,bge_non-hp_base_candidate_tariff_candidate_tariff
54746,bge_hp_base_candidate_tariff_candidate_tariff
70986,bge_non-hp_base_candidate_tariff_candidate_tariff
95562,bge_non-hp_base_candidate_tariff_candidate_tariff
130399,bge_non-hp_base_candidate_tariff_candidate_tariff
168482,bge_hp_base_candidate_tariff_candidate_tariff
165788,bge_hp_base_candidate_tariff_candidate_tariff
273896,bge_non-hp_base_candidate_tariff_candidate_tariff
155210,bge_non-hp_base_candidate_tariff_candidate_tariff
171773,bge_hp_base_candidate_tariff_candidate_tariff
199927,bge_non-hp_base_candidate_tariff_candidate_tariff
244238,bge_non-hp_base_candidate_tariff_candidate_tariff
265779,bge_non-hp_base_candidate_tariff_candidate_tariff
500356,bge_non-hp_base_candidate_tariff_candidate_tariff
548838,bge_non-hp_base_candidate_tariff_candidate_tariff
326937,bge_non-hp_base_candidate_tariff_candidate_tariff
286924,bge_non-hp_base_candidate_tariff_candidate_tariff
431959,bge_non-hp_base_candidate_tariff_candidate_tariff
467681,bge_non-hp_base_candidate_tariff_candidate_tariff
471142,bge_non-hp_base_candidate_tariff_candidate_tariff
491411,bge_non-hp_base_candidate_tariff_candidate_tariff
491603,bge_non-hp_base_candidate_tariff_candidate_tariff
493392,bge_non-hp_base_candidate_tariff_candidate_tariff
494274,bge_non-hp_base_candidate_tariff_candidate_tariff
496672,bge_non-hp_base_candidate_tariff_candidate_tariff
506322,bge_non-hp_base_candidate_tariff_candidate_tariff
530414,bge_hp_base_candidate_tariff_candidate_tariff
129965,bge_non-hp_base_candidate_tariff_candidate_tariff
259901,bge_non-hp_base_candidate_tariff_candidate_tariff
399076,bge_non-hp_base_candidate_tariff_candidate_tariff
177316,bge_non-hp_base_candidate_tariff_candidate_tariff
501093,bge_non-hp_base_candidate_tariff_candidate_tariff
340840,bge_non-hp_base_candidate_tariff_candidate_tariff
398649,bge_non-hp_base_candidate_tariff_candidate_tariff
502876,bge_non-hp_base_candidate_tariff_candidate_tariff
288087,bge_hp_base_candidate_tariff_candidate_tariff
219374,bge_non-hp_base_candidate_tariff_candidate_tariff
268994,bge_hp_base_candidate_tariff_candidate_tariff
11652,bge_non-hp_base_candidate_tariff_candidate_tariff
34353,bge_non-hp_base_candidate_tariff_candidate_tariff
18092,bge_hp_base_candidate_tariff_candidate_tariff
169429,bge_non-hp_base_candidate_tariff_candidate_tariff
448859,bge_non-hp_base_candidate_tariff_candidate_tariff
5877,bge_hp_base_candidate_tariff_candidate_tariff
492569,bge_non-hp_base_candidate_tariff_candidate_tariff
23176,bge_non-hp_base_candidate_tariff_candidate_tariff
455414,bge_non-hp_base_candidate_tariff_candidate_tariff
510531,bge_hp_base_candidate_tariff_candidate_tariff
366066,bge_non-hp_base_candidate_tariff_candidate_tariff
71113,bge_non-hp_base_candidate_tariff_candidate_tariff
440636,bge_non-hp_base_candidate_tariff_candidate_tariff
511294,bge_non-hp_base_candidate_tariff_candidate_tariff
16642,bge_non-hp_base_candidate_tariff_candidate_tariff
52096,bge_hp_base_candidate_tariff_candidate_tariff
72127,bge_non-hp_base_candidate_tariff_candidate_tariff
230562,bge_non-hp_base_candidate_tariff_candidate_tariff
256256,bge_hp_base_candidate_tariff_candidate_tariff
298057,bge_hp_base_candidate_tariff_candidate_tariff
420221,bge_non-hp_base_candidate_tariff_candidate_tariff
477467,bge_non-hp_base_candidate_tariff_candidate_tariff
498165,bge_non-hp_base_candidate_tariff_candidate_tariff
518969,bge_non-hp_base_candidate_tariff_candidate_tariff
525335,bge_non-hp_base_candidate_tariff_candidate_tariff
13481,bge_non-hp_base_candidate_tariff_candidate_tariff
20242,bge_hp_base_candidate_tariff_candidate_tariff
31568,bge_non-hp_base_candidate_tariff_candidate_tariff
49462,bge_non-hp_base_candidate_tariff_candidate_tariff
54963,bge_non-hp_base_candidate_tariff_candidate_tariff
60745,bge_hp_base_candidate_tariff_candidate_tariff
81530,bge_non-hp_base_candidate_tariff_candidate_tariff
160946,bge_non-hp_base_candidate_tariff_candidate_tariff
303351,bge_non-hp_base_candidate_tariff_candidate_tariff
226443,bge_non-hp_base_candidate_tariff_candidate_tariff
197878,bge_non-hp_base_candidate_tariff_candidate_tariff
244110,bge_non-hp_base_candidate_tariff_candidate_tariff
211040,bge_non-hp_base_candidate_tariff_candidate_tariff
317290,bge_non-hp_base_candidate_tariff_candidate_tariff
384885,bge_non-hp_base_candidate_tariff_candidate_tariff
300253,bge_non-hp_base_candidate_tariff_candidate_tariff
313199,bge_non-hp_base_candidate_tariff_candidate_tariff
334552,bge_non-hp_base_candidate_tariff_candidate_tariff
415114,bge_non-hp_base_candidate_tariff_candidate_tariff
419471,bge_non-hp_base_candidate_tariff_candidate_tariff
443837,bge_non-hp_base_candidate_tariff_candidate_tariff
444309,bge_non-hp_base_candidate_tariff_candidate_tariff
449651,bge_hp_base_candidate_tariff_candidate_tariff
455948,bge_non-hp_base_candidate_tariff_candidate_tariff
456328,bge_hp_base_candidate_tariff_candidate_tariff
456736,bge_non-hp_base_candidate_tariff_candidate_tariff
456943,bge_hp_base_candidate_tariff_candidate_tariff
470577,bge_non-hp_base_candidate_tariff_candidate_tariff
471320,bge_non-hp_base_candidate_tariff_candidate_tariff
477021,bge_non-hp_base_candidate_tariff_candidate_tariff
479240,bge_hp_base_candidate_tariff_candidate_tariff
482125,bge_non-hp_base_candidate_tariff_candidate_tariff
492265,bge_non-hp_base_candidate_tariff_candidate_tariff
503917,bge_non-hp_base_candidate_tariff_candidate_tariff
504536,bge_non-hp_base_candidate_tariff_candidate_tariff
505092,bge_non-hp_base_candidate_tariff_candidate_tariff
505479,bge_non-hp_base_candidate_tariff_candidate_tariff
513859,bge_hp_base_candidate_tariff_candidate_tariff
514437,bge_non-hp_base_candidate_tariff_candidate_tariff
523204,bge_non-hp_base_candidate_tariff_candidate_tariff
527751,bge_non-hp_base_candidate_tariff_candidate_tariff
539598,bge_hp_base_candidate_tariff_candidate_tariff
545571,bge_non-hp_base_candidate_tariff_candidate_tariff
11424,bge_hp_base_candidate_tariff_candidate_tariff
16809,bge_non-hp_base_candidate_tariff_candidate_tariff
18426,bge_non-hp_base_candidate_tariff_candidate_tariff
20854,bge_non-hp_base_candidate_tariff_candidate_tariff
23868,bge_non-hp_base_candidate_tariff_candidate_tariff
36923,bge_non-hp_base_candidate_tariff_candidate_tariff
38254,bge_hp_base_candidate_tariff_candidate_tariff
58725,bge_hp_base_candidate_tariff_candidate_tariff
66521,bge_non-hp_base_candidate_tariff_candidate_tariff
68830,bge_non-hp_base_candidate_tariff_candidate_tariff
70467,bge_non-hp_base_candidate_tariff_candidate_tariff
80190,bge_non-hp_base_candidate_tariff_candidate_tariff
80326,bge_non-hp_base_candidate_tariff_candidate_tariff
81706,bge_non-hp_base_candidate_tariff_candidate_tariff
94646,bge_non-hp_base_candidate_tariff_candidate_tariff
96350,bge_hp_base_candidate_tariff_candidate_tariff
105380,bge_non-hp_base_candidate_tariff_candidate_tariff
111011,bge_non-hp_base_candidate_tariff_candidate_tariff
118368,bge_non-hp_base_candidate_tariff_candidate_tariff
386705,bge_hp_base_candidate_tariff_candidate_tariff
374458,bge_non-hp_base_candidate_tariff_candidate_tariff
324641,bge_hp_base_candidate_tariff_candidate_tariff
360786,bge_non-hp_base_candidate_tariff_candidate_tariff
331188,bge_non-hp_base_candidate_tariff_candidate_tariff
351354,bge_hp_base_candidate_tariff_candidate_tariff
194358,bge_non-hp_base_candidate_tariff_candidate_tariff
157248,bge_non-hp_base_candidate_tariff_candidate_tariff
228543,bge_non-hp_base_candidate_tariff_candidate_tariff
159574,bge_non-hp_base_candidate_tariff_candidate_tariff
319417,bge_hp_base_candidate_tariff_candidate_tariff
172625,bge_non-hp_base_candidate_tariff_candidate_tariff
198557,bge_non-hp_base_candidate_tariff_candidate_tariff
221903,bge_non-hp_base_candidate_tariff_candidate_tariff
299507,bge_non-hp_base_candidate_tariff_candidate_tariff
138264,bge_non-hp_base_candidate_tariff_candidate_tariff
147573,bge_non-hp_base_candidate_tariff_candidate_tariff
151682,bge_non-hp_base_candidate_tariff_candidate_tariff
166248,bge_hp_base_candidate_tariff_candidate_tariff
171421,bge_non-hp_base_candidate_tariff_candidate_tariff
171568,bge_non-hp_base_candidate_tariff_candidate_tariff
172622,bge_non-hp_base_candidate_tariff_candidate_tariff
172974,bge_non-hp_base_candidate_tariff_candidate_tariff
174731,bge_non-hp_base_candidate_tariff_candidate_tariff
179631,bge_non-hp_base_candidate_tariff_candidate_tariff
183157,bge_non-hp_base_candidate_tariff_candidate_tariff
184661,bge_non-hp_base_candidate_tariff_candidate_tariff
189490,bge_non-hp_base_candidate_tariff_candidate_tariff
190402,bge_non-hp_base_candidate_tariff_candidate_tariff
201923,bge_non-hp_base_candidate_tariff_candidate_tariff
202731,bge_hp_base_candidate_tariff_candidate_tariff
205109,bge_non-hp_base_candidate_tariff_candidate_tariff
213252,bge_non-hp_base_candidate_tariff_candidate_tariff
215986,bge_non-hp_base_candidate_tariff_candidate_tariff
222664,bge_non-hp_base_candidate_tariff_candidate_tariff
225211,bge_non-hp_base_candidate_tariff_candidate_tariff
225852,bge_hp_base_candidate_tariff_candidate_tariff
226557,bge_non-hp_base_candidate_tariff_candidate_tariff
239689,bge_non-hp_base_candidate_tariff_candidate_tariff
239723,bge_non-hp_base_candidate_tariff_candidate_tariff
240461,bge_non-hp_base_candidate_tariff_candidate_tariff
243286,bge_non-hp_base_candidate_tariff_candidate_tariff
244282,bge_non-hp_base_candidate_tariff_candidate_tariff
244768,bge_non-hp_base_candidate_tariff_candidate_tariff
244963,bge_hp_base_candidate_tariff_candidate_tariff
249162,bge_non-hp_base_candidate_tariff_candidate_tariff
262376,bge_non-hp_base_candidate_tariff_candidate_tariff
269523,bge_hp_base_candidate_tariff_candidate_tariff
273965,bge_hp_base_candidate_tariff_candidate_tariff
381889,bge_non-hp_base_candidate_tariff_candidate_tariff
365250,bge_non-hp_base_candidate_tariff_candidate_tariff
303738,bge_non-hp_base_candidate_tariff_candidate_tariff
324723,bge_non-hp_base_candidate_tariff_candidate_tariff
359646,bge_non-hp_base_candidate_tariff_candidate_tariff
350366,bge_non-hp_base_candidate_tariff_candidate_tariff
324212,bge_hp_base_candidate_tariff_candidate_tariff
323401,bge_non-hp_base_candidate_tariff_candidate_tariff
279667,bge_non-hp_base_candidate_tariff_candidate_tariff
293946,bge_non-hp_base_candidate_tariff_candidate_tariff
313723,bge_non-hp_base_candidate_tariff_candidate_tariff
319922,bge_hp_base_candidate_tariff_candidate_tariff
327729,bge_non-hp_base_candidate_tariff_candidate_tariff
336288,bge_non-hp_base_candidate_tariff_candidate_tariff
337481,bge_non-hp_base_candidate_tariff_candidate_tariff
344389,bge_non-hp_base_candidate_tariff_candidate_tariff
358584,bge_non-hp_base_candidate_tariff_candidate_tariff
360091,bge_non-hp_base_candidate_tariff_candidate_tariff
360291,bge_non-hp_base_candidate_tariff_candidate_tariff
371411,bge_non-hp_base_candidate_tariff_candidate_tariff
384287,bge_hp_base_candidate_tariff_candidate_tariff
407975,bge_non-hp_base_candidate_tariff_candidate_tariff
3100,bge_non-hp_base_candidate_tariff_candidate_tariff
242246,bge_non-hp_base_candidate_tariff_candidate_tariff
333818,bge_hp_base_candidate_tariff_candidate_tariff
209213,bge_non-hp_base_candidate_tariff_candidate_tariff
432590,bge_hp_base_candidate_tariff_candidate_tariff
445473,bge_hp_base_candidate_tariff_candidate_tariff
448949,bge_non-hp_base_candidate_tariff_candidate_tariff
451760,bge_non-hp_base_candidate_tariff_candidate_tariff
455372,bge_non-hp_base_candidate_tariff_candidate_tariff
458495,bge_non-hp_base_candidate_tariff_candidate_tariff
461450,bge_non-hp_base_candidate_tariff_candidate_tariff
469712,bge_non-hp_base_candidate_tariff_candidate_tariff
475435,bge_non-hp_base_candidate_tariff_candidate_tariff
475692,bge_non-hp_base_candidate_tariff_candidate_tariff
484838,bge_non-hp_base_candidate_tariff_candidate_tariff
488348,bge_non-hp_base_candidate_tariff_candidate_tariff
494882,bge_non-hp_base_candidate_tariff_candidate_tariff
500033,bge_hp_base_candidate_tariff_candidate_tariff
503165,bge_hp_base_candidate_tariff_candidate_tariff
504418,bge_non-hp_base_candidate_tariff_candidate_tariff
505205,bge_non-hp_base_candidate_tariff_candidate_tariff
507654,bge_non-hp_base_candidate_tariff_candidate_tariff
517147,bge_non-hp_base_candidate_tariff_candidate_tariff
517703,bge_non-hp_base_candidate_tariff_candidate_tariff
518110,bge_non-hp_base_candidate_tariff_candidate_tariff
523580,bge_non-hp_base_candidate_tariff_candidate_tariff
525866,bge_non-hp_base_candidate_tariff_candidate_tariff
526129,bge_non-hp_base_candidate_tariff_candidate_tariff
532243,bge_non-hp_base_candidate_tariff_candidate_tariff
538808,bge_non-hp_base_candidate_tariff_candidate_tariff
542112,bge_hp_base_candidate_tariff_candidate_tariff
542522,bge_hp_base_candidate_tariff_candidate_tariff
547535,bge_non-hp_base_candidate_tariff_candidate_tariff
37167,bge_non-hp_base_candidate_tariff_candidate_tariff
61716,bge_non-hp_base_candidate_tariff_candidate_tariff
67161,bge_non-hp_base_candidate_tariff_candidate_tariff
67607,bge_non-hp_base_candidate_tariff_candidate_tariff
83378,bge_hp_base_candidate_tariff_candidate_tariff
83434,bge_non-hp_base_candidate_tariff_candidate_tariff
90067,bge_hp_base_candidate_tariff_candidate_tariff
96910,bge_hp_base_candidate_tariff_candidate_tariff
117394,bge_non-hp_base_candidate_tariff_candidate_tariff
117589,bge_hp_base_candidate_tariff_candidate_tariff
458368,bge_non-hp_base_candidate_tariff_candidate_tariff
481384,bge_non-hp_base_candidate_tariff_candidate_tariff
272769,bge_hp_base_candidate_tariff_candidate_tariff
409703,bge_non-hp_base_candidate_tariff_candidate_tariff
490467,bge_hp_base_candidate_tariff_candidate_tariff
303729,bge_non-hp_base_candidate_tariff_candidate_tariff
298608,bge_non-hp_base_candidate_tariff_candidate_tariff
337233,bge_hp_base_candidate_tariff_candidate_tariff
425319,bge_non-hp_base_candidate_tariff_candidate_tariff
458726,bge_non-hp_base_candidate_tariff_candidate_tariff
405215,bge_non-hp_base_candidate_tariff_candidate_tariff
260635,bge_non-hp_base_candidate_tariff_candidate_tariff
325987,bge_hp_base_candidate_tariff_candidate_tariff
275596,bge_non-hp_base_candidate_tariff_candidate_tariff
149335,bge_hp_base_candidate_tariff_candidate_tariff
163278,bge_non-hp_base_candidate_tariff_candidate_tariff
275035,bge_non-hp_base_candidate_tariff_candidate_tariff
391545,bge_non-hp_base_candidate_tariff_candidate_tariff
357400,bge_hp_base_candidate_tariff_candidate_tariff
301584,bge_non-hp_base_candidate_tariff_candidate_tariff
324939,bge_non-hp_base_candidate_tariff_candidate_tariff
162916,bge_non-hp_base_candidate_tariff_candidate_tariff
420711,bge_non-hp_base_candidate_tariff_candidate_tariff
220719,bge_non-hp_base_candidate_tariff_candidate_tariff
243390,bge_non-hp_base_candidate_tariff_candidate_tariff
251961,bge_hp_base_candidate_tariff_candidate_tariff
263034,bge_hp_base_candidate_tariff_candidate_tariff
264262,bge_non-hp_base_candidate_tariff_candidate_tariff
276988,bge_non-hp_base_candidate_tariff_candidate_tariff
540858,bge_hp_base_candidate_tariff_candidate_tariff
404607,bge_non-hp_base_candidate_tariff_candidate_tariff
31101,bge_non-hp_base_candidate_tariff_candidate_tariff
408972,bge_non-hp_base_candidate_tariff_candidate_tariff
388226,bge_non-hp_base_candidate_tariff_candidate_tariff
87934,bge_non-hp_base_candidate_tariff_candidate_tariff
90980,bge_non-hp_base_candidate_tariff_candidate_tariff
279701,bge_non-hp_base_candidate_tariff_candidate_tariff
432047,bge_non-hp_base_candidate_tariff_candidate_tariff
32511,bge_non-hp_base_candidate_tariff_candidate_tariff
88382,bge_hp_base_candidate_tariff_candidate_tariff
387047,bge_non-hp_base_candidate_tariff_candidate_tariff
13886,bge_non-hp_base_candidate_tariff_candidate_tariff
25688,bge_non-hp_base_candidate_tariff_candidate_tariff
27886,bge_hp_base_candidate_tariff_candidate_tariff
77488,bge_non-hp_base_candidate_tariff_candidate_tariff
290492,bge_non-hp_base_candidate_tariff_candidate_tariff
401413,bge_non-hp_base_candidate_tariff_candidate_tariff
343060,bge_non-hp_base_candidate_tariff_candidate_tariff
341009,bge_non-hp_base_candidate_tariff_candidate_tariff
353134,bge_non-hp_base_candidate_tariff_candidate_tariff
375039,bge_hp_base_candidate_tariff_candidate_tariff
374862,bge_non-hp_base_candidate_tariff_candidate_tariff
378485,bge_hp_base_candidate_tariff_candidate_tariff
412665,bge_non-hp_base_candidate_tariff_candidate_tariff
463786,bge_hp_base_candidate_tariff_candidate_tariff
119625,bge_non-hp_base_candidate_tariff_candidate_tariff
135045,bge_hp_base_candidate_tariff_candidate_tariff
434024,bge_non-hp_base_candidate_tariff_candidate_tariff
52305,bge_hp_base_candidate_tariff_candidate_tariff
61305,bge_hp_base_candidate_tariff_candidate_tariff
110671,bge_non-hp_base_candidate_tariff_candidate_tariff
76290,bge_non-hp_base_candidate_tariff_candidate_tariff
49837,bge_hp_base_candidate_tariff_candidate_tariff
207091,bge_non-hp_base_candidate_tariff_candidate_tariff
41212,bge_non-hp_base_candidate_tariff_candidate_tariff
468159,bge_non-hp_base_candidate_tariff_candidate_tariff
26958,bge_hp_base_candidate_tariff_candidate_tariff
34795,bge_non-hp_base_candidate_tariff_candidate_tariff
40146,bge_non-hp_base_candidate_tariff_candidate_tariff
41967,bge_non-hp_base_candidate_tariff_candidate_tariff
45803,bge_non-hp_base_candidate_tariff_candidate_tariff
219339,bge_non-hp_base_candidate_tariff_candidate_tariff
271810,bge_non-hp_base_candidate_tariff_candidate_tariff
201693,bge_non-hp_base_candidate_tariff_candidate_tariff
168949,bge_hp_base_candidate_tariff_candidate_tariff
230367,bge_non-hp_base_candidate_tariff_candidate_tariff
238072,bge_non-hp_base_candidate_tariff_candidate_tariff
36618,bge_hp_base_candidate_tariff_candidate_tariff
409277,bge_hp_base_candidate_tariff_candidate_tariff
285929,bge_non-hp_base_candidate_tariff_candidate_tariff
305753,bge_non-hp_base_candidate_tariff_candidate_tariff
471261,bge_hp_base_candidate_tariff_candidate_tariff
483998,bge_non-hp_base_candidate_tariff_candidate_tariff
509512,bge_non-hp_base_candidate_tariff_candidate_tariff
513566,bge_non-hp_base_candidate_tariff_candidate_tariff
514132,bge_non-hp_base_candidate_tariff_candidate_tariff
523036,bge_non-hp_base_candidate_tariff_candidate_tariff
528560,bge_non-hp_base_candidate_tariff_candidate_tariff
539887,bge_hp_base_candidate_tariff_candidate_tariff
544099,bge_non-hp_base_candidate_tariff_candidate_tariff
101816,bge_non-hp_base_candidate_tariff_candidate_tariff
179549,bge_hp_base_candidate_tariff_candidate_tariff
366031,bge_hp_base_candidate_tariff_candidate_tariff
232062,bge_non-hp_base_candidate_tariff_candidate_tariff
452365,bge_non-hp_base_candidate_tariff_candidate_tariff
457162,bge_non-hp_base_candidate_tariff_candidate_tariff
493547,bge_non-hp_base_candidate_tariff_candidate_tariff
80577,bge_non-hp_base_candidate_tariff_candidate_tariff
281868,bge_non-hp_base_candidate_tariff_candidate_tariff
385745,bge_non-hp_base_candidate_tariff_candidate_tariff
214081,bge_hp_base_candidate_tariff_candidate_tariff
30204,bge_non-hp_base_candidate_tariff_candidate_tariff
222365,bge_hp_base_candidate_tariff_candidate_tariff
510992,bge_non-hp_base_candidate_tariff_candidate_tariff
418678,bge_non-hp_base_candidate_tariff_candidate_tariff
504446,bge_non-hp_base_candidate_tariff_candidate_tariff
323293,bge_non-hp_base_candidate_tariff_candidate_tariff
474463,bge_non-hp_base_candidate_tariff_candidate_tariff
358989,bge_non-hp_base_candidate_tariff_candidate_tariff
374398,bge_non-hp_base_candidate_tariff_candidate_tariff
15235,bge_non-hp_base_candidate_tariff_candidate_tariff
90323,bge_non-hp_base_candidate_tariff_candidate_tariff
480059,bge_non-hp_base_candidate_tariff_candidate_tariff
64494,bge_hp_base_candidate_tariff_candidate_tariff
144545,bge_non-hp_base_candidate_tariff_candidate_tariff
476008,bge_non-hp_base_candidate_tariff_candidate_tariff
55383,bge_non-hp_base_candidate_tariff_candidate_tariff
286926,bge_hp_base_candidate_tariff_candidate_tariff
319801,bge_non-hp_base_candidate_tariff_candidate_tariff
485968,bge_hp_base_candidate_tariff_candidate_tariff
522157,bge_non-hp_base_candidate_tariff_candidate_tariff
28350,bge_hp_base_candidate_tariff_candidate_tariff
32591,bge_non-hp_base_candidate_tariff_candidate_tariff
75187,bge_non-hp_base_candidate_tariff_candidate_tariff
88105,bge_non-hp_base_candidate_tariff_candidate_tariff
100268,bge_non-hp_base_candidate_tariff_candidate_tariff
309024,bge_non-hp_base_candidate_tariff_candidate_tariff
230314,bge_non-hp_base_candidate_tariff_candidate_tariff
193112,bge_non-hp_base_candidate_tariff_candidate_tariff
232659,bge_non-hp_base_candidate_tariff_candidate_tariff
240335,bge_non-hp_base_candidate_tariff_candidate_tariff
243237,bge_non-hp_base_candidate_tariff_candidate_tariff
272886,bge_non-hp_base_candidate_tariff_candidate_tariff
393381,bge_non-hp_base_candidate_tariff_candidate_tariff
278009,bge_non-hp_base_candidate_tariff_candidate_tariff
364442,bge_non-hp_base_candidate_tariff_candidate_tariff
288737,bge_hp_base_candidate_tariff_candidate_tariff
305948,bge_non-hp_base_candidate_tariff_candidate_tariff
308107,bge_non-hp_base_candidate_tariff_candidate_tariff
313345,bge_non-hp_base_candidate_tariff_candidate_tariff
382318,bge_hp_base_candidate_tariff_candidate_tariff
386110,bge_non-hp_base_candidate_tariff_candidate_tariff
415835,bge_non-hp_base_candidate_tariff_candidate_tariff
418211,bge_non-hp_base_candidate_tariff_candidate_tariff
419718,bge_non-hp_base_candidate_tariff_candidate_tariff
421031,bge_non-hp_base_candidate_tariff_candidate_tariff
429046,bge_non-hp_base_candidate_tariff_candidate_tariff
435494,bge_non-hp_base_candidate_tariff_candidate_tariff
440795,bge_hp_base_candidate_tariff_candidate_tariff
448637,bge_hp_base_candidate_tariff_candidate_tariff
448860,bge_non-hp_base_candidate_tariff_candidate_tariff
449309,bge_non-hp_base_candidate_tariff_candidate_tariff
463105,bge_non-hp_base_candidate_tariff_candidate_tariff
463769,bge_non-hp_base_candidate_tariff_candidate_tariff
468661,bge_non-hp_base_candidate_tariff_candidate_tariff
475124,bge_hp_base_candidate_tariff_candidate_tariff
475538,bge_non-hp_base_candidate_tariff_candidate_tariff
475670,bge_hp_base_candidate_tariff_candidate_tariff
488893,bge_hp_base_candidate_tariff_candidate_tariff
506365,bge_hp_base_candidate_tariff_candidate_tariff
14828,bge_non-hp_base_candidate_tariff_candidate_tariff
3222,bge_non-hp_base_candidate_tariff_candidate_tariff
7710,bge_non-hp_base_candidate_tariff_candidate_tariff
8361,bge_non-hp_base_candidate_tariff_candidate_tariff
10764,bge_non-hp_base_candidate_tariff_candidate_tariff
13382,bge_non-hp_base_candidate_tariff_candidate_tariff
14322,bge_non-hp_base_candidate_tariff_candidate_tariff
16650,bge_hp_base_candidate_tariff_candidate_tariff
27282,bge_non-hp_base_candidate_tariff_candidate_tariff
33208,bge_non-hp_base_candidate_tariff_candidate_tariff
37055,bge_non-hp_base_candidate_tariff_candidate_tariff
37775,bge_non-hp_base_candidate_tariff_candidate_tariff
41191,bge_non-hp_base_candidate_tariff_candidate_tariff
43708,bge_non-hp_base_candidate_tariff_candidate_tariff
45700,bge_non-hp_base_candidate_tariff_candidate_tariff
47492,bge_non-hp_base_candidate_tariff_candidate_tariff
49066,bge_hp_base_candidate_tariff_candidate_tariff
51134,bge_hp_base_candidate_tariff_candidate_tariff
52004,bge_non-hp_base_candidate_tariff_candidate_tariff
56040,bge_non-hp_base_candidate_tariff_candidate_tariff
60981,bge_non-hp_base_candidate_tariff_candidate_tariff
62192,bge_hp_base_candidate_tariff_candidate_tariff
64813,bge_non-hp_base_candidate_tariff_candidate_tariff
69224,bge_non-hp_base_candidate_tariff_candidate_tariff
69798,bge_hp_base_candidate_tariff_candidate_tariff
72362,bge_non-hp_base_candidate_tariff_candidate_tariff
74960,bge_hp_base_candidate_tariff_candidate_tariff
82473,bge_hp_base_candidate_tariff_candidate_tariff
82668,bge_hp_base_candidate_tariff_candidate_tariff
82838,bge_non-hp_base_candidate_tariff_candidate_tariff
90345,bge_non-hp_base_candidate_tariff_candidate_tariff
93087,bge_non-hp_base_candidate_tariff_candidate_tariff
96143,bge_hp_base_candidate_tariff_candidate_tariff
100620,bge_hp_base_candidate_tariff_candidate_tariff
103366,bge_non-hp_base_candidate_tariff_candidate_tariff
105631,bge_non-hp_base_candidate_tariff_candidate_tariff
107240,bge_non-hp_base_candidate_tariff_candidate_tariff
108994,bge_hp_base_candidate_tariff_candidate_tariff
110051,bge_non-hp_base_candidate_tariff_candidate_tariff
115161,bge_hp_base_candidate_tariff_candidate_tariff
118731,bge_non-hp_base_candidate_tariff_candidate_tariff
119983,bge_non-hp_base_candidate_tariff_candidate_tariff
126665,bge_non-hp_base_candidate_tariff_candidate_tariff
131353,bge_non-hp_base_candidate_tariff_candidate_tariff
333499,bge_non-hp_base_candidate_tariff_candidate_tariff
186612,bge_non-hp_base_candidate_tariff_candidate_tariff
266556,bge_non-hp_base_candidate_tariff_candidate_tariff
349252,bge_hp_base_candidate_tariff_candidate_tariff
231415,bge_non-hp_base_candidate_tariff_candidate_tariff
332842,bge_non-hp_base_candidate_tariff_candidate_tariff
350547,bge_non-hp_base_candidate_tariff_candidate_tariff
372428,bge_non-hp_base_candidate_tariff_candidate_tariff
305725,bge_non-hp_base_candidate_tariff_candidate_tariff
263210,bge_hp_base_candidate_tariff_candidate_tariff
192152,bge_hp_base_candidate_tariff_candidate_tariff
370771,bge_non-hp_base_candidate_tariff_candidate_tariff
308643,bge_non-hp_base_candidate_tariff_candidate_tariff
410112,bge_non-hp_base_candidate_tariff_candidate_tariff
409963,bge_non-hp_base_candidate_tariff_candidate_tariff
142603,bge_non-hp_base_candidate_tariff_candidate_tariff
145552,bge_non-hp_base_candidate_tariff_candidate_tariff
152284,bge_hp_base_candidate_tariff_candidate_tariff
156108,bge_non-hp_base_candidate_tariff_candidate_tariff
156545,bge_non-hp_base_candidate_tariff_candidate_tariff
158470,bge_non-hp_base_candidate_tariff_candidate_tariff
158650,bge_non-hp_base_candidate_tariff_candidate_tariff
166153,bge_hp_base_candidate_tariff_candidate_tariff
167165,bge_non-hp_base_candidate_tariff_candidate_tariff
169458,bge_non-hp_base_candidate_tariff_candidate_tariff
175379,bge_non-hp_base_candidate_tariff_candidate_tariff
179292,bge_non-hp_base_candidate_tariff_candidate_tariff
183714,bge_non-hp_base_candidate_tariff_candidate_tariff
194664,bge_non-hp_base_candidate_tariff_candidate_tariff
196804,bge_non-hp_base_candidate_tariff_candidate_tariff
198135,bge_non-hp_base_candidate_tariff_candidate_tariff
200886,bge_non-hp_base_candidate_tariff_candidate_tariff
206647,bge_hp_base_candidate_tariff_candidate_tariff
214729,bge_non-hp_base_candidate_tariff_candidate_tariff
222460,bge_hp_base_candidate_tariff_candidate_tariff
234301,bge_non-hp_base_candidate_tariff_candidate_tariff
235773,bge_non-hp_base_candidate_tariff_candidate_tariff
241540,bge_non-hp_base_candidate_tariff_candidate_tariff
243725,bge_non-hp_base_candidate_tariff_candidate_tariff
256970,bge_non-hp_base_candidate_tariff_candidate_tariff
264270,bge_non-hp_base_candidate_tariff_candidate_tariff
266345,bge_non-hp_base_candidate_tariff_candidate_tariff
294550,bge_non-hp_base_candidate_tariff_candidate_tariff
318904,bge_non-hp_base_candidate_tariff_candidate_tariff
403009,bge_non-hp_base_candidate_tariff_candidate_tariff
281216,bge_hp_base_candidate_tariff_candidate_tariff
395878,bge_hp_base_candidate_tariff_candidate_tariff
316266,bge_non-hp_base_candidate_tariff_candidate_tariff
283456,bge_non-hp_base_candidate_tariff_candidate_tariff
284261,bge_non-hp_base_candidate_tariff_candidate_tariff
287560,bge_non-hp_base_candidate_tariff_candidate_tariff
294281,bge_non-hp_base_candidate_tariff_candidate_tariff
294450,bge_non-hp_base_candidate_tariff_candidate_tariff
301079,bge_hp_base_candidate_tariff_candidate_tariff
303682,bge_non-hp_base_candidate_tariff_candidate_tariff
307290,bge_non-hp_base_candidate_tariff_candidate_tariff
310642,bge_non-hp_base_candidate_tariff_candidate_tariff
318491,bge_hp_base_candidate_tariff_candidate_tariff
324671,bge_non-hp_base_candidate_tariff_candidate_tariff
350901,bge_hp_base_candidate_tariff_candidate_tariff
364232,bge_non-hp_base_candidate_tariff_candidate_tariff
365286,bge_non-hp_base_candidate_tariff_candidate_tariff
366511,bge_non-hp_base_candidate_tariff_candidate_tariff
376067,bge_non-hp_base_candidate_tariff_candidate_tariff
379604,bge_non-hp_base_candidate_tariff_candidate_tariff
386933,bge_non-hp_base_candidate_tariff_candidate_tariff
401479,bge_non-hp_base_candidate_tariff_candidate_tariff
401735,bge_non-hp_base_candidate_tariff_candidate_tariff
413691,bge_hp_base_candidate_tariff_candidate_tariff
79641,bge_non-hp_base_candidate_tariff_candidate_tariff
251055,bge_hp_base_candidate_tariff_candidate_tariff
211327,bge_non-hp_base_candidate_tariff_candidate_tariff
411653,bge_non-hp_base_candidate_tariff_candidate_tariff
401632,bge_non-hp_base_candidate_tariff_candidate_tariff
88131,bge_non-hp_base_candidate_tariff_candidate_tariff
104998,bge_non-hp_base_candidate_tariff_candidate_tariff
164081,bge_hp_base_candidate_tariff_candidate_tariff
251059,bge_non-hp_base_candidate_tariff_candidate_tariff
297639,bge_non-hp_base_candidate_tariff_candidate_tariff
378233,bge_non-hp_base_candidate_tariff_candidate_tariff
415251,bge_hp_base_candidate_tariff_candidate_tariff
421181,bge_non-hp_base_candidate_tariff_candidate_tariff
450817,bge_non-hp_base_candidate_tariff_candidate_tariff
458830,bge_non-hp_base_candidate_tariff_candidate_tariff
466090,bge_non-hp_base_candidate_tariff_candidate_tariff
467158,bge_hp_base_candidate_tariff_candidate_tariff
470159,bge_non-hp_base_candidate_tariff_candidate_tariff
478665,bge_non-hp_base_candidate_tariff_candidate_tariff
494388,bge_non-hp_base_candidate_tariff_candidate_tariff
499136,bge_non-hp_base_candidate_tariff_candidate_tariff
515541,bge_hp_base_candidate_tariff_candidate_tariff
516064,bge_non-hp_base_candidate_tariff_candidate_tariff
527915,bge_non-hp_base_candidate_tariff_candidate_tariff
535897,bge_non-hp_base_candidate_tariff_candidate_tariff
537817,bge_non-hp_base_candidate_tariff_candidate_tariff
538798,bge_non-hp_base_candidate_tariff_candidate_tariff
542190,bge_non-hp_base_candidate_tariff_candidate_tariff
80706,bge_hp_base_candidate_tariff_candidate_tariff
104049,bge_non-hp_base_candidate_tariff_candidate_tariff
119190,bge_hp_base_candidate_tariff_candidate_tariff
121469,bge_non-hp_base_candidate_tariff_candidate_tariff
122520,bge_non-hp_base_candidate_tariff_candidate_tariff
123337,bge_non-hp_base_candidate_tariff_candidate_tariff
124274,bge_hp_base_candidate_tariff_candidate_tariff
129848,bge_non-hp_base_candidate_tariff_candidate_tariff
428959,bge_hp_base_candidate_tariff_candidate_tariff
354617,bge_non-hp_base_candidate_tariff_candidate_tariff
368789,bge_non-hp_base_candidate_tariff_candidate_tariff
372763,bge_non-hp_base_candidate_tariff_candidate_tariff
216117,bge_non-hp_base_candidate_tariff_candidate_tariff
260724,bge_non-hp_base_candidate_tariff_candidate_tariff
313140,bge_non-hp_base_candidate_tariff_candidate_tariff
241099,bge_non-hp_base_candidate_tariff_candidate_tariff
446678,bge_non-hp_base_candidate_tariff_candidate_tariff
338055,bge_non-hp_base_candidate_tariff_candidate_tariff
275894,bge_non-hp_base_candidate_tariff_candidate_tariff
498562,bge_non-hp_base_candidate_tariff_candidate_tariff
268787,bge_non-hp_base_candidate_tariff_candidate_tariff
253520,bge_non-hp_base_candidate_tariff_candidate_tariff
185784,bge_non-hp_base_candidate_tariff_candidate_tariff
195328,bge_non-hp_base_candidate_tariff_candidate_tariff
215859,bge_non-hp_base_candidate_tariff_candidate_tariff
397907,bge_non-hp_base_candidate_tariff_candidate_tariff
280619,bge_hp_base_candidate_tariff_candidate_tariff
396095,bge_non-hp_base_candidate_tariff_candidate_tariff
204269,bge_non-hp_base_candidate_tariff_candidate_tariff
222730,bge_non-hp_base_candidate_tariff_candidate_tariff
237343,bge_non-hp_base_candidate_tariff_candidate_tariff
253471,bge_non-hp_base_candidate_tariff_candidate_tariff
260650,bge_non-hp_base_candidate_tariff_candidate_tariff
273525,bge_non-hp_base_candidate_tariff_candidate_tariff
409225,bge_non-hp_base_candidate_tariff_candidate_tariff
363082,bge_non-hp_base_candidate_tariff_candidate_tariff
36149,bge_non-hp_base_candidate_tariff_candidate_tariff
340335,bge_hp_base_candidate_tariff_candidate_tariff
1108,bge_non-hp_base_candidate_tariff_candidate_tariff
138461,bge_hp_base_candidate_tariff_candidate_tariff
436763,bge_non-hp_base_candidate_tariff_candidate_tariff
9521,bge_non-hp_base_candidate_tariff_candidate_tariff
42854,bge_non-hp_base_candidate_tariff_candidate_tariff
95421,bge_non-hp_base_candidate_tariff_candidate_tariff
378166,bge_non-hp_base_candidate_tariff_candidate_tariff
352490,bge_non-hp_base_candidate_tariff_candidate_tariff
319489,bge_non-hp_base_candidate_tariff_candidate_tariff
351622,bge_non-hp_base_candidate_tariff_candidate_tariff
310780,bge_non-hp_base_candidate_tariff_candidate_tariff
342065,bge_non-hp_base_candidate_tariff_candidate_tariff
372738,bge_non-hp_base_candidate_tariff_candidate_tariff
385320,bge_non-hp_base_candidate_tariff_candidate_tariff
387668,bge_hp_base_candidate_tariff_candidate_tariff
390801,bge_non-hp_base_candidate_tariff_candidate_tariff
412226,bge_non-hp_base_candidate_tariff_candidate_tariff
507358,bge_non-hp_base_candidate_tariff_candidate_tariff
97706,bge_non-hp_base_candidate_tariff_candidate_tariff
231435,bge_non-hp_base_candidate_tariff_candidate_tariff
275951,bge_non-hp_base_candidate_tariff_candidate_tariff
467967,bge_non-hp_base_candidate_tariff_candidate_tariff
89131,bge_non-hp_base_candidate_tariff_candidate_tariff
10701,bge_non-hp_base_candidate_tariff_candidate_tariff
36592,bge_non-hp_base_candidate_tariff_candidate_tariff
451073,bge_non-hp_base_candidate_tariff_candidate_tariff
265522,bge_non-hp_base_candidate_tariff_candidate_tariff
50815,bge_non-hp_base_candidate_tariff_candidate_tariff
53109,bge_non-hp_base_candidate_tariff_candidate_tariff
149292,bge_non-hp_base_candidate_tariff_candidate_tariff
42467,bge_non-hp_base_candidate_tariff_candidate_tariff
79971,bge_non-hp_base_candidate_tariff_candidate_tariff
245803,bge_non-hp_base_candidate_tariff_candidate_tariff
137653,bge_hp_base_candidate_tariff_candidate_tariff
158458,bge_hp_base_candidate_tariff_candidate_tariff
202115,bge_non-hp_base_candidate_tariff_candidate_tariff
216826,bge_non-hp_base_candidate_tariff_candidate_tariff
230463,bge_hp_base_candidate_tariff_candidate_tariff
430934,bge_non-hp_base_candidate_tariff_candidate_tariff
445690,bge_non-hp_base_candidate_tariff_candidate_tariff
463527,bge_non-hp_base_candidate_tariff_candidate_tariff
487696,bge_non-hp_base_candidate_tariff_candidate_tariff
502269,bge_non-hp_base_candidate_tariff_candidate_tariff
514959,bge_non-hp_base_candidate_tariff_candidate_tariff
532908,bge_hp_base_candidate_tariff_candidate_tariff
546550,bge_non-hp_base_candidate_tariff_candidate_tariff
548973,bge_non-hp_base_candidate_tariff_candidate_tariff
97959,bge_non-hp_base_candidate_tariff_candidate_tariff
107712,bge_non-hp_base_candidate_tariff_candidate_tariff
123936,bge_non-hp_base_candidate_tariff_candidate_tariff
135692,bge_non-hp_base_candidate_tariff_candidate_tariff
371979,bge_non-hp_base_candidate_tariff_candidate_tariff
285613,bge_hp_base_candidate_tariff_candidate_tariff
354185,bge_non-hp_base_candidate_tariff_candidate_tariff
217458,bge_non-hp_base_candidate_tariff_candidate_tariff
382128,bge_non-hp_base_candidate_tariff_candidate_tariff
532662,bge_non-hp_base_candidate_tariff_candidate_tariff
136492,bge_non-hp_base_candidate_tariff_candidate_tariff
320961,bge_non-hp_base_candidate_tariff_candidate_tariff
371566,bge_non-hp_base_candidate_tariff_candidate_tariff
396996,bge_non-hp_base_candidate_tariff_candidate_tariff
403112,bge_non-hp_base_candidate_tariff_candidate_tariff
69853,bge_hp_base_candidate_tariff_candidate_tariff
143015,bge_non-hp_base_candidate_tariff_candidate_tariff
472136,bge_hp_base_candidate_tariff_candidate_tariff
488261,bge_non-hp_base_candidate_tariff_candidate_tariff
525830,bge_non-hp_base_candidate_tariff_candidate_tariff
267098,bge_non-hp_base_candidate_tariff_candidate_tariff
403367,bge_hp_base_candidate_tariff_candidate_tariff
45139,bge_non-hp_base_candidate_tariff_candidate_tariff
424024,bge_non-hp_base_candidate_tariff_candidate_tariff
440390,bge_non-hp_base_candidate_tariff_candidate_tariff
376605,bge_non-hp_base_candidate_tariff_candidate_tariff
22122,bge_non-hp_base_candidate_tariff_candidate_tariff
195771,bge_non-hp_base_candidate_tariff_candidate_tariff
195991,bge_non-hp_base_candidate_tariff_candidate_tariff
203760,bge_non-hp_base_candidate_tariff_candidate_tariff
514026,bge_hp_base_candidate_tariff_candidate_tariff
529771,bge_non-hp_base_candidate_tariff_candidate_tariff
549914,bge_non-hp_base_candidate_tariff_candidate_tariff
560,bge_non-hp_base_candidate_tariff_candidate_tariff
6625,bge_non-hp_base_candidate_tariff_candidate_tariff
8875,bge_non-hp_base_candidate_tariff_candidate_tariff
65782,bge_non-hp_base_candidate_tariff_candidate_tariff
68612,bge_non-hp_base_candidate_tariff_candidate_tariff
84047,bge_non-hp_base_candidate_tariff_candidate_tariff
88389,bge_non-hp_base_candidate_tariff_candidate_tariff
107487,bge_non-hp_base_candidate_tariff_candidate_tariff
121357,bge_hp_base_candidate_tariff_candidate_tariff
122623,bge_non-hp_base_candidate_tariff_candidate_tariff
373981,bge_hp_base_candidate_tariff_candidate_tariff
332419,bge_non-hp_base_candidate_tariff_candidate_tariff
360052,bge_non-hp_base_candidate_tariff_candidate_tariff
141694,bge_non-hp_base_candidate_tariff_candidate_tariff
338350,bge_non-hp_base_candidate_tariff_candidate_tariff
349816,bge_non-hp_base_candidate_tariff_candidate_tariff
174345,bge_non-hp_base_candidate_tariff_candidate_tariff
220976,bge_hp_base_candidate_tariff_candidate_tariff
292311,bge_non-hp_base_candidate_tariff_candidate_tariff
278625,bge_non-hp_base_candidate_tariff_candidate_tariff
299559,bge_non-hp_base_candidate_tariff_candidate_tariff
336302,bge_non-hp_base_candidate_tariff_candidate_tariff
420091,bge_non-hp_base_candidate_tariff_candidate_tariff
442850,bge_hp_base_candidate_tariff_candidate_tariff
444539,bge_hp_base_candidate_tariff_candidate_tariff
455035,bge_non-hp_base_candidate_tariff_candidate_tariff
456317,bge_non-hp_base_candidate_tariff_candidate_tariff
467575,bge_non-hp_base_candidate_tariff_candidate_tariff
470621,bge_non-hp_base_candidate_tariff_candidate_tariff
485377,bge_hp_base_candidate_tariff_candidate_tariff
516347,bge_non-hp_base_candidate_tariff_candidate_tariff
521123,bge_non-hp_base_candidate_tariff_candidate_tariff
534487,bge_non-hp_base_candidate_tariff_candidate_tariff
548169,bge_hp_base_candidate_tariff_candidate_tariff
36117,bge_non-hp_base_candidate_tariff_candidate_tariff
1995,bge_non-hp_base_candidate_tariff_candidate_tariff
10406,bge_non-hp_base_candidate_tariff_candidate_tariff
13500,bge_non-hp_base_candidate_tariff_candidate_tariff
17119,bge_hp_base_candidate_tariff_candidate_tariff
17417,bge_non-hp_base_candidate_tariff_candidate_tariff
18774,bge_non-hp_base_candidate_tariff_candidate_tariff
20428,bge_non-hp_base_candidate_tariff_candidate_tariff
27281,bge_non-hp_base_candidate_tariff_candidate_tariff
32504,bge_non-hp_base_candidate_tariff_candidate_tariff
38834,bge_non-hp_base_candidate_tariff_candidate_tariff
39586,bge_non-hp_base_candidate_tariff_candidate_tariff
43377,bge_non-hp_base_candidate_tariff_candidate_tariff
47613,bge_hp_base_candidate_tariff_candidate_tariff
50801,bge_non-hp_base_candidate_tariff_candidate_tariff
51121,bge_non-hp_base_candidate_tariff_candidate_tariff
55138,bge_hp_base_candidate_tariff_candidate_tariff
61270,bge_non-hp_base_candidate_tariff_candidate_tariff
66287,bge_non-hp_base_candidate_tariff_candidate_tariff
68378,bge_non-hp_base_candidate_tariff_candidate_tariff
77750,bge_non-hp_base_candidate_tariff_candidate_tariff
91438,bge_non-hp_base_candidate_tariff_candidate_tariff
92522,bge_non-hp_base_candidate_tariff_candidate_tariff
97345,bge_non-hp_base_candidate_tariff_candidate_tariff
97881,bge_non-hp_base_candidate_tariff_candidate_tariff
98963,bge_non-hp_base_candidate_tariff_candidate_tariff
103518,bge_non-hp_base_candidate_tariff_candidate_tariff
106108,bge_non-hp_base_candidate_tariff_candidate_tariff
107369,bge_non-hp_base_candidate_tariff_candidate_tariff
108574,bge_non-hp_base_candidate_tariff_candidate_tariff
113736,bge_non-hp_base_candidate_tariff_candidate_tariff
117474,bge_non-hp_base_candidate_tariff_candidate_tariff
128957,bge_non-hp_base_candidate_tariff_candidate_tariff
314521,bge_non-hp_base_candidate_tariff_candidate_tariff
402004,bge_non-hp_base_candidate_tariff_candidate_tariff
208942,bge_non-hp_base_candidate_tariff_candidate_tariff
174500,bge_hp_base_candidate_tariff_candidate_tariff
323334,bge_non-hp_base_candidate_tariff_candidate_tariff
330228,bge_non-hp_base_candidate_tariff_candidate_tariff
211197,bge_non-hp_base_candidate_tariff_candidate_tariff
165090,bge_non-hp_base_candidate_tariff_candidate_tariff
194856,bge_non-hp_base_candidate_tariff_candidate_tariff
258116,bge_hp_base_candidate_tariff_candidate_tariff
297039,bge_hp_base_candidate_tariff_candidate_tariff
139476,bge_non-hp_base_candidate_tariff_candidate_tariff
187707,bge_non-hp_base_candidate_tariff_candidate_tariff
137806,bge_non-hp_base_candidate_tariff_candidate_tariff
143251,bge_non-hp_base_candidate_tariff_candidate_tariff
144291,bge_non-hp_base_candidate_tariff_candidate_tariff
151113,bge_non-hp_base_candidate_tariff_candidate_tariff
167920,bge_hp_base_candidate_tariff_candidate_tariff
201037,bge_hp_base_candidate_tariff_candidate_tariff
218649,bge_non-hp_base_candidate_tariff_candidate_tariff
224021,bge_non-hp_base_candidate_tariff_candidate_tariff
236096,bge_non-hp_base_candidate_tariff_candidate_tariff
238778,bge_non-hp_base_candidate_tariff_candidate_tariff
239941,bge_non-hp_base_candidate_tariff_candidate_tariff
251093,bge_non-hp_base_candidate_tariff_candidate_tariff
258060,bge_non-hp_base_candidate_tariff_candidate_tariff
263307,bge_non-hp_base_candidate_tariff_candidate_tariff
264158,bge_non-hp_base_candidate_tariff_candidate_tariff
265623,bge_non-hp_base_candidate_tariff_candidate_tariff
271905,bge_non-hp_base_candidate_tariff_candidate_tariff
346465,bge_non-hp_base_candidate_tariff_candidate_tariff
400872,bge_hp_base_candidate_tariff_candidate_tariff
350643,bge_hp_base_candidate_tariff_candidate_tariff
278524,bge_non-hp_base_candidate_tariff_candidate_tariff
365545,bge_non-hp_base_candidate_tariff_candidate_tariff
355318,bge_non-hp_base_candidate_tariff_candidate_tariff
280863,bge_non-hp_base_candidate_tariff_candidate_tariff
281899,bge_non-hp_base_candidate_tariff_candidate_tariff
284315,bge_non-hp_base_candidate_tariff_candidate_tariff
299674,bge_non-hp_base_candidate_tariff_candidate_tariff
302952,bge_non-hp_base_candidate_tariff_candidate_tariff
314252,bge_non-hp_base_candidate_tariff_candidate_tariff
322492,bge_non-hp_base_candidate_tariff_candidate_tariff
324610,bge_non-hp_base_candidate_tariff_candidate_tariff
325993,bge_non-hp_base_candidate_tariff_candidate_tariff
326137,bge_hp_base_candidate_tariff_candidate_tariff
345084,bge_non-hp_base_candidate_tariff_candidate_tariff
358659,bge_non-hp_base_candidate_tariff_candidate_tariff
377252,bge_non-hp_base_candidate_tariff_candidate_tariff
378334,bge_non-hp_base_candidate_tariff_candidate_tariff
378975,bge_non-hp_base_candidate_tariff_candidate_tariff
386339,bge_non-hp_base_candidate_tariff_candidate_tariff
389452,bge_non-hp_base_candidate_tariff_candidate_tariff
390615,bge_non-hp_base_candidate_tariff_candidate_tariff
397237,bge_non-hp_base_candidate_tariff_candidate_tariff
408653,bge_non-hp_base_candidate_tariff_candidate_tariff
215498,bge_non-hp_base_candidate_tariff_candidate_tariff
183521,bge_non-hp_base_candidate_tariff_candidate_tariff
486871,bge_non-hp_base_candidate_tariff_candidate_tariff
127137,bge_non-hp_base_candidate_tariff_candidate_tariff
163172,bge_non-hp_base_candidate_tariff_candidate_tariff
168974,bge_hp_base_candidate_tariff_candidate_tariff
185367,bge_non-hp_base_candidate_tariff_candidate_tariff
221234,bge_non-hp_base_candidate_tariff_candidate_tariff
252289,bge_non-hp_base_candidate_tariff_candidate_tariff
360976,bge_non-hp_base_candidate_tariff_candidate_tariff
404239,bge_non-hp_base_candidate_tariff_candidate_tariff
423070,bge_hp_base_candidate_tariff_candidate_tariff
75432,bge_non-hp_base_candidate_tariff_candidate_tariff
307128,bge_non-hp_base_candidate_tariff_candidate_tariff
172796,bge_non-hp_base_candidate_tariff_candidate_tariff
232354,bge_hp_base_candidate_tariff_candidate_tariff
327095,bge_non-hp_base_candidate_tariff_candidate_tariff
376859,bge_non-hp_base_candidate_tariff_candidate_tariff
333362,bge_non-hp_base_candidate_tariff_candidate_tariff
416212,bge_hp_base_candidate_tariff_candidate_tariff
426202,bge_non-hp_base_candidate_tariff_candidate_tariff
435430,bge_non-hp_base_candidate_tariff_candidate_tariff
455008,bge_non-hp_base_candidate_tariff_candidate_tariff
457883,bge_hp_base_candidate_tariff_candidate_tariff
458588,bge_non-hp_base_candidate_tariff_candidate_tariff
462509,bge_non-hp_base_candidate_tariff_candidate_tariff
469764,bge_non-hp_base_candidate_tariff_candidate_tariff
470683,bge_non-hp_base_candidate_tariff_candidate_tariff
477677,bge_non-hp_base_candidate_tariff_candidate_tariff
480839,bge_non-hp_base_candidate_tariff_candidate_tariff
484938,bge_hp_base_candidate_tariff_candidate_tariff
494166,bge_non-hp_base_candidate_tariff_candidate_tariff
501303,bge_non-hp_base_candidate_tariff_candidate_tariff
513452,bge_non-hp_base_candidate_tariff_candidate_tariff
517925,bge_non-hp_base_candidate_tariff_candidate_tariff
521293,bge_non-hp_base_candidate_tariff_candidate_tariff
525861,bge_hp_base_candidate_tariff_candidate_tariff
537355,bge_non-hp_base_candidate_tariff_candidate_tariff
540509,bge_non-hp_base_candidate_tariff_candidate_tariff
541715,bge_non-hp_base_candidate_tariff_candidate_tariff
53869,bge_non-hp_base_candidate_tariff_candidate_tariff
68062,bge_non-hp_base_candidate_tariff_candidate_tariff
100948,bge_hp_base_candidate_tariff_candidate_tariff
105224,bge_non-hp_base_candidate_tariff_candidate_tariff
108961,bge_non-hp_base_candidate_tariff_candidate_tariff
122241,bge_non-hp_base_candidate_tariff_candidate_tariff
124452,bge_hp_base_candidate_tariff_candidate_tariff
480896,bge_non-hp_base_candidate_tariff_candidate_tariff
481896,bge_hp_base_candidate_tariff_candidate_tariff
523687,bge_non-hp_base_candidate_tariff_candidate_tariff
388367,bge_hp_base_candidate_tariff_candidate_tariff
341261,bge_non-hp_base_candidate_tariff_candidate_tariff
227952,bge_hp_base_candidate_tariff_candidate_tariff
419897,bge_non-hp_base_candidate_tariff_candidate_tariff
441110,bge_hp_base_candidate_tariff_candidate_tariff
471807,bge_non-hp_base_candidate_tariff_candidate_tariff
157923,bge_non-hp_base_candidate_tariff_candidate_tariff
183146,bge_non-hp_base_candidate_tariff_candidate_tariff
200992,bge_non-hp_base_candidate_tariff_candidate_tariff
209426,bge_non-hp_base_candidate_tariff_candidate_tariff
276765,bge_non-hp_base_candidate_tariff_candidate_tariff
329512,bge_non-hp_base_candidate_tariff_candidate_tariff
279937,bge_non-hp_base_candidate_tariff_candidate_tariff
386279,bge_hp_base_candidate_tariff_candidate_tariff
281252,bge_non-hp_base_candidate_tariff_candidate_tariff
396969,bge_non-hp_base_candidate_tariff_candidate_tariff
402068,bge_non-hp_base_candidate_tariff_candidate_tariff
409364,bge_hp_base_candidate_tariff_candidate_tariff
203982,bge_non-hp_base_candidate_tariff_candidate_tariff
214584,bge_hp_base_candidate_tariff_candidate_tariff
221060,bge_non-hp_base_candidate_tariff_candidate_tariff
229375,bge_non-hp_base_candidate_tariff_candidate_tariff
261975,bge_non-hp_base_candidate_tariff_candidate_tariff
264460,bge_non-hp_base_candidate_tariff_candidate_tariff
275321,bge_non-hp_base_candidate_tariff_candidate_tariff
279228,bge_non-hp_base_candidate_tariff_candidate_tariff
37518,bge_non-hp_base_candidate_tariff_candidate_tariff
1383,bge_hp_base_candidate_tariff_candidate_tariff
488677,bge_non-hp_base_candidate_tariff_candidate_tariff
325098,bge_non-hp_base_candidate_tariff_candidate_tariff
112934,bge_non-hp_base_candidate_tariff_candidate_tariff
43369,bge_non-hp_base_candidate_tariff_candidate_tariff
381684,bge_hp_base_candidate_tariff_candidate_tariff
479945,bge_non-hp_base_candidate_tariff_candidate_tariff
7244,bge_non-hp_base_candidate_tariff_candidate_tariff
22830,bge_non-hp_base_candidate_tariff_candidate_tariff
45638,bge_non-hp_base_candidate_tariff_candidate_tariff
91005,bge_non-hp_base_candidate_tariff_candidate_tariff
98553,bge_non-hp_base_candidate_tariff_candidate_tariff
126383,bge_non-hp_base_candidate_tariff_candidate_tariff
127841,bge_non-hp_base_candidate_tariff_candidate_tariff
283617,bge_non-hp_base_candidate_tariff_candidate_tariff
385942,bge_non-hp_base_candidate_tariff_candidate_tariff
403527,bge_non-hp_base_candidate_tariff_candidate_tariff
426463,bge_non-hp_base_candidate_tariff_candidate_tariff
59627,bge_non-hp_base_candidate_tariff_candidate_tariff
60969,bge_hp_base_candidate_tariff_candidate_tariff
177068,bge_non-hp_base_candidate_tariff_candidate_tariff
255584,bge_hp_base_candidate_tariff_candidate_tariff
258182,bge_non-hp_base_candidate_tariff_candidate_tariff
110484,bge_hp_base_candidate_tariff_candidate_tariff
42131,bge_non-hp_base_candidate_tariff_candidate_tariff
80924,bge_hp_base_candidate_tariff_candidate_tariff
470725,bge_non-hp_base_candidate_tariff_candidate_tariff
485358,bge_non-hp_base_candidate_tariff_candidate_tariff
64280,bge_non-hp_base_candidate_tariff_candidate_tariff
116756,bge_hp_base_candidate_tariff_candidate_tariff
160888,bge_non-hp_base_candidate_tariff_candidate_tariff
174067,bge_non-hp_base_candidate_tariff_candidate_tariff
165252,bge_non-hp_base_candidate_tariff_candidate_tariff
194285,bge_non-hp_base_candidate_tariff_candidate_tariff
219016,bge_non-hp_base_candidate_tariff_candidate_tariff
223245,bge_non-hp_base_candidate_tariff_candidate_tariff
284642,bge_hp_base_candidate_tariff_candidate_tariff
428063,bge_hp_base_candidate_tariff_candidate_tariff
450051,bge_hp_base_candidate_tariff_candidate_tariff
482899,bge_non-hp_base_candidate_tariff_candidate_tariff
492764,bge_non-hp_base_candidate_tariff_candidate_tariff
496880,bge_non-hp_base_candidate_tariff_candidate_tariff
499675,bge_non-hp_base_candidate_tariff_candidate_tariff
539657,bge_non-hp_base_candidate_tariff_candidate_tariff
116187,bge_non-hp_base_candidate_tariff_candidate_tariff
118411,bge_non-hp_base_candidate_tariff_candidate_tariff
306997,bge_non-hp_base_candidate_tariff_candidate_tariff
379569,bge_non-hp_base_candidate_tariff_candidate_tariff
145213,bge_non-hp_base_candidate_tariff_candidate_tariff
314097,bge_non-hp_base_candidate_tariff_candidate_tariff
211695,bge_non-hp_base_candidate_tariff_candidate_tariff
414662,bge_non-hp_base_candidate_tariff_candidate_tariff
426634,bge_non-hp_base_candidate_tariff_candidate_tariff
473759,bge_hp_base_candidate_tariff_candidate_tariff
377114,bge_non-hp_base_candidate_tariff_candidate_tariff
381531,bge_non-hp_base_candidate_tariff_candidate_tariff
495823,bge_hp_base_candidate_tariff_candidate_tariff
232444,bge_non-hp_base_candidate_tariff_candidate_tariff
25696,bge_non-hp_base_candidate_tariff_candidate_tariff
49171,bge_non-hp_base_candidate_tariff_candidate_tariff
236250,bge_hp_base_candidate_tariff_candidate_tariff
271099,bge_non-hp_base_candidate_tariff_candidate_tariff
434266,bge_non-hp_base_candidate_tariff_candidate_tariff
519299,bge_non-hp_base_candidate_tariff_candidate_tariff
352024,bge_non-hp_base_candidate_tariff_candidate_tariff
209198,bge_non-hp_base_candidate_tariff_candidate_tariff
506201,bge_non-hp_base_candidate_tariff_candidate_tariff
22015,bge_non-hp_base_candidate_tariff_candidate_tariff
72547,bge_non-hp_base_candidate_tariff_candidate_tariff
230722,bge_non-hp_base_candidate_tariff_candidate_tariff
436065,bge_non-hp_base_candidate_tariff_candidate_tariff
458648,bge_hp_base_candidate_tariff_candidate_tariff
471774,bge_hp_base_candidate_tariff_candidate_tariff
475860,bge_non-hp_base_candidate_tariff_candidate_tariff
479311,bge_non-hp_base_candidate_tariff_candidate_tariff
13226,bge_non-hp_base_candidate_tariff_candidate_tariff
14104,bge_non-hp_base_candidate_tariff_candidate_tariff
20934,bge_non-hp_base_candidate_tariff_candidate_tariff
21938,bge_non-hp_base_candidate_tariff_candidate_tariff
39821,bge_non-hp_base_candidate_tariff_candidate_tariff
52854,bge_hp_base_candidate_tariff_candidate_tariff
56147,bge_non-hp_base_candidate_tariff_candidate_tariff
73338,bge_non-hp_base_candidate_tariff_candidate_tariff
126607,bge_non-hp_base_candidate_tariff_candidate_tariff
333175,bge_non-hp_base_candidate_tariff_candidate_tariff
168035,bge_non-hp_base_candidate_tariff_candidate_tariff
154976,bge_non-hp_base_candidate_tariff_candidate_tariff
164686,bge_non-hp_base_candidate_tariff_candidate_tariff
290956,bge_non-hp_base_candidate_tariff_candidate_tariff
337811,bge_non-hp_base_candidate_tariff_candidate_tariff
364300,bge_non-hp_base_candidate_tariff_candidate_tariff
397723,bge_hp_base_candidate_tariff_candidate_tariff
418715,bge_non-hp_base_candidate_tariff_candidate_tariff
430760,bge_non-hp_base_candidate_tariff_candidate_tariff
433764,bge_non-hp_base_candidate_tariff_candidate_tariff
445742,bge_non-hp_base_candidate_tariff_candidate_tariff
449915,bge_non-hp_base_candidate_tariff_candidate_tariff
453688,bge_non-hp_base_candidate_tariff_candidate_tariff
462398,bge_non-hp_base_candidate_tariff_candidate_tariff
494633,bge_hp_base_candidate_tariff_candidate_tariff
496473,bge_non-hp_base_candidate_tariff_candidate_tariff
500120,bge_non-hp_base_candidate_tariff_candidate_tariff
500892,bge_non-hp_base_candidate_tariff_candidate_tariff
508960,bge_hp_base_candidate_tariff_candidate_tariff
514158,bge_non-hp_base_candidate_tariff_candidate_tariff
521951,bge_non-hp_base_candidate_tariff_candidate_tariff
542289,bge_hp_base_candidate_tariff_candidate_tariff
4863,bge_non-hp_base_candidate_tariff_candidate_tariff
7366,bge_non-hp_base_candidate_tariff_candidate_tariff
8002,bge_non-hp_base_candidate_tariff_candidate_tariff
10366,bge_non-hp_base_candidate_tariff_candidate_tariff
10667,bge_hp_base_candidate_tariff_candidate_tariff
10858,bge_non-hp_base_candidate_tariff_candidate_tariff
13133,bge_non-hp_base_candidate_tariff_candidate_tariff
15525,bge_non-hp_base_candidate_tariff_candidate_tariff
16744,bge_non-hp_base_candidate_tariff_candidate_tariff
16831,bge_hp_base_candidate_tariff_candidate_tariff
19124,bge_non-hp_base_candidate_tariff_candidate_tariff
21426,bge_non-hp_base_candidate_tariff_candidate_tariff
28285,bge_non-hp_base_candidate_tariff_candidate_tariff
32597,bge_hp_base_candidate_tariff_candidate_tariff
35931,bge_non-hp_base_candidate_tariff_candidate_tariff
35963,bge_hp_base_candidate_tariff_candidate_tariff
38072,bge_non-hp_base_candidate_tariff_candidate_tariff
40267,bge_non-hp_base_candidate_tariff_candidate_tariff
41973,bge_non-hp_base_candidate_tariff_candidate_tariff
47537,bge_non-hp_base_candidate_tariff_candidate_tariff
48791,bge_non-hp_base_candidate_tariff_candidate_tariff
58490,bge_hp_base_candidate_tariff_candidate_tariff
59935,bge_non-hp_base_candidate_tariff_candidate_tariff
66464,bge_non-hp_base_candidate_tariff_candidate_tariff
73047,bge_hp_base_candidate_tariff_candidate_tariff
78234,bge_non-hp_base_candidate_tariff_candidate_tariff
81314,bge_non-hp_base_candidate_tariff_candidate_tariff
84026,bge_non-hp_base_candidate_tariff_candidate_tariff
86091,bge_non-hp_base_candidate_tariff_candidate_tariff
89341,bge_non-hp_base_candidate_tariff_candidate_tariff
90470,bge_non-hp_base_candidate_tariff_candidate_tariff
97482,bge_non-hp_base_candidate_tariff_candidate_tariff
99810,bge_non-hp_base_candidate_tariff_candidate_tariff
102176,bge_non-hp_base_candidate_tariff_candidate_tariff
104390,bge_hp_base_candidate_tariff_candidate_tariff
108215,bge_non-hp_base_candidate_tariff_candidate_tariff
110141,bge_non-hp_base_candidate_tariff_candidate_tariff
113599,bge_hp_base_candidate_tariff_candidate_tariff
116659,bge_non-hp_base_candidate_tariff_candidate_tariff
120188,bge_non-hp_base_candidate_tariff_candidate_tariff
121033,bge_non-hp_base_candidate_tariff_candidate_tariff
130504,bge_non-hp_base_candidate_tariff_candidate_tariff
132184,bge_hp_base_candidate_tariff_candidate_tariff
134871,bge_non-hp_base_candidate_tariff_candidate_tariff
283416,bge_non-hp_base_candidate_tariff_candidate_tariff
303708,bge_non-hp_base_candidate_tariff_candidate_tariff
327002,bge_non-hp_base_candidate_tariff_candidate_tariff
156753,bge_non-hp_base_candidate_tariff_candidate_tariff
362153,bge_non-hp_base_candidate_tariff_candidate_tariff
174046,bge_non-hp_base_candidate_tariff_candidate_tariff
382279,bge_non-hp_base_candidate_tariff_candidate_tariff
273136,bge_non-hp_base_candidate_tariff_candidate_tariff
145520,bge_non-hp_base_candidate_tariff_candidate_tariff
172506,bge_non-hp_base_candidate_tariff_candidate_tariff
225833,bge_non-hp_base_candidate_tariff_candidate_tariff
291901,bge_non-hp_base_candidate_tariff_candidate_tariff
314094,bge_hp_base_candidate_tariff_candidate_tariff
388400,bge_hp_base_candidate_tariff_candidate_tariff
141037,bge_hp_base_candidate_tariff_candidate_tariff
142031,bge_non-hp_base_candidate_tariff_candidate_tariff
145745,bge_non-hp_base_candidate_tariff_candidate_tariff
145811,bge_non-hp_base_candidate_tariff_candidate_tariff
147309,bge_non-hp_base_candidate_tariff_candidate_tariff
152405,bge_hp_base_candidate_tariff_candidate_tariff
152935,bge_non-hp_base_candidate_tariff_candidate_tariff
155091,bge_non-hp_base_candidate_tariff_candidate_tariff
165814,bge_non-hp_base_candidate_tariff_candidate_tariff
179014,bge_non-hp_base_candidate_tariff_candidate_tariff
189606,bge_hp_base_candidate_tariff_candidate_tariff
191384,bge_hp_base_candidate_tariff_candidate_tariff
192014,bge_non-hp_base_candidate_tariff_candidate_tariff
208535,bge_non-hp_base_candidate_tariff_candidate_tariff
216417,bge_non-hp_base_candidate_tariff_candidate_tariff
236768,bge_non-hp_base_candidate_tariff_candidate_tariff
240165,bge_non-hp_base_candidate_tariff_candidate_tariff
240805,bge_non-hp_base_candidate_tariff_candidate_tariff
243284,bge_non-hp_base_candidate_tariff_candidate_tariff
245617,bge_hp_base_candidate_tariff_candidate_tariff
255357,bge_hp_base_candidate_tariff_candidate_tariff
258254,bge_non-hp_base_candidate_tariff_candidate_tariff
260355,bge_non-hp_base_candidate_tariff_candidate_tariff
261992,bge_non-hp_base_candidate_tariff_candidate_tariff
262957,bge_non-hp_base_candidate_tariff_candidate_tariff
264304,bge_hp_base_candidate_tariff_candidate_tariff
267154,bge_hp_base_candidate_tariff_candidate_tariff
274318,bge_non-hp_base_candidate_tariff_candidate_tariff
327687,bge_non-hp_base_candidate_tariff_candidate_tariff
382641,bge_non-hp_base_candidate_tariff_candidate_tariff
385985,bge_non-hp_base_candidate_tariff_candidate_tariff
356394,bge_non-hp_base_candidate_tariff_candidate_tariff
320775,bge_non-hp_base_candidate_tariff_candidate_tariff
374703,bge_non-hp_base_candidate_tariff_candidate_tariff
278305,bge_non-hp_base_candidate_tariff_candidate_tariff
281297,bge_non-hp_base_candidate_tariff_candidate_tariff
328904,bge_non-hp_base_candidate_tariff_candidate_tariff
333188,bge_hp_base_candidate_tariff_candidate_tariff
365209,bge_hp_base_candidate_tariff_candidate_tariff
376114,bge_non-hp_base_candidate_tariff_candidate_tariff
376324,bge_non-hp_base_candidate_tariff_candidate_tariff
377909,bge_hp_base_candidate_tariff_candidate_tariff
380034,bge_non-hp_base_candidate_tariff_candidate_tariff
394385,bge_hp_base_candidate_tariff_candidate_tariff
408652,bge_non-hp_base_candidate_tariff_candidate_tariff
500970,bge_non-hp_base_candidate_tariff_candidate_tariff
297355,bge_non-hp_base_candidate_tariff_candidate_tariff
138307,bge_non-hp_base_candidate_tariff_candidate_tariff
147699,bge_non-hp_base_candidate_tariff_candidate_tariff
353621,bge_non-hp_base_candidate_tariff_candidate_tariff
422216,bge_non-hp_base_candidate_tariff_candidate_tariff
423709,bge_non-hp_base_candidate_tariff_candidate_tariff
423889,bge_non-hp_base_candidate_tariff_candidate_tariff
34894,bge_non-hp_base_candidate_tariff_candidate_tariff
241256,bge_non-hp_base_candidate_tariff_candidate_tariff
276222,bge_non-hp_base_candidate_tariff_candidate_tariff
309005,bge_non-hp_base_candidate_tariff_candidate_tariff
336028,bge_non-hp_base_candidate_tariff_candidate_tariff
417701,bge_non-hp_base_candidate_tariff_candidate_tariff
421211,bge_non-hp_base_candidate_tariff_candidate_tariff
435465,bge_non-hp_base_candidate_tariff_candidate_tariff
437675,bge_hp_base_candidate_tariff_candidate_tariff
439356,bge_non-hp_base_candidate_tariff_candidate_tariff
442494,bge_hp_base_candidate_tariff_candidate_tariff
449077,bge_hp_base_candidate_tariff_candidate_tariff
451617,bge_non-hp_base_candidate_tariff_candidate_tariff
463140,bge_non-hp_base_candidate_tariff_candidate_tariff
464022,bge_non-hp_base_candidate_tariff_candidate_tariff
466421,bge_non-hp_base_candidate_tariff_candidate_tariff
475499,bge_hp_base_candidate_tariff_candidate_tariff
476499,bge_hp_base_candidate_tariff_candidate_tariff
478426,bge_non-hp_base_candidate_tariff_candidate_tariff
478445,bge_non-hp_base_candidate_tariff_candidate_tariff
481685,bge_non-hp_base_candidate_tariff_candidate_tariff
482787,bge_hp_base_candidate_tariff_candidate_tariff
484706,bge_non-hp_base_candidate_tariff_candidate_tariff
486576,bge_non-hp_base_candidate_tariff_candidate_tariff
487686,bge_non-hp_base_candidate_tariff_candidate_tariff
494904,bge_non-hp_base_candidate_tariff_candidate_tariff
495502,bge_non-hp_base_candidate_tariff_candidate_tariff
516475,bge_hp_base_candidate_tariff_candidate_tariff
518780,bge_non-hp_base_candidate_tariff_candidate_tariff
521915,bge_non-hp_base_candidate_tariff_candidate_tariff
529420,bge_hp_base_candidate_tariff_candidate_tariff
530861,bge_non-hp_base_candidate_tariff_candidate_tariff
532849,bge_non-hp_base_candidate_tariff_candidate_tariff
534500,bge_non-hp_base_candidate_tariff_candidate_tariff
538468,bge_non-hp_base_candidate_tariff_candidate_tariff
539858,bge_non-hp_base_candidate_tariff_candidate_tariff
51675,bge_hp_base_candidate_tariff_candidate_tariff
72943,bge_non-hp_base_candidate_tariff_candidate_tariff
76662,bge_non-hp_base_candidate_tariff_candidate_tariff
78286,bge_non-hp_base_candidate_tariff_candidate_tariff
84155,bge_non-hp_base_candidate_tariff_candidate_tariff
98853,bge_non-hp_base_candidate_tariff_candidate_tariff
116103,bge_non-hp_base_candidate_tariff_candidate_tariff
119854,bge_hp_base_candidate_tariff_candidate_tariff
130873,bge_non-hp_base_candidate_tariff_candidate_tariff
135305,bge_non-hp_base_candidate_tariff_candidate_tariff
245932,bge_non-hp_base_candidate_tariff_candidate_tariff
251918,bge_hp_base_candidate_tariff_candidate_tariff
254944,bge_hp_base_candidate_tariff_candidate_tariff
72794,bge_non-hp_base_candidate_tariff_candidate_tariff
209700,bge_non-hp_base_candidate_tariff_candidate_tariff
316009,bge_non-hp_base_candidate_tariff_candidate_tariff
394599,bge_non-hp_base_candidate_tariff_candidate_tariff
413373,bge_non-hp_base_candidate_tariff_candidate_tariff
177106,bge_hp_base_candidate_tariff_candidate_tariff
365711,bge_non-hp_base_candidate_tariff_candidate_tariff
325628,bge_non-hp_base_candidate_tariff_candidate_tariff
186414,bge_non-hp_base_candidate_tariff_candidate_tariff
437861,bge_non-hp_base_candidate_tariff_candidate_tariff
509976,bge_hp_base_candidate_tariff_candidate_tariff
527325,bge_non-hp_base_candidate_tariff_candidate_tariff
214809,bge_non-hp_base_candidate_tariff_candidate_tariff
316321,bge_non-hp_base_candidate_tariff_candidate_tariff
142707,bge_non-hp_base_candidate_tariff_candidate_tariff
193741,bge_non-hp_base_candidate_tariff_candidate_tariff
211444,bge_non-hp_base_candidate_tariff_candidate_tariff
336179,bge_non-hp_base_candidate_tariff_candidate_tariff
294567,bge_non-hp_base_candidate_tariff_candidate_tariff
366384,bge_non-hp_base_candidate_tariff_candidate_tariff
421868,bge_non-hp_base_candidate_tariff_candidate_tariff
178480,bge_non-hp_base_candidate_tariff_candidate_tariff
216576,bge_non-hp_base_candidate_tariff_candidate_tariff
249689,bge_non-hp_base_candidate_tariff_candidate_tariff
263479,bge_hp_base_candidate_tariff_candidate_tariff
268707,bge_hp_base_candidate_tariff_candidate_tariff
128660,bge_non-hp_base_candidate_tariff_candidate_tariff
304261,bge_non-hp_base_candidate_tariff_candidate_tariff
391998,bge_non-hp_base_candidate_tariff_candidate_tariff
297412,bge_non-hp_base_candidate_tariff_candidate_tariff
28001,bge_non-hp_base_candidate_tariff_candidate_tariff
57267,bge_non-hp_base_candidate_tariff_candidate_tariff
398675,bge_non-hp_base_candidate_tariff_candidate_tariff
412344,bge_non-hp_base_candidate_tariff_candidate_tariff
94627,bge_non-hp_base_candidate_tariff_candidate_tariff
17806,bge_non-hp_base_candidate_tariff_candidate_tariff
25631,bge_non-hp_base_candidate_tariff_candidate_tariff
13054,bge_non-hp_base_candidate_tariff_candidate_tariff
36275,bge_non-hp_base_candidate_tariff_candidate_tariff
80234,bge_hp_base_candidate_tariff_candidate_tariff
88752,bge_non-hp_base_candidate_tariff_candidate_tariff
92042,bge_non-hp_base_candidate_tariff_candidate_tariff
122979,bge_hp_base_candidate_tariff_candidate_tariff
400227,bge_non-hp_base_candidate_tariff_candidate_tariff
392440,bge_hp_base_candidate_tariff_candidate_tariff
352099,bge_non-hp_base_candidate_tariff_candidate_tariff
367867,bge_non-hp_base_candidate_tariff_candidate_tariff
402551,bge_non-hp_base_candidate_tariff_candidate_tariff
405551,bge_non-hp_base_candidate_tariff_candidate_tariff
330291,bge_non-hp_base_candidate_tariff_candidate_tariff
277346,bge_non-hp_base_candidate_tariff_candidate_tariff
325076,bge_non-hp_base_candidate_tariff_candidate_tariff
413738,bge_non-hp_base_candidate_tariff_candidate_tariff
368950,bge_hp_base_candidate_tariff_candidate_tariff
376163,bge_non-hp_base_candidate_tariff_candidate_tariff
383515,bge_non-hp_base_candidate_tariff_candidate_tariff
410973,bge_non-hp_base_candidate_tariff_candidate_tariff
413357,bge_non-hp_base_candidate_tariff_candidate_tariff
72149,bge_hp_base_candidate_tariff_candidate_tariff
166932,bge_non-hp_base_candidate_tariff_candidate_tariff
25608,bge_hp_base_candidate_tariff_candidate_tariff
477509,bge_non-hp_base_candidate_tariff_candidate_tariff
242384,bge_non-hp_base_candidate_tariff_candidate_tariff
184029,bge_hp_base_candidate_tariff_candidate_tariff
37453,bge_non-hp_base_candidate_tariff_candidate_tariff
494578,bge_hp_base_candidate_tariff_candidate_tariff
43218,bge_non-hp_base_candidate_tariff_candidate_tariff
175595,bge_non-hp_base_candidate_tariff_candidate_tariff
448059,bge_non-hp_base_candidate_tariff_candidate_tariff
9335,bge_non-hp_base_candidate_tariff_candidate_tariff
9448,bge_non-hp_base_candidate_tariff_candidate_tariff
20766,bge_non-hp_base_candidate_tariff_candidate_tariff
24992,bge_non-hp_base_candidate_tariff_candidate_tariff
30548,bge_non-hp_base_candidate_tariff_candidate_tariff
35510,bge_non-hp_base_candidate_tariff_candidate_tariff
70087,bge_non-hp_base_candidate_tariff_candidate_tariff
76924,bge_non-hp_base_candidate_tariff_candidate_tariff
92880,bge_non-hp_base_candidate_tariff_candidate_tariff
225848,bge_non-hp_base_candidate_tariff_candidate_tariff
155147,bge_hp_base_candidate_tariff_candidate_tariff
159090,bge_non-hp_base_candidate_tariff_candidate_tariff
241805,bge_non-hp_base_candidate_tariff_candidate_tariff
205,bge_non-hp_base_candidate_tariff_candidate_tariff
437074,bge_non-hp_base_candidate_tariff_candidate_tariff
118121,bge_hp_base_candidate_tariff_candidate_tariff
397340,bge_non-hp_base_candidate_tariff_candidate_tariff
454810,bge_hp_base_candidate_tariff_candidate_tariff
487530,bge_non-hp_base_candidate_tariff_candidate_tariff
497986,bge_non-hp_base_candidate_tariff_candidate_tariff
506933,bge_non-hp_base_candidate_tariff_candidate_tariff
515097,bge_non-hp_base_candidate_tariff_candidate_tariff
520527,bge_hp_base_candidate_tariff_candidate_tariff
523347,bge_non-hp_base_candidate_tariff_candidate_tariff
540611,bge_hp_base_candidate_tariff_candidate_tariff
168388,bge_hp_base_candidate_tariff_candidate_tariff
277068,bge_non-hp_base_candidate_tariff_candidate_tariff
304435,bge_non-hp_base_candidate_tariff_candidate_tariff
395221,bge_hp_base_candidate_tariff_candidate_tariff
280749,bge_non-hp_base_candidate_tariff_candidate_tariff
232735,bge_non-hp_base_candidate_tariff_candidate_tariff
312034,bge_hp_base_candidate_tariff_candidate_tariff
408006,bge_non-hp_base_candidate_tariff_candidate_tariff
79782,bge_non-hp_base_candidate_tariff_candidate_tariff
1645,bge_non-hp_base_candidate_tariff_candidate_tariff
301431,bge_non-hp_base_candidate_tariff_candidate_tariff
469655,bge_non-hp_base_candidate_tariff_candidate_tariff
314228,bge_non-hp_base_candidate_tariff_candidate_tariff
338896,bge_hp_base_candidate_tariff_candidate_tariff
395730,bge_non-hp_base_candidate_tariff_candidate_tariff
68855,bge_non-hp_base_candidate_tariff_candidate_tariff
54139,bge_non-hp_base_candidate_tariff_candidate_tariff
291689,bge_non-hp_base_candidate_tariff_candidate_tariff
520463,bge_hp_base_candidate_tariff_candidate_tariff
48208,bge_non-hp_base_candidate_tariff_candidate_tariff
92156,bge_non-hp_base_candidate_tariff_candidate_tariff
528842,bge_non-hp_base_candidate_tariff_candidate_tariff
81117,bge_non-hp_base_candidate_tariff_candidate_tariff
126977,bge_non-hp_base_candidate_tariff_candidate_tariff
459500,bge_non-hp_base_candidate_tariff_candidate_tariff
161713,bge_non-hp_base_candidate_tariff_candidate_tariff
22916,bge_hp_base_candidate_tariff_candidate_tariff
3848,bge_non-hp_base_candidate_tariff_candidate_tariff
186739,bge_non-hp_base_candidate_tariff_candidate_tariff
228876,bge_non-hp_base_candidate_tariff_candidate_tariff
323036,bge_non-hp_base_candidate_tariff_candidate_tariff
475145,bge_non-hp_base_candidate_tariff_candidate_tariff
521993,bge_hp_base_candidate_tariff_candidate_tariff
108786,bge_non-hp_base_candidate_tariff_candidate_tariff
19840,bge_hp_base_candidate_tariff_candidate_tariff
46980,bge_hp_base_candidate_tariff_candidate_tariff
53808,bge_non-hp_base_candidate_tariff_candidate_tariff
65177,bge_non-hp_base_candidate_tariff_candidate_tariff
88279,bge_non-hp_base_candidate_tariff_candidate_tariff
92189,bge_non-hp_base_candidate_tariff_candidate_tariff
95391,bge_non-hp_base_candidate_tariff_candidate_tariff
112392,bge_hp_base_candidate_tariff_candidate_tariff
115866,bge_hp_base_candidate_tariff_candidate_tariff
129754,bge_non-hp_base_candidate_tariff_candidate_tariff
288281,bge_non-hp_base_candidate_tariff_candidate_tariff
198775,bge_non-hp_base_candidate_tariff_candidate_tariff
176744,bge_non-hp_base_candidate_tariff_candidate_tariff
177975,bge_non-hp_base_candidate_tariff_candidate_tariff
198403,bge_hp_base_candidate_tariff_candidate_tariff
206832,bge_hp_base_candidate_tariff_candidate_tariff
256507,bge_non-hp_base_candidate_tariff_candidate_tariff
257241,bge_non-hp_base_candidate_tariff_candidate_tariff
340466,bge_non-hp_base_candidate_tariff_candidate_tariff
342622,bge_non-hp_base_candidate_tariff_candidate_tariff
344870,bge_non-hp_base_candidate_tariff_candidate_tariff
363092,bge_non-hp_base_candidate_tariff_candidate_tariff
422743,bge_non-hp_base_candidate_tariff_candidate_tariff
428976,bge_non-hp_base_candidate_tariff_candidate_tariff
430646,bge_non-hp_base_candidate_tariff_candidate_tariff
432931,bge_non-hp_base_candidate_tariff_candidate_tariff
436732,bge_non-hp_base_candidate_tariff_candidate_tariff
437434,bge_non-hp_base_candidate_tariff_candidate_tariff
440292,bge_non-hp_base_candidate_tariff_candidate_tariff
443432,bge_non-hp_base_candidate_tariff_candidate_tariff
452972,bge_non-hp_base_candidate_tariff_candidate_tariff
458126,bge_non-hp_base_candidate_tariff_candidate_tariff
460625,bge_non-hp_base_candidate_tariff_candidate_tariff
469002,bge_non-hp_base_candidate_tariff_candidate_tariff
477842,bge_non-hp_base_candidate_tariff_candidate_tariff
478931,bge_non-hp_base_candidate_tariff_candidate_tariff
480713,bge_non-hp_base_candidate_tariff_candidate_tariff
483106,bge_non-hp_base_candidate_tariff_candidate_tariff
492093,bge_hp_base_candidate_tariff_candidate_tariff
540349,bge_non-hp_base_candidate_tariff_candidate_tariff
7359,bge_non-hp_base_candidate_tariff_candidate_tariff
9691,bge_non-hp_base_candidate_tariff_candidate_tariff
10453,bge_non-hp_base_candidate_tariff_candidate_tariff
11461,bge_non-hp_base_candidate_tariff_candidate_tariff
12761,bge_non-hp_base_candidate_tariff_candidate_tariff
13895,bge_non-hp_base_candidate_tariff_candidate_tariff
17909,bge_non-hp_base_candidate_tariff_candidate_tariff
18238,bge_non-hp_base_candidate_tariff_candidate_tariff
22485,bge_non-hp_base_candidate_tariff_candidate_tariff
23165,bge_hp_base_candidate_tariff_candidate_tariff
27928,bge_hp_base_candidate_tariff_candidate_tariff
37653,bge_hp_base_candidate_tariff_candidate_tariff
47299,bge_non-hp_base_candidate_tariff_candidate_tariff
48857,bge_hp_base_candidate_tariff_candidate_tariff
57350,bge_hp_base_candidate_tariff_candidate_tariff
58821,bge_non-hp_base_candidate_tariff_candidate_tariff
59163,bge_non-hp_base_candidate_tariff_candidate_tariff
65536,bge_non-hp_base_candidate_tariff_candidate_tariff
76241,bge_non-hp_base_candidate_tariff_candidate_tariff
83225,bge_hp_base_candidate_tariff_candidate_tariff
84115,bge_non-hp_base_candidate_tariff_candidate_tariff
88708,bge_non-hp_base_candidate_tariff_candidate_tariff
88922,bge_non-hp_base_candidate_tariff_candidate_tariff
99459,bge_non-hp_base_candidate_tariff_candidate_tariff
100496,bge_non-hp_base_candidate_tariff_candidate_tariff
106482,bge_hp_base_candidate_tariff_candidate_tariff
111328,bge_non-hp_base_candidate_tariff_candidate_tariff
130463,bge_non-hp_base_candidate_tariff_candidate_tariff
166293,bge_non-hp_base_candidate_tariff_candidate_tariff
406552,bge_hp_base_candidate_tariff_candidate_tariff
380127,bge_non-hp_base_candidate_tariff_candidate_tariff
386489,bge_non-hp_base_candidate_tariff_candidate_tariff
180489,bge_non-hp_base_candidate_tariff_candidate_tariff
192442,bge_non-hp_base_candidate_tariff_candidate_tariff
402933,bge_non-hp_base_candidate_tariff_candidate_tariff
321443,bge_non-hp_base_candidate_tariff_candidate_tariff
149446,bge_non-hp_base_candidate_tariff_candidate_tariff
206961,bge_non-hp_base_candidate_tariff_candidate_tariff
326845,bge_non-hp_base_candidate_tariff_candidate_tariff
203904,bge_hp_base_candidate_tariff_candidate_tariff
255054,bge_non-hp_base_candidate_tariff_candidate_tariff
257827,bge_non-hp_base_candidate_tariff_candidate_tariff
272238,bge_non-hp_base_candidate_tariff_candidate_tariff
137555,bge_non-hp_base_candidate_tariff_candidate_tariff
138282,bge_non-hp_base_candidate_tariff_candidate_tariff
138428,bge_non-hp_base_candidate_tariff_candidate_tariff
154397,bge_non-hp_base_candidate_tariff_candidate_tariff
154564,bge_non-hp_base_candidate_tariff_candidate_tariff
155672,bge_hp_base_candidate_tariff_candidate_tariff
156869,bge_hp_base_candidate_tariff_candidate_tariff
161554,bge_non-hp_base_candidate_tariff_candidate_tariff
170243,bge_non-hp_base_candidate_tariff_candidate_tariff
172395,bge_hp_base_candidate_tariff_candidate_tariff
177804,bge_hp_base_candidate_tariff_candidate_tariff
178587,bge_non-hp_base_candidate_tariff_candidate_tariff
189561,bge_non-hp_base_candidate_tariff_candidate_tariff
198614,bge_non-hp_base_candidate_tariff_candidate_tariff
207882,bge_non-hp_base_candidate_tariff_candidate_tariff
217693,bge_non-hp_base_candidate_tariff_candidate_tariff
241237,bge_non-hp_base_candidate_tariff_candidate_tariff
242720,bge_non-hp_base_candidate_tariff_candidate_tariff
244637,bge_non-hp_base_candidate_tariff_candidate_tariff
252462,bge_non-hp_base_candidate_tariff_candidate_tariff
262924,bge_non-hp_base_candidate_tariff_candidate_tariff
269638,bge_non-hp_base_candidate_tariff_candidate_tariff
381002,bge_non-hp_base_candidate_tariff_candidate_tariff
338978,bge_non-hp_base_candidate_tariff_candidate_tariff
287631,bge_non-hp_base_candidate_tariff_candidate_tariff
400295,bge_non-hp_base_candidate_tariff_candidate_tariff
410586,bge_non-hp_base_candidate_tariff_candidate_tariff
330298,bge_hp_base_candidate_tariff_candidate_tariff
342338,bge_hp_base_candidate_tariff_candidate_tariff
326784,bge_hp_base_candidate_tariff_candidate_tariff
333310,bge_non-hp_base_candidate_tariff_candidate_tariff
316430,bge_non-hp_base_candidate_tariff_candidate_tariff
380552,bge_non-hp_base_candidate_tariff_candidate_tariff
277795,bge_non-hp_base_candidate_tariff_candidate_tariff
286937,bge_non-hp_base_candidate_tariff_candidate_tariff
306815,bge_non-hp_base_candidate_tariff_candidate_tariff
309861,bge_non-hp_base_candidate_tariff_candidate_tariff
321515,bge_hp_base_candidate_tariff_candidate_tariff
330812,bge_non-hp_base_candidate_tariff_candidate_tariff
342032,bge_non-hp_base_candidate_tariff_candidate_tariff
373606,bge_non-hp_base_candidate_tariff_candidate_tariff
376656,bge_non-hp_base_candidate_tariff_candidate_tariff
394822,bge_non-hp_base_candidate_tariff_candidate_tariff
397853,bge_non-hp_base_candidate_tariff_candidate_tariff
223135,bge_non-hp_base_candidate_tariff_candidate_tariff
150938,bge_non-hp_base_candidate_tariff_candidate_tariff
12521,bge_non-hp_base_candidate_tariff_candidate_tariff
94378,bge_non-hp_base_candidate_tariff_candidate_tariff
384488,bge_hp_base_candidate_tariff_candidate_tariff
377741,bge_non-hp_base_candidate_tariff_candidate_tariff
283326,bge_non-hp_base_candidate_tariff_candidate_tariff
291566,bge_non-hp_base_candidate_tariff_candidate_tariff
415041,bge_non-hp_base_candidate_tariff_candidate_tariff
430390,bge_non-hp_base_candidate_tariff_candidate_tariff
209790,bge_non-hp_base_candidate_tariff_candidate_tariff
530801,bge_non-hp_base_candidate_tariff_candidate_tariff
50349,bge_non-hp_base_candidate_tariff_candidate_tariff
113339,bge_non-hp_base_candidate_tariff_candidate_tariff
131340,bge_non-hp_base_candidate_tariff_candidate_tariff
170081,bge_non-hp_base_candidate_tariff_candidate_tariff
258383,bge_non-hp_base_candidate_tariff_candidate_tariff
338472,bge_hp_base_candidate_tariff_candidate_tariff
368866,bge_non-hp_base_candidate_tariff_candidate_tariff
415124,bge_non-hp_base_candidate_tariff_candidate_tariff
416954,bge_non-hp_base_candidate_tariff_candidate_tariff
418264,bge_non-hp_base_candidate_tariff_candidate_tariff
424431,bge_non-hp_base_candidate_tariff_candidate_tariff
437569,bge_non-hp_base_candidate_tariff_candidate_tariff
440778,bge_non-hp_base_candidate_tariff_candidate_tariff
448656,bge_non-hp_base_candidate_tariff_candidate_tariff
450543,bge_non-hp_base_candidate_tariff_candidate_tariff
453913,bge_non-hp_base_candidate_tariff_candidate_tariff
456086,bge_non-hp_base_candidate_tariff_candidate_tariff
456976,bge_non-hp_base_candidate_tariff_candidate_tariff
464111,bge_hp_base_candidate_tariff_candidate_tariff
470610,bge_non-hp_base_candidate_tariff_candidate_tariff
474457,bge_non-hp_base_candidate_tariff_candidate_tariff
479647,bge_non-hp_base_candidate_tariff_candidate_tariff
480480,bge_non-hp_base_candidate_tariff_candidate_tariff
485309,bge_non-hp_base_candidate_tariff_candidate_tariff
485892,bge_non-hp_base_candidate_tariff_candidate_tariff
494659,bge_non-hp_base_candidate_tariff_candidate_tariff
501632,bge_non-hp_base_candidate_tariff_candidate_tariff
511760,bge_hp_base_candidate_tariff_candidate_tariff
522408,bge_non-hp_base_candidate_tariff_candidate_tariff
523072,bge_hp_base_candidate_tariff_candidate_tariff
524576,bge_non-hp_base_candidate_tariff_candidate_tariff
541607,bge_non-hp_base_candidate_tariff_candidate_tariff
543249,bge_non-hp_base_candidate_tariff_candidate_tariff
544948,bge_hp_base_candidate_tariff_candidate_tariff
549798,bge_non-hp_base_candidate_tariff_candidate_tariff
69540,bge_non-hp_base_candidate_tariff_candidate_tariff
70995,bge_hp_base_candidate_tariff_candidate_tariff
74688,bge_non-hp_base_candidate_tariff_candidate_tariff
75177,bge_non-hp_base_candidate_tariff_candidate_tariff
102879,bge_hp_base_candidate_tariff_candidate_tariff
115240,bge_non-hp_base_candidate_tariff_candidate_tariff
121776,bge_non-hp_base_candidate_tariff_candidate_tariff
130550,bge_non-hp_base_candidate_tariff_candidate_tariff
135078,bge_non-hp_base_candidate_tariff_candidate_tariff
135959,bge_non-hp_base_candidate_tariff_candidate_tariff
377210,bge_non-hp_base_candidate_tariff_candidate_tariff
159408,bge_hp_base_candidate_tariff_candidate_tariff
183413,bge_non-hp_base_candidate_tariff_candidate_tariff
304151,bge_hp_base_candidate_tariff_candidate_tariff
521968,bge_non-hp_base_candidate_tariff_candidate_tariff
365278,bge_hp_base_candidate_tariff_candidate_tariff
145786,bge_non-hp_base_candidate_tariff_candidate_tariff
183012,bge_hp_base_candidate_tariff_candidate_tariff
425248,bge_hp_base_candidate_tariff_candidate_tariff
436676,bge_non-hp_base_candidate_tariff_candidate_tariff
440150,bge_hp_base_candidate_tariff_candidate_tariff
500762,bge_non-hp_base_candidate_tariff_candidate_tariff
330384,bge_non-hp_base_candidate_tariff_candidate_tariff
342417,bge_non-hp_base_candidate_tariff_candidate_tariff
213504,bge_hp_base_candidate_tariff_candidate_tariff
218057,bge_hp_base_candidate_tariff_candidate_tariff
237512,bge_non-hp_base_candidate_tariff_candidate_tariff
237561,bge_non-hp_base_candidate_tariff_candidate_tariff
276297,bge_non-hp_base_candidate_tariff_candidate_tariff
360156,bge_non-hp_base_candidate_tariff_candidate_tariff
303319,bge_non-hp_base_candidate_tariff_candidate_tariff
307428,bge_non-hp_base_candidate_tariff_candidate_tariff
328415,bge_non-hp_base_candidate_tariff_candidate_tariff
417679,bge_non-hp_base_candidate_tariff_candidate_tariff
166850,bge_non-hp_base_candidate_tariff_candidate_tariff
186670,bge_non-hp_base_candidate_tariff_candidate_tariff
193103,bge_non-hp_base_candidate_tariff_candidate_tariff
241846,bge_non-hp_base_candidate_tariff_candidate_tariff
244880,bge_non-hp_base_candidate_tariff_candidate_tariff
250495,bge_non-hp_base_candidate_tariff_candidate_tariff
253317,bge_non-hp_base_candidate_tariff_candidate_tariff
262519,bge_hp_base_candidate_tariff_candidate_tariff
264933,bge_non-hp_base_candidate_tariff_candidate_tariff
270210,bge_non-hp_base_candidate_tariff_candidate_tariff
273726,bge_hp_base_candidate_tariff_candidate_tariff
273986,bge_non-hp_base_candidate_tariff_candidate_tariff
498838,bge_hp_base_candidate_tariff_candidate_tariff
340273,bge_non-hp_base_candidate_tariff_candidate_tariff
347905,bge_non-hp_base_candidate_tariff_candidate_tariff
392696,bge_non-hp_base_candidate_tariff_candidate_tariff
6657,bge_non-hp_base_candidate_tariff_candidate_tariff
336422,bge_non-hp_base_candidate_tariff_candidate_tariff
106779,bge_non-hp_base_candidate_tariff_candidate_tariff
318194,bge_non-hp_base_candidate_tariff_candidate_tariff
414307,bge_hp_base_candidate_tariff_candidate_tariff
441313,bge_non-hp_base_candidate_tariff_candidate_tariff
460226,bge_non-hp_base_candidate_tariff_candidate_tariff
53334,bge_hp_base_candidate_tariff_candidate_tariff
71307,bge_hp_base_candidate_tariff_candidate_tariff
114789,bge_hp_base_candidate_tariff_candidate_tariff
297220,bge_hp_base_candidate_tariff_candidate_tariff
402379,bge_non-hp_base_candidate_tariff_candidate_tariff
291065,bge_non-hp_base_candidate_tariff_candidate_tariff
333633,bge_hp_base_candidate_tariff_candidate_tariff
343524,bge_non-hp_base_candidate_tariff_candidate_tariff
77509,bge_non-hp_base_candidate_tariff_candidate_tariff
280248,bge_non-hp_base_candidate_tariff_candidate_tariff
408872,bge_non-hp_base_candidate_tariff_candidate_tariff
198087,bge_non-hp_base_candidate_tariff_candidate_tariff
56907,bge_non-hp_base_candidate_tariff_candidate_tariff
228833,bge_hp_base_candidate_tariff_candidate_tariff
50662,bge_non-hp_base_candidate_tariff_candidate_tariff
526299,bge_non-hp_base_candidate_tariff_candidate_tariff
421768,bge_hp_base_candidate_tariff_candidate_tariff
430958,bge_non-hp_base_candidate_tariff_candidate_tariff
4451,bge_hp_base_candidate_tariff_candidate_tariff
14233,bge_non-hp_base_candidate_tariff_candidate_tariff
19931,bge_non-hp_base_candidate_tariff_candidate_tariff
21996,bge_hp_base_candidate_tariff_candidate_tariff
48699,bge_non-hp_base_candidate_tariff_candidate_tariff
74496,bge_non-hp_base_candidate_tariff_candidate_tariff
97792,bge_non-hp_base_candidate_tariff_candidate_tariff
102616,bge_non-hp_base_candidate_tariff_candidate_tariff
109074,bge_non-hp_base_candidate_tariff_candidate_tariff
158743,bge_non-hp_base_candidate_tariff_candidate_tariff
184530,bge_non-hp_base_candidate_tariff_candidate_tariff
204150,bge_non-hp_base_candidate_tariff_candidate_tariff
415588,bge_hp_base_candidate_tariff_candidate_tariff
482005,bge_non-hp_base_candidate_tariff_candidate_tariff
534742,bge_non-hp_base_candidate_tariff_candidate_tariff
549096,bge_non-hp_base_candidate_tariff_candidate_tariff
102092,bge_non-hp_base_candidate_tariff_candidate_tariff
316024,bge_non-hp_base_candidate_tariff_candidate_tariff
465520,bge_hp_base_candidate_tariff_candidate_tariff
241802,bge_non-hp_base_candidate_tariff_candidate_tariff
421752,bge_non-hp_base_candidate_tariff_candidate_tariff
255805,bge_non-hp_base_candidate_tariff_candidate_tariff
365352,bge_non-hp_base_candidate_tariff_candidate_tariff
459139,bge_non-hp_base_candidate_tariff_candidate_tariff
20717,bge_hp_base_candidate_tariff_candidate_tariff
94939,bge_non-hp_base_candidate_tariff_candidate_tariff
313055,bge_hp_base_candidate_tariff_candidate_tariff
347281,bge_non-hp_base_candidate_tariff_candidate_tariff
383603,bge_hp_base_candidate_tariff_candidate_tariff
50274,bge_non-hp_base_candidate_tariff_candidate_tariff
30142,bge_non-hp_base_candidate_tariff_candidate_tariff
293130,bge_non-hp_base_candidate_tariff_candidate_tariff
533599,bge_non-hp_base_candidate_tariff_candidate_tariff
545798,bge_non-hp_base_candidate_tariff_candidate_tariff
351013,bge_non-hp_base_candidate_tariff_candidate_tariff
231579,bge_non-hp_base_candidate_tariff_candidate_tariff
429695,bge_non-hp_base_candidate_tariff_candidate_tariff
523502,bge_non-hp_base_candidate_tariff_candidate_tariff
430806,bge_non-hp_base_candidate_tariff_candidate_tariff
18742,bge_non-hp_base_candidate_tariff_candidate_tariff
375939,bge_non-hp_base_candidate_tariff_candidate_tariff
429336,bge_non-hp_base_candidate_tariff_candidate_tariff
4039,bge_non-hp_base_candidate_tariff_candidate_tariff
32870,bge_hp_base_candidate_tariff_candidate_tariff
96992,bge_non-hp_base_candidate_tariff_candidate_tariff
267983,bge_non-hp_base_candidate_tariff_candidate_tariff
422128,bge_non-hp_base_candidate_tariff_candidate_tariff
448375,bge_hp_base_candidate_tariff_candidate_tariff
466511,bge_non-hp_base_candidate_tariff_candidate_tariff
474555,bge_hp_base_candidate_tariff_candidate_tariff
492640,bge_non-hp_base_candidate_tariff_candidate_tariff
505758,bge_non-hp_base_candidate_tariff_candidate_tariff
12074,bge_non-hp_base_candidate_tariff_candidate_tariff
18743,bge_non-hp_base_candidate_tariff_candidate_tariff
25154,bge_hp_base_candidate_tariff_candidate_tariff
26826,bge_non-hp_base_candidate_tariff_candidate_tariff
45554,bge_non-hp_base_candidate_tariff_candidate_tariff
57827,bge_non-hp_base_candidate_tariff_candidate_tariff
62246,bge_non-hp_base_candidate_tariff_candidate_tariff
86299,bge_non-hp_base_candidate_tariff_candidate_tariff
165520,bge_non-hp_base_candidate_tariff_candidate_tariff
398577,bge_non-hp_base_candidate_tariff_candidate_tariff
170802,bge_non-hp_base_candidate_tariff_candidate_tariff
340286,bge_hp_base_candidate_tariff_candidate_tariff
246665,bge_non-hp_base_candidate_tariff_candidate_tariff
137947,bge_non-hp_base_candidate_tariff_candidate_tariff
141248,bge_non-hp_base_candidate_tariff_candidate_tariff
182615,bge_non-hp_base_candidate_tariff_candidate_tariff
199517,bge_hp_base_candidate_tariff_candidate_tariff
212506,bge_non-hp_base_candidate_tariff_candidate_tariff
235031,bge_non-hp_base_candidate_tariff_candidate_tariff
311785,bge_non-hp_base_candidate_tariff_candidate_tariff
291205,bge_non-hp_base_candidate_tariff_candidate_tariff
311865,bge_non-hp_base_candidate_tariff_candidate_tariff
323771,bge_non-hp_base_candidate_tariff_candidate_tariff
420980,bge_non-hp_base_candidate_tariff_candidate_tariff
422694,bge_non-hp_base_candidate_tariff_candidate_tariff
427971,bge_hp_base_candidate_tariff_candidate_tariff
437940,bge_non-hp_base_candidate_tariff_candidate_tariff
460804,bge_non-hp_base_candidate_tariff_candidate_tariff
469920,bge_non-hp_base_candidate_tariff_candidate_tariff
472735,bge_non-hp_base_candidate_tariff_candidate_tariff
495754,bge_non-hp_base_candidate_tariff_candidate_tariff
498150,bge_non-hp_base_candidate_tariff_candidate_tariff
498775,bge_non-hp_base_candidate_tariff_candidate_tariff
513533,bge_non-hp_base_candidate_tariff_candidate_tariff
515536,bge_non-hp_base_candidate_tariff_candidate_tariff
527490,bge_non-hp_base_candidate_tariff_candidate_tariff
12015,bge_non-hp_base_candidate_tariff_candidate_tariff
12687,bge_non-hp_base_candidate_tariff_candidate_tariff
14414,bge_non-hp_base_candidate_tariff_candidate_tariff
16459,bge_non-hp_base_candidate_tariff_candidate_tariff
23548,bge_non-hp_base_candidate_tariff_candidate_tariff
31771,bge_hp_base_candidate_tariff_candidate_tariff
34189,bge_hp_base_candidate_tariff_candidate_tariff
34649,bge_hp_base_candidate_tariff_candidate_tariff
37868,bge_hp_base_candidate_tariff_candidate_tariff
41813,bge_non-hp_base_candidate_tariff_candidate_tariff
44806,bge_non-hp_base_candidate_tariff_candidate_tariff
45198,bge_non-hp_base_candidate_tariff_candidate_tariff
47280,bge_non-hp_base_candidate_tariff_candidate_tariff
47374,bge_non-hp_base_candidate_tariff_candidate_tariff
48559,bge_non-hp_base_candidate_tariff_candidate_tariff
55402,bge_non-hp_base_candidate_tariff_candidate_tariff
65359,bge_hp_base_candidate_tariff_candidate_tariff
66345,bge_non-hp_base_candidate_tariff_candidate_tariff
68256,bge_non-hp_base_candidate_tariff_candidate_tariff
78658,bge_hp_base_candidate_tariff_candidate_tariff
80014,bge_hp_base_candidate_tariff_candidate_tariff
82070,bge_non-hp_base_candidate_tariff_candidate_tariff
84609,bge_non-hp_base_candidate_tariff_candidate_tariff
91950,bge_hp_base_candidate_tariff_candidate_tariff
92205,bge_non-hp_base_candidate_tariff_candidate_tariff
93187,bge_non-hp_base_candidate_tariff_candidate_tariff
93997,bge_hp_base_candidate_tariff_candidate_tariff
99149,bge_non-hp_base_candidate_tariff_candidate_tariff
107304,bge_non-hp_base_candidate_tariff_candidate_tariff
118528,bge_non-hp_base_candidate_tariff_candidate_tariff
125432,bge_non-hp_base_candidate_tariff_candidate_tariff
126663,bge_hp_base_candidate_tariff_candidate_tariff
129618,bge_non-hp_base_candidate_tariff_candidate_tariff
136559,bge_non-hp_base_candidate_tariff_candidate_tariff
136754,bge_non-hp_base_candidate_tariff_candidate_tariff
344109,bge_non-hp_base_candidate_tariff_candidate_tariff
280531,bge_non-hp_base_candidate_tariff_candidate_tariff
179972,bge_non-hp_base_candidate_tariff_candidate_tariff
160200,bge_non-hp_base_candidate_tariff_candidate_tariff
372583,bge_non-hp_base_candidate_tariff_candidate_tariff
151290,bge_non-hp_base_candidate_tariff_candidate_tariff
200395,bge_non-hp_base_candidate_tariff_candidate_tariff
287572,bge_non-hp_base_candidate_tariff_candidate_tariff
399998,bge_hp_base_candidate_tariff_candidate_tariff
347773,bge_non-hp_base_candidate_tariff_candidate_tariff
402226,bge_non-hp_base_candidate_tariff_candidate_tariff
206473,bge_non-hp_base_candidate_tariff_candidate_tariff
309179,bge_non-hp_base_candidate_tariff_candidate_tariff
343712,bge_non-hp_base_candidate_tariff_candidate_tariff
138141,bge_hp_base_candidate_tariff_candidate_tariff
139255,bge_hp_base_candidate_tariff_candidate_tariff
143757,bge_hp_base_candidate_tariff_candidate_tariff
144065,bge_non-hp_base_candidate_tariff_candidate_tariff
148392,bge_non-hp_base_candidate_tariff_candidate_tariff
148896,bge_hp_base_candidate_tariff_candidate_tariff
165038,bge_non-hp_base_candidate_tariff_candidate_tariff
169177,bge_non-hp_base_candidate_tariff_candidate_tariff
171788,bge_non-hp_base_candidate_tariff_candidate_tariff
176449,bge_non-hp_base_candidate_tariff_candidate_tariff
184897,bge_non-hp_base_candidate_tariff_candidate_tariff
188649,bge_non-hp_base_candidate_tariff_candidate_tariff
195391,bge_non-hp_base_candidate_tariff_candidate_tariff
201708,bge_non-hp_base_candidate_tariff_candidate_tariff
209406,bge_non-hp_base_candidate_tariff_candidate_tariff
217072,bge_non-hp_base_candidate_tariff_candidate_tariff
218927,bge_non-hp_base_candidate_tariff_candidate_tariff
219976,bge_non-hp_base_candidate_tariff_candidate_tariff
226841,bge_non-hp_base_candidate_tariff_candidate_tariff
228181,bge_non-hp_base_candidate_tariff_candidate_tariff
229591,bge_hp_base_candidate_tariff_candidate_tariff
243497,bge_non-hp_base_candidate_tariff_candidate_tariff
269081,bge_non-hp_base_candidate_tariff_candidate_tariff
274896,bge_hp_base_candidate_tariff_candidate_tariff
383203,bge_non-hp_base_candidate_tariff_candidate_tariff
402061,bge_non-hp_base_candidate_tariff_candidate_tariff
280346,bge_non-hp_base_candidate_tariff_candidate_tariff
335978,bge_non-hp_base_candidate_tariff_candidate_tariff
355368,bge_non-hp_base_candidate_tariff_candidate_tariff
372811,bge_non-hp_base_candidate_tariff_candidate_tariff
307365,bge_non-hp_base_candidate_tariff_candidate_tariff
301710,bge_non-hp_base_candidate_tariff_candidate_tariff
310230,bge_hp_base_candidate_tariff_candidate_tariff
375370,bge_hp_base_candidate_tariff_candidate_tariff
374892,bge_non-hp_base_candidate_tariff_candidate_tariff
294752,bge_non-hp_base_candidate_tariff_candidate_tariff
327308,bge_hp_base_candidate_tariff_candidate_tariff
339872,bge_non-hp_base_candidate_tariff_candidate_tariff
278875,bge_non-hp_base_candidate_tariff_candidate_tariff
288432,bge_non-hp_base_candidate_tariff_candidate_tariff
295308,bge_non-hp_base_candidate_tariff_candidate_tariff
328900,bge_non-hp_base_candidate_tariff_candidate_tariff
358729,bge_non-hp_base_candidate_tariff_candidate_tariff
366264,bge_non-hp_base_candidate_tariff_candidate_tariff
370820,bge_hp_base_candidate_tariff_candidate_tariff
373706,bge_non-hp_base_candidate_tariff_candidate_tariff
113318,bge_non-hp_base_candidate_tariff_candidate_tariff
351437,bge_non-hp_base_candidate_tariff_candidate_tariff
400824,bge_hp_base_candidate_tariff_candidate_tariff
410631,bge_hp_base_candidate_tariff_candidate_tariff
350703,bge_hp_base_candidate_tariff_candidate_tariff
362982,bge_hp_base_candidate_tariff_candidate_tariff
414549,bge_hp_base_candidate_tariff_candidate_tariff
423113,bge_non-hp_base_candidate_tariff_candidate_tariff
431186,bge_non-hp_base_candidate_tariff_candidate_tariff
302179,bge_non-hp_base_candidate_tariff_candidate_tariff
235451,bge_non-hp_base_candidate_tariff_candidate_tariff
359077,bge_non-hp_base_candidate_tariff_candidate_tariff
435539,bge_non-hp_base_candidate_tariff_candidate_tariff
440062,bge_non-hp_base_candidate_tariff_candidate_tariff
452113,bge_non-hp_base_candidate_tariff_candidate_tariff
454687,bge_hp_base_candidate_tariff_candidate_tariff
459387,bge_non-hp_base_candidate_tariff_candidate_tariff
464847,bge_non-hp_base_candidate_tariff_candidate_tariff
467684,bge_non-hp_base_candidate_tariff_candidate_tariff
468383,bge_non-hp_base_candidate_tariff_candidate_tariff
470898,bge_non-hp_base_candidate_tariff_candidate_tariff
472134,bge_non-hp_base_candidate_tariff_candidate_tariff
473045,bge_hp_base_candidate_tariff_candidate_tariff
488639,bge_non-hp_base_candidate_tariff_candidate_tariff
495638,bge_non-hp_base_candidate_tariff_candidate_tariff
496325,bge_non-hp_base_candidate_tariff_candidate_tariff
498976,bge_non-hp_base_candidate_tariff_candidate_tariff
505706,bge_non-hp_base_candidate_tariff_candidate_tariff
506182,bge_non-hp_base_candidate_tariff_candidate_tariff
516140,bge_non-hp_base_candidate_tariff_candidate_tariff
527220,bge_non-hp_base_candidate_tariff_candidate_tariff
535803,bge_non-hp_base_candidate_tariff_candidate_tariff
542781,bge_non-hp_base_candidate_tariff_candidate_tariff
545716,bge_non-hp_base_candidate_tariff_candidate_tariff
30516,bge_non-hp_base_candidate_tariff_candidate_tariff
88449,bge_hp_base_candidate_tariff_candidate_tariff
107652,bge_non-hp_base_candidate_tariff_candidate_tariff
116979,bge_non-hp_base_candidate_tariff_candidate_tariff
118619,bge_non-hp_base_candidate_tariff_candidate_tariff
124183,bge_non-hp_base_candidate_tariff_candidate_tariff
124426,bge_hp_base_candidate_tariff_candidate_tariff
126159,bge_non-hp_base_candidate_tariff_candidate_tariff
128223,bge_non-hp_base_candidate_tariff_candidate_tariff
135937,bge_hp_base_candidate_tariff_candidate_tariff
407030,bge_non-hp_base_candidate_tariff_candidate_tariff
308353,bge_non-hp_base_candidate_tariff_candidate_tariff
323808,bge_non-hp_base_candidate_tariff_candidate_tariff
143624,bge_non-hp_base_candidate_tariff_candidate_tariff
285109,bge_non-hp_base_candidate_tariff_candidate_tariff
311054,bge_non-hp_base_candidate_tariff_candidate_tariff
152881,bge_non-hp_base_candidate_tariff_candidate_tariff
203405,bge_hp_base_candidate_tariff_candidate_tariff
296393,bge_non-hp_base_candidate_tariff_candidate_tariff
456019,bge_non-hp_base_candidate_tariff_candidate_tariff
475708,bge_non-hp_base_candidate_tariff_candidate_tariff
275728,bge_hp_base_candidate_tariff_candidate_tariff
336292,bge_non-hp_base_candidate_tariff_candidate_tariff
179882,bge_non-hp_base_candidate_tariff_candidate_tariff
264705,bge_non-hp_base_candidate_tariff_candidate_tariff
160851,bge_hp_base_candidate_tariff_candidate_tariff
155072,bge_non-hp_base_candidate_tariff_candidate_tariff
190034,bge_non-hp_base_candidate_tariff_candidate_tariff
271320,bge_non-hp_base_candidate_tariff_candidate_tariff
398356,bge_non-hp_base_candidate_tariff_candidate_tariff
341173,bge_non-hp_base_candidate_tariff_candidate_tariff
350636,bge_hp_base_candidate_tariff_candidate_tariff
391690,bge_hp_base_candidate_tariff_candidate_tariff
177160,bge_non-hp_base_candidate_tariff_candidate_tariff
454971,bge_non-hp_base_candidate_tariff_candidate_tariff
247702,bge_non-hp_base_candidate_tariff_candidate_tariff
254062,bge_hp_base_candidate_tariff_candidate_tariff
256757,bge_non-hp_base_candidate_tariff_candidate_tariff
263656,bge_non-hp_base_candidate_tariff_candidate_tariff
264108,bge_non-hp_base_candidate_tariff_candidate_tariff
265769,bge_non-hp_base_candidate_tariff_candidate_tariff
267771,bge_hp_base_candidate_tariff_candidate_tariff
270795,bge_non-hp_base_candidate_tariff_candidate_tariff
73923,bge_hp_base_candidate_tariff_candidate_tariff
373103,bge_non-hp_base_candidate_tariff_candidate_tariff
367542,bge_non-hp_base_candidate_tariff_candidate_tariff
380482,bge_non-hp_base_candidate_tariff_candidate_tariff
493945,bge_non-hp_base_candidate_tariff_candidate_tariff
503362,bge_non-hp_base_candidate_tariff_candidate_tariff
356885,bge_non-hp_base_candidate_tariff_candidate_tariff
329189,bge_non-hp_base_candidate_tariff_candidate_tariff
398676,bge_non-hp_base_candidate_tariff_candidate_tariff
431592,bge_non-hp_base_candidate_tariff_candidate_tariff
475494,bge_non-hp_base_candidate_tariff_candidate_tariff
87718,bge_non-hp_base_candidate_tariff_candidate_tariff
379975,bge_non-hp_base_candidate_tariff_candidate_tariff
288293,bge_hp_base_candidate_tariff_candidate_tariff
380922,bge_non-hp_base_candidate_tariff_candidate_tariff
383690,bge_non-hp_base_candidate_tariff_candidate_tariff
364962,bge_non-hp_base_candidate_tariff_candidate_tariff
368236,bge_hp_base_candidate_tariff_candidate_tariff
383119,bge_non-hp_base_candidate_tariff_candidate_tariff
384851,bge_hp_base_candidate_tariff_candidate_tariff
388225,bge_non-hp_base_candidate_tariff_candidate_tariff
60340,bge_non-hp_base_candidate_tariff_candidate_tariff
250857,bge_non-hp_base_candidate_tariff_candidate_tariff
192097,bge_hp_base_candidate_tariff_candidate_tariff
169221,bge_non-hp_base_candidate_tariff_candidate_tariff
128928,bge_hp_base_candidate_tariff_candidate_tariff
93864,bge_non-hp_base_candidate_tariff_candidate_tariff
61407,bge_non-hp_base_candidate_tariff_candidate_tariff
165706,bge_non-hp_base_candidate_tariff_candidate_tariff
163232,bge_non-hp_base_candidate_tariff_candidate_tariff
65172,bge_non-hp_base_candidate_tariff_candidate_tariff
482806,bge_non-hp_base_candidate_tariff_candidate_tariff
212069,bge_non-hp_base_candidate_tariff_candidate_tariff
142,bge_non-hp_base_candidate_tariff_candidate_tariff
234539,bge_hp_base_candidate_tariff_candidate_tariff
6183,bge_hp_base_candidate_tariff_candidate_tariff
41726,bge_non-hp_base_candidate_tariff_candidate_tariff
56795,bge_non-hp_base_candidate_tariff_candidate_tariff
439208,bge_non-hp_base_candidate_tariff_candidate_tariff
439781,bge_hp_base_candidate_tariff_candidate_tariff
469561,bge_non-hp_base_candidate_tariff_candidate_tariff
53483,bge_non-hp_base_candidate_tariff_candidate_tariff
57110,bge_non-hp_base_candidate_tariff_candidate_tariff
65345,bge_non-hp_base_candidate_tariff_candidate_tariff
104770,bge_non-hp_base_candidate_tariff_candidate_tariff
122167,bge_non-hp_base_candidate_tariff_candidate_tariff
188264,bge_non-hp_base_candidate_tariff_candidate_tariff
215570,bge_non-hp_base_candidate_tariff_candidate_tariff
140665,bge_non-hp_base_candidate_tariff_candidate_tariff
213325,bge_non-hp_base_candidate_tariff_candidate_tariff
214506,bge_hp_base_candidate_tariff_candidate_tariff
445615,bge_non-hp_base_candidate_tariff_candidate_tariff
450607,bge_hp_base_candidate_tariff_candidate_tariff
510116,bge_non-hp_base_candidate_tariff_candidate_tariff
534267,bge_non-hp_base_candidate_tariff_candidate_tariff
91582,bge_non-hp_base_candidate_tariff_candidate_tariff
116824,bge_non-hp_base_candidate_tariff_candidate_tariff
123114,bge_hp_base_candidate_tariff_candidate_tariff
484907,bge_hp_base_candidate_tariff_candidate_tariff
502464,bge_hp_base_candidate_tariff_candidate_tariff
252196,bge_non-hp_base_candidate_tariff_candidate_tariff
167804,bge_non-hp_base_candidate_tariff_candidate_tariff
366515,bge_non-hp_base_candidate_tariff_candidate_tariff
164177,bge_non-hp_base_candidate_tariff_candidate_tariff
167071,bge_non-hp_base_candidate_tariff_candidate_tariff
216803,bge_non-hp_base_candidate_tariff_candidate_tariff
150644,bge_non-hp_base_candidate_tariff_candidate_tariff
445087,bge_hp_base_candidate_tariff_candidate_tariff
403332,bge_non-hp_base_candidate_tariff_candidate_tariff
254922,bge_non-hp_base_candidate_tariff_candidate_tariff
418270,bge_non-hp_base_candidate_tariff_candidate_tariff
237912,bge_non-hp_base_candidate_tariff_candidate_tariff
9106,bge_hp_base_candidate_tariff_candidate_tariff
298095,bge_hp_base_candidate_tariff_candidate_tariff
420075,bge_hp_base_candidate_tariff_candidate_tariff
434112,bge_non-hp_base_candidate_tariff_candidate_tariff
70052,bge_non-hp_base_candidate_tariff_candidate_tariff
474044,bge_hp_base_candidate_tariff_candidate_tariff
476577,bge_non-hp_base_candidate_tariff_candidate_tariff
22535,bge_hp_base_candidate_tariff_candidate_tariff
90597,bge_non-hp_base_candidate_tariff_candidate_tariff
492635,bge_non-hp_base_candidate_tariff_candidate_tariff
255855,bge_non-hp_base_candidate_tariff_candidate_tariff
149432,bge_non-hp_base_candidate_tariff_candidate_tariff
191209,bge_non-hp_base_candidate_tariff_candidate_tariff
232913,bge_non-hp_base_candidate_tariff_candidate_tariff
423015,bge_non-hp_base_candidate_tariff_candidate_tariff
431725,bge_hp_base_candidate_tariff_candidate_tariff
517433,bge_hp_base_candidate_tariff_candidate_tariff
422802,bge_non-hp_base_candidate_tariff_candidate_tariff
435449,bge_non-hp_base_candidate_tariff_candidate_tariff
448831,bge_non-hp_base_candidate_tariff_candidate_tariff
543996,bge_non-hp_base_candidate_tariff_candidate_tariff
1792,bge_non-hp_base_candidate_tariff_candidate_tariff
9958,bge_non-hp_base_candidate_tariff_candidate_tariff
24262,bge_hp_base_candidate_tariff_candidate_tariff
26762,bge_non-hp_base_candidate_tariff_candidate_tariff
84408,bge_non-hp_base_candidate_tariff_candidate_tariff
183558,bge_non-hp_base_candidate_tariff_candidate_tariff
355792,bge_non-hp_base_candidate_tariff_candidate_tariff
379091,bge_non-hp_base_candidate_tariff_candidate_tariff
171512,bge_hp_base_candidate_tariff_candidate_tariff
206771,bge_non-hp_base_candidate_tariff_candidate_tariff
252016,bge_non-hp_base_candidate_tariff_candidate_tariff
262560,bge_non-hp_base_candidate_tariff_candidate_tariff
270948,bge_non-hp_base_candidate_tariff_candidate_tariff
299943,bge_non-hp_base_candidate_tariff_candidate_tariff
357539,bge_non-hp_base_candidate_tariff_candidate_tariff
297790,bge_hp_base_candidate_tariff_candidate_tariff
387740,bge_non-hp_base_candidate_tariff_candidate_tariff
324205,bge_non-hp_base_candidate_tariff_candidate_tariff
381535,bge_non-hp_base_candidate_tariff_candidate_tariff
390328,bge_non-hp_base_candidate_tariff_candidate_tariff
390913,bge_non-hp_base_candidate_tariff_candidate_tariff
438504,bge_non-hp_base_candidate_tariff_candidate_tariff
456332,bge_non-hp_base_candidate_tariff_candidate_tariff
458642,bge_hp_base_candidate_tariff_candidate_tariff
458854,bge_non-hp_base_candidate_tariff_candidate_tariff
464502,bge_non-hp_base_candidate_tariff_candidate_tariff
466967,bge_hp_base_candidate_tariff_candidate_tariff
468698,bge_non-hp_base_candidate_tariff_candidate_tariff
477958,bge_hp_base_candidate_tariff_candidate_tariff
485893,bge_non-hp_base_candidate_tariff_candidate_tariff
496149,bge_non-hp_base_candidate_tariff_candidate_tariff
516381,bge_non-hp_base_candidate_tariff_candidate_tariff
529214,bge_non-hp_base_candidate_tariff_candidate_tariff
3837,bge_non-hp_base_candidate_tariff_candidate_tariff
4227,bge_non-hp_base_candidate_tariff_candidate_tariff
8483,bge_non-hp_base_candidate_tariff_candidate_tariff
10147,bge_non-hp_base_candidate_tariff_candidate_tariff
11582,bge_non-hp_base_candidate_tariff_candidate_tariff
16718,bge_non-hp_base_candidate_tariff_candidate_tariff
19034,bge_non-hp_base_candidate_tariff_candidate_tariff
19264,bge_hp_base_candidate_tariff_candidate_tariff
19642,bge_non-hp_base_candidate_tariff_candidate_tariff
22644,bge_non-hp_base_candidate_tariff_candidate_tariff
30101,bge_hp_base_candidate_tariff_candidate_tariff
33225,bge_non-hp_base_candidate_tariff_candidate_tariff
33645,bge_non-hp_base_candidate_tariff_candidate_tariff
45164,bge_non-hp_base_candidate_tariff_candidate_tariff
48152,bge_non-hp_base_candidate_tariff_candidate_tariff
61216,bge_hp_base_candidate_tariff_candidate_tariff
67907,bge_non-hp_base_candidate_tariff_candidate_tariff
70941,bge_non-hp_base_candidate_tariff_candidate_tariff
73834,bge_non-hp_base_candidate_tariff_candidate_tariff
80259,bge_hp_base_candidate_tariff_candidate_tariff
80932,bge_non-hp_base_candidate_tariff_candidate_tariff
90292,bge_hp_base_candidate_tariff_candidate_tariff
93253,bge_non-hp_base_candidate_tariff_candidate_tariff
98031,bge_non-hp_base_candidate_tariff_candidate_tariff
107426,bge_non-hp_base_candidate_tariff_candidate_tariff
108300,bge_non-hp_base_candidate_tariff_candidate_tariff
120186,bge_non-hp_base_candidate_tariff_candidate_tariff
120876,bge_non-hp_base_candidate_tariff_candidate_tariff
123644,bge_non-hp_base_candidate_tariff_candidate_tariff
123774,bge_non-hp_base_candidate_tariff_candidate_tariff
136464,bge_non-hp_base_candidate_tariff_candidate_tariff
327282,bge_non-hp_base_candidate_tariff_candidate_tariff
391426,bge_non-hp_base_candidate_tariff_candidate_tariff
238121,bge_non-hp_base_candidate_tariff_candidate_tariff
235308,bge_non-hp_base_candidate_tariff_candidate_tariff
278111,bge_non-hp_base_candidate_tariff_candidate_tariff
288926,bge_non-hp_base_candidate_tariff_candidate_tariff
193363,bge_non-hp_base_candidate_tariff_candidate_tariff
244476,bge_hp_base_candidate_tariff_candidate_tariff
274411,bge_non-hp_base_candidate_tariff_candidate_tariff
343157,bge_hp_base_candidate_tariff_candidate_tariff
200923,bge_non-hp_base_candidate_tariff_candidate_tariff
147473,bge_non-hp_base_candidate_tariff_candidate_tariff
163353,bge_non-hp_base_candidate_tariff_candidate_tariff
169523,bge_hp_base_candidate_tariff_candidate_tariff
197076,bge_non-hp_base_candidate_tariff_candidate_tariff
138833,bge_non-hp_base_candidate_tariff_candidate_tariff
143457,bge_non-hp_base_candidate_tariff_candidate_tariff
149623,bge_non-hp_base_candidate_tariff_candidate_tariff
149756,bge_non-hp_base_candidate_tariff_candidate_tariff
154601,bge_non-hp_base_candidate_tariff_candidate_tariff
154608,bge_non-hp_base_candidate_tariff_candidate_tariff
155015,bge_non-hp_base_candidate_tariff_candidate_tariff
156461,bge_hp_base_candidate_tariff_candidate_tariff
172049,bge_non-hp_base_candidate_tariff_candidate_tariff
179123,bge_hp_base_candidate_tariff_candidate_tariff
186815,bge_non-hp_base_candidate_tariff_candidate_tariff
187131,bge_hp_base_candidate_tariff_candidate_tariff
200001,bge_non-hp_base_candidate_tariff_candidate_tariff
200334,bge_hp_base_candidate_tariff_candidate_tariff
202291,bge_non-hp_base_candidate_tariff_candidate_tariff
219504,bge_non-hp_base_candidate_tariff_candidate_tariff
220588,bge_non-hp_base_candidate_tariff_candidate_tariff
221488,bge_non-hp_base_candidate_tariff_candidate_tariff
222434,bge_non-hp_base_candidate_tariff_candidate_tariff
222506,bge_non-hp_base_candidate_tariff_candidate_tariff
225063,bge_non-hp_base_candidate_tariff_candidate_tariff
237640,bge_non-hp_base_candidate_tariff_candidate_tariff
243786,bge_non-hp_base_candidate_tariff_candidate_tariff
246960,bge_non-hp_base_candidate_tariff_candidate_tariff
251773,bge_hp_base_candidate_tariff_candidate_tariff
255466,bge_non-hp_base_candidate_tariff_candidate_tariff
268524,bge_non-hp_base_candidate_tariff_candidate_tariff
281760,bge_non-hp_base_candidate_tariff_candidate_tariff
383140,bge_non-hp_base_candidate_tariff_candidate_tariff
353769,bge_hp_base_candidate_tariff_candidate_tariff
318477,bge_non-hp_base_candidate_tariff_candidate_tariff
309548,bge_non-hp_base_candidate_tariff_candidate_tariff
330787,bge_non-hp_base_candidate_tariff_candidate_tariff
287213,bge_non-hp_base_candidate_tariff_candidate_tariff
335312,bge_non-hp_base_candidate_tariff_candidate_tariff
390811,bge_non-hp_base_candidate_tariff_candidate_tariff
289285,bge_non-hp_base_candidate_tariff_candidate_tariff
317419,bge_non-hp_base_candidate_tariff_candidate_tariff
320240,bge_hp_base_candidate_tariff_candidate_tariff
338799,bge_non-hp_base_candidate_tariff_candidate_tariff
345275,bge_non-hp_base_candidate_tariff_candidate_tariff
345689,bge_non-hp_base_candidate_tariff_candidate_tariff
356563,bge_non-hp_base_candidate_tariff_candidate_tariff
361074,bge_non-hp_base_candidate_tariff_candidate_tariff
367451,bge_non-hp_base_candidate_tariff_candidate_tariff
372711,bge_non-hp_base_candidate_tariff_candidate_tariff
382820,bge_non-hp_base_candidate_tariff_candidate_tariff
388395,bge_non-hp_base_candidate_tariff_candidate_tariff
390119,bge_non-hp_base_candidate_tariff_candidate_tariff
406126,bge_hp_base_candidate_tariff_candidate_tariff
411261,bge_hp_base_candidate_tariff_candidate_tariff
98925,bge_non-hp_base_candidate_tariff_candidate_tariff
403292,bge_hp_base_candidate_tariff_candidate_tariff
146253,bge_non-hp_base_candidate_tariff_candidate_tariff
207011,bge_non-hp_base_candidate_tariff_candidate_tariff
390192,bge_non-hp_base_candidate_tariff_candidate_tariff
400276,bge_non-hp_base_candidate_tariff_candidate_tariff
421287,bge_non-hp_base_candidate_tariff_candidate_tariff
424126,bge_non-hp_base_candidate_tariff_candidate_tariff
424540,bge_non-hp_base_candidate_tariff_candidate_tariff
431439,bge_hp_base_candidate_tariff_candidate_tariff
432991,bge_non-hp_base_candidate_tariff_candidate_tariff
433504,bge_non-hp_base_candidate_tariff_candidate_tariff
434253,bge_non-hp_base_candidate_tariff_candidate_tariff
434750,bge_hp_base_candidate_tariff_candidate_tariff
450677,bge_non-hp_base_candidate_tariff_candidate_tariff
453788,bge_non-hp_base_candidate_tariff_candidate_tariff
458178,bge_hp_base_candidate_tariff_candidate_tariff
463746,bge_non-hp_base_candidate_tariff_candidate_tariff
474276,bge_non-hp_base_candidate_tariff_candidate_tariff
476349,bge_non-hp_base_candidate_tariff_candidate_tariff
477517,bge_hp_base_candidate_tariff_candidate_tariff
479234,bge_hp_base_candidate_tariff_candidate_tariff
479426,bge_non-hp_base_candidate_tariff_candidate_tariff
486689,bge_non-hp_base_candidate_tariff_candidate_tariff
488804,bge_non-hp_base_candidate_tariff_candidate_tariff
489482,bge_non-hp_base_candidate_tariff_candidate_tariff
490473,bge_non-hp_base_candidate_tariff_candidate_tariff
498223,bge_non-hp_base_candidate_tariff_candidate_tariff
511860,bge_non-hp_base_candidate_tariff_candidate_tariff
512728,bge_hp_base_candidate_tariff_candidate_tariff
517530,bge_non-hp_base_candidate_tariff_candidate_tariff
518479,bge_non-hp_base_candidate_tariff_candidate_tariff
519735,bge_hp_base_candidate_tariff_candidate_tariff
520591,bge_hp_base_candidate_tariff_candidate_tariff
527249,bge_non-hp_base_candidate_tariff_candidate_tariff
527594,bge_non-hp_base_candidate_tariff_candidate_tariff
530996,bge_non-hp_base_candidate_tariff_candidate_tariff
531095,bge_non-hp_base_candidate_tariff_candidate_tariff
533549,bge_non-hp_base_candidate_tariff_candidate_tariff
533771,bge_non-hp_base_candidate_tariff_candidate_tariff
534352,bge_hp_base_candidate_tariff_candidate_tariff
539483,bge_non-hp_base_candidate_tariff_candidate_tariff
547756,bge_non-hp_base_candidate_tariff_candidate_tariff
62595,bge_non-hp_base_candidate_tariff_candidate_tariff
63879,bge_non-hp_base_candidate_tariff_candidate_tariff
77800,bge_non-hp_base_candidate_tariff_candidate_tariff
86607,bge_hp_base_candidate_tariff_candidate_tariff
93403,bge_non-hp_base_candidate_tariff_candidate_tariff
94957,bge_hp_base_candidate_tariff_candidate_tariff
353933,bge_non-hp_base_candidate_tariff_candidate_tariff
208764,bge_non-hp_base_candidate_tariff_candidate_tariff
241477,bge_non-hp_base_candidate_tariff_candidate_tariff
308270,bge_non-hp_base_candidate_tariff_candidate_tariff
344314,bge_non-hp_base_candidate_tariff_candidate_tariff
234006,bge_non-hp_base_candidate_tariff_candidate_tariff
191627,bge_non-hp_base_candidate_tariff_candidate_tariff
176580,bge_non-hp_base_candidate_tariff_candidate_tariff
312140,bge_non-hp_base_candidate_tariff_candidate_tariff
497631,bge_non-hp_base_candidate_tariff_candidate_tariff
544001,bge_non-hp_base_candidate_tariff_candidate_tariff
183943,bge_non-hp_base_candidate_tariff_candidate_tariff
346507,bge_hp_base_candidate_tariff_candidate_tariff
230680,bge_hp_base_candidate_tariff_candidate_tariff
272841,bge_non-hp_base_candidate_tariff_candidate_tariff
277114,bge_hp_base_candidate_tariff_candidate_tariff
377565,bge_non-hp_base_candidate_tariff_candidate_tariff
373696,bge_hp_base_candidate_tariff_candidate_tariff
408058,bge_non-hp_base_candidate_tariff_candidate_tariff
290182,bge_non-hp_base_candidate_tariff_candidate_tariff
394936,bge_non-hp_base_candidate_tariff_candidate_tariff
212516,bge_hp_base_candidate_tariff_candidate_tariff
229316,bge_non-hp_base_candidate_tariff_candidate_tariff
243598,bge_non-hp_base_candidate_tariff_candidate_tariff
259504,bge_hp_base_candidate_tariff_candidate_tariff
464105,bge_non-hp_base_candidate_tariff_candidate_tariff
530167,bge_non-hp_base_candidate_tariff_candidate_tariff
530494,bge_non-hp_base_candidate_tariff_candidate_tariff
278901,bge_hp_base_candidate_tariff_candidate_tariff
289633,bge_non-hp_base_candidate_tariff_candidate_tariff
6958,bge_non-hp_base_candidate_tariff_candidate_tariff
372080,bge_hp_base_candidate_tariff_candidate_tariff
368249,bge_hp_base_candidate_tariff_candidate_tariff
462275,bge_non-hp_base_candidate_tariff_candidate_tariff
498700,bge_non-hp_base_candidate_tariff_candidate_tariff
3921,bge_non-hp_base_candidate_tariff_candidate_tariff
22224,bge_hp_base_candidate_tariff_candidate_tariff
22523,bge_non-hp_base_candidate_tariff_candidate_tariff
72781,bge_hp_base_candidate_tariff_candidate_tariff
286520,bge_non-hp_base_candidate_tariff_candidate_tariff
353665,bge_non-hp_base_candidate_tariff_candidate_tariff
399730,bge_non-hp_base_candidate_tariff_candidate_tariff
357428,bge_non-hp_base_candidate_tariff_candidate_tariff
405298,bge_non-hp_base_candidate_tariff_candidate_tariff
287884,bge_non-hp_base_candidate_tariff_candidate_tariff
87874,bge_non-hp_base_candidate_tariff_candidate_tariff
337350,bge_non-hp_base_candidate_tariff_candidate_tariff
392280,bge_non-hp_base_candidate_tariff_candidate_tariff
397421,bge_non-hp_base_candidate_tariff_candidate_tariff
398428,bge_hp_base_candidate_tariff_candidate_tariff
435822,bge_non-hp_base_candidate_tariff_candidate_tariff
534748,bge_non-hp_base_candidate_tariff_candidate_tariff
145331,bge_hp_base_candidate_tariff_candidate_tariff
252491,bge_non-hp_base_candidate_tariff_candidate_tariff
494466,bge_hp_base_candidate_tariff_candidate_tariff
422567,bge_non-hp_base_candidate_tariff_candidate_tariff
220471,bge_non-hp_base_candidate_tariff_candidate_tariff
201468,bge_hp_base_candidate_tariff_candidate_tariff
63918,bge_non-hp_base_candidate_tariff_candidate_tariff
166958,bge_non-hp_base_candidate_tariff_candidate_tariff
181882,bge_hp_base_candidate_tariff_candidate_tariff
193033,bge_non-hp_base_candidate_tariff_candidate_tariff
229396,bge_hp_base_candidate_tariff_candidate_tariff
285883,bge_hp_base_candidate_tariff_candidate_tariff
328014,bge_non-hp_base_candidate_tariff_candidate_tariff
426745,bge_non-hp_base_candidate_tariff_candidate_tariff
524086,bge_non-hp_base_candidate_tariff_candidate_tariff
94083,bge_non-hp_base_candidate_tariff_candidate_tariff
125642,bge_non-hp_base_candidate_tariff_candidate_tariff
147861,bge_non-hp_base_candidate_tariff_candidate_tariff
142548,bge_non-hp_base_candidate_tariff_candidate_tariff
160456,bge_non-hp_base_candidate_tariff_candidate_tariff
201199,bge_hp_base_candidate_tariff_candidate_tariff
461998,bge_non-hp_base_candidate_tariff_candidate_tariff
286298,bge_non-hp_base_candidate_tariff_candidate_tariff
300365,bge_non-hp_base_candidate_tariff_candidate_tariff
188957,bge_hp_base_candidate_tariff_candidate_tariff
225382,bge_hp_base_candidate_tariff_candidate_tariff
277196,bge_non-hp_base_candidate_tariff_candidate_tariff
315933,bge_non-hp_base_candidate_tariff_candidate_tariff
59733,bge_non-hp_base_candidate_tariff_candidate_tariff
104775,bge_non-hp_base_candidate_tariff_candidate_tariff
348820,bge_non-hp_base_candidate_tariff_candidate_tariff
393156,bge_non-hp_base_candidate_tariff_candidate_tariff
400232,bge_non-hp_base_candidate_tariff_candidate_tariff
4377,bge_non-hp_base_candidate_tariff_candidate_tariff
238283,bge_non-hp_base_candidate_tariff_candidate_tariff
226194,bge_non-hp_base_candidate_tariff_candidate_tariff
349995,bge_non-hp_base_candidate_tariff_candidate_tariff
537218,bge_non-hp_base_candidate_tariff_candidate_tariff
40084,bge_non-hp_base_candidate_tariff_candidate_tariff
329027,bge_non-hp_base_candidate_tariff_candidate_tariff
383825,bge_hp_base_candidate_tariff_candidate_tariff
439948,bge_non-hp_base_candidate_tariff_candidate_tariff
447906,bge_non-hp_base_candidate_tariff_candidate_tariff
496465,bge_non-hp_base_candidate_tariff_candidate_tariff
501882,bge_non-hp_base_candidate_tariff_candidate_tariff
532012,bge_non-hp_base_candidate_tariff_candidate_tariff
5592,bge_non-hp_base_candidate_tariff_candidate_tariff
6221,bge_non-hp_base_candidate_tariff_candidate_tariff
29324,bge_hp_base_candidate_tariff_candidate_tariff
33566,bge_non-hp_base_candidate_tariff_candidate_tariff
64881,bge_non-hp_base_candidate_tariff_candidate_tariff
71477,bge_non-hp_base_candidate_tariff_candidate_tariff
88109,bge_non-hp_base_candidate_tariff_candidate_tariff
112047,bge_non-hp_base_candidate_tariff_candidate_tariff
377481,bge_non-hp_base_candidate_tariff_candidate_tariff
346443,bge_non-hp_base_candidate_tariff_candidate_tariff
385589,bge_non-hp_base_candidate_tariff_candidate_tariff
225869,bge_hp_base_candidate_tariff_candidate_tariff
179311,bge_non-hp_base_candidate_tariff_candidate_tariff
181823,bge_non-hp_base_candidate_tariff_candidate_tariff
198893,bge_non-hp_base_candidate_tariff_candidate_tariff
214437,bge_non-hp_base_candidate_tariff_candidate_tariff
229923,bge_non-hp_base_candidate_tariff_candidate_tariff
277775,bge_non-hp_base_candidate_tariff_candidate_tariff
319173,bge_non-hp_base_candidate_tariff_candidate_tariff
283158,bge_non-hp_base_candidate_tariff_candidate_tariff
358774,bge_hp_base_candidate_tariff_candidate_tariff
363997,bge_non-hp_base_candidate_tariff_candidate_tariff
422586,bge_non-hp_base_candidate_tariff_candidate_tariff
425004,bge_non-hp_base_candidate_tariff_candidate_tariff
435177,bge_non-hp_base_candidate_tariff_candidate_tariff
438231,bge_non-hp_base_candidate_tariff_candidate_tariff
440627,bge_hp_base_candidate_tariff_candidate_tariff
447825,bge_non-hp_base_candidate_tariff_candidate_tariff
459717,bge_non-hp_base_candidate_tariff_candidate_tariff
460060,bge_non-hp_base_candidate_tariff_candidate_tariff
481251,bge_non-hp_base_candidate_tariff_candidate_tariff
498970,bge_hp_base_candidate_tariff_candidate_tariff
503351,bge_non-hp_base_candidate_tariff_candidate_tariff
504366,bge_non-hp_base_candidate_tariff_candidate_tariff
514003,bge_non-hp_base_candidate_tariff_candidate_tariff
516781,bge_non-hp_base_candidate_tariff_candidate_tariff
517074,bge_hp_base_candidate_tariff_candidate_tariff
533307,bge_non-hp_base_candidate_tariff_candidate_tariff
5351,bge_non-hp_base_candidate_tariff_candidate_tariff
5535,bge_non-hp_base_candidate_tariff_candidate_tariff
6633,bge_hp_base_candidate_tariff_candidate_tariff
10469,bge_hp_base_candidate_tariff_candidate_tariff
14498,bge_non-hp_base_candidate_tariff_candidate_tariff
16965,bge_non-hp_base_candidate_tariff_candidate_tariff
22545,bge_non-hp_base_candidate_tariff_candidate_tariff
22656,bge_non-hp_base_candidate_tariff_candidate_tariff
26170,bge_non-hp_base_candidate_tariff_candidate_tariff
29932,bge_non-hp_base_candidate_tariff_candidate_tariff
33581,bge_hp_base_candidate_tariff_candidate_tariff
34799,bge_hp_base_candidate_tariff_candidate_tariff
44403,bge_non-hp_base_candidate_tariff_candidate_tariff
49213,bge_non-hp_base_candidate_tariff_candidate_tariff
52714,bge_hp_base_candidate_tariff_candidate_tariff
58016,bge_non-hp_base_candidate_tariff_candidate_tariff
61398,bge_non-hp_base_candidate_tariff_candidate_tariff
67445,bge_hp_base_candidate_tariff_candidate_tariff
72082,bge_non-hp_base_candidate_tariff_candidate_tariff
72588,bge_non-hp_base_candidate_tariff_candidate_tariff
80080,bge_non-hp_base_candidate_tariff_candidate_tariff
80869,bge_non-hp_base_candidate_tariff_candidate_tariff
81166,bge_non-hp_base_candidate_tariff_candidate_tariff
90580,bge_non-hp_base_candidate_tariff_candidate_tariff
97671,bge_non-hp_base_candidate_tariff_candidate_tariff
100870,bge_non-hp_base_candidate_tariff_candidate_tariff
106602,bge_non-hp_base_candidate_tariff_candidate_tariff
107332,bge_non-hp_base_candidate_tariff_candidate_tariff
119590,bge_non-hp_base_candidate_tariff_candidate_tariff
121529,bge_non-hp_base_candidate_tariff_candidate_tariff
124240,bge_non-hp_base_candidate_tariff_candidate_tariff
127535,bge_non-hp_base_candidate_tariff_candidate_tariff
131401,bge_non-hp_base_candidate_tariff_candidate_tariff
131492,bge_non-hp_base_candidate_tariff_candidate_tariff
131542,bge_non-hp_base_candidate_tariff_candidate_tariff
359058,bge_non-hp_base_candidate_tariff_candidate_tariff
145551,bge_hp_base_candidate_tariff_candidate_tariff
290699,bge_hp_base_candidate_tariff_candidate_tariff
389112,bge_non-hp_base_candidate_tariff_candidate_tariff
278220,bge_non-hp_base_candidate_tariff_candidate_tariff
252694,bge_non-hp_base_candidate_tariff_candidate_tariff
327851,bge_hp_base_candidate_tariff_candidate_tariff
239280,bge_non-hp_base_candidate_tariff_candidate_tariff
253421,bge_non-hp_base_candidate_tariff_candidate_tariff
382579,bge_non-hp_base_candidate_tariff_candidate_tariff
404956,bge_non-hp_base_candidate_tariff_candidate_tariff
399762,bge_non-hp_base_candidate_tariff_candidate_tariff
145132,bge_hp_base_candidate_tariff_candidate_tariff
336699,bge_non-hp_base_candidate_tariff_candidate_tariff
355107,bge_non-hp_base_candidate_tariff_candidate_tariff
399972,bge_non-hp_base_candidate_tariff_candidate_tariff
141213,bge_non-hp_base_candidate_tariff_candidate_tariff
148788,bge_non-hp_base_candidate_tariff_candidate_tariff
154535,bge_non-hp_base_candidate_tariff_candidate_tariff
159182,bge_non-hp_base_candidate_tariff_candidate_tariff
161928,bge_non-hp_base_candidate_tariff_candidate_tariff
163964,bge_non-hp_base_candidate_tariff_candidate_tariff
172562,bge_non-hp_base_candidate_tariff_candidate_tariff
174441,bge_non-hp_base_candidate_tariff_candidate_tariff
175224,bge_non-hp_base_candidate_tariff_candidate_tariff
175406,bge_non-hp_base_candidate_tariff_candidate_tariff
180273,bge_non-hp_base_candidate_tariff_candidate_tariff
182701,bge_hp_base_candidate_tariff_candidate_tariff
186206,bge_hp_base_candidate_tariff_candidate_tariff
190428,bge_non-hp_base_candidate_tariff_candidate_tariff
191321,bge_non-hp_base_candidate_tariff_candidate_tariff
196165,bge_non-hp_base_candidate_tariff_candidate_tariff
202556,bge_non-hp_base_candidate_tariff_candidate_tariff
210838,bge_non-hp_base_candidate_tariff_candidate_tariff
214889,bge_non-hp_base_candidate_tariff_candidate_tariff
216174,bge_non-hp_base_candidate_tariff_candidate_tariff
219375,bge_non-hp_base_candidate_tariff_candidate_tariff
230439,bge_non-hp_base_candidate_tariff_candidate_tariff
230443,bge_hp_base_candidate_tariff_candidate_tariff
231916,bge_non-hp_base_candidate_tariff_candidate_tariff
238914,bge_non-hp_base_candidate_tariff_candidate_tariff
240424,bge_non-hp_base_candidate_tariff_candidate_tariff
246593,bge_non-hp_base_candidate_tariff_candidate_tariff
251075,bge_non-hp_base_candidate_tariff_candidate_tariff
256188,bge_non-hp_base_candidate_tariff_candidate_tariff
261700,bge_non-hp_base_candidate_tariff_candidate_tariff
265654,bge_hp_base_candidate_tariff_candidate_tariff
266050,bge_hp_base_candidate_tariff_candidate_tariff
363645,bge_non-hp_base_candidate_tariff_candidate_tariff
364550,bge_non-hp_base_candidate_tariff_candidate_tariff
407604,bge_non-hp_base_candidate_tariff_candidate_tariff
375493,bge_non-hp_base_candidate_tariff_candidate_tariff
376951,bge_non-hp_base_candidate_tariff_candidate_tariff
339074,bge_hp_base_candidate_tariff_candidate_tariff
376148,bge_non-hp_base_candidate_tariff_candidate_tariff
278460,bge_non-hp_base_candidate_tariff_candidate_tariff
281093,bge_non-hp_base_candidate_tariff_candidate_tariff
286713,bge_non-hp_base_candidate_tariff_candidate_tariff
293729,bge_non-hp_base_candidate_tariff_candidate_tariff
297929,bge_non-hp_base_candidate_tariff_candidate_tariff
304444,bge_non-hp_base_candidate_tariff_candidate_tariff
315357,bge_non-hp_base_candidate_tariff_candidate_tariff
316647,bge_non-hp_base_candidate_tariff_candidate_tariff
319538,bge_hp_base_candidate_tariff_candidate_tariff
322432,bge_non-hp_base_candidate_tariff_candidate_tariff
323254,bge_non-hp_base_candidate_tariff_candidate_tariff
339465,bge_non-hp_base_candidate_tariff_candidate_tariff
342090,bge_non-hp_base_candidate_tariff_candidate_tariff
366498,bge_non-hp_base_candidate_tariff_candidate_tariff
369766,bge_hp_base_candidate_tariff_candidate_tariff
390583,bge_non-hp_base_candidate_tariff_candidate_tariff
411206,bge_non-hp_base_candidate_tariff_candidate_tariff
411468,bge_non-hp_base_candidate_tariff_candidate_tariff
166488,bge_non-hp_base_candidate_tariff_candidate_tariff
417084,bge_hp_base_candidate_tariff_candidate_tariff
420928,bge_non-hp_base_candidate_tariff_candidate_tariff
428908,bge_non-hp_base_candidate_tariff_candidate_tariff
439439,bge_non-hp_base_candidate_tariff_candidate_tariff
450240,bge_non-hp_base_candidate_tariff_candidate_tariff
450976,bge_non-hp_base_candidate_tariff_candidate_tariff
452030,bge_non-hp_base_candidate_tariff_candidate_tariff
453470,bge_non-hp_base_candidate_tariff_candidate_tariff
465848,bge_hp_base_candidate_tariff_candidate_tariff
473403,bge_non-hp_base_candidate_tariff_candidate_tariff
491013,bge_non-hp_base_candidate_tariff_candidate_tariff
494835,bge_non-hp_base_candidate_tariff_candidate_tariff
499124,bge_non-hp_base_candidate_tariff_candidate_tariff
499730,bge_non-hp_base_candidate_tariff_candidate_tariff
502238,bge_non-hp_base_candidate_tariff_candidate_tariff
502729,bge_hp_base_candidate_tariff_candidate_tariff
504140,bge_non-hp_base_candidate_tariff_candidate_tariff
509398,bge_non-hp_base_candidate_tariff_candidate_tariff
511493,bge_non-hp_base_candidate_tariff_candidate_tariff
518750,bge_non-hp_base_candidate_tariff_candidate_tariff
527708,bge_non-hp_base_candidate_tariff_candidate_tariff
529125,bge_non-hp_base_candidate_tariff_candidate_tariff
529699,bge_non-hp_base_candidate_tariff_candidate_tariff
530877,bge_non-hp_base_candidate_tariff_candidate_tariff
531775,bge_non-hp_base_candidate_tariff_candidate_tariff
532311,bge_non-hp_base_candidate_tariff_candidate_tariff
542591,bge_non-hp_base_candidate_tariff_candidate_tariff
542757,bge_hp_base_candidate_tariff_candidate_tariff
545272,bge_hp_base_candidate_tariff_candidate_tariff
547407,bge_non-hp_base_candidate_tariff_candidate_tariff
549324,bge_non-hp_base_candidate_tariff_candidate_tariff
43287,bge_non-hp_base_candidate_tariff_candidate_tariff
55922,bge_non-hp_base_candidate_tariff_candidate_tariff
65561,bge_non-hp_base_candidate_tariff_candidate_tariff
77188,bge_hp_base_candidate_tariff_candidate_tariff
116752,bge_non-hp_base_candidate_tariff_candidate_tariff
119385,bge_non-hp_base_candidate_tariff_candidate_tariff
119978,bge_non-hp_base_candidate_tariff_candidate_tariff
128719,bge_non-hp_base_candidate_tariff_candidate_tariff
129169,bge_hp_base_candidate_tariff_candidate_tariff
135880,bge_non-hp_base_candidate_tariff_candidate_tariff
136284,bge_non-hp_base_candidate_tariff_candidate_tariff
376399,bge_non-hp_base_candidate_tariff_candidate_tariff
389051,bge_non-hp_base_candidate_tariff_candidate_tariff
257136,bge_non-hp_base_candidate_tariff_candidate_tariff
282342,bge_non-hp_base_candidate_tariff_candidate_tariff
256134,bge_non-hp_base_candidate_tariff_candidate_tariff
458151,bge_non-hp_base_candidate_tariff_candidate_tariff
240688,bge_non-hp_base_candidate_tariff_candidate_tariff
346780,bge_non-hp_base_candidate_tariff_candidate_tariff
380774,bge_hp_base_candidate_tariff_candidate_tariff
521447,bge_non-hp_base_candidate_tariff_candidate_tariff
419758,bge_hp_base_candidate_tariff_candidate_tariff
547835,bge_non-hp_base_candidate_tariff_candidate_tariff
192066,bge_non-hp_base_candidate_tariff_candidate_tariff
358359,bge_non-hp_base_candidate_tariff_candidate_tariff
387951,bge_non-hp_base_candidate_tariff_candidate_tariff
334551,bge_hp_base_candidate_tariff_candidate_tariff
72513,bge_non-hp_base_candidate_tariff_candidate_tariff
225269,bge_hp_base_candidate_tariff_candidate_tariff
217853,bge_non-hp_base_candidate_tariff_candidate_tariff
241941,bge_non-hp_base_candidate_tariff_candidate_tariff
242410,bge_non-hp_base_candidate_tariff_candidate_tariff
252025,bge_non-hp_base_candidate_tariff_candidate_tariff
265297,bge_non-hp_base_candidate_tariff_candidate_tariff
269797,bge_non-hp_base_candidate_tariff_candidate_tariff
275311,bge_hp_base_candidate_tariff_candidate_tariff
276035,bge_non-hp_base_candidate_tariff_candidate_tariff
478750,bge_non-hp_base_candidate_tariff_candidate_tariff
394612,bge_hp_base_candidate_tariff_candidate_tariff
527709,bge_non-hp_base_candidate_tariff_candidate_tariff
78242,bge_non-hp_base_candidate_tariff_candidate_tariff
398208,bge_non-hp_base_candidate_tariff_candidate_tariff
84458,bge_non-hp_base_candidate_tariff_candidate_tariff
344473,bge_hp_base_candidate_tariff_candidate_tariff
350660,bge_non-hp_base_candidate_tariff_candidate_tariff
414684,bge_non-hp_base_candidate_tariff_candidate_tariff
345139,bge_non-hp_base_candidate_tariff_candidate_tariff
45852,bge_non-hp_base_candidate_tariff_candidate_tariff
93591,bge_hp_base_candidate_tariff_candidate_tariff
424070,bge_non-hp_base_candidate_tariff_candidate_tariff
369595,bge_non-hp_base_candidate_tariff_candidate_tariff
400730,bge_non-hp_base_candidate_tariff_candidate_tariff
408205,bge_hp_base_candidate_tariff_candidate_tariff
513362,bge_non-hp_base_candidate_tariff_candidate_tariff
11538,bge_non-hp_base_candidate_tariff_candidate_tariff
14504,bge_non-hp_base_candidate_tariff_candidate_tariff
19406,bge_non-hp_base_candidate_tariff_candidate_tariff
35676,bge_non-hp_base_candidate_tariff_candidate_tariff
74636,bge_non-hp_base_candidate_tariff_candidate_tariff
288008,bge_non-hp_base_candidate_tariff_candidate_tariff
398313,bge_non-hp_base_candidate_tariff_candidate_tariff
361938,bge_hp_base_candidate_tariff_candidate_tariff
302868,bge_hp_base_candidate_tariff_candidate_tariff
344526,bge_non-hp_base_candidate_tariff_candidate_tariff
382283,bge_non-hp_base_candidate_tariff_candidate_tariff
410872,bge_non-hp_base_candidate_tariff_candidate_tariff
447541,bge_hp_base_candidate_tariff_candidate_tariff
309589,bge_non-hp_base_candidate_tariff_candidate_tariff
363216,bge_non-hp_base_candidate_tariff_candidate_tariff
389682,bge_non-hp_base_candidate_tariff_candidate_tariff
393646,bge_hp_base_candidate_tariff_candidate_tariff
411748,bge_non-hp_base_candidate_tariff_candidate_tariff
210699,bge_non-hp_base_candidate_tariff_candidate_tariff
265231,bge_non-hp_base_candidate_tariff_candidate_tariff
206549,bge_hp_base_candidate_tariff_candidate_tariff
20044,bge_non-hp_base_candidate_tariff_candidate_tariff
54174,bge_non-hp_base_candidate_tariff_candidate_tariff
506710,bge_hp_base_candidate_tariff_candidate_tariff
453327,bge_non-hp_base_candidate_tariff_candidate_tariff
25426,bge_non-hp_base_candidate_tariff_candidate_tariff
43275,bge_non-hp_base_candidate_tariff_candidate_tariff
103982,bge_hp_base_candidate_tariff_candidate_tariff
179637,bge_non-hp_base_candidate_tariff_candidate_tariff
182280,bge_hp_base_candidate_tariff_candidate_tariff
145435,bge_non-hp_base_candidate_tariff_candidate_tariff
180636,bge_non-hp_base_candidate_tariff_candidate_tariff
233905,bge_non-hp_base_candidate_tariff_candidate_tariff
250496,bge_non-hp_base_candidate_tariff_candidate_tariff
260269,bge_non-hp_base_candidate_tariff_candidate_tariff
264428,bge_non-hp_base_candidate_tariff_candidate_tariff
102570,bge_non-hp_base_candidate_tariff_candidate_tariff
257133,bge_non-hp_base_candidate_tariff_candidate_tariff
418095,bge_non-hp_base_candidate_tariff_candidate_tariff
460736,bge_non-hp_base_candidate_tariff_candidate_tariff
470976,bge_non-hp_base_candidate_tariff_candidate_tariff
518731,bge_non-hp_base_candidate_tariff_candidate_tariff
549031,bge_non-hp_base_candidate_tariff_candidate_tariff
82382,bge_hp_base_candidate_tariff_candidate_tariff
94182,bge_non-hp_base_candidate_tariff_candidate_tariff
380969,bge_non-hp_base_candidate_tariff_candidate_tariff
173135,bge_non-hp_base_candidate_tariff_candidate_tariff
284855,bge_non-hp_base_candidate_tariff_candidate_tariff
159008,bge_non-hp_base_candidate_tariff_candidate_tariff
533883,bge_non-hp_base_candidate_tariff_candidate_tariff
187036,bge_hp_base_candidate_tariff_candidate_tariff
149350,bge_non-hp_base_candidate_tariff_candidate_tariff
164807,bge_non-hp_base_candidate_tariff_candidate_tariff
247868,bge_non-hp_base_candidate_tariff_candidate_tariff
259567,bge_non-hp_base_candidate_tariff_candidate_tariff
264074,bge_non-hp_base_candidate_tariff_candidate_tariff
132580,bge_non-hp_base_candidate_tariff_candidate_tariff
387436,bge_non-hp_base_candidate_tariff_candidate_tariff
319657,bge_non-hp_base_candidate_tariff_candidate_tariff
349703,bge_non-hp_base_candidate_tariff_candidate_tariff
379798,bge_non-hp_base_candidate_tariff_candidate_tariff
458864,bge_non-hp_base_candidate_tariff_candidate_tariff
100874,bge_non-hp_base_candidate_tariff_candidate_tariff
167262,bge_non-hp_base_candidate_tariff_candidate_tariff
508684,bge_hp_base_candidate_tariff_candidate_tariff
78779,bge_non-hp_base_candidate_tariff_candidate_tariff
242438,bge_non-hp_base_candidate_tariff_candidate_tariff
533781,bge_non-hp_base_candidate_tariff_candidate_tariff
155149,bge_hp_base_candidate_tariff_candidate_tariff
407940,bge_non-hp_base_candidate_tariff_candidate_tariff
366638,bge_non-hp_base_candidate_tariff_candidate_tariff
388863,bge_non-hp_base_candidate_tariff_candidate_tariff
78095,bge_hp_base_candidate_tariff_candidate_tariff
87127,bge_non-hp_base_candidate_tariff_candidate_tariff
111289,bge_non-hp_base_candidate_tariff_candidate_tariff
424577,bge_non-hp_base_candidate_tariff_candidate_tariff
428072,bge_non-hp_base_candidate_tariff_candidate_tariff
534006,bge_non-hp_base_candidate_tariff_candidate_tariff
44593,bge_non-hp_base_candidate_tariff_candidate_tariff
100977,bge_non-hp_base_candidate_tariff_candidate_tariff
120829,bge_non-hp_base_candidate_tariff_candidate_tariff
135832,bge_non-hp_base_candidate_tariff_candidate_tariff
289667,bge_hp_base_candidate_tariff_candidate_tariff
154097,bge_non-hp_base_candidate_tariff_candidate_tariff
225192,bge_non-hp_base_candidate_tariff_candidate_tariff
143006,bge_non-hp_base_candidate_tariff_candidate_tariff
169422,bge_non-hp_base_candidate_tariff_candidate_tariff
192927,bge_non-hp_base_candidate_tariff_candidate_tariff
256190,bge_non-hp_base_candidate_tariff_candidate_tariff
293324,bge_hp_base_candidate_tariff_candidate_tariff
331686,bge_non-hp_base_candidate_tariff_candidate_tariff
349098,bge_non-hp_base_candidate_tariff_candidate_tariff
321771,bge_non-hp_base_candidate_tariff_candidate_tariff
410014,bge_non-hp_base_candidate_tariff_candidate_tariff
277936,bge_non-hp_base_candidate_tariff_candidate_tariff
282505,bge_non-hp_base_candidate_tariff_candidate_tariff
345013,bge_non-hp_base_candidate_tariff_candidate_tariff
356631,bge_hp_base_candidate_tariff_candidate_tariff
361296,bge_non-hp_base_candidate_tariff_candidate_tariff
366402,bge_non-hp_base_candidate_tariff_candidate_tariff
387941,bge_non-hp_base_candidate_tariff_candidate_tariff
423084,bge_non-hp_base_candidate_tariff_candidate_tariff
429621,bge_non-hp_base_candidate_tariff_candidate_tariff
443603,bge_non-hp_base_candidate_tariff_candidate_tariff
457882,bge_non-hp_base_candidate_tariff_candidate_tariff
458647,bge_non-hp_base_candidate_tariff_candidate_tariff
462061,bge_non-hp_base_candidate_tariff_candidate_tariff
463930,bge_non-hp_base_candidate_tariff_candidate_tariff
469133,bge_non-hp_base_candidate_tariff_candidate_tariff
469617,bge_non-hp_base_candidate_tariff_candidate_tariff
472004,bge_hp_base_candidate_tariff_candidate_tariff
483901,bge_non-hp_base_candidate_tariff_candidate_tariff
525026,bge_hp_base_candidate_tariff_candidate_tariff
546663,bge_non-hp_base_candidate_tariff_candidate_tariff
4439,bge_non-hp_base_candidate_tariff_candidate_tariff
5775,bge_non-hp_base_candidate_tariff_candidate_tariff
14983,bge_non-hp_base_candidate_tariff_candidate_tariff
16703,bge_hp_base_candidate_tariff_candidate_tariff
19631,bge_hp_base_candidate_tariff_candidate_tariff
33989,bge_non-hp_base_candidate_tariff_candidate_tariff
37229,bge_non-hp_base_candidate_tariff_candidate_tariff
42586,bge_non-hp_base_candidate_tariff_candidate_tariff
43543,bge_non-hp_base_candidate_tariff_candidate_tariff
47262,bge_non-hp_base_candidate_tariff_candidate_tariff
50967,bge_non-hp_base_candidate_tariff_candidate_tariff
57958,bge_non-hp_base_candidate_tariff_candidate_tariff
59087,bge_non-hp_base_candidate_tariff_candidate_tariff
59137,bge_non-hp_base_candidate_tariff_candidate_tariff
59246,bge_non-hp_base_candidate_tariff_candidate_tariff
68444,bge_non-hp_base_candidate_tariff_candidate_tariff
69484,bge_hp_base_candidate_tariff_candidate_tariff
76108,bge_non-hp_base_candidate_tariff_candidate_tariff
87352,bge_non-hp_base_candidate_tariff_candidate_tariff
90799,bge_non-hp_base_candidate_tariff_candidate_tariff
91534,bge_non-hp_base_candidate_tariff_candidate_tariff
91991,bge_non-hp_base_candidate_tariff_candidate_tariff
93792,bge_non-hp_base_candidate_tariff_candidate_tariff
94862,bge_non-hp_base_candidate_tariff_candidate_tariff
95369,bge_hp_base_candidate_tariff_candidate_tariff
100197,bge_non-hp_base_candidate_tariff_candidate_tariff
100270,bge_non-hp_base_candidate_tariff_candidate_tariff
100508,bge_non-hp_base_candidate_tariff_candidate_tariff
103629,bge_non-hp_base_candidate_tariff_candidate_tariff
107428,bge_hp_base_candidate_tariff_candidate_tariff
115685,bge_non-hp_base_candidate_tariff_candidate_tariff
118424,bge_non-hp_base_candidate_tariff_candidate_tariff
124598,bge_non-hp_base_candidate_tariff_candidate_tariff
125955,bge_non-hp_base_candidate_tariff_candidate_tariff
127025,bge_non-hp_base_candidate_tariff_candidate_tariff
135822,bge_non-hp_base_candidate_tariff_candidate_tariff
363270,bge_hp_base_candidate_tariff_candidate_tariff
187759,bge_hp_base_candidate_tariff_candidate_tariff
343516,bge_non-hp_base_candidate_tariff_candidate_tariff
315283,bge_hp_base_candidate_tariff_candidate_tariff
366406,bge_non-hp_base_candidate_tariff_candidate_tariff
348309,bge_non-hp_base_candidate_tariff_candidate_tariff
332963,bge_non-hp_base_candidate_tariff_candidate_tariff
383273,bge_non-hp_base_candidate_tariff_candidate_tariff
164366,bge_non-hp_base_candidate_tariff_candidate_tariff
353339,bge_non-hp_base_candidate_tariff_candidate_tariff
320061,bge_non-hp_base_candidate_tariff_candidate_tariff
327269,bge_non-hp_base_candidate_tariff_candidate_tariff
191426,bge_non-hp_base_candidate_tariff_candidate_tariff
221897,bge_non-hp_base_candidate_tariff_candidate_tariff
294937,bge_non-hp_base_candidate_tariff_candidate_tariff
399559,bge_non-hp_base_candidate_tariff_candidate_tariff
331824,bge_non-hp_base_candidate_tariff_candidate_tariff
290378,bge_non-hp_base_candidate_tariff_candidate_tariff
142779,bge_non-hp_base_candidate_tariff_candidate_tariff
148451,bge_non-hp_base_candidate_tariff_candidate_tariff
148864,bge_non-hp_base_candidate_tariff_candidate_tariff
149945,bge_non-hp_base_candidate_tariff_candidate_tariff
159502,bge_non-hp_base_candidate_tariff_candidate_tariff
173394,bge_non-hp_base_candidate_tariff_candidate_tariff
173826,bge_non-hp_base_candidate_tariff_candidate_tariff
177185,bge_non-hp_base_candidate_tariff_candidate_tariff
182654,bge_non-hp_base_candidate_tariff_candidate_tariff
183331,bge_non-hp_base_candidate_tariff_candidate_tariff
190016,bge_hp_base_candidate_tariff_candidate_tariff
190498,bge_non-hp_base_candidate_tariff_candidate_tariff
192013,bge_non-hp_base_candidate_tariff_candidate_tariff
197559,bge_non-hp_base_candidate_tariff_candidate_tariff
198945,bge_non-hp_base_candidate_tariff_candidate_tariff
208433,bge_non-hp_base_candidate_tariff_candidate_tariff
216736,bge_non-hp_base_candidate_tariff_candidate_tariff
222478,bge_non-hp_base_candidate_tariff_candidate_tariff
223838,bge_non-hp_base_candidate_tariff_candidate_tariff
226080,bge_hp_base_candidate_tariff_candidate_tariff
229744,bge_non-hp_base_candidate_tariff_candidate_tariff
231381,bge_non-hp_base_candidate_tariff_candidate_tariff
233643,bge_non-hp_base_candidate_tariff_candidate_tariff
239149,bge_non-hp_base_candidate_tariff_candidate_tariff
241606,bge_non-hp_base_candidate_tariff_candidate_tariff
242546,bge_non-hp_base_candidate_tariff_candidate_tariff
242568,bge_non-hp_base_candidate_tariff_candidate_tariff
253207,bge_non-hp_base_candidate_tariff_candidate_tariff
261744,bge_non-hp_base_candidate_tariff_candidate_tariff
262504,bge_hp_base_candidate_tariff_candidate_tariff
269020,bge_non-hp_base_candidate_tariff_candidate_tariff
273037,bge_non-hp_base_candidate_tariff_candidate_tariff
276488,bge_non-hp_base_candidate_tariff_candidate_tariff
387457,bge_non-hp_base_candidate_tariff_candidate_tariff
345295,bge_non-hp_base_candidate_tariff_candidate_tariff
361772,bge_non-hp_base_candidate_tariff_candidate_tariff
366648,bge_non-hp_base_candidate_tariff_candidate_tariff
343571,bge_non-hp_base_candidate_tariff_candidate_tariff
292454,bge_non-hp_base_candidate_tariff_candidate_tariff
346891,bge_non-hp_base_candidate_tariff_candidate_tariff
371508,bge_non-hp_base_candidate_tariff_candidate_tariff
279765,bge_non-hp_base_candidate_tariff_candidate_tariff
285083,bge_non-hp_base_candidate_tariff_candidate_tariff
287104,bge_non-hp_base_candidate_tariff_candidate_tariff
293121,bge_non-hp_base_candidate_tariff_candidate_tariff
297264,bge_hp_base_candidate_tariff_candidate_tariff
300561,bge_non-hp_base_candidate_tariff_candidate_tariff
305200,bge_non-hp_base_candidate_tariff_candidate_tariff
308460,bge_non-hp_base_candidate_tariff_candidate_tariff
317908,bge_non-hp_base_candidate_tariff_candidate_tariff
318540,bge_hp_base_candidate_tariff_candidate_tariff
322142,bge_hp_base_candidate_tariff_candidate_tariff
331031,bge_hp_base_candidate_tariff_candidate_tariff
331993,bge_hp_base_candidate_tariff_candidate_tariff
334900,bge_non-hp_base_candidate_tariff_candidate_tariff
336319,bge_non-hp_base_candidate_tariff_candidate_tariff
338231,bge_non-hp_base_candidate_tariff_candidate_tariff
344973,bge_non-hp_base_candidate_tariff_candidate_tariff
357306,bge_non-hp_base_candidate_tariff_candidate_tariff
361830,bge_non-hp_base_candidate_tariff_candidate_tariff
384051,bge_hp_base_candidate_tariff_candidate_tariff
387415,bge_non-hp_base_candidate_tariff_candidate_tariff
403628,bge_non-hp_base_candidate_tariff_candidate_tariff
154615,bge_hp_base_candidate_tariff_candidate_tariff
167629,bge_non-hp_base_candidate_tariff_candidate_tariff
227167,bge_non-hp_base_candidate_tariff_candidate_tariff
308397,bge_non-hp_base_candidate_tariff_candidate_tariff
340790,bge_non-hp_base_candidate_tariff_candidate_tariff
367060,bge_non-hp_base_candidate_tariff_candidate_tariff
394631,bge_non-hp_base_candidate_tariff_candidate_tariff
420417,bge_non-hp_base_candidate_tariff_candidate_tariff
433474,bge_non-hp_base_candidate_tariff_candidate_tariff
435401,bge_non-hp_base_candidate_tariff_candidate_tariff
439578,bge_non-hp_base_candidate_tariff_candidate_tariff
449996,bge_hp_base_candidate_tariff_candidate_tariff
451031,bge_non-hp_base_candidate_tariff_candidate_tariff
460527,bge_non-hp_base_candidate_tariff_candidate_tariff
473280,bge_non-hp_base_candidate_tariff_candidate_tariff
473635,bge_non-hp_base_candidate_tariff_candidate_tariff
479630,bge_non-hp_base_candidate_tariff_candidate_tariff
489176,bge_hp_base_candidate_tariff_candidate_tariff
491839,bge_hp_base_candidate_tariff_candidate_tariff
492439,bge_non-hp_base_candidate_tariff_candidate_tariff
501183,bge_non-hp_base_candidate_tariff_candidate_tariff
511756,bge_non-hp_base_candidate_tariff_candidate_tariff
512124,bge_non-hp_base_candidate_tariff_candidate_tariff
517431,bge_non-hp_base_candidate_tariff_candidate_tariff
518755,bge_non-hp_base_candidate_tariff_candidate_tariff
520186,bge_non-hp_base_candidate_tariff_candidate_tariff
523417,bge_non-hp_base_candidate_tariff_candidate_tariff
525220,bge_non-hp_base_candidate_tariff_candidate_tariff
526249,bge_non-hp_base_candidate_tariff_candidate_tariff
526274,bge_non-hp_base_candidate_tariff_candidate_tariff
528863,bge_non-hp_base_candidate_tariff_candidate_tariff
531191,bge_hp_base_candidate_tariff_candidate_tariff
531920,bge_non-hp_base_candidate_tariff_candidate_tariff
64906,bge_non-hp_base_candidate_tariff_candidate_tariff
82800,bge_non-hp_base_candidate_tariff_candidate_tariff
93468,bge_non-hp_base_candidate_tariff_candidate_tariff
121037,bge_non-hp_base_candidate_tariff_candidate_tariff
125231,bge_non-hp_base_candidate_tariff_candidate_tariff
129718,bge_non-hp_base_candidate_tariff_candidate_tariff
130033,bge_non-hp_base_candidate_tariff_candidate_tariff
261684,bge_non-hp_base_candidate_tariff_candidate_tariff
284243,bge_non-hp_base_candidate_tariff_candidate_tariff
305407,bge_non-hp_base_candidate_tariff_candidate_tariff
307085,bge_non-hp_base_candidate_tariff_candidate_tariff
161472,bge_non-hp_base_candidate_tariff_candidate_tariff
176792,bge_non-hp_base_candidate_tariff_candidate_tariff
211971,bge_non-hp_base_candidate_tariff_candidate_tariff
454029,bge_non-hp_base_candidate_tariff_candidate_tariff
214887,bge_non-hp_base_candidate_tariff_candidate_tariff
318829,bge_non-hp_base_candidate_tariff_candidate_tariff
409825,bge_non-hp_base_candidate_tariff_candidate_tariff
458313,bge_hp_base_candidate_tariff_candidate_tariff
240336,bge_non-hp_base_candidate_tariff_candidate_tariff
278249,bge_non-hp_base_candidate_tariff_candidate_tariff
407034,bge_hp_base_candidate_tariff_candidate_tariff
376877,bge_non-hp_base_candidate_tariff_candidate_tariff
361791,bge_non-hp_base_candidate_tariff_candidate_tariff
322817,bge_non-hp_base_candidate_tariff_candidate_tariff
337245,bge_non-hp_base_candidate_tariff_candidate_tariff
384679,bge_non-hp_base_candidate_tariff_candidate_tariff
424180,bge_non-hp_base_candidate_tariff_candidate_tariff
445337,bge_hp_base_candidate_tariff_candidate_tariff
182729,bge_hp_base_candidate_tariff_candidate_tariff
221710,bge_non-hp_base_candidate_tariff_candidate_tariff
224914,bge_non-hp_base_candidate_tariff_candidate_tariff
236391,bge_hp_base_candidate_tariff_candidate_tariff
267090,bge_non-hp_base_candidate_tariff_candidate_tariff
270631,bge_hp_base_candidate_tariff_candidate_tariff
272587,bge_non-hp_base_candidate_tariff_candidate_tariff
539414,bge_non-hp_base_candidate_tariff_candidate_tariff
542993,bge_hp_base_candidate_tariff_candidate_tariff
400365,bge_non-hp_base_candidate_tariff_candidate_tariff
405566,bge_hp_base_candidate_tariff_candidate_tariff
5327,bge_non-hp_base_candidate_tariff_candidate_tariff
135427,bge_hp_base_candidate_tariff_candidate_tariff
329305,bge_non-hp_base_candidate_tariff_candidate_tariff
68823,bge_non-hp_base_candidate_tariff_candidate_tariff
394472,bge_non-hp_base_candidate_tariff_candidate_tariff
9881,bge_non-hp_base_candidate_tariff_candidate_tariff
14114,bge_non-hp_base_candidate_tariff_candidate_tariff
37551,bge_non-hp_base_candidate_tariff_candidate_tariff
517358,bge_non-hp_base_candidate_tariff_candidate_tariff
14741,bge_hp_base_candidate_tariff_candidate_tariff
95584,bge_hp_base_candidate_tariff_candidate_tariff
114357,bge_hp_base_candidate_tariff_candidate_tariff
118089,bge_non-hp_base_candidate_tariff_candidate_tariff
123432,bge_non-hp_base_candidate_tariff_candidate_tariff
293196,bge_non-hp_base_candidate_tariff_candidate_tariff
320544,bge_non-hp_base_candidate_tariff_candidate_tariff
347734,bge_non-hp_base_candidate_tariff_candidate_tariff
362049,bge_non-hp_base_candidate_tariff_candidate_tariff
367042,bge_hp_base_candidate_tariff_candidate_tariff
403025,bge_non-hp_base_candidate_tariff_candidate_tariff
313539,bge_non-hp_base_candidate_tariff_candidate_tariff
351546,bge_non-hp_base_candidate_tariff_candidate_tariff
382649,bge_non-hp_base_candidate_tariff_candidate_tariff
389673,bge_non-hp_base_candidate_tariff_candidate_tariff
399895,bge_hp_base_candidate_tariff_candidate_tariff
399929,bge_non-hp_base_candidate_tariff_candidate_tariff
412023,bge_non-hp_base_candidate_tariff_candidate_tariff
445248,bge_non-hp_base_candidate_tariff_candidate_tariff
98513,bge_non-hp_base_candidate_tariff_candidate_tariff
131705,bge_non-hp_base_candidate_tariff_candidate_tariff
141967,bge_non-hp_base_candidate_tariff_candidate_tariff
145955,bge_non-hp_base_candidate_tariff_candidate_tariff
198716,bge_non-hp_base_candidate_tariff_candidate_tariff
43332,bge_non-hp_base_candidate_tariff_candidate_tariff
522438,bge_non-hp_base_candidate_tariff_candidate_tariff
228254,bge_non-hp_base_candidate_tariff_candidate_tariff
535866,bge_hp_base_candidate_tariff_candidate_tariff
10016,bge_non-hp_base_candidate_tariff_candidate_tariff
185522,bge_non-hp_base_candidate_tariff_candidate_tariff
246389,bge_non-hp_base_candidate_tariff_candidate_tariff
469290,bge_non-hp_base_candidate_tariff_candidate_tariff
41409,bge_hp_base_candidate_tariff_candidate_tariff
67656,bge_non-hp_base_candidate_tariff_candidate_tariff
233166,bge_non-hp_base_candidate_tariff_candidate_tariff
151896,bge_non-hp_base_candidate_tariff_candidate_tariff
238463,bge_hp_base_candidate_tariff_candidate_tariff
351852,bge_hp_base_candidate_tariff_candidate_tariff
434095,bge_non-hp_base_candidate_tariff_candidate_tariff
435151,bge_non-hp_base_candidate_tariff_candidate_tariff
462090,bge_non-hp_base_candidate_tariff_candidate_tariff
484613,bge_non-hp_base_candidate_tariff_candidate_tariff
507143,bge_non-hp_base_candidate_tariff_candidate_tariff
515639,bge_non-hp_base_candidate_tariff_candidate_tariff
158735,bge_hp_base_candidate_tariff_candidate_tariff
291703,bge_hp_base_candidate_tariff_candidate_tariff
340147,bge_non-hp_base_candidate_tariff_candidate_tariff
177633,bge_non-hp_base_candidate_tariff_candidate_tariff
436063,bge_non-hp_base_candidate_tariff_candidate_tariff
194690,bge_non-hp_base_candidate_tariff_candidate_tariff
290751,bge_hp_base_candidate_tariff_candidate_tariff
211804,bge_non-hp_base_candidate_tariff_candidate_tariff
246536,bge_non-hp_base_candidate_tariff_candidate_tariff
263560,bge_hp_base_candidate_tariff_candidate_tariff
269023,bge_non-hp_base_candidate_tariff_candidate_tariff
300892,bge_non-hp_base_candidate_tariff_candidate_tariff
477994,bge_non-hp_base_candidate_tariff_candidate_tariff
345513,bge_non-hp_base_candidate_tariff_candidate_tariff
370888,bge_non-hp_base_candidate_tariff_candidate_tariff
400327,bge_non-hp_base_candidate_tariff_candidate_tariff
220076,bge_hp_base_candidate_tariff_candidate_tariff
126615,bge_non-hp_base_candidate_tariff_candidate_tariff
33867,bge_non-hp_base_candidate_tariff_candidate_tariff
88966,bge_hp_base_candidate_tariff_candidate_tariff
377429,bge_non-hp_base_candidate_tariff_candidate_tariff
348080,bge_non-hp_base_candidate_tariff_candidate_tariff
110054,bge_non-hp_base_candidate_tariff_candidate_tariff
76214,bge_hp_base_candidate_tariff_candidate_tariff
239138,bge_non-hp_base_candidate_tariff_candidate_tariff
288824,bge_non-hp_base_candidate_tariff_candidate_tariff
436926,bge_hp_base_candidate_tariff_candidate_tariff
437304,bge_non-hp_base_candidate_tariff_candidate_tariff
439091,bge_non-hp_base_candidate_tariff_candidate_tariff
451278,bge_non-hp_base_candidate_tariff_candidate_tariff
493479,bge_non-hp_base_candidate_tariff_candidate_tariff
12454,bge_non-hp_base_candidate_tariff_candidate_tariff
29097,bge_non-hp_base_candidate_tariff_candidate_tariff
57593,bge_hp_base_candidate_tariff_candidate_tariff
67235,bge_non-hp_base_candidate_tariff_candidate_tariff
87161,bge_non-hp_base_candidate_tariff_candidate_tariff
131280,bge_hp_base_candidate_tariff_candidate_tariff
144761,bge_non-hp_base_candidate_tariff_candidate_tariff
273555,bge_hp_base_candidate_tariff_candidate_tariff
153917,bge_non-hp_base_candidate_tariff_candidate_tariff
156023,bge_non-hp_base_candidate_tariff_candidate_tariff
326424,bge_hp_base_candidate_tariff_candidate_tariff
172405,bge_non-hp_base_candidate_tariff_candidate_tariff
188217,bge_non-hp_base_candidate_tariff_candidate_tariff
194164,bge_non-hp_base_candidate_tariff_candidate_tariff
207194,bge_non-hp_base_candidate_tariff_candidate_tariff
227321,bge_hp_base_candidate_tariff_candidate_tariff
265518,bge_non-hp_base_candidate_tariff_candidate_tariff
270417,bge_non-hp_base_candidate_tariff_candidate_tariff
294040,bge_hp_base_candidate_tariff_candidate_tariff
282617,bge_non-hp_base_candidate_tariff_candidate_tariff
417313,bge_hp_base_candidate_tariff_candidate_tariff
418117,bge_hp_base_candidate_tariff_candidate_tariff
421322,bge_non-hp_base_candidate_tariff_candidate_tariff
422502,bge_non-hp_base_candidate_tariff_candidate_tariff
423508,bge_non-hp_base_candidate_tariff_candidate_tariff
427148,bge_non-hp_base_candidate_tariff_candidate_tariff
428652,bge_non-hp_base_candidate_tariff_candidate_tariff
446092,bge_non-hp_base_candidate_tariff_candidate_tariff
451816,bge_hp_base_candidate_tariff_candidate_tariff
455909,bge_non-hp_base_candidate_tariff_candidate_tariff
456059,bge_hp_base_candidate_tariff_candidate_tariff
460014,bge_non-hp_base_candidate_tariff_candidate_tariff
463659,bge_non-hp_base_candidate_tariff_candidate_tariff
466142,bge_non-hp_base_candidate_tariff_candidate_tariff
466646,bge_non-hp_base_candidate_tariff_candidate_tariff
470372,bge_hp_base_candidate_tariff_candidate_tariff
475350,bge_non-hp_base_candidate_tariff_candidate_tariff
482495,bge_non-hp_base_candidate_tariff_candidate_tariff
486925,bge_non-hp_base_candidate_tariff_candidate_tariff
495892,bge_non-hp_base_candidate_tariff_candidate_tariff
509549,bge_non-hp_base_candidate_tariff_candidate_tariff
513638,bge_hp_base_candidate_tariff_candidate_tariff
525230,bge_non-hp_base_candidate_tariff_candidate_tariff
538136,bge_non-hp_base_candidate_tariff_candidate_tariff
962,bge_non-hp_base_candidate_tariff_candidate_tariff
10459,bge_non-hp_base_candidate_tariff_candidate_tariff
18953,bge_non-hp_base_candidate_tariff_candidate_tariff
20282,bge_non-hp_base_candidate_tariff_candidate_tariff
28715,bge_non-hp_base_candidate_tariff_candidate_tariff
29818,bge_non-hp_base_candidate_tariff_candidate_tariff
30919,bge_non-hp_base_candidate_tariff_candidate_tariff
35214,bge_hp_base_candidate_tariff_candidate_tariff
35663,bge_non-hp_base_candidate_tariff_candidate_tariff
36721,bge_non-hp_base_candidate_tariff_candidate_tariff
38780,bge_non-hp_base_candidate_tariff_candidate_tariff
43601,bge_non-hp_base_candidate_tariff_candidate_tariff
48266,bge_non-hp_base_candidate_tariff_candidate_tariff
52424,bge_non-hp_base_candidate_tariff_candidate_tariff
52864,bge_non-hp_base_candidate_tariff_candidate_tariff
52953,bge_non-hp_base_candidate_tariff_candidate_tariff
58760,bge_non-hp_base_candidate_tariff_candidate_tariff
61106,bge_non-hp_base_candidate_tariff_candidate_tariff
67438,bge_hp_base_candidate_tariff_candidate_tariff
67487,bge_non-hp_base_candidate_tariff_candidate_tariff
69470,bge_non-hp_base_candidate_tariff_candidate_tariff
70591,bge_non-hp_base_candidate_tariff_candidate_tariff
75014,bge_hp_base_candidate_tariff_candidate_tariff
77749,bge_non-hp_base_candidate_tariff_candidate_tariff
79220,bge_non-hp_base_candidate_tariff_candidate_tariff
79310,bge_non-hp_base_candidate_tariff_candidate_tariff
88426,bge_non-hp_base_candidate_tariff_candidate_tariff
91586,bge_non-hp_base_candidate_tariff_candidate_tariff
96519,bge_non-hp_base_candidate_tariff_candidate_tariff
99411,bge_non-hp_base_candidate_tariff_candidate_tariff
102799,bge_non-hp_base_candidate_tariff_candidate_tariff
106599,bge_non-hp_base_candidate_tariff_candidate_tariff
115338,bge_non-hp_base_candidate_tariff_candidate_tariff
119429,bge_non-hp_base_candidate_tariff_candidate_tariff
126121,bge_non-hp_base_candidate_tariff_candidate_tariff
126747,bge_non-hp_base_candidate_tariff_candidate_tariff
134841,bge_non-hp_base_candidate_tariff_candidate_tariff
184390,bge_non-hp_base_candidate_tariff_candidate_tariff
385237,bge_non-hp_base_candidate_tariff_candidate_tariff
195897,bge_hp_base_candidate_tariff_candidate_tariff
219070,bge_non-hp_base_candidate_tariff_candidate_tariff
359386,bge_non-hp_base_candidate_tariff_candidate_tariff
332158,bge_non-hp_base_candidate_tariff_candidate_tariff
360180,bge_non-hp_base_candidate_tariff_candidate_tariff
212366,bge_non-hp_base_candidate_tariff_candidate_tariff
395959,bge_non-hp_base_candidate_tariff_candidate_tariff
306684,bge_hp_base_candidate_tariff_candidate_tariff
247035,bge_non-hp_base_candidate_tariff_candidate_tariff
258448,bge_non-hp_base_candidate_tariff_candidate_tariff
236733,bge_non-hp_base_candidate_tariff_candidate_tariff
194758,bge_non-hp_base_candidate_tariff_candidate_tariff
136943,bge_non-hp_base_candidate_tariff_candidate_tariff
402721,bge_hp_base_candidate_tariff_candidate_tariff
147303,bge_non-hp_base_candidate_tariff_candidate_tariff
170525,bge_non-hp_base_candidate_tariff_candidate_tariff
329299,bge_non-hp_base_candidate_tariff_candidate_tariff
173076,bge_non-hp_base_candidate_tariff_candidate_tariff
287187,bge_non-hp_base_candidate_tariff_candidate_tariff
324486,bge_non-hp_base_candidate_tariff_candidate_tariff
389812,bge_non-hp_base_candidate_tariff_candidate_tariff
342157,bge_non-hp_base_candidate_tariff_candidate_tariff
398754,bge_non-hp_base_candidate_tariff_candidate_tariff
148594,bge_non-hp_base_candidate_tariff_candidate_tariff
174696,bge_non-hp_base_candidate_tariff_candidate_tariff
181489,bge_non-hp_base_candidate_tariff_candidate_tariff
185478,bge_non-hp_base_candidate_tariff_candidate_tariff
192263,bge_non-hp_base_candidate_tariff_candidate_tariff
198377,bge_hp_base_candidate_tariff_candidate_tariff
201607,bge_non-hp_base_candidate_tariff_candidate_tariff
218800,bge_non-hp_base_candidate_tariff_candidate_tariff
227948,bge_non-hp_base_candidate_tariff_candidate_tariff
228146,bge_non-hp_base_candidate_tariff_candidate_tariff
236970,bge_non-hp_base_candidate_tariff_candidate_tariff
244360,bge_non-hp_base_candidate_tariff_candidate_tariff
250377,bge_hp_base_candidate_tariff_candidate_tariff
261759,bge_non-hp_base_candidate_tariff_candidate_tariff
267854,bge_non-hp_base_candidate_tariff_candidate_tariff
271880,bge_non-hp_base_candidate_tariff_candidate_tariff
398554,bge_non-hp_base_candidate_tariff_candidate_tariff
359622,bge_non-hp_base_candidate_tariff_candidate_tariff
362726,bge_non-hp_base_candidate_tariff_candidate_tariff
411560,bge_non-hp_base_candidate_tariff_candidate_tariff
385370,bge_non-hp_base_candidate_tariff_candidate_tariff
282400,bge_non-hp_base_candidate_tariff_candidate_tariff
303863,bge_non-hp_base_candidate_tariff_candidate_tariff
316126,bge_non-hp_base_candidate_tariff_candidate_tariff
390785,bge_non-hp_base_candidate_tariff_candidate_tariff
413730,bge_non-hp_base_candidate_tariff_candidate_tariff
351400,bge_non-hp_base_candidate_tariff_candidate_tariff
281121,bge_non-hp_base_candidate_tariff_candidate_tariff
282825,bge_non-hp_base_candidate_tariff_candidate_tariff
285594,bge_non-hp_base_candidate_tariff_candidate_tariff
318040,bge_non-hp_base_candidate_tariff_candidate_tariff
319160,bge_non-hp_base_candidate_tariff_candidate_tariff
319819,bge_non-hp_base_candidate_tariff_candidate_tariff
324669,bge_hp_base_candidate_tariff_candidate_tariff
325926,bge_hp_base_candidate_tariff_candidate_tariff
331257,bge_non-hp_base_candidate_tariff_candidate_tariff
343127,bge_non-hp_base_candidate_tariff_candidate_tariff
347793,bge_non-hp_base_candidate_tariff_candidate_tariff
353793,bge_non-hp_base_candidate_tariff_candidate_tariff
355702,bge_non-hp_base_candidate_tariff_candidate_tariff
359389,bge_non-hp_base_candidate_tariff_candidate_tariff
363951,bge_non-hp_base_candidate_tariff_candidate_tariff
386030,bge_hp_base_candidate_tariff_candidate_tariff
413975,bge_non-hp_base_candidate_tariff_candidate_tariff
252557,bge_non-hp_base_candidate_tariff_candidate_tariff
372152,bge_non-hp_base_candidate_tariff_candidate_tariff
343734,bge_non-hp_base_candidate_tariff_candidate_tariff
348632,bge_hp_base_candidate_tariff_candidate_tariff
370508,bge_non-hp_base_candidate_tariff_candidate_tariff
414908,bge_hp_base_candidate_tariff_candidate_tariff
427586,bge_hp_base_candidate_tariff_candidate_tariff
439245,bge_non-hp_base_candidate_tariff_candidate_tariff
444777,bge_non-hp_base_candidate_tariff_candidate_tariff
452372,bge_hp_base_candidate_tariff_candidate_tariff
453409,bge_hp_base_candidate_tariff_candidate_tariff
455481,bge_hp_base_candidate_tariff_candidate_tariff
459059,bge_non-hp_base_candidate_tariff_candidate_tariff
463883,bge_non-hp_base_candidate_tariff_candidate_tariff
464774,bge_non-hp_base_candidate_tariff_candidate_tariff
468389,bge_non-hp_base_candidate_tariff_candidate_tariff
471575,bge_hp_base_candidate_tariff_candidate_tariff
472024,bge_hp_base_candidate_tariff_candidate_tariff
472960,bge_non-hp_base_candidate_tariff_candidate_tariff
477505,bge_hp_base_candidate_tariff_candidate_tariff
477614,bge_non-hp_base_candidate_tariff_candidate_tariff
480737,bge_non-hp_base_candidate_tariff_candidate_tariff
483636,bge_non-hp_base_candidate_tariff_candidate_tariff
486698,bge_non-hp_base_candidate_tariff_candidate_tariff
493678,bge_non-hp_base_candidate_tariff_candidate_tariff
500673,bge_non-hp_base_candidate_tariff_candidate_tariff
502976,bge_non-hp_base_candidate_tariff_candidate_tariff
509631,bge_hp_base_candidate_tariff_candidate_tariff
511676,bge_non-hp_base_candidate_tariff_candidate_tariff
515967,bge_non-hp_base_candidate_tariff_candidate_tariff
522603,bge_non-hp_base_candidate_tariff_candidate_tariff
526670,bge_hp_base_candidate_tariff_candidate_tariff
527306,bge_non-hp_base_candidate_tariff_candidate_tariff
532336,bge_non-hp_base_candidate_tariff_candidate_tariff
532648,bge_non-hp_base_candidate_tariff_candidate_tariff
537577,bge_hp_base_candidate_tariff_candidate_tariff
544758,bge_non-hp_base_candidate_tariff_candidate_tariff
546792,bge_non-hp_base_candidate_tariff_candidate_tariff
52143,bge_non-hp_base_candidate_tariff_candidate_tariff
55439,bge_non-hp_base_candidate_tariff_candidate_tariff
70395,bge_non-hp_base_candidate_tariff_candidate_tariff
95249,bge_non-hp_base_candidate_tariff_candidate_tariff
96416,bge_non-hp_base_candidate_tariff_candidate_tariff
115462,bge_non-hp_base_candidate_tariff_candidate_tariff
117291,bge_hp_base_candidate_tariff_candidate_tariff
118891,bge_non-hp_base_candidate_tariff_candidate_tariff
124042,bge_non-hp_base_candidate_tariff_candidate_tariff
443905,bge_non-hp_base_candidate_tariff_candidate_tariff
525770,bge_non-hp_base_candidate_tariff_candidate_tariff
311705,bge_non-hp_base_candidate_tariff_candidate_tariff
296812,bge_non-hp_base_candidate_tariff_candidate_tariff
327114,bge_non-hp_base_candidate_tariff_candidate_tariff
356674,bge_hp_base_candidate_tariff_candidate_tariff
402167,bge_non-hp_base_candidate_tariff_candidate_tariff
272537,bge_non-hp_base_candidate_tariff_candidate_tariff
457693,bge_non-hp_base_candidate_tariff_candidate_tariff
464129,bge_non-hp_base_candidate_tariff_candidate_tariff
203678,bge_non-hp_base_candidate_tariff_candidate_tariff
335806,bge_non-hp_base_candidate_tariff_candidate_tariff
345875,bge_hp_base_candidate_tariff_candidate_tariff
152340,bge_non-hp_base_candidate_tariff_candidate_tariff
194938,bge_non-hp_base_candidate_tariff_candidate_tariff
289397,bge_non-hp_base_candidate_tariff_candidate_tariff
238898,bge_non-hp_base_candidate_tariff_candidate_tariff
249586,bge_non-hp_base_candidate_tariff_candidate_tariff
253323,bge_non-hp_base_candidate_tariff_candidate_tariff
266568,bge_non-hp_base_candidate_tariff_candidate_tariff
276265,bge_non-hp_base_candidate_tariff_candidate_tariff
416174,bge_hp_base_candidate_tariff_candidate_tariff
54176,bge_non-hp_base_candidate_tariff_candidate_tariff
397512,bge_non-hp_base_candidate_tariff_candidate_tariff
104608,bge_non-hp_base_candidate_tariff_candidate_tariff
383911,bge_hp_base_candidate_tariff_candidate_tariff
15474,bge_non-hp_base_candidate_tariff_candidate_tariff
134106,bge_non-hp_base_candidate_tariff_candidate_tariff
390148,bge_hp_base_candidate_tariff_candidate_tariff
416366,bge_non-hp_base_candidate_tariff_candidate_tariff
8734,bge_hp_base_candidate_tariff_candidate_tariff
11883,bge_hp_base_candidate_tariff_candidate_tariff
52431,bge_non-hp_base_candidate_tariff_candidate_tariff
113969,bge_non-hp_base_candidate_tariff_candidate_tariff
133934,bge_non-hp_base_candidate_tariff_candidate_tariff
296615,bge_non-hp_base_candidate_tariff_candidate_tariff
300986,bge_hp_base_candidate_tariff_candidate_tariff
302107,bge_non-hp_base_candidate_tariff_candidate_tariff
342957,bge_non-hp_base_candidate_tariff_candidate_tariff
64354,bge_non-hp_base_candidate_tariff_candidate_tariff
446827,bge_hp_base_candidate_tariff_candidate_tariff
452602,bge_hp_base_candidate_tariff_candidate_tariff
539531,bge_non-hp_base_candidate_tariff_candidate_tariff
445374,bge_non-hp_base_candidate_tariff_candidate_tariff
210940,bge_hp_base_candidate_tariff_candidate_tariff
2628,bge_hp_base_candidate_tariff_candidate_tariff
483852,bge_non-hp_base_candidate_tariff_candidate_tariff
28920,bge_non-hp_base_candidate_tariff_candidate_tariff
440803,bge_non-hp_base_candidate_tariff_candidate_tariff
45230,bge_non-hp_base_candidate_tariff_candidate_tariff
440609,bge_non-hp_base_candidate_tariff_candidate_tariff
449174,bge_non-hp_base_candidate_tariff_candidate_tariff
13611,bge_non-hp_base_candidate_tariff_candidate_tariff
18542,bge_non-hp_base_candidate_tariff_candidate_tariff
22756,bge_non-hp_base_candidate_tariff_candidate_tariff
23371,bge_non-hp_base_candidate_tariff_candidate_tariff
39991,bge_hp_base_candidate_tariff_candidate_tariff
43087,bge_non-hp_base_candidate_tariff_candidate_tariff
50781,bge_non-hp_base_candidate_tariff_candidate_tariff
52863,bge_non-hp_base_candidate_tariff_candidate_tariff
77609,bge_non-hp_base_candidate_tariff_candidate_tariff
117667,bge_non-hp_base_candidate_tariff_candidate_tariff
120404,bge_non-hp_base_candidate_tariff_candidate_tariff
121175,bge_non-hp_base_candidate_tariff_candidate_tariff
194931,bge_non-hp_base_candidate_tariff_candidate_tariff
254657,bge_non-hp_base_candidate_tariff_candidate_tariff
513,bge_non-hp_base_candidate_tariff_candidate_tariff
17458,bge_non-hp_base_candidate_tariff_candidate_tariff
311682,bge_non-hp_base_candidate_tariff_candidate_tariff
450378,bge_non-hp_base_candidate_tariff_candidate_tariff
496666,bge_non-hp_base_candidate_tariff_candidate_tariff
534012,bge_non-hp_base_candidate_tariff_candidate_tariff
66460,bge_non-hp_base_candidate_tariff_candidate_tariff
99532,bge_hp_base_candidate_tariff_candidate_tariff
317563,bge_non-hp_base_candidate_tariff_candidate_tariff
360288,bge_non-hp_base_candidate_tariff_candidate_tariff
370605,bge_non-hp_base_candidate_tariff_candidate_tariff
386106,bge_non-hp_base_candidate_tariff_candidate_tariff
428171,bge_non-hp_base_candidate_tariff_candidate_tariff
130292,bge_hp_base_candidate_tariff_candidate_tariff
372229,bge_non-hp_base_candidate_tariff_candidate_tariff
411817,bge_non-hp_base_candidate_tariff_candidate_tariff
306733,bge_non-hp_base_candidate_tariff_candidate_tariff
420415,bge_non-hp_base_candidate_tariff_candidate_tariff
508194,bge_non-hp_base_candidate_tariff_candidate_tariff
67816,bge_non-hp_base_candidate_tariff_candidate_tariff
71457,bge_non-hp_base_candidate_tariff_candidate_tariff
129684,bge_hp_base_candidate_tariff_candidate_tariff
310297,bge_non-hp_base_candidate_tariff_candidate_tariff
424338,bge_non-hp_base_candidate_tariff_candidate_tariff
172458,bge_non-hp_base_candidate_tariff_candidate_tariff
101940,bge_non-hp_base_candidate_tariff_candidate_tariff
272052,bge_non-hp_base_candidate_tariff_candidate_tariff
197477,bge_non-hp_base_candidate_tariff_candidate_tariff
369099,bge_non-hp_base_candidate_tariff_candidate_tariff
529443,bge_non-hp_base_candidate_tariff_candidate_tariff
66114,bge_hp_base_candidate_tariff_candidate_tariff
282974,bge_hp_base_candidate_tariff_candidate_tariff
232562,bge_non-hp_base_candidate_tariff_candidate_tariff
332099,bge_non-hp_base_candidate_tariff_candidate_tariff
138113,bge_non-hp_base_candidate_tariff_candidate_tariff
78951,bge_non-hp_base_candidate_tariff_candidate_tariff
28418,bge_non-hp_base_candidate_tariff_candidate_tariff
171231,bge_hp_base_candidate_tariff_candidate_tariff
443628,bge_non-hp_base_candidate_tariff_candidate_tariff
445295,bge_non-hp_base_candidate_tariff_candidate_tariff
25912,bge_non-hp_base_candidate_tariff_candidate_tariff
33288,bge_non-hp_base_candidate_tariff_candidate_tariff
58961,bge_non-hp_base_candidate_tariff_candidate_tariff
397906,bge_non-hp_base_candidate_tariff_candidate_tariff
176366,bge_non-hp_base_candidate_tariff_candidate_tariff
373943,bge_non-hp_base_candidate_tariff_candidate_tariff
328494,bge_non-hp_base_candidate_tariff_candidate_tariff
430139,bge_non-hp_base_candidate_tariff_candidate_tariff
434713,bge_hp_base_candidate_tariff_candidate_tariff
467201,bge_non-hp_base_candidate_tariff_candidate_tariff
472285,bge_hp_base_candidate_tariff_candidate_tariff
35490,bge_non-hp_base_candidate_tariff_candidate_tariff
46302,bge_non-hp_base_candidate_tariff_candidate_tariff
61774,bge_non-hp_base_candidate_tariff_candidate_tariff
73163,bge_non-hp_base_candidate_tariff_candidate_tariff
73182,bge_hp_base_candidate_tariff_candidate_tariff
75907,bge_non-hp_base_candidate_tariff_candidate_tariff
86791,bge_non-hp_base_candidate_tariff_candidate_tariff
100135,bge_non-hp_base_candidate_tariff_candidate_tariff
105368,bge_non-hp_base_candidate_tariff_candidate_tariff
111524,bge_non-hp_base_candidate_tariff_candidate_tariff
125916,bge_non-hp_base_candidate_tariff_candidate_tariff
271467,bge_non-hp_base_candidate_tariff_candidate_tariff
232009,bge_hp_base_candidate_tariff_candidate_tariff
273534,bge_non-hp_base_candidate_tariff_candidate_tariff
231842,bge_non-hp_base_candidate_tariff_candidate_tariff
152854,bge_non-hp_base_candidate_tariff_candidate_tariff
138637,bge_hp_base_candidate_tariff_candidate_tariff
153511,bge_non-hp_base_candidate_tariff_candidate_tariff
154914,bge_non-hp_base_candidate_tariff_candidate_tariff
176606,bge_non-hp_base_candidate_tariff_candidate_tariff
230041,bge_hp_base_candidate_tariff_candidate_tariff
286091,bge_non-hp_base_candidate_tariff_candidate_tariff
313548,bge_non-hp_base_candidate_tariff_candidate_tariff
304164,bge_non-hp_base_candidate_tariff_candidate_tariff
310547,bge_non-hp_base_candidate_tariff_candidate_tariff
369531,bge_non-hp_base_candidate_tariff_candidate_tariff
414919,bge_non-hp_base_candidate_tariff_candidate_tariff
422705,bge_non-hp_base_candidate_tariff_candidate_tariff
426976,bge_non-hp_base_candidate_tariff_candidate_tariff
433111,bge_non-hp_base_candidate_tariff_candidate_tariff
435446,bge_non-hp_base_candidate_tariff_candidate_tariff
442520,bge_non-hp_base_candidate_tariff_candidate_tariff
461846,bge_non-hp_base_candidate_tariff_candidate_tariff
470381,bge_hp_base_candidate_tariff_candidate_tariff
475169,bge_hp_base_candidate_tariff_candidate_tariff
478545,bge_hp_base_candidate_tariff_candidate_tariff
487331,bge_non-hp_base_candidate_tariff_candidate_tariff
492205,bge_non-hp_base_candidate_tariff_candidate_tariff
492756,bge_non-hp_base_candidate_tariff_candidate_tariff
493034,bge_non-hp_base_candidate_tariff_candidate_tariff
503513,bge_non-hp_base_candidate_tariff_candidate_tariff
504331,bge_non-hp_base_candidate_tariff_candidate_tariff
512912,bge_non-hp_base_candidate_tariff_candidate_tariff
516110,bge_non-hp_base_candidate_tariff_candidate_tariff
518184,bge_non-hp_base_candidate_tariff_candidate_tariff
529514,bge_non-hp_base_candidate_tariff_candidate_tariff
535048,bge_non-hp_base_candidate_tariff_candidate_tariff
540534,bge_hp_base_candidate_tariff_candidate_tariff
542898,bge_non-hp_base_candidate_tariff_candidate_tariff
543384,bge_non-hp_base_candidate_tariff_candidate_tariff
983,bge_non-hp_base_candidate_tariff_candidate_tariff
3200,bge_non-hp_base_candidate_tariff_candidate_tariff
8892,bge_non-hp_base_candidate_tariff_candidate_tariff
13749,bge_non-hp_base_candidate_tariff_candidate_tariff
16599,bge_hp_base_candidate_tariff_candidate_tariff
17640,bge_hp_base_candidate_tariff_candidate_tariff
19353,bge_non-hp_base_candidate_tariff_candidate_tariff
20760,bge_hp_base_candidate_tariff_candidate_tariff
24608,bge_non-hp_base_candidate_tariff_candidate_tariff
33628,bge_hp_base_candidate_tariff_candidate_tariff
40932,bge_non-hp_base_candidate_tariff_candidate_tariff
44245,bge_non-hp_base_candidate_tariff_candidate_tariff
45769,bge_non-hp_base_candidate_tariff_candidate_tariff
46056,bge_non-hp_base_candidate_tariff_candidate_tariff
46815,bge_hp_base_candidate_tariff_candidate_tariff
47439,bge_non-hp_base_candidate_tariff_candidate_tariff
48943,bge_non-hp_base_candidate_tariff_candidate_tariff
53498,bge_hp_base_candidate_tariff_candidate_tariff
54624,bge_non-hp_base_candidate_tariff_candidate_tariff
55614,bge_non-hp_base_candidate_tariff_candidate_tariff
62750,bge_non-hp_base_candidate_tariff_candidate_tariff
62797,bge_non-hp_base_candidate_tariff_candidate_tariff
67761,bge_non-hp_base_candidate_tariff_candidate_tariff
71595,bge_hp_base_candidate_tariff_candidate_tariff
78693,bge_non-hp_base_candidate_tariff_candidate_tariff
82650,bge_non-hp_base_candidate_tariff_candidate_tariff
86385,bge_non-hp_base_candidate_tariff_candidate_tariff
94747,bge_non-hp_base_candidate_tariff_candidate_tariff
95113,bge_non-hp_base_candidate_tariff_candidate_tariff
99833,bge_non-hp_base_candidate_tariff_candidate_tariff
105220,bge_hp_base_candidate_tariff_candidate_tariff
109628,bge_non-hp_base_candidate_tariff_candidate_tariff
114180,bge_non-hp_base_candidate_tariff_candidate_tariff
123241,bge_non-hp_base_candidate_tariff_candidate_tariff
131378,bge_non-hp_base_candidate_tariff_candidate_tariff
196326,bge_non-hp_base_candidate_tariff_candidate_tariff
229390,bge_non-hp_base_candidate_tariff_candidate_tariff
235583,bge_non-hp_base_candidate_tariff_candidate_tariff
174626,bge_non-hp_base_candidate_tariff_candidate_tariff
138237,bge_non-hp_base_candidate_tariff_candidate_tariff
145640,bge_non-hp_base_candidate_tariff_candidate_tariff
309151,bge_hp_base_candidate_tariff_candidate_tariff
383616,bge_non-hp_base_candidate_tariff_candidate_tariff
243079,bge_non-hp_base_candidate_tariff_candidate_tariff
218949,bge_hp_base_candidate_tariff_candidate_tariff
294944,bge_hp_base_candidate_tariff_candidate_tariff
282960,bge_non-hp_base_candidate_tariff_candidate_tariff
297656,bge_non-hp_base_candidate_tariff_candidate_tariff
185258,bge_hp_base_candidate_tariff_candidate_tariff
199709,bge_non-hp_base_candidate_tariff_candidate_tariff
220979,bge_non-hp_base_candidate_tariff_candidate_tariff
227618,bge_non-hp_base_candidate_tariff_candidate_tariff
260677,bge_non-hp_base_candidate_tariff_candidate_tariff
390448,bge_hp_base_candidate_tariff_candidate_tariff
369586,bge_non-hp_base_candidate_tariff_candidate_tariff
144611,bge_non-hp_base_candidate_tariff_candidate_tariff
159075,bge_non-hp_base_candidate_tariff_candidate_tariff
161213,bge_non-hp_base_candidate_tariff_candidate_tariff
162348,bge_hp_base_candidate_tariff_candidate_tariff
165752,bge_hp_base_candidate_tariff_candidate_tariff
169477,bge_non-hp_base_candidate_tariff_candidate_tariff
172130,bge_non-hp_base_candidate_tariff_candidate_tariff
188689,bge_hp_base_candidate_tariff_candidate_tariff
193662,bge_non-hp_base_candidate_tariff_candidate_tariff
196206,bge_non-hp_base_candidate_tariff_candidate_tariff
200650,bge_non-hp_base_candidate_tariff_candidate_tariff
207469,bge_non-hp_base_candidate_tariff_candidate_tariff
210659,bge_non-hp_base_candidate_tariff_candidate_tariff
213653,bge_non-hp_base_candidate_tariff_candidate_tariff
215806,bge_non-hp_base_candidate_tariff_candidate_tariff
218684,bge_non-hp_base_candidate_tariff_candidate_tariff
224070,bge_non-hp_base_candidate_tariff_candidate_tariff
224771,bge_non-hp_base_candidate_tariff_candidate_tariff
232684,bge_hp_base_candidate_tariff_candidate_tariff
232898,bge_non-hp_base_candidate_tariff_candidate_tariff
235481,bge_non-hp_base_candidate_tariff_candidate_tariff
239357,bge_non-hp_base_candidate_tariff_candidate_tariff
252043,bge_non-hp_base_candidate_tariff_candidate_tariff
255461,bge_hp_base_candidate_tariff_candidate_tariff
263904,bge_non-hp_base_candidate_tariff_candidate_tariff
275816,bge_non-hp_base_candidate_tariff_candidate_tariff
289832,bge_non-hp_base_candidate_tariff_candidate_tariff
356375,bge_non-hp_base_candidate_tariff_candidate_tariff
408189,bge_non-hp_base_candidate_tariff_candidate_tariff
316094,bge_non-hp_base_candidate_tariff_candidate_tariff
332473,bge_non-hp_base_candidate_tariff_candidate_tariff
333824,bge_hp_base_candidate_tariff_candidate_tariff
350639,bge_non-hp_base_candidate_tariff_candidate_tariff
279417,bge_non-hp_base_candidate_tariff_candidate_tariff
285913,bge_hp_base_candidate_tariff_candidate_tariff
293662,bge_non-hp_base_candidate_tariff_candidate_tariff
303936,bge_hp_base_candidate_tariff_candidate_tariff
308678,bge_non-hp_base_candidate_tariff_candidate_tariff
309563,bge_non-hp_base_candidate_tariff_candidate_tariff
309758,bge_non-hp_base_candidate_tariff_candidate_tariff
313040,bge_hp_base_candidate_tariff_candidate_tariff
316824,bge_non-hp_base_candidate_tariff_candidate_tariff
325739,bge_non-hp_base_candidate_tariff_candidate_tariff
339578,bge_non-hp_base_candidate_tariff_candidate_tariff
353112,bge_non-hp_base_candidate_tariff_candidate_tariff
353739,bge_non-hp_base_candidate_tariff_candidate_tariff
373708,bge_non-hp_base_candidate_tariff_candidate_tariff
378973,bge_non-hp_base_candidate_tariff_candidate_tariff
383917,bge_non-hp_base_candidate_tariff_candidate_tariff
387079,bge_non-hp_base_candidate_tariff_candidate_tariff
390719,bge_non-hp_base_candidate_tariff_candidate_tariff
397739,bge_non-hp_base_candidate_tariff_candidate_tariff
409982,bge_hp_base_candidate_tariff_candidate_tariff
354110,bge_hp_base_candidate_tariff_candidate_tariff
426363,bge_non-hp_base_candidate_tariff_candidate_tariff
31806,bge_non-hp_base_candidate_tariff_candidate_tariff
73421,bge_non-hp_base_candidate_tariff_candidate_tariff
415952,bge_non-hp_base_candidate_tariff_candidate_tariff
417565,bge_non-hp_base_candidate_tariff_candidate_tariff
433596,bge_hp_base_candidate_tariff_candidate_tariff
443763,bge_non-hp_base_candidate_tariff_candidate_tariff
448129,bge_non-hp_base_candidate_tariff_candidate_tariff
451629,bge_non-hp_base_candidate_tariff_candidate_tariff
456917,bge_non-hp_base_candidate_tariff_candidate_tariff
457846,bge_non-hp_base_candidate_tariff_candidate_tariff
469157,bge_non-hp_base_candidate_tariff_candidate_tariff
495587,bge_non-hp_base_candidate_tariff_candidate_tariff
497827,bge_non-hp_base_candidate_tariff_candidate_tariff
499367,bge_hp_base_candidate_tariff_candidate_tariff
500111,bge_hp_base_candidate_tariff_candidate_tariff
507605,bge_non-hp_base_candidate_tariff_candidate_tariff
510571,bge_hp_base_candidate_tariff_candidate_tariff
513175,bge_non-hp_base_candidate_tariff_candidate_tariff
516817,bge_non-hp_base_candidate_tariff_candidate_tariff
517886,bge_non-hp_base_candidate_tariff_candidate_tariff
523830,bge_non-hp_base_candidate_tariff_candidate_tariff
528035,bge_hp_base_candidate_tariff_candidate_tariff
532328,bge_non-hp_base_candidate_tariff_candidate_tariff
539628,bge_hp_base_candidate_tariff_candidate_tariff
544884,bge_non-hp_base_candidate_tariff_candidate_tariff
545490,bge_non-hp_base_candidate_tariff_candidate_tariff
17642,bge_non-hp_base_candidate_tariff_candidate_tariff
20283,bge_non-hp_base_candidate_tariff_candidate_tariff
53403,bge_non-hp_base_candidate_tariff_candidate_tariff
68206,bge_non-hp_base_candidate_tariff_candidate_tariff
74048,bge_non-hp_base_candidate_tariff_candidate_tariff
85180,bge_hp_base_candidate_tariff_candidate_tariff
99159,bge_non-hp_base_candidate_tariff_candidate_tariff
106935,bge_non-hp_base_candidate_tariff_candidate_tariff
110961,bge_non-hp_base_candidate_tariff_candidate_tariff
119537,bge_non-hp_base_candidate_tariff_candidate_tariff
127690,bge_non-hp_base_candidate_tariff_candidate_tariff
128192,bge_hp_base_candidate_tariff_candidate_tariff
135622,bge_hp_base_candidate_tariff_candidate_tariff
135910,bge_non-hp_base_candidate_tariff_candidate_tariff
274637,bge_non-hp_base_candidate_tariff_candidate_tariff
170116,bge_non-hp_base_candidate_tariff_candidate_tariff
272244,bge_non-hp_base_candidate_tariff_candidate_tariff
250437,bge_non-hp_base_candidate_tariff_candidate_tariff
333339,bge_hp_base_candidate_tariff_candidate_tariff
403166,bge_hp_base_candidate_tariff_candidate_tariff
419654,bge_non-hp_base_candidate_tariff_candidate_tariff
218555,bge_non-hp_base_candidate_tariff_candidate_tariff
331314,bge_non-hp_base_candidate_tariff_candidate_tariff
498699,bge_hp_base_candidate_tariff_candidate_tariff
500763,bge_non-hp_base_candidate_tariff_candidate_tariff
543097,bge_non-hp_base_candidate_tariff_candidate_tariff
34756,bge_non-hp_base_candidate_tariff_candidate_tariff
201098,bge_non-hp_base_candidate_tariff_candidate_tariff
205338,bge_hp_base_candidate_tariff_candidate_tariff
225921,bge_non-hp_base_candidate_tariff_candidate_tariff
253068,bge_hp_base_candidate_tariff_candidate_tariff
375637,bge_non-hp_base_candidate_tariff_candidate_tariff
303978,bge_non-hp_base_candidate_tariff_candidate_tariff
351359,bge_non-hp_base_candidate_tariff_candidate_tariff
216964,bge_hp_base_candidate_tariff_candidate_tariff
281408,bge_non-hp_base_candidate_tariff_candidate_tariff
454005,bge_hp_base_candidate_tariff_candidate_tariff
454074,bge_non-hp_base_candidate_tariff_candidate_tariff
196702,bge_non-hp_base_candidate_tariff_candidate_tariff
198451,bge_non-hp_base_candidate_tariff_candidate_tariff
224387,bge_hp_base_candidate_tariff_candidate_tariff
228827,bge_non-hp_base_candidate_tariff_candidate_tariff
241909,bge_hp_base_candidate_tariff_candidate_tariff
256024,bge_non-hp_base_candidate_tariff_candidate_tariff
267506,bge_non-hp_base_candidate_tariff_candidate_tariff
487590,bge_non-hp_base_candidate_tariff_candidate_tariff
127280,bge_hp_base_candidate_tariff_candidate_tariff
401155,bge_non-hp_base_candidate_tariff_candidate_tariff
385544,bge_non-hp_base_candidate_tariff_candidate_tariff
322714,bge_non-hp_base_candidate_tariff_candidate_tariff
387239,bge_non-hp_base_candidate_tariff_candidate_tariff
298936,bge_non-hp_base_candidate_tariff_candidate_tariff
316190,bge_non-hp_base_candidate_tariff_candidate_tariff
379430,bge_non-hp_base_candidate_tariff_candidate_tariff
144866,bge_hp_base_candidate_tariff_candidate_tariff
394674,bge_non-hp_base_candidate_tariff_candidate_tariff
308926,bge_non-hp_base_candidate_tariff_candidate_tariff
376476,bge_non-hp_base_candidate_tariff_candidate_tariff
94734,bge_non-hp_base_candidate_tariff_candidate_tariff
308404,bge_non-hp_base_candidate_tariff_candidate_tariff
547193,bge_hp_base_candidate_tariff_candidate_tariff
303,bge_hp_base_candidate_tariff_candidate_tariff
46109,bge_non-hp_base_candidate_tariff_candidate_tariff
66452,bge_non-hp_base_candidate_tariff_candidate_tariff
95295,bge_non-hp_base_candidate_tariff_candidate_tariff
102655,bge_hp_base_candidate_tariff_candidate_tariff
387369,bge_non-hp_base_candidate_tariff_candidate_tariff
277529,bge_hp_base_candidate_tariff_candidate_tariff
352842,bge_non-hp_base_candidate_tariff_candidate_tariff
355597,bge_non-hp_base_candidate_tariff_candidate_tariff
89033,bge_non-hp_base_candidate_tariff_candidate_tariff
376209,bge_non-hp_base_candidate_tariff_candidate_tariff
380068,bge_hp_base_candidate_tariff_candidate_tariff
396024,bge_hp_base_candidate_tariff_candidate_tariff
403375,bge_non-hp_base_candidate_tariff_candidate_tariff
405930,bge_hp_base_candidate_tariff_candidate_tariff
412814,bge_hp_base_candidate_tariff_candidate_tariff
413600,bge_non-hp_base_candidate_tariff_candidate_tariff
413793,bge_non-hp_base_candidate_tariff_candidate_tariff
206398,bge_non-hp_base_candidate_tariff_candidate_tariff
248467,bge_non-hp_base_candidate_tariff_candidate_tariff
516044,bge_non-hp_base_candidate_tariff_candidate_tariff
215968,bge_non-hp_base_candidate_tariff_candidate_tariff
538256,bge_non-hp_base_candidate_tariff_candidate_tariff
189062,bge_non-hp_base_candidate_tariff_candidate_tariff
447112,bge_non-hp_base_candidate_tariff_candidate_tariff
158992,bge_non-hp_base_candidate_tariff_candidate_tariff
190716,bge_non-hp_base_candidate_tariff_candidate_tariff
455811,bge_non-hp_base_candidate_tariff_candidate_tariff
202001,bge_non-hp_base_candidate_tariff_candidate_tariff
443104,bge_non-hp_base_candidate_tariff_candidate_tariff
498142,bge_non-hp_base_candidate_tariff_candidate_tariff
3334,bge_non-hp_base_candidate_tariff_candidate_tariff
37792,bge_non-hp_base_candidate_tariff_candidate_tariff
57369,bge_non-hp_base_candidate_tariff_candidate_tariff
70573,bge_hp_base_candidate_tariff_candidate_tariff
94094,bge_hp_base_candidate_tariff_candidate_tariff
100963,bge_non-hp_base_candidate_tariff_candidate_tariff
200817,bge_non-hp_base_candidate_tariff_candidate_tariff
218679,bge_non-hp_base_candidate_tariff_candidate_tariff
200123,bge_non-hp_base_candidate_tariff_candidate_tariff
167818,bge_non-hp_base_candidate_tariff_candidate_tariff
206945,bge_non-hp_base_candidate_tariff_candidate_tariff
258041,bge_non-hp_base_candidate_tariff_candidate_tariff
423271,bge_hp_base_candidate_tariff_candidate_tariff
439795,bge_non-hp_base_candidate_tariff_candidate_tariff
480253,bge_hp_base_candidate_tariff_candidate_tariff
483140,bge_non-hp_base_candidate_tariff_candidate_tariff
503237,bge_non-hp_base_candidate_tariff_candidate_tariff
513230,bge_hp_base_candidate_tariff_candidate_tariff
532952,bge_hp_base_candidate_tariff_candidate_tariff
545596,bge_non-hp_base_candidate_tariff_candidate_tariff
548622,bge_non-hp_base_candidate_tariff_candidate_tariff
99795,bge_hp_base_candidate_tariff_candidate_tariff
429453,bge_non-hp_base_candidate_tariff_candidate_tariff
446492,bge_non-hp_base_candidate_tariff_candidate_tariff
206395,bge_non-hp_base_candidate_tariff_candidate_tariff
341149,bge_non-hp_base_candidate_tariff_candidate_tariff
269644,bge_non-hp_base_candidate_tariff_candidate_tariff
411598,bge_non-hp_base_candidate_tariff_candidate_tariff
329018,bge_non-hp_base_candidate_tariff_candidate_tariff
51351,bge_hp_base_candidate_tariff_candidate_tariff
333055,bge_non-hp_base_candidate_tariff_candidate_tariff
365998,bge_non-hp_base_candidate_tariff_candidate_tariff
130036,bge_non-hp_base_candidate_tariff_candidate_tariff
66320,bge_non-hp_base_candidate_tariff_candidate_tariff
87050,bge_hp_base_candidate_tariff_candidate_tariff
420323,bge_non-hp_base_candidate_tariff_candidate_tariff
163476,bge_non-hp_base_candidate_tariff_candidate_tariff
78059,bge_non-hp_base_candidate_tariff_candidate_tariff
148700,bge_non-hp_base_candidate_tariff_candidate_tariff
206416,bge_hp_base_candidate_tariff_candidate_tariff
390187,bge_non-hp_base_candidate_tariff_candidate_tariff
213866,bge_non-hp_base_candidate_tariff_candidate_tariff
91220,bge_hp_base_candidate_tariff_candidate_tariff
112823,bge_hp_base_candidate_tariff_candidate_tariff
239780,bge_non-hp_base_candidate_tariff_candidate_tariff
264473,bge_non-hp_base_candidate_tariff_candidate_tariff
24981,bge_non-hp_base_candidate_tariff_candidate_tariff
270904,bge_non-hp_base_candidate_tariff_candidate_tariff
491670,bge_non-hp_base_candidate_tariff_candidate_tariff
308745,bge_non-hp_base_candidate_tariff_candidate_tariff
213300,bge_non-hp_base_candidate_tariff_candidate_tariff
155620,bge_non-hp_base_candidate_tariff_candidate_tariff
347238,bge_non-hp_base_candidate_tariff_candidate_tariff
240013,bge_non-hp_base_candidate_tariff_candidate_tariff
338194,bge_hp_base_candidate_tariff_candidate_tariff
531356,bge_non-hp_base_candidate_tariff_candidate_tariff
34810,bge_non-hp_base_candidate_tariff_candidate_tariff
117515,bge_non-hp_base_candidate_tariff_candidate_tariff
127939,bge_non-hp_base_candidate_tariff_candidate_tariff
422912,bge_non-hp_base_candidate_tariff_candidate_tariff
424601,bge_non-hp_base_candidate_tariff_candidate_tariff
432070,bge_non-hp_base_candidate_tariff_candidate_tariff
432270,bge_non-hp_base_candidate_tariff_candidate_tariff
510443,bge_hp_base_candidate_tariff_candidate_tariff
2156,bge_non-hp_base_candidate_tariff_candidate_tariff
9369,bge_non-hp_base_candidate_tariff_candidate_tariff
14588,bge_hp_base_candidate_tariff_candidate_tariff
42319,bge_non-hp_base_candidate_tariff_candidate_tariff
80724,bge_non-hp_base_candidate_tariff_candidate_tariff
109068,bge_non-hp_base_candidate_tariff_candidate_tariff
126691,bge_non-hp_base_candidate_tariff_candidate_tariff
386695,bge_non-hp_base_candidate_tariff_candidate_tariff
291449,bge_hp_base_candidate_tariff_candidate_tariff
144672,bge_non-hp_base_candidate_tariff_candidate_tariff
152505,bge_non-hp_base_candidate_tariff_candidate_tariff
179413,bge_non-hp_base_candidate_tariff_candidate_tariff
200487,bge_non-hp_base_candidate_tariff_candidate_tariff
223408,bge_non-hp_base_candidate_tariff_candidate_tariff
246040,bge_hp_base_candidate_tariff_candidate_tariff
258467,bge_non-hp_base_candidate_tariff_candidate_tariff
327471,bge_non-hp_base_candidate_tariff_candidate_tariff
286659,bge_hp_base_candidate_tariff_candidate_tariff
339442,bge_non-hp_base_candidate_tariff_candidate_tariff
363189,bge_non-hp_base_candidate_tariff_candidate_tariff
418483,bge_non-hp_base_candidate_tariff_candidate_tariff
420704,bge_hp_base_candidate_tariff_candidate_tariff
422580,bge_non-hp_base_candidate_tariff_candidate_tariff
427834,bge_non-hp_base_candidate_tariff_candidate_tariff
428145,bge_non-hp_base_candidate_tariff_candidate_tariff
432025,bge_non-hp_base_candidate_tariff_candidate_tariff
437640,bge_non-hp_base_candidate_tariff_candidate_tariff
441057,bge_non-hp_base_candidate_tariff_candidate_tariff
442327,bge_non-hp_base_candidate_tariff_candidate_tariff
443502,bge_non-hp_base_candidate_tariff_candidate_tariff
447568,bge_hp_base_candidate_tariff_candidate_tariff
448286,bge_non-hp_base_candidate_tariff_candidate_tariff
458396,bge_non-hp_base_candidate_tariff_candidate_tariff
468828,bge_non-hp_base_candidate_tariff_candidate_tariff
472898,bge_hp_base_candidate_tariff_candidate_tariff
474907,bge_non-hp_base_candidate_tariff_candidate_tariff
475139,bge_non-hp_base_candidate_tariff_candidate_tariff
475161,bge_non-hp_base_candidate_tariff_candidate_tariff
479258,bge_non-hp_base_candidate_tariff_candidate_tariff
481367,bge_non-hp_base_candidate_tariff_candidate_tariff
487942,bge_non-hp_base_candidate_tariff_candidate_tariff
497336,bge_hp_base_candidate_tariff_candidate_tariff
498369,bge_non-hp_base_candidate_tariff_candidate_tariff
512385,bge_hp_base_candidate_tariff_candidate_tariff
530063,bge_non-hp_base_candidate_tariff_candidate_tariff
531449,bge_non-hp_base_candidate_tariff_candidate_tariff
543515,bge_hp_base_candidate_tariff_candidate_tariff
2625,bge_hp_base_candidate_tariff_candidate_tariff
4749,bge_non-hp_base_candidate_tariff_candidate_tariff
5131,bge_non-hp_base_candidate_tariff_candidate_tariff
10952,bge_non-hp_base_candidate_tariff_candidate_tariff
12506,bge_non-hp_base_candidate_tariff_candidate_tariff
15048,bge_non-hp_base_candidate_tariff_candidate_tariff
19348,bge_hp_base_candidate_tariff_candidate_tariff
20173,bge_non-hp_base_candidate_tariff_candidate_tariff
21757,bge_non-hp_base_candidate_tariff_candidate_tariff
22582,bge_non-hp_base_candidate_tariff_candidate_tariff
22673,bge_non-hp_base_candidate_tariff_candidate_tariff
24649,bge_hp_base_candidate_tariff_candidate_tariff
33754,bge_non-hp_base_candidate_tariff_candidate_tariff
33810,bge_hp_base_candidate_tariff_candidate_tariff
34414,bge_non-hp_base_candidate_tariff_candidate_tariff
44663,bge_non-hp_base_candidate_tariff_candidate_tariff
48176,bge_non-hp_base_candidate_tariff_candidate_tariff
49629,bge_hp_base_candidate_tariff_candidate_tariff
53038,bge_non-hp_base_candidate_tariff_candidate_tariff
53619,bge_non-hp_base_candidate_tariff_candidate_tariff
57001,bge_non-hp_base_candidate_tariff_candidate_tariff
59314,bge_non-hp_base_candidate_tariff_candidate_tariff
61408,bge_non-hp_base_candidate_tariff_candidate_tariff
62646,bge_hp_base_candidate_tariff_candidate_tariff
65029,bge_non-hp_base_candidate_tariff_candidate_tariff
69506,bge_non-hp_base_candidate_tariff_candidate_tariff
71359,bge_non-hp_base_candidate_tariff_candidate_tariff
75352,bge_non-hp_base_candidate_tariff_candidate_tariff
75843,bge_non-hp_base_candidate_tariff_candidate_tariff
77117,bge_non-hp_base_candidate_tariff_candidate_tariff
95773,bge_non-hp_base_candidate_tariff_candidate_tariff
95921,bge_non-hp_base_candidate_tariff_candidate_tariff
99672,bge_hp_base_candidate_tariff_candidate_tariff
101899,bge_non-hp_base_candidate_tariff_candidate_tariff
103317,bge_non-hp_base_candidate_tariff_candidate_tariff
111770,bge_non-hp_base_candidate_tariff_candidate_tariff
112513,bge_non-hp_base_candidate_tariff_candidate_tariff
112919,bge_non-hp_base_candidate_tariff_candidate_tariff
120031,bge_non-hp_base_candidate_tariff_candidate_tariff
123103,bge_non-hp_base_candidate_tariff_candidate_tariff
126602,bge_hp_base_candidate_tariff_candidate_tariff
127125,bge_hp_base_candidate_tariff_candidate_tariff
131337,bge_non-hp_base_candidate_tariff_candidate_tariff
133719,bge_non-hp_base_candidate_tariff_candidate_tariff
135085,bge_non-hp_base_candidate_tariff_candidate_tariff
167010,bge_non-hp_base_candidate_tariff_candidate_tariff
219178,bge_non-hp_base_candidate_tariff_candidate_tariff
357849,bge_non-hp_base_candidate_tariff_candidate_tariff
371885,bge_non-hp_base_candidate_tariff_candidate_tariff
271027,bge_non-hp_base_candidate_tariff_candidate_tariff
275193,bge_hp_base_candidate_tariff_candidate_tariff
383496,bge_non-hp_base_candidate_tariff_candidate_tariff
375491,bge_hp_base_candidate_tariff_candidate_tariff
171187,bge_non-hp_base_candidate_tariff_candidate_tariff
217969,bge_non-hp_base_candidate_tariff_candidate_tariff
145053,bge_hp_base_candidate_tariff_candidate_tariff
151769,bge_non-hp_base_candidate_tariff_candidate_tariff
311698,bge_non-hp_base_candidate_tariff_candidate_tariff
339055,bge_non-hp_base_candidate_tariff_candidate_tariff
346564,bge_non-hp_base_candidate_tariff_candidate_tariff
138295,bge_hp_base_candidate_tariff_candidate_tariff
141679,bge_hp_base_candidate_tariff_candidate_tariff
147377,bge_hp_base_candidate_tariff_candidate_tariff
154806,bge_non-hp_base_candidate_tariff_candidate_tariff
167706,bge_non-hp_base_candidate_tariff_candidate_tariff
175755,bge_hp_base_candidate_tariff_candidate_tariff
175910,bge_non-hp_base_candidate_tariff_candidate_tariff
177232,bge_hp_base_candidate_tariff_candidate_tariff
180060,bge_hp_base_candidate_tariff_candidate_tariff
185578,bge_non-hp_base_candidate_tariff_candidate_tariff
194388,bge_non-hp_base_candidate_tariff_candidate_tariff
194475,bge_hp_base_candidate_tariff_candidate_tariff
199424,bge_non-hp_base_candidate_tariff_candidate_tariff
203687,bge_non-hp_base_candidate_tariff_candidate_tariff
204062,bge_non-hp_base_candidate_tariff_candidate_tariff
206187,bge_non-hp_base_candidate_tariff_candidate_tariff
206712,bge_hp_base_candidate_tariff_candidate_tariff
220874,bge_non-hp_base_candidate_tariff_candidate_tariff
220885,bge_non-hp_base_candidate_tariff_candidate_tariff
224402,bge_non-hp_base_candidate_tariff_candidate_tariff
235316,bge_non-hp_base_candidate_tariff_candidate_tariff
237336,bge_hp_base_candidate_tariff_candidate_tariff
238772,bge_hp_base_candidate_tariff_candidate_tariff
239681,bge_non-hp_base_candidate_tariff_candidate_tariff
242043,bge_non-hp_base_candidate_tariff_candidate_tariff
245933,bge_hp_base_candidate_tariff_candidate_tariff
261841,bge_hp_base_candidate_tariff_candidate_tariff
269161,bge_non-hp_base_candidate_tariff_candidate_tariff
272062,bge_non-hp_base_candidate_tariff_candidate_tariff
277034,bge_non-hp_base_candidate_tariff_candidate_tariff
360964,bge_non-hp_base_candidate_tariff_candidate_tariff
323506,bge_non-hp_base_candidate_tariff_candidate_tariff
334024,bge_non-hp_base_candidate_tariff_candidate_tariff
388571,bge_non-hp_base_candidate_tariff_candidate_tariff
318054,bge_non-hp_base_candidate_tariff_candidate_tariff
330609,bge_non-hp_base_candidate_tariff_candidate_tariff
349253,bge_non-hp_base_candidate_tariff_candidate_tariff
377821,bge_hp_base_candidate_tariff_candidate_tariff
338734,bge_hp_base_candidate_tariff_candidate_tariff
299078,bge_non-hp_base_candidate_tariff_candidate_tariff
365988,bge_non-hp_base_candidate_tariff_candidate_tariff
289205,bge_non-hp_base_candidate_tariff_candidate_tariff
324839,bge_hp_base_candidate_tariff_candidate_tariff
374358,bge_non-hp_base_candidate_tariff_candidate_tariff
408674,bge_non-hp_base_candidate_tariff_candidate_tariff
284911,bge_hp_base_candidate_tariff_candidate_tariff
285473,bge_non-hp_base_candidate_tariff_candidate_tariff
286153,bge_non-hp_base_candidate_tariff_candidate_tariff
293146,bge_hp_base_candidate_tariff_candidate_tariff
299269,bge_hp_base_candidate_tariff_candidate_tariff
310897,bge_hp_base_candidate_tariff_candidate_tariff
316756,bge_non-hp_base_candidate_tariff_candidate_tariff
316839,bge_non-hp_base_candidate_tariff_candidate_tariff
325189,bge_non-hp_base_candidate_tariff_candidate_tariff
338972,bge_non-hp_base_candidate_tariff_candidate_tariff
347685,bge_hp_base_candidate_tariff_candidate_tariff
353062,bge_non-hp_base_candidate_tariff_candidate_tariff
357373,bge_non-hp_base_candidate_tariff_candidate_tariff
360167,bge_non-hp_base_candidate_tariff_candidate_tariff
368227,bge_hp_base_candidate_tariff_candidate_tariff
412115,bge_non-hp_base_candidate_tariff_candidate_tariff
325598,bge_hp_base_candidate_tariff_candidate_tariff
461454,bge_hp_base_candidate_tariff_candidate_tariff
477114,bge_non-hp_base_candidate_tariff_candidate_tariff
268381,bge_non-hp_base_candidate_tariff_candidate_tariff
420703,bge_non-hp_base_candidate_tariff_candidate_tariff
425135,bge_non-hp_base_candidate_tariff_candidate_tariff
437349,bge_hp_base_candidate_tariff_candidate_tariff
440647,bge_non-hp_base_candidate_tariff_candidate_tariff
442030,bge_non-hp_base_candidate_tariff_candidate_tariff
442987,bge_non-hp_base_candidate_tariff_candidate_tariff
449279,bge_non-hp_base_candidate_tariff_candidate_tariff
449629,bge_non-hp_base_candidate_tariff_candidate_tariff
449800,bge_non-hp_base_candidate_tariff_candidate_tariff
464443,bge_non-hp_base_candidate_tariff_candidate_tariff
466171,bge_non-hp_base_candidate_tariff_candidate_tariff
478850,bge_non-hp_base_candidate_tariff_candidate_tariff
479919,bge_non-hp_base_candidate_tariff_candidate_tariff
484737,bge_non-hp_base_candidate_tariff_candidate_tariff
485154,bge_non-hp_base_candidate_tariff_candidate_tariff
487074,bge_non-hp_base_candidate_tariff_candidate_tariff
495092,bge_non-hp_base_candidate_tariff_candidate_tariff
495839,bge_non-hp_base_candidate_tariff_candidate_tariff
508899,bge_non-hp_base_candidate_tariff_candidate_tariff
510870,bge_non-hp_base_candidate_tariff_candidate_tariff
511003,bge_non-hp_base_candidate_tariff_candidate_tariff
514862,bge_non-hp_base_candidate_tariff_candidate_tariff
514975,bge_non-hp_base_candidate_tariff_candidate_tariff
516215,bge_non-hp_base_candidate_tariff_candidate_tariff
517994,bge_non-hp_base_candidate_tariff_candidate_tariff
535012,bge_non-hp_base_candidate_tariff_candidate_tariff
539998,bge_hp_base_candidate_tariff_candidate_tariff
540434,bge_non-hp_base_candidate_tariff_candidate_tariff
541917,bge_non-hp_base_candidate_tariff_candidate_tariff
543527,bge_hp_base_candidate_tariff_candidate_tariff
548471,bge_hp_base_candidate_tariff_candidate_tariff
57930,bge_non-hp_base_candidate_tariff_candidate_tariff
89771,bge_non-hp_base_candidate_tariff_candidate_tariff
97242,bge_hp_base_candidate_tariff_candidate_tariff
100254,bge_non-hp_base_candidate_tariff_candidate_tariff
115257,bge_non-hp_base_candidate_tariff_candidate_tariff
118967,bge_hp_base_candidate_tariff_candidate_tariff
120201,bge_non-hp_base_candidate_tariff_candidate_tariff
127560,bge_non-hp_base_candidate_tariff_candidate_tariff
134548,bge_non-hp_base_candidate_tariff_candidate_tariff
134550,bge_non-hp_base_candidate_tariff_candidate_tariff
163133,bge_non-hp_base_candidate_tariff_candidate_tariff
267795,bge_non-hp_base_candidate_tariff_candidate_tariff
148509,bge_non-hp_base_candidate_tariff_candidate_tariff
187275,bge_non-hp_base_candidate_tariff_candidate_tariff
228551,bge_non-hp_base_candidate_tariff_candidate_tariff
378614,bge_hp_base_candidate_tariff_candidate_tariff
210314,bge_non-hp_base_candidate_tariff_candidate_tariff
175983,bge_non-hp_base_candidate_tariff_candidate_tariff
525400,bge_hp_base_candidate_tariff_candidate_tariff
161760,bge_hp_base_candidate_tariff_candidate_tariff
175843,bge_non-hp_base_candidate_tariff_candidate_tariff
184156,bge_non-hp_base_candidate_tariff_candidate_tariff
270305,bge_non-hp_base_candidate_tariff_candidate_tariff
443325,bge_non-hp_base_candidate_tariff_candidate_tariff
269065,bge_non-hp_base_candidate_tariff_candidate_tariff
196708,bge_non-hp_base_candidate_tariff_candidate_tariff
148562,bge_non-hp_base_candidate_tariff_candidate_tariff
157452,bge_hp_base_candidate_tariff_candidate_tariff
169361,bge_non-hp_base_candidate_tariff_candidate_tariff
196705,bge_non-hp_base_candidate_tariff_candidate_tariff
231412,bge_hp_base_candidate_tariff_candidate_tariff
273919,bge_non-hp_base_candidate_tariff_candidate_tariff
352814,bge_non-hp_base_candidate_tariff_candidate_tariff
297895,bge_non-hp_base_candidate_tariff_candidate_tariff
346630,bge_non-hp_base_candidate_tariff_candidate_tariff
381056,bge_non-hp_base_candidate_tariff_candidate_tariff
301093,bge_non-hp_base_candidate_tariff_candidate_tariff
167313,bge_non-hp_base_candidate_tariff_candidate_tariff
223276,bge_non-hp_base_candidate_tariff_candidate_tariff
231956,bge_non-hp_base_candidate_tariff_candidate_tariff
234565,bge_hp_base_candidate_tariff_candidate_tariff
271398,bge_non-hp_base_candidate_tariff_candidate_tariff
482294,bge_non-hp_base_candidate_tariff_candidate_tariff
400016,bge_non-hp_base_candidate_tariff_candidate_tariff
35721,bge_hp_base_candidate_tariff_candidate_tariff
73922,bge_non-hp_base_candidate_tariff_candidate_tariff
454607,bge_non-hp_base_candidate_tariff_candidate_tariff
32955,bge_non-hp_base_candidate_tariff_candidate_tariff
421883,bge_non-hp_base_candidate_tariff_candidate_tariff
90549,bge_non-hp_base_candidate_tariff_candidate_tariff
388447,bge_non-hp_base_candidate_tariff_candidate_tariff
414593,bge_non-hp_base_candidate_tariff_candidate_tariff
506123,bge_non-hp_base_candidate_tariff_candidate_tariff
53656,bge_non-hp_base_candidate_tariff_candidate_tariff
54904,bge_non-hp_base_candidate_tariff_candidate_tariff
56905,bge_non-hp_base_candidate_tariff_candidate_tariff
97053,bge_hp_base_candidate_tariff_candidate_tariff
373056,bge_non-hp_base_candidate_tariff_candidate_tariff
304408,bge_hp_base_candidate_tariff_candidate_tariff
319696,bge_non-hp_base_candidate_tariff_candidate_tariff
326147,bge_non-hp_base_candidate_tariff_candidate_tariff
347185,bge_non-hp_base_candidate_tariff_candidate_tariff
351566,bge_non-hp_base_candidate_tariff_candidate_tariff
414183,bge_non-hp_base_candidate_tariff_candidate_tariff
47291,bge_non-hp_base_candidate_tariff_candidate_tariff
308159,bge_non-hp_base_candidate_tariff_candidate_tariff
357975,bge_non-hp_base_candidate_tariff_candidate_tariff
383524,bge_non-hp_base_candidate_tariff_candidate_tariff
402732,bge_non-hp_base_candidate_tariff_candidate_tariff
172694,bge_hp_base_candidate_tariff_candidate_tariff
94872,bge_non-hp_base_candidate_tariff_candidate_tariff
48735,bge_non-hp_base_candidate_tariff_candidate_tariff
216744,bge_hp_base_candidate_tariff_candidate_tariff
246762,bge_hp_base_candidate_tariff_candidate_tariff
475957,bge_non-hp_base_candidate_tariff_candidate_tariff
207502,bge_non-hp_base_candidate_tariff_candidate_tariff
467160,bge_non-hp_base_candidate_tariff_candidate_tariff
468440,bge_non-hp_base_candidate_tariff_candidate_tariff
486817,bge_non-hp_base_candidate_tariff_candidate_tariff
504874,bge_non-hp_base_candidate_tariff_candidate_tariff
521782,bge_non-hp_base_candidate_tariff_candidate_tariff
5246,bge_hp_base_candidate_tariff_candidate_tariff
66819,bge_hp_base_candidate_tariff_candidate_tariff
235937,bge_non-hp_base_candidate_tariff_candidate_tariff
154341,bge_non-hp_base_candidate_tariff_candidate_tariff
158580,bge_non-hp_base_candidate_tariff_candidate_tariff
165095,bge_non-hp_base_candidate_tariff_candidate_tariff
194375,bge_non-hp_base_candidate_tariff_candidate_tariff
273957,bge_non-hp_base_candidate_tariff_candidate_tariff
477408,bge_non-hp_base_candidate_tariff_candidate_tariff
447280,bge_non-hp_base_candidate_tariff_candidate_tariff
532139,bge_non-hp_base_candidate_tariff_candidate_tariff
548480,bge_non-hp_base_candidate_tariff_candidate_tariff
87168,bge_non-hp_base_candidate_tariff_candidate_tariff
103116,bge_hp_base_candidate_tariff_candidate_tariff
106831,bge_non-hp_base_candidate_tariff_candidate_tariff
354996,bge_non-hp_base_candidate_tariff_candidate_tariff
401456,bge_hp_base_candidate_tariff_candidate_tariff
526012,bge_non-hp_base_candidate_tariff_candidate_tariff
236697,bge_non-hp_base_candidate_tariff_candidate_tariff
205360,bge_non-hp_base_candidate_tariff_candidate_tariff
182167,bge_non-hp_base_candidate_tariff_candidate_tariff
302528,bge_hp_base_candidate_tariff_candidate_tariff
201065,bge_non-hp_base_candidate_tariff_candidate_tariff
265482,bge_non-hp_base_candidate_tariff_candidate_tariff
121619,bge_non-hp_base_candidate_tariff_candidate_tariff
466873,bge_non-hp_base_candidate_tariff_candidate_tariff
466517,bge_hp_base_candidate_tariff_candidate_tariff
371810,bge_non-hp_base_candidate_tariff_candidate_tariff
374975,bge_non-hp_base_candidate_tariff_candidate_tariff
255217,bge_non-hp_base_candidate_tariff_candidate_tariff
178231,bge_non-hp_base_candidate_tariff_candidate_tariff
13413,bge_hp_base_candidate_tariff_candidate_tariff
141291,bge_non-hp_base_candidate_tariff_candidate_tariff
32029,bge_non-hp_base_candidate_tariff_candidate_tariff
433093,bge_hp_base_candidate_tariff_candidate_tariff
478245,bge_non-hp_base_candidate_tariff_candidate_tariff
500865,bge_non-hp_base_candidate_tariff_candidate_tariff
532809,bge_hp_base_candidate_tariff_candidate_tariff
327344,bge_non-hp_base_candidate_tariff_candidate_tariff
69534,bge_hp_base_candidate_tariff_candidate_tariff
345390,bge_non-hp_base_candidate_tariff_candidate_tariff
492148,bge_hp_base_candidate_tariff_candidate_tariff
138730,bge_non-hp_base_candidate_tariff_candidate_tariff
170902,bge_hp_base_candidate_tariff_candidate_tariff
343099,bge_non-hp_base_candidate_tariff_candidate_tariff
285121,bge_non-hp_base_candidate_tariff_candidate_tariff
439239,bge_hp_base_candidate_tariff_candidate_tariff
489658,bge_hp_base_candidate_tariff_candidate_tariff
502213,bge_non-hp_base_candidate_tariff_candidate_tariff
513420,bge_non-hp_base_candidate_tariff_candidate_tariff
523199,bge_non-hp_base_candidate_tariff_candidate_tariff
532906,bge_non-hp_base_candidate_tariff_candidate_tariff
48572,bge_non-hp_base_candidate_tariff_candidate_tariff
67100,bge_non-hp_base_candidate_tariff_candidate_tariff
67909,bge_non-hp_base_candidate_tariff_candidate_tariff
110489,bge_non-hp_base_candidate_tariff_candidate_tariff
119432,bge_non-hp_base_candidate_tariff_candidate_tariff
129124,bge_non-hp_base_candidate_tariff_candidate_tariff
344736,bge_non-hp_base_candidate_tariff_candidate_tariff
368242,bge_non-hp_base_candidate_tariff_candidate_tariff
210413,bge_hp_base_candidate_tariff_candidate_tariff
313610,bge_non-hp_base_candidate_tariff_candidate_tariff
279147,bge_non-hp_base_candidate_tariff_candidate_tariff
289042,bge_non-hp_base_candidate_tariff_candidate_tariff
291823,bge_non-hp_base_candidate_tariff_candidate_tariff
410702,bge_non-hp_base_candidate_tariff_candidate_tariff
418932,bge_hp_base_candidate_tariff_candidate_tariff
423643,bge_non-hp_base_candidate_tariff_candidate_tariff
429881,bge_non-hp_base_candidate_tariff_candidate_tariff
434375,bge_non-hp_base_candidate_tariff_candidate_tariff
448262,bge_non-hp_base_candidate_tariff_candidate_tariff
459900,bge_hp_base_candidate_tariff_candidate_tariff
473209,bge_non-hp_base_candidate_tariff_candidate_tariff
477250,bge_non-hp_base_candidate_tariff_candidate_tariff
477377,bge_non-hp_base_candidate_tariff_candidate_tariff
482774,bge_non-hp_base_candidate_tariff_candidate_tariff
488282,bge_non-hp_base_candidate_tariff_candidate_tariff
519567,bge_non-hp_base_candidate_tariff_candidate_tariff
539686,bge_non-hp_base_candidate_tariff_candidate_tariff
44285,bge_non-hp_base_candidate_tariff_candidate_tariff
1359,bge_non-hp_base_candidate_tariff_candidate_tariff
4721,bge_non-hp_base_candidate_tariff_candidate_tariff
6695,bge_non-hp_base_candidate_tariff_candidate_tariff
7148,bge_non-hp_base_candidate_tariff_candidate_tariff
12441,bge_hp_base_candidate_tariff_candidate_tariff
15709,bge_non-hp_base_candidate_tariff_candidate_tariff
16855,bge_non-hp_base_candidate_tariff_candidate_tariff
17912,bge_non-hp_base_candidate_tariff_candidate_tariff
19240,bge_non-hp_base_candidate_tariff_candidate_tariff
26456,bge_non-hp_base_candidate_tariff_candidate_tariff
28707,bge_non-hp_base_candidate_tariff_candidate_tariff
30181,bge_hp_base_candidate_tariff_candidate_tariff
31098,bge_non-hp_base_candidate_tariff_candidate_tariff
32626,bge_non-hp_base_candidate_tariff_candidate_tariff
42100,bge_hp_base_candidate_tariff_candidate_tariff
46467,bge_non-hp_base_candidate_tariff_candidate_tariff
50084,bge_hp_base_candidate_tariff_candidate_tariff
50991,bge_non-hp_base_candidate_tariff_candidate_tariff
56263,bge_hp_base_candidate_tariff_candidate_tariff
58285,bge_hp_base_candidate_tariff_candidate_tariff
61970,bge_non-hp_base_candidate_tariff_candidate_tariff
63472,bge_hp_base_candidate_tariff_candidate_tariff
72231,bge_hp_base_candidate_tariff_candidate_tariff
78882,bge_non-hp_base_candidate_tariff_candidate_tariff
84611,bge_non-hp_base_candidate_tariff_candidate_tariff
91287,bge_non-hp_base_candidate_tariff_candidate_tariff
92581,bge_non-hp_base_candidate_tariff_candidate_tariff
107119,bge_hp_base_candidate_tariff_candidate_tariff
111758,bge_hp_base_candidate_tariff_candidate_tariff
116983,bge_non-hp_base_candidate_tariff_candidate_tariff
122737,bge_hp_base_candidate_tariff_candidate_tariff
127569,bge_non-hp_base_candidate_tariff_candidate_tariff
128711,bge_non-hp_base_candidate_tariff_candidate_tariff
135253,bge_non-hp_base_candidate_tariff_candidate_tariff
135920,bge_non-hp_base_candidate_tariff_candidate_tariff
184112,bge_hp_base_candidate_tariff_candidate_tariff
268687,bge_hp_base_candidate_tariff_candidate_tariff
392472,bge_non-hp_base_candidate_tariff_candidate_tariff
217737,bge_non-hp_base_candidate_tariff_candidate_tariff
206722,bge_non-hp_base_candidate_tariff_candidate_tariff
172718,bge_non-hp_base_candidate_tariff_candidate_tariff
203823,bge_hp_base_candidate_tariff_candidate_tariff
326157,bge_non-hp_base_candidate_tariff_candidate_tariff
155754,bge_non-hp_base_candidate_tariff_candidate_tariff
207985,bge_non-hp_base_candidate_tariff_candidate_tariff
353482,bge_non-hp_base_candidate_tariff_candidate_tariff
167678,bge_non-hp_base_candidate_tariff_candidate_tariff
195649,bge_non-hp_base_candidate_tariff_candidate_tariff
202465,bge_non-hp_base_candidate_tariff_candidate_tariff
246470,bge_hp_base_candidate_tariff_candidate_tariff
272330,bge_non-hp_base_candidate_tariff_candidate_tariff
363902,bge_non-hp_base_candidate_tariff_candidate_tariff
387636,bge_non-hp_base_candidate_tariff_candidate_tariff
138849,bge_hp_base_candidate_tariff_candidate_tariff
140910,bge_hp_base_candidate_tariff_candidate_tariff
142681,bge_non-hp_base_candidate_tariff_candidate_tariff
143104,bge_non-hp_base_candidate_tariff_candidate_tariff
144030,bge_non-hp_base_candidate_tariff_candidate_tariff
144619,bge_non-hp_base_candidate_tariff_candidate_tariff
149655,bge_hp_base_candidate_tariff_candidate_tariff
154838,bge_non-hp_base_candidate_tariff_candidate_tariff
157197,bge_non-hp_base_candidate_tariff_candidate_tariff
157909,bge_non-hp_base_candidate_tariff_candidate_tariff
167181,bge_non-hp_base_candidate_tariff_candidate_tariff
167474,bge_non-hp_base_candidate_tariff_candidate_tariff
216885,bge_hp_base_candidate_tariff_candidate_tariff
219865,bge_non-hp_base_candidate_tariff_candidate_tariff
224267,bge_non-hp_base_candidate_tariff_candidate_tariff
228768,bge_non-hp_base_candidate_tariff_candidate_tariff
232525,bge_non-hp_base_candidate_tariff_candidate_tariff
234248,bge_non-hp_base_candidate_tariff_candidate_tariff
242718,bge_non-hp_base_candidate_tariff_candidate_tariff
250095,bge_non-hp_base_candidate_tariff_candidate_tariff
253805,bge_non-hp_base_candidate_tariff_candidate_tariff
272427,bge_non-hp_base_candidate_tariff_candidate_tariff
272952,bge_hp_base_candidate_tariff_candidate_tariff
369829,bge_non-hp_base_candidate_tariff_candidate_tariff
339084,bge_non-hp_base_candidate_tariff_candidate_tariff
393908,bge_non-hp_base_candidate_tariff_candidate_tariff
284745,bge_non-hp_base_candidate_tariff_candidate_tariff
378505,bge_non-hp_base_candidate_tariff_candidate_tariff
399728,bge_non-hp_base_candidate_tariff_candidate_tariff
338103,bge_non-hp_base_candidate_tariff_candidate_tariff
340524,bge_non-hp_base_candidate_tariff_candidate_tariff
301758,bge_non-hp_base_candidate_tariff_candidate_tariff
318747,bge_non-hp_base_candidate_tariff_candidate_tariff
318507,bge_non-hp_base_candidate_tariff_candidate_tariff
343565,bge_non-hp_base_candidate_tariff_candidate_tariff
388693,bge_hp_base_candidate_tariff_candidate_tariff
279708,bge_non-hp_base_candidate_tariff_candidate_tariff
288276,bge_non-hp_base_candidate_tariff_candidate_tariff
292446,bge_hp_base_candidate_tariff_candidate_tariff
294620,bge_non-hp_base_candidate_tariff_candidate_tariff
315667,bge_non-hp_base_candidate_tariff_candidate_tariff
316813,bge_hp_base_candidate_tariff_candidate_tariff
327560,bge_hp_base_candidate_tariff_candidate_tariff
335549,bge_non-hp_base_candidate_tariff_candidate_tariff
341613,bge_non-hp_base_candidate_tariff_candidate_tariff
341669,bge_hp_base_candidate_tariff_candidate_tariff
350564,bge_non-hp_base_candidate_tariff_candidate_tariff
351307,bge_non-hp_base_candidate_tariff_candidate_tariff
357605,bge_non-hp_base_candidate_tariff_candidate_tariff
370650,bge_non-hp_base_candidate_tariff_candidate_tariff
374623,bge_non-hp_base_candidate_tariff_candidate_tariff
386607,bge_non-hp_base_candidate_tariff_candidate_tariff
391330,bge_non-hp_base_candidate_tariff_candidate_tariff
392866,bge_non-hp_base_candidate_tariff_candidate_tariff
395203,bge_non-hp_base_candidate_tariff_candidate_tariff
395534,bge_non-hp_base_candidate_tariff_candidate_tariff
399089,bge_non-hp_base_candidate_tariff_candidate_tariff
406085,bge_hp_base_candidate_tariff_candidate_tariff
111957,bge_non-hp_base_candidate_tariff_candidate_tariff
283843,bge_non-hp_base_candidate_tariff_candidate_tariff
491543,bge_non-hp_base_candidate_tariff_candidate_tariff
392407,bge_non-hp_base_candidate_tariff_candidate_tariff
332655,bge_non-hp_base_candidate_tariff_candidate_tariff
417117,bge_hp_base_candidate_tariff_candidate_tariff
422683,bge_non-hp_base_candidate_tariff_candidate_tariff
444650,bge_hp_base_candidate_tariff_candidate_tariff
449782,bge_hp_base_candidate_tariff_candidate_tariff
452224,bge_non-hp_base_candidate_tariff_candidate_tariff
479570,bge_non-hp_base_candidate_tariff_candidate_tariff
490069,bge_hp_base_candidate_tariff_candidate_tariff
494746,bge_non-hp_base_candidate_tariff_candidate_tariff
499503,bge_hp_base_candidate_tariff_candidate_tariff
501679,bge_non-hp_base_candidate_tariff_candidate_tariff
502172,bge_non-hp_base_candidate_tariff_candidate_tariff
504811,bge_non-hp_base_candidate_tariff_candidate_tariff
507863,bge_non-hp_base_candidate_tariff_candidate_tariff
520717,bge_non-hp_base_candidate_tariff_candidate_tariff
524083,bge_non-hp_base_candidate_tariff_candidate_tariff
526052,bge_hp_base_candidate_tariff_candidate_tariff
531403,bge_non-hp_base_candidate_tariff_candidate_tariff
532760,bge_hp_base_candidate_tariff_candidate_tariff
535136,bge_non-hp_base_candidate_tariff_candidate_tariff
535685,bge_hp_base_candidate_tariff_candidate_tariff
539065,bge_non-hp_base_candidate_tariff_candidate_tariff
545282,bge_hp_base_candidate_tariff_candidate_tariff
547182,bge_non-hp_base_candidate_tariff_candidate_tariff
43542,bge_non-hp_base_candidate_tariff_candidate_tariff
51613,bge_non-hp_base_candidate_tariff_candidate_tariff
63851,bge_non-hp_base_candidate_tariff_candidate_tariff
81419,bge_hp_base_candidate_tariff_candidate_tariff
102521,bge_non-hp_base_candidate_tariff_candidate_tariff
118349,bge_non-hp_base_candidate_tariff_candidate_tariff
126527,bge_non-hp_base_candidate_tariff_candidate_tariff
128842,bge_non-hp_base_candidate_tariff_candidate_tariff
220730,bge_non-hp_base_candidate_tariff_candidate_tariff
346810,bge_hp_base_candidate_tariff_candidate_tariff
205567,bge_non-hp_base_candidate_tariff_candidate_tariff
337329,bge_non-hp_base_candidate_tariff_candidate_tariff
372388,bge_hp_base_candidate_tariff_candidate_tariff
404186,bge_hp_base_candidate_tariff_candidate_tariff
418071,bge_hp_base_candidate_tariff_candidate_tariff
214725,bge_non-hp_base_candidate_tariff_candidate_tariff
504204,bge_non-hp_base_candidate_tariff_candidate_tariff
323817,bge_non-hp_base_candidate_tariff_candidate_tariff
430339,bge_non-hp_base_candidate_tariff_candidate_tariff
223169,bge_non-hp_base_candidate_tariff_candidate_tariff
169075,bge_non-hp_base_candidate_tariff_candidate_tariff
181032,bge_non-hp_base_candidate_tariff_candidate_tariff
199987,bge_non-hp_base_candidate_tariff_candidate_tariff
210860,bge_non-hp_base_candidate_tariff_candidate_tariff
217030,bge_non-hp_base_candidate_tariff_candidate_tariff
236042,bge_non-hp_base_candidate_tariff_candidate_tariff
392996,bge_non-hp_base_candidate_tariff_candidate_tariff
368340,bge_non-hp_base_candidate_tariff_candidate_tariff
330619,bge_non-hp_base_candidate_tariff_candidate_tariff
335460,bge_non-hp_base_candidate_tariff_candidate_tariff
415028,bge_non-hp_base_candidate_tariff_candidate_tariff
423757,bge_non-hp_base_candidate_tariff_candidate_tariff
430910,bge_non-hp_base_candidate_tariff_candidate_tariff
435402,bge_non-hp_base_candidate_tariff_candidate_tariff
227613,bge_non-hp_base_candidate_tariff_candidate_tariff
237374,bge_non-hp_base_candidate_tariff_candidate_tariff
245185,bge_hp_base_candidate_tariff_candidate_tariff
262087,bge_hp_base_candidate_tariff_candidate_tariff
262525,bge_non-hp_base_candidate_tariff_candidate_tariff
274067,bge_hp_base_candidate_tariff_candidate_tariff
341886,bge_non-hp_base_candidate_tariff_candidate_tariff
331210,bge_non-hp_base_candidate_tariff_candidate_tariff
379335,bge_non-hp_base_candidate_tariff_candidate_tariff
343745,bge_non-hp_base_candidate_tariff_candidate_tariff
383868,bge_non-hp_base_candidate_tariff_candidate_tariff
95365,bge_non-hp_base_candidate_tariff_candidate_tariff
544974,bge_non-hp_base_candidate_tariff_candidate_tariff
11357,bge_non-hp_base_candidate_tariff_candidate_tariff
41225,bge_non-hp_base_candidate_tariff_candidate_tariff
14856,bge_non-hp_base_candidate_tariff_candidate_tariff
15677,bge_non-hp_base_candidate_tariff_candidate_tariff
17407,bge_non-hp_base_candidate_tariff_candidate_tariff
41868,bge_non-hp_base_candidate_tariff_candidate_tariff
55980,bge_non-hp_base_candidate_tariff_candidate_tariff
103961,bge_non-hp_base_candidate_tariff_candidate_tariff
105401,bge_non-hp_base_candidate_tariff_candidate_tariff
346892,bge_hp_base_candidate_tariff_candidate_tariff
294931,bge_non-hp_base_candidate_tariff_candidate_tariff
298759,bge_non-hp_base_candidate_tariff_candidate_tariff
328016,bge_non-hp_base_candidate_tariff_candidate_tariff
328286,bge_non-hp_base_candidate_tariff_candidate_tariff
347561,bge_non-hp_base_candidate_tariff_candidate_tariff
357334,bge_hp_base_candidate_tariff_candidate_tariff
375407,bge_non-hp_base_candidate_tariff_candidate_tariff
314372,bge_non-hp_base_candidate_tariff_candidate_tariff
328855,bge_non-hp_base_candidate_tariff_candidate_tariff
348223,bge_non-hp_base_candidate_tariff_candidate_tariff
371251,bge_non-hp_base_candidate_tariff_candidate_tariff
381892,bge_hp_base_candidate_tariff_candidate_tariff
388380,bge_non-hp_base_candidate_tariff_candidate_tariff
389438,bge_non-hp_base_candidate_tariff_candidate_tariff
402503,bge_non-hp_base_candidate_tariff_candidate_tariff
402836,bge_non-hp_base_candidate_tariff_candidate_tariff
137929,bge_non-hp_base_candidate_tariff_candidate_tariff
232323,bge_non-hp_base_candidate_tariff_candidate_tariff
206488,bge_non-hp_base_candidate_tariff_candidate_tariff
152423,bge_non-hp_base_candidate_tariff_candidate_tariff
95274,bge_non-hp_base_candidate_tariff_candidate_tariff
174820,bge_non-hp_base_candidate_tariff_candidate_tariff
6841,bge_non-hp_base_candidate_tariff_candidate_tariff
7805,bge_non-hp_base_candidate_tariff_candidate_tariff
11025,bge_non-hp_base_candidate_tariff_candidate_tariff
19058,bge_non-hp_base_candidate_tariff_candidate_tariff
76238,bge_non-hp_base_candidate_tariff_candidate_tariff
84278,bge_non-hp_base_candidate_tariff_candidate_tariff
117641,bge_hp_base_candidate_tariff_candidate_tariff
119416,bge_non-hp_base_candidate_tariff_candidate_tariff
221441,bge_non-hp_base_candidate_tariff_candidate_tariff
144810,bge_non-hp_base_candidate_tariff_candidate_tariff
153307,bge_non-hp_base_candidate_tariff_candidate_tariff
138371,bge_non-hp_base_candidate_tariff_candidate_tariff
147453,bge_non-hp_base_candidate_tariff_candidate_tariff
156626,bge_non-hp_base_candidate_tariff_candidate_tariff
189460,bge_non-hp_base_candidate_tariff_candidate_tariff
189530,bge_hp_base_candidate_tariff_candidate_tariff
218892,bge_non-hp_base_candidate_tariff_candidate_tariff
293446,bge_non-hp_base_candidate_tariff_candidate_tariff
6170,bge_non-hp_base_candidate_tariff_candidate_tariff
256954,bge_non-hp_base_candidate_tariff_candidate_tariff
515964,bge_non-hp_base_candidate_tariff_candidate_tariff
527682,bge_non-hp_base_candidate_tariff_candidate_tariff
531799,bge_non-hp_base_candidate_tariff_candidate_tariff
535176,bge_non-hp_base_candidate_tariff_candidate_tariff
541015,bge_hp_base_candidate_tariff_candidate_tariff
542142,bge_non-hp_base_candidate_tariff_candidate_tariff
544829,bge_non-hp_base_candidate_tariff_candidate_tariff
79995,bge_non-hp_base_candidate_tariff_candidate_tariff
119472,bge_non-hp_base_candidate_tariff_candidate_tariff
134719,bge_non-hp_base_candidate_tariff_candidate_tariff
446295,bge_non-hp_base_candidate_tariff_candidate_tariff
299779,bge_non-hp_base_candidate_tariff_candidate_tariff
350645,bge_non-hp_base_candidate_tariff_candidate_tariff
438167,bge_non-hp_base_candidate_tariff_candidate_tariff
219732,bge_non-hp_base_candidate_tariff_candidate_tariff
321971,bge_non-hp_base_candidate_tariff_candidate_tariff
477470,bge_non-hp_base_candidate_tariff_candidate_tariff
149131,bge_non-hp_base_candidate_tariff_candidate_tariff
173865,bge_non-hp_base_candidate_tariff_candidate_tariff
346062,bge_non-hp_base_candidate_tariff_candidate_tariff
245253,bge_hp_base_candidate_tariff_candidate_tariff
261457,bge_non-hp_base_candidate_tariff_candidate_tariff
37700,bge_non-hp_base_candidate_tariff_candidate_tariff
31954,bge_non-hp_base_candidate_tariff_candidate_tariff
501594,bge_non-hp_base_candidate_tariff_candidate_tariff
368367,bge_non-hp_base_candidate_tariff_candidate_tariff
38075,bge_non-hp_base_candidate_tariff_candidate_tariff
39037,bge_non-hp_base_candidate_tariff_candidate_tariff
58507,bge_non-hp_base_candidate_tariff_candidate_tariff
129374,bge_hp_base_candidate_tariff_candidate_tariff
240168,bge_non-hp_base_candidate_tariff_candidate_tariff
390383,bge_non-hp_base_candidate_tariff_candidate_tariff
327554,bge_non-hp_base_candidate_tariff_candidate_tariff
458279,bge_non-hp_base_candidate_tariff_candidate_tariff
525583,bge_non-hp_base_candidate_tariff_candidate_tariff
309558,bge_non-hp_base_candidate_tariff_candidate_tariff
10503,bge_non-hp_base_candidate_tariff_candidate_tariff
431391,bge_non-hp_base_candidate_tariff_candidate_tariff
217154,bge_non-hp_base_candidate_tariff_candidate_tariff
464171,bge_non-hp_base_candidate_tariff_candidate_tariff
16375,bge_non-hp_base_candidate_tariff_candidate_tariff
93274,bge_hp_base_candidate_tariff_candidate_tariff
38957,bge_non-hp_base_candidate_tariff_candidate_tariff
367013,bge_non-hp_base_candidate_tariff_candidate_tariff
162579,bge_non-hp_base_candidate_tariff_candidate_tariff
441103,bge_non-hp_base_candidate_tariff_candidate_tariff
444079,bge_non-hp_base_candidate_tariff_candidate_tariff
495527,bge_non-hp_base_candidate_tariff_candidate_tariff
38173,bge_non-hp_base_candidate_tariff_candidate_tariff
91807,bge_non-hp_base_candidate_tariff_candidate_tariff
92753,bge_hp_base_candidate_tariff_candidate_tariff
107017,bge_non-hp_base_candidate_tariff_candidate_tariff
135702,bge_non-hp_base_candidate_tariff_candidate_tariff
241681,bge_non-hp_base_candidate_tariff_candidate_tariff
185479,bge_non-hp_base_candidate_tariff_candidate_tariff
208673,bge_hp_base_candidate_tariff_candidate_tariff
139031,bge_non-hp_base_candidate_tariff_candidate_tariff
145038,bge_hp_base_candidate_tariff_candidate_tariff
154597,bge_non-hp_base_candidate_tariff_candidate_tariff
161780,bge_non-hp_base_candidate_tariff_candidate_tariff
182346,bge_non-hp_base_candidate_tariff_candidate_tariff
183756,bge_non-hp_base_candidate_tariff_candidate_tariff
324679,bge_non-hp_base_candidate_tariff_candidate_tariff
297596,bge_non-hp_base_candidate_tariff_candidate_tariff
280591,bge_hp_base_candidate_tariff_candidate_tariff
280313,bge_hp_base_candidate_tariff_candidate_tariff
301170,bge_non-hp_base_candidate_tariff_candidate_tariff
350621,bge_non-hp_base_candidate_tariff_candidate_tariff
396912,bge_non-hp_base_candidate_tariff_candidate_tariff
434900,bge_non-hp_base_candidate_tariff_candidate_tariff
447682,bge_non-hp_base_candidate_tariff_candidate_tariff
450230,bge_non-hp_base_candidate_tariff_candidate_tariff
456483,bge_non-hp_base_candidate_tariff_candidate_tariff
457222,bge_non-hp_base_candidate_tariff_candidate_tariff
471093,bge_non-hp_base_candidate_tariff_candidate_tariff
472048,bge_non-hp_base_candidate_tariff_candidate_tariff
475075,bge_non-hp_base_candidate_tariff_candidate_tariff
475117,bge_non-hp_base_candidate_tariff_candidate_tariff
492357,bge_non-hp_base_candidate_tariff_candidate_tariff
499429,bge_non-hp_base_candidate_tariff_candidate_tariff
499558,bge_non-hp_base_candidate_tariff_candidate_tariff
501395,bge_non-hp_base_candidate_tariff_candidate_tariff
503866,bge_non-hp_base_candidate_tariff_candidate_tariff
525266,bge_non-hp_base_candidate_tariff_candidate_tariff
528870,bge_non-hp_base_candidate_tariff_candidate_tariff
529188,bge_non-hp_base_candidate_tariff_candidate_tariff
529968,bge_non-hp_base_candidate_tariff_candidate_tariff
530027,bge_non-hp_base_candidate_tariff_candidate_tariff
536684,bge_non-hp_base_candidate_tariff_candidate_tariff
547121,bge_non-hp_base_candidate_tariff_candidate_tariff
1935,bge_non-hp_base_candidate_tariff_candidate_tariff
6775,bge_non-hp_base_candidate_tariff_candidate_tariff
6842,bge_non-hp_base_candidate_tariff_candidate_tariff
11071,bge_non-hp_base_candidate_tariff_candidate_tariff
11731,bge_non-hp_base_candidate_tariff_candidate_tariff
12267,bge_non-hp_base_candidate_tariff_candidate_tariff
15880,bge_non-hp_base_candidate_tariff_candidate_tariff
18313,bge_non-hp_base_candidate_tariff_candidate_tariff
25838,bge_non-hp_base_candidate_tariff_candidate_tariff
27183,bge_non-hp_base_candidate_tariff_candidate_tariff
28788,bge_non-hp_base_candidate_tariff_candidate_tariff
30970,bge_non-hp_base_candidate_tariff_candidate_tariff
37017,bge_hp_base_candidate_tariff_candidate_tariff
42656,bge_hp_base_candidate_tariff_candidate_tariff
49620,bge_non-hp_base_candidate_tariff_candidate_tariff
51508,bge_non-hp_base_candidate_tariff_candidate_tariff
57140,bge_hp_base_candidate_tariff_candidate_tariff
58539,bge_non-hp_base_candidate_tariff_candidate_tariff
59178,bge_non-hp_base_candidate_tariff_candidate_tariff
59324,bge_non-hp_base_candidate_tariff_candidate_tariff
67373,bge_non-hp_base_candidate_tariff_candidate_tariff
67892,bge_non-hp_base_candidate_tariff_candidate_tariff
72974,bge_hp_base_candidate_tariff_candidate_tariff
83413,bge_non-hp_base_candidate_tariff_candidate_tariff
87116,bge_non-hp_base_candidate_tariff_candidate_tariff
92855,bge_non-hp_base_candidate_tariff_candidate_tariff
93094,bge_non-hp_base_candidate_tariff_candidate_tariff
94946,bge_non-hp_base_candidate_tariff_candidate_tariff
97429,bge_non-hp_base_candidate_tariff_candidate_tariff
103987,bge_hp_base_candidate_tariff_candidate_tariff
104774,bge_non-hp_base_candidate_tariff_candidate_tariff
106207,bge_non-hp_base_candidate_tariff_candidate_tariff
109544,bge_non-hp_base_candidate_tariff_candidate_tariff
113231,bge_non-hp_base_candidate_tariff_candidate_tariff
126739,bge_non-hp_base_candidate_tariff_candidate_tariff
133404,bge_non-hp_base_candidate_tariff_candidate_tariff
134973,bge_non-hp_base_candidate_tariff_candidate_tariff
136589,bge_non-hp_base_candidate_tariff_candidate_tariff
222209,bge_non-hp_base_candidate_tariff_candidate_tariff
313042,bge_non-hp_base_candidate_tariff_candidate_tariff
389657,bge_hp_base_candidate_tariff_candidate_tariff
309373,bge_hp_base_candidate_tariff_candidate_tariff
139014,bge_hp_base_candidate_tariff_candidate_tariff
156909,bge_non-hp_base_candidate_tariff_candidate_tariff
144927,bge_non-hp_base_candidate_tariff_candidate_tariff
143693,bge_non-hp_base_candidate_tariff_candidate_tariff
253278,bge_hp_base_candidate_tariff_candidate_tariff
307259,bge_non-hp_base_candidate_tariff_candidate_tariff
237176,bge_hp_base_candidate_tariff_candidate_tariff
197615,bge_hp_base_candidate_tariff_candidate_tariff
369040,bge_hp_base_candidate_tariff_candidate_tariff
262012,bge_non-hp_base_candidate_tariff_candidate_tariff
140987,bge_non-hp_base_candidate_tariff_candidate_tariff
297468,bge_hp_base_candidate_tariff_candidate_tariff
151803,bge_non-hp_base_candidate_tariff_candidate_tariff
181689,bge_non-hp_base_candidate_tariff_candidate_tariff
190700,bge_non-hp_base_candidate_tariff_candidate_tariff
201359,bge_non-hp_base_candidate_tariff_candidate_tariff
222200,bge_non-hp_base_candidate_tariff_candidate_tariff
298444,bge_non-hp_base_candidate_tariff_candidate_tariff
141464,bge_non-hp_base_candidate_tariff_candidate_tariff
149831,bge_hp_base_candidate_tariff_candidate_tariff
150193,bge_hp_base_candidate_tariff_candidate_tariff
171026,bge_non-hp_base_candidate_tariff_candidate_tariff
183219,bge_non-hp_base_candidate_tariff_candidate_tariff
201916,bge_non-hp_base_candidate_tariff_candidate_tariff
203996,bge_hp_base_candidate_tariff_candidate_tariff
208778,bge_non-hp_base_candidate_tariff_candidate_tariff
210254,bge_non-hp_base_candidate_tariff_candidate_tariff
217638,bge_non-hp_base_candidate_tariff_candidate_tariff
218506,bge_hp_base_candidate_tariff_candidate_tariff
232178,bge_non-hp_base_candidate_tariff_candidate_tariff
234786,bge_hp_base_candidate_tariff_candidate_tariff
237453,bge_non-hp_base_candidate_tariff_candidate_tariff
241021,bge_non-hp_base_candidate_tariff_candidate_tariff
244450,bge_hp_base_candidate_tariff_candidate_tariff
244454,bge_non-hp_base_candidate_tariff_candidate_tariff
249499,bge_non-hp_base_candidate_tariff_candidate_tariff
251583,bge_hp_base_candidate_tariff_candidate_tariff
251621,bge_non-hp_base_candidate_tariff_candidate_tariff
258618,bge_non-hp_base_candidate_tariff_candidate_tariff
276390,bge_non-hp_base_candidate_tariff_candidate_tariff
295225,bge_non-hp_base_candidate_tariff_candidate_tariff
297227,bge_non-hp_base_candidate_tariff_candidate_tariff
403513,bge_hp_base_candidate_tariff_candidate_tariff
317341,bge_non-hp_base_candidate_tariff_candidate_tariff
336994,bge_non-hp_base_candidate_tariff_candidate_tariff
340367,bge_non-hp_base_candidate_tariff_candidate_tariff
374600,bge_hp_base_candidate_tariff_candidate_tariff
316448,bge_non-hp_base_candidate_tariff_candidate_tariff
347151,bge_non-hp_base_candidate_tariff_candidate_tariff
280937,bge_non-hp_base_candidate_tariff_candidate_tariff
327920,bge_non-hp_base_candidate_tariff_candidate_tariff
333894,bge_non-hp_base_candidate_tariff_candidate_tariff
356466,bge_non-hp_base_candidate_tariff_candidate_tariff
358516,bge_non-hp_base_candidate_tariff_candidate_tariff
358877,bge_hp_base_candidate_tariff_candidate_tariff
362964,bge_non-hp_base_candidate_tariff_candidate_tariff
371432,bge_non-hp_base_candidate_tariff_candidate_tariff
377510,bge_hp_base_candidate_tariff_candidate_tariff
379494,bge_hp_base_candidate_tariff_candidate_tariff
383665,bge_hp_base_candidate_tariff_candidate_tariff
388196,bge_hp_base_candidate_tariff_candidate_tariff
388983,bge_hp_base_candidate_tariff_candidate_tariff
437895,bge_non-hp_base_candidate_tariff_candidate_tariff
48516,bge_hp_base_candidate_tariff_candidate_tariff
