bldg_id,tariff_key
75187,bge_rhp_flat_scaled
100224,bge_rhp_flat_scaled
401155,bge_rhp_flat_scaled
475957,bge_rhp_flat_scaled
10469,bge_rhp_flat_scaled
389051,bge_rhp_flat_scaled
251621,bge_rhp_flat_scaled
41726,bge_rhp_flat_scaled
359077,bge_rhp_flat_scaled
318661,bge_rhp_flat_scaled
64494,bge_rhp_flat_scaled
492205,bge_rhp_flat_scaled
498142,bge_rhp_flat_scaled
499104,bge_rhp_flat_scaled
499675,bge_rhp_flat_scaled
500120,bge_rhp_flat_scaled
501594,bge_rhp_flat_scaled
523371,bge_rhp_flat_scaled
535176,bge_rhp_flat_scaled
535866,bge_rhp_flat_scaled
541715,bge_rhp_flat_scaled
548622,bge_rhp_flat_scaled
348559,bge_rhp_flat_scaled
1359,bge_rhp_flat_scaled
16599,bge_rhp_flat_scaled
293729,bge_rhp_flat_scaled
184530,bge_rhp_flat_scaled
346062,bge_rhp_flat_scaled
390148,bge_rhp_flat_scaled
4227,bge_rhp_flat_scaled
5327,bge_rhp_flat_scaled
10147,bge_rhp_flat_scaled
22485,bge_rhp_flat_scaled
25426,bge_rhp_flat_scaled
32511,bge_rhp_flat_scaled
36275,bge_rhp_flat_scaled
37829,bge_rhp_flat_scaled
39821,bge_rhp_flat_scaled
44194,bge_rhp_flat_scaled
45230,bge_rhp_flat_scaled
48208,bge_rhp_flat_scaled
48943,bge_rhp_flat_scaled
53869,bge_rhp_flat_scaled
55614,bge_rhp_flat_scaled
65029,bge_rhp_flat_scaled
443603,bge_rhp_flat_scaled
310236,bge_rhp_flat_scaled
75843,bge_rhp_flat_scaled
290378,bge_rhp_flat_scaled
389438,bge_rhp_flat_scaled
327920,bge_rhp_flat_scaled
74496,bge_rhp_flat_scaled
84408,bge_rhp_flat_scaled
106602,bge_rhp_flat_scaled
119978,bge_rhp_flat_scaled
121033,bge_rhp_flat_scaled
125969,bge_rhp_flat_scaled
298608,bge_rhp_flat_scaled
369040,bge_rhp_flat_scaled
171536,bge_rhp_flat_scaled
145745,bge_rhp_flat_scaled
175595,bge_rhp_flat_scaled
181823,bge_rhp_flat_scaled
203670,bge_rhp_flat_scaled
451629,bge_rhp_flat_scaled
344314,bge_rhp_flat_scaled
347905,bge_rhp_flat_scaled
277529,bge_rhp_flat_scaled
215859,bge_rhp_flat_scaled
244291,bge_rhp_flat_scaled
251961,bge_rhp_flat_scaled
263479,bge_rhp_flat_scaled
319489,bge_rhp_flat_scaled
316190,bge_rhp_flat_scaled
334075,bge_rhp_flat_scaled
336994,bge_rhp_flat_scaled
340367,bge_rhp_flat_scaled
421868,bge_rhp_flat_scaled
435984,bge_rhp_flat_scaled
358435,bge_rhp_flat_scaled
465520,bge_rhp_flat_scaled
253323,bge_rhp_flat_scaled
464443,bge_rhp_flat_scaled
455372,bge_rhp_flat_scaled
233905,bge_rhp_flat_scaled
156638,bge_rhp_flat_scaled
264108,bge_rhp_flat_scaled
138637,bge_rhp_flat_scaled
442850,bge_rhp_flat_scaled
197615,bge_rhp_flat_scaled
70122,bge_rhp_flat_scaled
400016,bge_rhp_flat_scaled
503165,bge_rhp_flat_scaled
504366,bge_rhp_flat_scaled
519312,bge_rhp_flat_scaled
522438,bge_rhp_flat_scaled
542142,bge_rhp_flat_scaled
31954,bge_rhp_flat_scaled
57140,bge_rhp_flat_scaled
61696,bge_rhp_flat_scaled
299559,bge_rhp_flat_scaled
124183,bge_rhp_flat_scaled
342065,bge_rhp_flat_scaled
76238,bge_rhp_flat_scaled
88279,bge_rhp_flat_scaled
97959,bge_rhp_flat_scaled
99833,bge_rhp_flat_scaled
102176,bge_rhp_flat_scaled
114357,bge_rhp_flat_scaled
118891,bge_rhp_flat_scaled
131762,bge_rhp_flat_scaled
465161,bge_rhp_flat_scaled
324671,bge_rhp_flat_scaled
442030,bge_rhp_flat_scaled
288281,bge_rhp_flat_scaled
144761,bge_rhp_flat_scaled
161472,bge_rhp_flat_scaled
169463,bge_rhp_flat_scaled
176744,bge_rhp_flat_scaled
189471,bge_rhp_flat_scaled
303936,bge_rhp_flat_scaled
273986,bge_rhp_flat_scaled
313610,bge_rhp_flat_scaled
400227,bge_rhp_flat_scaled
290751,bge_rhp_flat_scaled
360291,bge_rhp_flat_scaled
373981,bge_rhp_flat_scaled
380068,bge_rhp_flat_scaled
408674,bge_rhp_flat_scaled
450817,bge_rhp_flat_scaled
423084,bge_rhp_flat_scaled
466517,bge_rhp_flat_scaled
431592,bge_rhp_flat_scaled
481878,bge_rhp_flat_scaled
305948,bge_rhp_flat_scaled
333362,bge_rhp_flat_scaled
56795,bge_rhp_flat_scaled
334709,bge_rhp_flat_scaled
311865,bge_rhp_flat_scaled
42586,bge_rhp_flat_scaled
332072,bge_rhp_flat_scaled
131353,bge_rhp_flat_scaled
21168,bge_rhp_flat_scaled
188689,bge_rhp_flat_scaled
249499,bge_rhp_flat_scaled
303708,bge_rhp_flat_scaled
303351,bge_rhp_flat_scaled
413600,bge_rhp_flat_scaled
238914,bge_rhp_flat_scaled
152854,bge_rhp_flat_scaled
491411,bge_rhp_flat_scaled
493542,bge_rhp_flat_scaled
499429,bge_rhp_flat_scaled
520463,bge_rhp_flat_scaled
520717,bge_rhp_flat_scaled
532012,bge_rhp_flat_scaled
532648,bge_rhp_flat_scaled
542519,bge_rhp_flat_scaled
545524,bge_rhp_flat_scaled
475708,bge_rhp_flat_scaled
6183,bge_rhp_flat_scaled
8734,bge_rhp_flat_scaled
17912,bge_rhp_flat_scaled
23371,bge_rhp_flat_scaled
26394,bge_rhp_flat_scaled
50801,bge_rhp_flat_scaled
66122,bge_rhp_flat_scaled
66568,bge_rhp_flat_scaled
156461,bge_rhp_flat_scaled
234248,bge_rhp_flat_scaled
389452,bge_rhp_flat_scaled
98925,bge_rhp_flat_scaled
100977,bge_rhp_flat_scaled
112934,bge_rhp_flat_scaled
123103,bge_rhp_flat_scaled
134841,bge_rhp_flat_scaled
135085,bge_rhp_flat_scaled
432590,bge_rhp_flat_scaled
350622,bge_rhp_flat_scaled
258041,bge_rhp_flat_scaled
467890,bge_rhp_flat_scaled
388225,bge_rhp_flat_scaled
141037,bge_rhp_flat_scaled
189530,bge_rhp_flat_scaled
293662,bge_rhp_flat_scaled
323817,bge_rhp_flat_scaled
228254,bge_rhp_flat_scaled
362446,bge_rhp_flat_scaled
212366,bge_rhp_flat_scaled
230562,bge_rhp_flat_scaled
269638,bge_rhp_flat_scaled
472136,bge_rhp_flat_scaled
316647,bge_rhp_flat_scaled
416212,bge_rhp_flat_scaled
289527,bge_rhp_flat_scaled
403292,bge_rhp_flat_scaled
477842,bge_rhp_flat_scaled
361296,bge_rhp_flat_scaled
379569,bge_rhp_flat_scaled
398313,bge_rhp_flat_scaled
448831,bge_rhp_flat_scaled
507358,bge_rhp_flat_scaled
213325,bge_rhp_flat_scaled
404239,bge_rhp_flat_scaled
415835,bge_rhp_flat_scaled
317290,bge_rhp_flat_scaled
91582,bge_rhp_flat_scaled
59163,bge_rhp_flat_scaled
390719,bge_rhp_flat_scaled
117394,bge_rhp_flat_scaled
384885,bge_rhp_flat_scaled
59324,bge_rhp_flat_scaled
201693,bge_rhp_flat_scaled
255857,bge_rhp_flat_scaled
258182,bge_rhp_flat_scaled
130033,bge_rhp_flat_scaled
142779,bge_rhp_flat_scaled
221897,bge_rhp_flat_scaled
343571,bge_rhp_flat_scaled
483901,bge_rhp_flat_scaled
492265,bge_rhp_flat_scaled
492652,bge_rhp_flat_scaled
503237,bge_rhp_flat_scaled
509631,bge_rhp_flat_scaled
515541,bge_rhp_flat_scaled
538808,bge_rhp_flat_scaled
544974,bge_rhp_flat_scaled
235031,bge_rhp_flat_scaled
18313,bge_rhp_flat_scaled
318747,bge_rhp_flat_scaled
339089,bge_rhp_flat_scaled
309005,bge_rhp_flat_scaled
443432,bge_rhp_flat_scaled
276740,bge_rhp_flat_scaled
380127,bge_rhp_flat_scaled
443834,bge_rhp_flat_scaled
14498,bge_rhp_flat_scaled
30101,bge_rhp_flat_scaled
33208,bge_rhp_flat_scaled
43218,bge_rhp_flat_scaled
55980,bge_rhp_flat_scaled
67100,bge_rhp_flat_scaled
417679,bge_rhp_flat_scaled
218649,bge_rhp_flat_scaled
380344,bge_rhp_flat_scaled
70395,bge_rhp_flat_scaled
73047,bge_rhp_flat_scaled
74048,bge_rhp_flat_scaled
77609,bge_rhp_flat_scaled
82668,bge_rhp_flat_scaled
107426,bge_rhp_flat_scaled
116756,bge_rhp_flat_scaled
172395,bge_rhp_flat_scaled
138849,bge_rhp_flat_scaled
388571,bge_rhp_flat_scaled
157452,bge_rhp_flat_scaled
159075,bge_rhp_flat_scaled
163232,bge_rhp_flat_scaled
184112,bge_rhp_flat_scaled
185578,bge_rhp_flat_scaled
200334,bge_rhp_flat_scaled
206398,bge_rhp_flat_scaled
239780,bge_rhp_flat_scaled
458647,bge_rhp_flat_scaled
422567,bge_rhp_flat_scaled
217072,bge_rhp_flat_scaled
217458,bge_rhp_flat_scaled
250855,bge_rhp_flat_scaled
268787,bge_rhp_flat_scaled
478750,bge_rhp_flat_scaled
309179,bge_rhp_flat_scaled
322817,bge_rhp_flat_scaled
329067,bge_rhp_flat_scaled
355702,bge_rhp_flat_scaled
400872,bge_rhp_flat_scaled
386695,bge_rhp_flat_scaled
467160,bge_rhp_flat_scaled
432143,bge_rhp_flat_scaled
136492,bge_rhp_flat_scaled
317908,bge_rhp_flat_scaled
326937,bge_rhp_flat_scaled
119625,bge_rhp_flat_scaled
167920,bge_rhp_flat_scaled
394936,bge_rhp_flat_scaled
304822,bge_rhp_flat_scaled
457855,bge_rhp_flat_scaled
278875,bge_rhp_flat_scaled
308353,bge_rhp_flat_scaled
34925,bge_rhp_flat_scaled
403375,bge_rhp_flat_scaled
263904,bge_rhp_flat_scaled
485584,bge_rhp_flat_scaled
486698,bge_rhp_flat_scaled
512728,bge_rhp_flat_scaled
521123,bge_rhp_flat_scaled
521951,bge_rhp_flat_scaled
526129,bge_rhp_flat_scaled
543527,bge_rhp_flat_scaled
107017,bge_rhp_flat_scaled
352024,bge_rhp_flat_scaled
10667,bge_rhp_flat_scaled
137806,bge_rhp_flat_scaled
453409,bge_rhp_flat_scaled
126159,bge_rhp_flat_scaled
381889,bge_rhp_flat_scaled
12074,bge_rhp_flat_scaled
12267,bge_rhp_flat_scaled
17458,bge_rhp_flat_scaled
20137,bge_rhp_flat_scaled
26826,bge_rhp_flat_scaled
35963,bge_rhp_flat_scaled
234402,bge_rhp_flat_scaled
126383,bge_rhp_flat_scaled
135959,bge_rhp_flat_scaled
162916,bge_rhp_flat_scaled
185478,bge_rhp_flat_scaled
80706,bge_rhp_flat_scaled
88449,bge_rhp_flat_scaled
93792,bge_rhp_flat_scaled
124240,bge_rhp_flat_scaled
128928,bge_rhp_flat_scaled
414662,bge_rhp_flat_scaled
332655,bge_rhp_flat_scaled
400327,bge_rhp_flat_scaled
186612,bge_rhp_flat_scaled
163133,bge_rhp_flat_scaled
172622,bge_rhp_flat_scaled
196165,bge_rhp_flat_scaled
414549,bge_rhp_flat_scaled
221710,bge_rhp_flat_scaled
280313,bge_rhp_flat_scaled
152609,bge_rhp_flat_scaled
153667,bge_rhp_flat_scaled
154838,bge_rhp_flat_scaled
156023,bge_rhp_flat_scaled
167071,bge_rhp_flat_scaled
174067,bge_rhp_flat_scaled
202725,bge_rhp_flat_scaled
479647,bge_rhp_flat_scaled
357605,bge_rhp_flat_scaled
328415,bge_rhp_flat_scaled
214437,bge_rhp_flat_scaled
216744,bge_rhp_flat_scaled
224771,bge_rhp_flat_scaled
230722,bge_rhp_flat_scaled
259525,bge_rhp_flat_scaled
264304,bge_rhp_flat_scaled
461846,bge_rhp_flat_scaled
379975,bge_rhp_flat_scaled
383280,bge_rhp_flat_scaled
292276,bge_rhp_flat_scaled
357306,bge_rhp_flat_scaled
458151,bge_rhp_flat_scaled
452372,bge_rhp_flat_scaled
293146,bge_rhp_flat_scaled
303319,bge_rhp_flat_scaled
349098,bge_rhp_flat_scaled
359827,bge_rhp_flat_scaled
367451,bge_rhp_flat_scaled
390615,bge_rhp_flat_scaled
399089,bge_rhp_flat_scaled
207469,bge_rhp_flat_scaled
316896,bge_rhp_flat_scaled
400232,bge_rhp_flat_scaled
204050,bge_rhp_flat_scaled
136859,bge_rhp_flat_scaled
516031,bge_rhp_flat_scaled
307428,bge_rhp_flat_scaled
403367,bge_rhp_flat_scaled
359142,bge_rhp_flat_scaled
422694,bge_rhp_flat_scaled
330812,bge_rhp_flat_scaled
405930,bge_rhp_flat_scaled
470725,bge_rhp_flat_scaled
410486,bge_rhp_flat_scaled
67235,bge_rhp_flat_scaled
484737,bge_rhp_flat_scaled
491013,bge_rhp_flat_scaled
494659,bge_rhp_flat_scaled
504204,bge_rhp_flat_scaled
520527,bge_rhp_flat_scaled
526052,bge_rhp_flat_scaled
541008,bge_rhp_flat_scaled
407940,bge_rhp_flat_scaled
155574,bge_rhp_flat_scaled
19931,bge_rhp_flat_scaled
6841,bge_rhp_flat_scaled
28788,bge_rhp_flat_scaled
50084,bge_rhp_flat_scaled
134973,bge_rhp_flat_scaled
183219,bge_rhp_flat_scaled
32029,bge_rhp_flat_scaled
47492,bge_rhp_flat_scaled
58725,bge_rhp_flat_scaled
376029,bge_rhp_flat_scaled
96416,bge_rhp_flat_scaled
93339,bge_rhp_flat_scaled
100948,bge_rhp_flat_scaled
199517,bge_rhp_flat_scaled
355266,bge_rhp_flat_scaled
95921,bge_rhp_flat_scaled
106207,bge_rhp_flat_scaled
223838,bge_rhp_flat_scaled
328904,bge_rhp_flat_scaled
234532,bge_rhp_flat_scaled
334551,bge_rhp_flat_scaled
149655,bge_rhp_flat_scaled
237561,bge_rhp_flat_scaled
241802,bge_rhp_flat_scaled
257827,bge_rhp_flat_scaled
275193,bge_rhp_flat_scaled
379335,bge_rhp_flat_scaled
139612,bge_rhp_flat_scaled
148562,bge_rhp_flat_scaled
165038,bge_rhp_flat_scaled
173076,bge_rhp_flat_scaled
183157,bge_rhp_flat_scaled
236042,bge_rhp_flat_scaled
252462,bge_rhp_flat_scaled
244360,bge_rhp_flat_scaled
253422,bge_rhp_flat_scaled
262560,bge_rhp_flat_scaled
269081,bge_rhp_flat_scaled
458854,bge_rhp_flat_scaled
278111,bge_rhp_flat_scaled
382641,bge_rhp_flat_scaled
325987,bge_rhp_flat_scaled
458313,bge_rhp_flat_scaled
457162,bge_rhp_flat_scaled
450677,bge_rhp_flat_scaled
397907,bge_rhp_flat_scaled
368340,bge_rhp_flat_scaled
397340,bge_rhp_flat_scaled
455414,bge_rhp_flat_scaled
428171,bge_rhp_flat_scaled
433596,bge_rhp_flat_scaled
10858,bge_rhp_flat_scaled
435539,bge_rhp_flat_scaled
131340,bge_rhp_flat_scaled
19749,bge_rhp_flat_scaled
61408,bge_rhp_flat_scaled
168388,bge_rhp_flat_scaled
182534,bge_rhp_flat_scaled
374703,bge_rhp_flat_scaled
351622,bge_rhp_flat_scaled
200650,bge_rhp_flat_scaled
351359,bge_rhp_flat_scaled
70995,bge_rhp_flat_scaled
458495,bge_rhp_flat_scaled
438504,bge_rhp_flat_scaled
131337,bge_rhp_flat_scaled
402593,bge_rhp_flat_scaled
525400,bge_rhp_flat_scaled
100076,bge_rhp_flat_scaled
277196,bge_rhp_flat_scaled
143457,bge_rhp_flat_scaled
486817,bge_rhp_flat_scaled
487413,bge_rhp_flat_scaled
495527,bge_rhp_flat_scaled
495839,bge_rhp_flat_scaled
499124,bge_rhp_flat_scaled
506201,bge_rhp_flat_scaled
507594,bge_rhp_flat_scaled
517147,bge_rhp_flat_scaled
529514,bge_rhp_flat_scaled
531403,bge_rhp_flat_scaled
534267,bge_rhp_flat_scaled
539531,bge_rhp_flat_scaled
77800,bge_rhp_flat_scaled
49620,bge_rhp_flat_scaled
59733,bge_rhp_flat_scaled
204533,bge_rhp_flat_scaled
25608,bge_rhp_flat_scaled
48699,bge_rhp_flat_scaled
49629,bge_rhp_flat_scaled
382820,bge_rhp_flat_scaled
151803,bge_rhp_flat_scaled
97706,bge_rhp_flat_scaled
152935,bge_rhp_flat_scaled
261744,bge_rhp_flat_scaled
437341,bge_rhp_flat_scaled
327308,bge_rhp_flat_scaled
68830,bge_rhp_flat_scaled
90067,bge_rhp_flat_scaled
108215,bge_rhp_flat_scaled
134548,bge_rhp_flat_scaled
472654,bge_rhp_flat_scaled
172974,bge_rhp_flat_scaled
358659,bge_rhp_flat_scaled
140987,bge_rhp_flat_scaled
168482,bge_rhp_flat_scaled
176580,bge_rhp_flat_scaled
179014,bge_rhp_flat_scaled
288008,bge_rhp_flat_scaled
319193,bge_rhp_flat_scaled
237343,bge_rhp_flat_scaled
449782,bge_rhp_flat_scaled
214081,bge_rhp_flat_scaled
224387,bge_rhp_flat_scaled
250095,bge_rhp_flat_scaled
253805,bge_rhp_flat_scaled
260677,bge_rhp_flat_scaled
357849,bge_rhp_flat_scaled
277895,bge_rhp_flat_scaled
294550,bge_rhp_flat_scaled
312223,bge_rhp_flat_scaled
316756,bge_rhp_flat_scaled
319173,bge_rhp_flat_scaled
414850,bge_rhp_flat_scaled
380969,bge_rhp_flat_scaled
386030,bge_rhp_flat_scaled
394822,bge_rhp_flat_scaled
55922,bge_rhp_flat_scaled
126121,bge_rhp_flat_scaled
256970,bge_rhp_flat_scaled
270605,bge_rhp_flat_scaled
392407,bge_rhp_flat_scaled
373696,bge_rhp_flat_scaled
529188,bge_rhp_flat_scaled
373056,bge_rhp_flat_scaled
177106,bge_rhp_flat_scaled
403025,bge_rhp_flat_scaled
253068,bge_rhp_flat_scaled
365711,bge_rhp_flat_scaled
249203,bge_rhp_flat_scaled
285929,bge_rhp_flat_scaled
487696,bge_rhp_flat_scaled
492625,bge_rhp_flat_scaled
495349,bge_rhp_flat_scaled
528560,bge_rhp_flat_scaled
529699,bge_rhp_flat_scaled
530861,bge_rhp_flat_scaled
539657,bge_rhp_flat_scaled
539686,bge_rhp_flat_scaled
547182,bge_rhp_flat_scaled
547756,bge_rhp_flat_scaled
386933,bge_rhp_flat_scaled
138264,bge_rhp_flat_scaled
370888,bge_rhp_flat_scaled
163476,bge_rhp_flat_scaled
323771,bge_rhp_flat_scaled
381892,bge_rhp_flat_scaled
335312,bge_rhp_flat_scaled
458126,bge_rhp_flat_scaled
19631,bge_rhp_flat_scaled
34799,bge_rhp_flat_scaled
35490,bge_rhp_flat_scaled
43291,bge_rhp_flat_scaled
46528,bge_rhp_flat_scaled
62719,bge_rhp_flat_scaled
64354,bge_rhp_flat_scaled
333055,bge_rhp_flat_scaled
297355,bge_rhp_flat_scaled
78779,bge_rhp_flat_scaled
236768,bge_rhp_flat_scaled
473759,bge_rhp_flat_scaled
419471,bge_rhp_flat_scaled
77188,bge_rhp_flat_scaled
104775,bge_rhp_flat_scaled
105224,bge_rhp_flat_scaled
326098,bge_rhp_flat_scaled
150448,bge_rhp_flat_scaled
198775,bge_rhp_flat_scaled
273037,bge_rhp_flat_scaled
300892,bge_rhp_flat_scaled
440647,bge_rhp_flat_scaled
306733,bge_rhp_flat_scaled
429336,bge_rhp_flat_scaled
463659,bge_rhp_flat_scaled
296615,bge_rhp_flat_scaled
343099,bge_rhp_flat_scaled
398356,bge_rhp_flat_scaled
265372,bge_rhp_flat_scaled
276035,bge_rhp_flat_scaled
479570,bge_rhp_flat_scaled
402379,bge_rhp_flat_scaled
277795,bge_rhp_flat_scaled
418678,bge_rhp_flat_scaled
456019,bge_rhp_flat_scaled
353339,bge_rhp_flat_scaled
463769,bge_rhp_flat_scaled
349907,bge_rhp_flat_scaled
356674,bge_rhp_flat_scaled
372763,bge_rhp_flat_scaled
429621,bge_rhp_flat_scaled
428178,bge_rhp_flat_scaled
71457,bge_rhp_flat_scaled
331314,bge_rhp_flat_scaled
318829,bge_rhp_flat_scaled
396024,bge_rhp_flat_scaled
200886,bge_rhp_flat_scaled
41434,bge_rhp_flat_scaled
342957,bge_rhp_flat_scaled
345139,bge_rhp_flat_scaled
54904,bge_rhp_flat_scaled
111011,bge_rhp_flat_scaled
466657,bge_rhp_flat_scaled
471261,bge_rhp_flat_scaled
152881,bge_rhp_flat_scaled
21757,bge_rhp_flat_scaled
488677,bge_rhp_flat_scaled
490467,bge_rhp_flat_scaled
498838,bge_rhp_flat_scaled
509398,bge_rhp_flat_scaled
517834,bge_rhp_flat_scaled
525866,bge_rhp_flat_scaled
527249,bge_rhp_flat_scaled
529968,bge_rhp_flat_scaled
398208,bge_rhp_flat_scaled
241681,bge_rhp_flat_scaled
15525,bge_rhp_flat_scaled
52864,bge_rhp_flat_scaled
240165,bge_rhp_flat_scaled
217567,bge_rhp_flat_scaled
103982,bge_rhp_flat_scaled
254669,bge_rhp_flat_scaled
305200,bge_rhp_flat_scaled
316824,bge_rhp_flat_scaled
319417,bge_rhp_flat_scaled
387941,bge_rhp_flat_scaled
439283,bge_rhp_flat_scaled
513,bge_rhp_flat_scaled
983,bge_rhp_flat_scaled
15709,bge_rhp_flat_scaled
19240,bge_rhp_flat_scaled
27697,bge_rhp_flat_scaled
41868,bge_rhp_flat_scaled
49213,bge_rhp_flat_scaled
53403,bge_rhp_flat_scaled
275596,bge_rhp_flat_scaled
131705,bge_rhp_flat_scaled
94872,bge_rhp_flat_scaled
332099,bge_rhp_flat_scaled
282400,bge_rhp_flat_scaled
430646,bge_rhp_flat_scaled
77117,bge_rhp_flat_scaled
99532,bge_rhp_flat_scaled
102789,bge_rhp_flat_scaled
122785,bge_rhp_flat_scaled
127606,bge_rhp_flat_scaled
130292,bge_rhp_flat_scaled
460226,bge_rhp_flat_scaled
449651,bge_rhp_flat_scaled
277114,bge_rhp_flat_scaled
419034,bge_rhp_flat_scaled
321565,bge_rhp_flat_scaled
244963,bge_rhp_flat_scaled
379433,bge_rhp_flat_scaled
138141,bge_rhp_flat_scaled
145955,bge_rhp_flat_scaled
151769,bge_rhp_flat_scaled
152505,bge_rhp_flat_scaled
161213,bge_rhp_flat_scaled
162348,bge_rhp_flat_scaled
166958,bge_rhp_flat_scaled
174820,bge_rhp_flat_scaled
177804,bge_rhp_flat_scaled
194375,bge_rhp_flat_scaled
204269,bge_rhp_flat_scaled
235183,bge_rhp_flat_scaled
465050,bge_rhp_flat_scaled
470621,bge_rhp_flat_scaled
336319,bge_rhp_flat_scaled
415560,bge_rhp_flat_scaled
232178,bge_rhp_flat_scaled
239149,bge_rhp_flat_scaled
247209,bge_rhp_flat_scaled
314252,bge_rhp_flat_scaled
354996,bge_rhp_flat_scaled
455948,bge_rhp_flat_scaled
277775,bge_rhp_flat_scaled
296812,bge_rhp_flat_scaled
321771,bge_rhp_flat_scaled
338472,bge_rhp_flat_scaled
363216,bge_rhp_flat_scaled
434146,bge_rhp_flat_scaled
363902,bge_rhp_flat_scaled
380034,bge_rhp_flat_scaled
384287,bge_rhp_flat_scaled
391690,bge_rhp_flat_scaled
411817,bge_rhp_flat_scaled
413975,bge_rhp_flat_scaled
421768,bge_rhp_flat_scaled
443763,bge_rhp_flat_scaled
455481,bge_rhp_flat_scaled
424024,bge_rhp_flat_scaled
458588,bge_rhp_flat_scaled
108234,bge_rhp_flat_scaled
110051,bge_rhp_flat_scaled
209406,bge_rhp_flat_scaled
304151,bge_rhp_flat_scaled
50031,bge_rhp_flat_scaled
161780,bge_rhp_flat_scaled
178231,bge_rhp_flat_scaled
247702,bge_rhp_flat_scaled
240461,bge_rhp_flat_scaled
376399,bge_rhp_flat_scaled
392996,bge_rhp_flat_scaled
500673,bge_rhp_flat_scaled
292454,bge_rhp_flat_scaled
208273,bge_rhp_flat_scaled
494466,bge_rhp_flat_scaled
499996,bge_rhp_flat_scaled
531191,bge_rhp_flat_scaled
532662,bge_rhp_flat_scaled
539483,bge_rhp_flat_scaled
458240,bge_rhp_flat_scaled
36117,bge_rhp_flat_scaled
110961,bge_rhp_flat_scaled
1476,bge_rhp_flat_scaled
9448,bge_rhp_flat_scaled
16642,bge_rhp_flat_scaled
16831,bge_rhp_flat_scaled
49066,bge_rhp_flat_scaled
57615,bge_rhp_flat_scaled
61398,bge_rhp_flat_scaled
67445,bge_rhp_flat_scaled
84087,bge_rhp_flat_scaled
418071,bge_rhp_flat_scaled
190016,bge_rhp_flat_scaled
190034,bge_rhp_flat_scaled
230439,bge_rhp_flat_scaled
230443,bge_rhp_flat_scaled
80014,bge_rhp_flat_scaled
82800,bge_rhp_flat_scaled
84609,bge_rhp_flat_scaled
87116,bge_rhp_flat_scaled
94939,bge_rhp_flat_scaled
120201,bge_rhp_flat_scaled
123774,bge_rhp_flat_scaled
126977,bge_rhp_flat_scaled
408205,bge_rhp_flat_scaled
336292,bge_rhp_flat_scaled
457693,bge_rhp_flat_scaled
382579,bge_rhp_flat_scaled
256190,bge_rhp_flat_scaled
373706,bge_rhp_flat_scaled
194931,bge_rhp_flat_scaled
195171,bge_rhp_flat_scaled
202556,bge_rhp_flat_scaled
203904,bge_rhp_flat_scaled
204062,bge_rhp_flat_scaled
209426,bge_rhp_flat_scaled
231579,bge_rhp_flat_scaled
234539,bge_rhp_flat_scaled
236391,bge_rhp_flat_scaled
398649,bge_rhp_flat_scaled
424126,bge_rhp_flat_scaled
370650,bge_rhp_flat_scaled
290375,bge_rhp_flat_scaled
294567,bge_rhp_flat_scaled
302179,bge_rhp_flat_scaled
318194,bge_rhp_flat_scaled
329299,bge_rhp_flat_scaled
330291,bge_rhp_flat_scaled
431439,bge_rhp_flat_scaled
369586,bge_rhp_flat_scaled
395334,bge_rhp_flat_scaled
409963,bge_rhp_flat_scaled
448129,bge_rhp_flat_scaled
63851,bge_rhp_flat_scaled
418270,bge_rhp_flat_scaled
261992,bge_rhp_flat_scaled
262519,bge_rhp_flat_scaled
485377,bge_rhp_flat_scaled
489044,bge_rhp_flat_scaled
500763,bge_rhp_flat_scaled
508899,bge_rhp_flat_scaled
515967,bge_rhp_flat_scaled
525861,bge_rhp_flat_scaled
541770,bge_rhp_flat_scaled
542993,bge_rhp_flat_scaled
11652,bge_rhp_flat_scaled
138371,bge_rhp_flat_scaled
449915,bge_rhp_flat_scaled
4390,bge_rhp_flat_scaled
9958,bge_rhp_flat_scaled
22523,bge_rhp_flat_scaled
24262,bge_rhp_flat_scaled
27281,bge_rhp_flat_scaled
28418,bge_rhp_flat_scaled
28707,bge_rhp_flat_scaled
30970,bge_rhp_flat_scaled
36618,bge_rhp_flat_scaled
37775,bge_rhp_flat_scaled
58285,bge_rhp_flat_scaled
324641,bge_rhp_flat_scaled
478545,bge_rhp_flat_scaled
458396,bge_rhp_flat_scaled
231842,bge_rhp_flat_scaled
117515,bge_rhp_flat_scaled
119416,bge_rhp_flat_scaled
128192,bge_rhp_flat_scaled
132580,bge_rhp_flat_scaled
232684,bge_rhp_flat_scaled
324723,bge_rhp_flat_scaled
326137,bge_rhp_flat_scaled
333894,bge_rhp_flat_scaled
477470,bge_rhp_flat_scaled
426992,bge_rhp_flat_scaled
164807,bge_rhp_flat_scaled
171512,bge_rhp_flat_scaled
196708,bge_rhp_flat_scaled
398675,bge_rhp_flat_scaled
245932,bge_rhp_flat_scaled
441110,bge_rhp_flat_scaled
337811,bge_rhp_flat_scaled
229390,bge_rhp_flat_scaled
260355,bge_rhp_flat_scaled
273965,bge_rhp_flat_scaled
349995,bge_rhp_flat_scaled
297140,bge_rhp_flat_scaled
419436,bge_rhp_flat_scaled
363189,bge_rhp_flat_scaled
353134,bge_rhp_flat_scaled
427148,bge_rhp_flat_scaled
277936,bge_rhp_flat_scaled
343157,bge_rhp_flat_scaled
458552,bge_rhp_flat_scaled
470898,bge_rhp_flat_scaled
362252,bge_rhp_flat_scaled
357334,bge_rhp_flat_scaled
361074,bge_rhp_flat_scaled
390192,bge_rhp_flat_scaled
458279,bge_rhp_flat_scaled
456086,bge_rhp_flat_scaled
462061,bge_rhp_flat_scaled
335978,bge_rhp_flat_scaled
532906,bge_rhp_flat_scaled
434713,bge_rhp_flat_scaled
314521,bge_rhp_flat_scaled
324212,bge_rhp_flat_scaled
397512,bge_rhp_flat_scaled
291901,bge_rhp_flat_scaled
292311,bge_rhp_flat_scaled
329027,bge_rhp_flat_scaled
444539,bge_rhp_flat_scaled
32597,bge_rhp_flat_scaled
348632,bge_rhp_flat_scaled
484548,bge_rhp_flat_scaled
500865,bge_rhp_flat_scaled
505670,bge_rhp_flat_scaled
517994,bge_rhp_flat_scaled
523580,bge_rhp_flat_scaled
523687,bge_rhp_flat_scaled
528035,bge_rhp_flat_scaled
530414,bge_rhp_flat_scaled
542781,bge_rhp_flat_scaled
543384,bge_rhp_flat_scaled
179549,bge_rhp_flat_scaled
9106,bge_rhp_flat_scaled
359389,bge_rhp_flat_scaled
297895,bge_rhp_flat_scaled
115462,bge_rhp_flat_scaled
171187,bge_rhp_flat_scaled
237453,bge_rhp_flat_scaled
262504,bge_rhp_flat_scaled
365545,bge_rhp_flat_scaled
366264,bge_rhp_flat_scaled
470771,bge_rhp_flat_scaled
8875,bge_rhp_flat_scaled
13500,bge_rhp_flat_scaled
13749,bge_rhp_flat_scaled
19110,bge_rhp_flat_scaled
20283,bge_rhp_flat_scaled
37017,bge_rhp_flat_scaled
43377,bge_rhp_flat_scaled
53498,bge_rhp_flat_scaled
57958,bge_rhp_flat_scaled
477408,bge_rhp_flat_scaled
94734,bge_rhp_flat_scaled
165788,bge_rhp_flat_scaled
263210,bge_rhp_flat_scaled
413730,bge_rhp_flat_scaled
72149,bge_rhp_flat_scaled
90345,bge_rhp_flat_scaled
100270,bge_rhp_flat_scaled
101816,bge_rhp_flat_scaled
107332,bge_rhp_flat_scaled
127137,bge_rhp_flat_scaled
220076,bge_rhp_flat_scaled
183756,bge_rhp_flat_scaled
317419,bge_rhp_flat_scaled
207502,bge_rhp_flat_scaled
456263,bge_rhp_flat_scaled
143757,bge_rhp_flat_scaled
156252,bge_rhp_flat_scaled
167972,bge_rhp_flat_scaled
181489,bge_rhp_flat_scaled
193112,bge_rhp_flat_scaled
195929,bge_rhp_flat_scaled
200001,bge_rhp_flat_scaled
200923,bge_rhp_flat_scaled
207091,bge_rhp_flat_scaled
449053,bge_rhp_flat_scaled
221234,bge_rhp_flat_scaled
227952,bge_rhp_flat_scaled
256954,bge_rhp_flat_scaled
272769,bge_rhp_flat_scaled
273534,bge_rhp_flat_scaled
287884,bge_rhp_flat_scaled
319657,bge_rhp_flat_scaled
360052,bge_rhp_flat_scaled
366515,bge_rhp_flat_scaled
400295,bge_rhp_flat_scaled
403009,bge_rhp_flat_scaled
426976,bge_rhp_flat_scaled
461258,bge_rhp_flat_scaled
466608,bge_rhp_flat_scaled
19058,bge_rhp_flat_scaled
318054,bge_rhp_flat_scaled
270948,bge_rhp_flat_scaled
480480,bge_rhp_flat_scaled
297962,bge_rhp_flat_scaled
308926,bge_rhp_flat_scaled
408006,bge_rhp_flat_scaled
337481,bge_rhp_flat_scaled
133934,bge_rhp_flat_scaled
167010,bge_rhp_flat_scaled
470976,bge_rhp_flat_scaled
421211,bge_rhp_flat_scaled
419758,bge_rhp_flat_scaled
447112,bge_rhp_flat_scaled
130550,bge_rhp_flat_scaled
485893,bge_rhp_flat_scaled
486689,bge_rhp_flat_scaled
507654,bge_rhp_flat_scaled
518731,bge_rhp_flat_scaled
518969,bge_rhp_flat_scaled
520186,bge_rhp_flat_scaled
533771,bge_rhp_flat_scaled
534012,bge_rhp_flat_scaled
408189,bge_rhp_flat_scaled
279667,bge_rhp_flat_scaled
328232,bge_rhp_flat_scaled
464129,bge_rhp_flat_scaled
82473,bge_rhp_flat_scaled
112513,bge_rhp_flat_scaled
436065,bge_rhp_flat_scaled
283416,bge_rhp_flat_scaled
9881,bge_rhp_flat_scaled
18092,bge_rhp_flat_scaled
20717,bge_rhp_flat_scaled
23381,bge_rhp_flat_scaled
27886,bge_rhp_flat_scaled
47291,bge_rhp_flat_scaled
62192,bge_rhp_flat_scaled
66464,bge_rhp_flat_scaled
71113,bge_rhp_flat_scaled
93187,bge_rhp_flat_scaled
107652,bge_rhp_flat_scaled
112047,bge_rhp_flat_scaled
115866,bge_rhp_flat_scaled
118121,bge_rhp_flat_scaled
127637,bge_rhp_flat_scaled
458368,bge_rhp_flat_scaled
338978,bge_rhp_flat_scaled
350547,bge_rhp_flat_scaled
138237,bge_rhp_flat_scaled
139031,bge_rhp_flat_scaled
139255,bge_rhp_flat_scaled
145786,bge_rhp_flat_scaled
156869,bge_rhp_flat_scaled
158261,bge_rhp_flat_scaled
169422,bge_rhp_flat_scaled
169472,bge_rhp_flat_scaled
174626,bge_rhp_flat_scaled
194758,bge_rhp_flat_scaled
200123,bge_rhp_flat_scaled
314097,bge_rhp_flat_scaled
379798,bge_rhp_flat_scaled
442494,bge_rhp_flat_scaled
370508,bge_rhp_flat_scaled
377429,bge_rhp_flat_scaled
477614,bge_rhp_flat_scaled
231435,bge_rhp_flat_scaled
232898,bge_rhp_flat_scaled
246593,bge_rhp_flat_scaled
408872,bge_rhp_flat_scaled
323506,bge_rhp_flat_scaled
336412,bge_rhp_flat_scaled
308627,bge_rhp_flat_scaled
437569,bge_rhp_flat_scaled
469655,bge_rhp_flat_scaled
471575,bge_rhp_flat_scaled
347773,bge_rhp_flat_scaled
360180,bge_rhp_flat_scaled
368631,bge_rhp_flat_scaled
373327,bge_rhp_flat_scaled
428527,bge_rhp_flat_scaled
430806,bge_rhp_flat_scaled
453688,bge_rhp_flat_scaled
206722,bge_rhp_flat_scaled
351400,bge_rhp_flat_scaled
338896,bge_rhp_flat_scaled
41191,bge_rhp_flat_scaled
125432,bge_rhp_flat_scaled
3848,bge_rhp_flat_scaled
80259,bge_rhp_flat_scaled
486871,bge_rhp_flat_scaled
510531,bge_rhp_flat_scaled
513362,bge_rhp_flat_scaled
532809,bge_rhp_flat_scaled
243598,bge_rhp_flat_scaled
13895,bge_rhp_flat_scaled
91950,bge_rhp_flat_scaled
110550,bge_rhp_flat_scaled
217224,bge_rhp_flat_scaled
40932,bge_rhp_flat_scaled
53619,bge_rhp_flat_scaled
57350,bge_rhp_flat_scaled
60981,bge_rhp_flat_scaled
64280,bge_rhp_flat_scaled
166248,bge_rhp_flat_scaled
478445,bge_rhp_flat_scaled
197559,bge_rhp_flat_scaled
68206,bge_rhp_flat_scaled
72146,bge_rhp_flat_scaled
72794,bge_rhp_flat_scaled
80080,bge_rhp_flat_scaled
80924,bge_rhp_flat_scaled
89177,bge_rhp_flat_scaled
97214,bge_rhp_flat_scaled
111328,bge_rhp_flat_scaled
115257,bge_rhp_flat_scaled
125447,bge_rhp_flat_scaled
270305,bge_rhp_flat_scaled
201607,bge_rhp_flat_scaled
311811,bge_rhp_flat_scaled
365209,bge_rhp_flat_scaled
138730,bge_rhp_flat_scaled
195771,bge_rhp_flat_scaled
205109,bge_rhp_flat_scaled
452602,bge_rhp_flat_scaled
312034,bge_rhp_flat_scaled
390811,bge_rhp_flat_scaled
312601,bge_rhp_flat_scaled
341149,bge_rhp_flat_scaled
235773,bge_rhp_flat_scaled
218949,bge_rhp_flat_scaled
232562,bge_rhp_flat_scaled
255162,bge_rhp_flat_scaled
256024,bge_rhp_flat_scaled
267983,bge_rhp_flat_scaled
276765,bge_rhp_flat_scaled
421181,bge_rhp_flat_scaled
323254,bge_rhp_flat_scaled
394631,bge_rhp_flat_scaled
302952,bge_rhp_flat_scaled
299779,bge_rhp_flat_scaled
306997,bge_rhp_flat_scaled
422216,bge_rhp_flat_scaled
380482,bge_rhp_flat_scaled
372711,bge_rhp_flat_scaled
396969,bge_rhp_flat_scaled
443502,bge_rhp_flat_scaled
96910,bge_rhp_flat_scaled
215570,bge_rhp_flat_scaled
436754,bge_rhp_flat_scaled
239357,bge_rhp_flat_scaled
243725,bge_rhp_flat_scaled
310780,bge_rhp_flat_scaled
269797,bge_rhp_flat_scaled
351354,bge_rhp_flat_scaled
50815,bge_rhp_flat_scaled
308404,bge_rhp_flat_scaled
11357,bge_rhp_flat_scaled
482787,bge_rhp_flat_scaled
495704,bge_rhp_flat_scaled
496666,bge_rhp_flat_scaled
516347,bge_rhp_flat_scaled
537577,bge_rhp_flat_scaled
547786,bge_rhp_flat_scaled
377481,bge_rhp_flat_scaled
193363,bge_rhp_flat_scaled
211951,bge_rhp_flat_scaled
14504,bge_rhp_flat_scaled
250598,bge_rhp_flat_scaled
182654,bge_rhp_flat_scaled
215690,bge_rhp_flat_scaled
387636,bge_rhp_flat_scaled
10764,bge_rhp_flat_scaled
16965,bge_rhp_flat_scaled
36592,bge_rhp_flat_scaled
44806,bge_rhp_flat_scaled
62246,bge_rhp_flat_scaled
117886,bge_rhp_flat_scaled
78951,bge_rhp_flat_scaled
172458,bge_rhp_flat_scaled
206945,bge_rhp_flat_scaled
341669,bge_rhp_flat_scaled
80190,bge_rhp_flat_scaled
90470,bge_rhp_flat_scaled
102655,bge_rhp_flat_scaled
104049,bge_rhp_flat_scaled
108300,bge_rhp_flat_scaled
112392,bge_rhp_flat_scaled
124426,bge_rhp_flat_scaled
125231,bge_rhp_flat_scaled
241846,bge_rhp_flat_scaled
285109,bge_rhp_flat_scaled
324486,bge_rhp_flat_scaled
437434,bge_rhp_flat_scaled
142031,bge_rhp_flat_scaled
143693,bge_rhp_flat_scaled
154535,bge_rhp_flat_scaled
158470,bge_rhp_flat_scaled
344109,bge_rhp_flat_scaled
420417,bge_rhp_flat_scaled
350643,bge_rhp_flat_scaled
209700,bge_rhp_flat_scaled
245253,bge_rhp_flat_scaled
258383,bge_rhp_flat_scaled
273525,bge_rhp_flat_scaled
278524,bge_rhp_flat_scaled
287572,bge_rhp_flat_scaled
288087,bge_rhp_flat_scaled
408058,bge_rhp_flat_scaled
460048,bge_rhp_flat_scaled
366498,bge_rhp_flat_scaled
383917,bge_rhp_flat_scaled
405215,bge_rhp_flat_scaled
463527,bge_rhp_flat_scaled
417701,bge_rhp_flat_scaled
202731,bge_rhp_flat_scaled
418264,bge_rhp_flat_scaled
191426,bge_rhp_flat_scaled
262525,bge_rhp_flat_scaled
15048,bge_rhp_flat_scaled
154976,bge_rhp_flat_scaled
463105,bge_rhp_flat_scaled
218679,bge_rhp_flat_scaled
379494,bge_rhp_flat_scaled
527915,bge_rhp_flat_scaled
214725,bge_rhp_flat_scaled
492756,bge_rhp_flat_scaled
493678,bge_rhp_flat_scaled
513230,bge_rhp_flat_scaled
516215,bge_rhp_flat_scaled
527682,bge_rhp_flat_scaled
531920,bge_rhp_flat_scaled
534352,bge_rhp_flat_scaled
548838,bge_rhp_flat_scaled
192442,bge_rhp_flat_scaled
417207,bge_rhp_flat_scaled
33966,bge_rhp_flat_scaled
142603,bge_rhp_flat_scaled
271398,bge_rhp_flat_scaled
59137,bge_rhp_flat_scaled
231415,bge_rhp_flat_scaled
461454,bge_rhp_flat_scaled
142,bge_rhp_flat_scaled
4721,bge_rhp_flat_scaled
14856,bge_rhp_flat_scaled
21489,bge_rhp_flat_scaled
41813,bge_rhp_flat_scaled
56905,bge_rhp_flat_scaled
57916,bge_rhp_flat_scaled
278220,bge_rhp_flat_scaled
116813,bge_rhp_flat_scaled
80326,bge_rhp_flat_scaled
99672,bge_rhp_flat_scaled
116187,bge_rhp_flat_scaled
119472,bge_rhp_flat_scaled
128711,bge_rhp_flat_scaled
129374,bge_rhp_flat_scaled
439239,bge_rhp_flat_scaled
417487,bge_rhp_flat_scaled
189062,bge_rhp_flat_scaled
218927,bge_rhp_flat_scaled
219070,bge_rhp_flat_scaled
346891,bge_rhp_flat_scaled
138428,bge_rhp_flat_scaled
150193,bge_rhp_flat_scaled
162579,bge_rhp_flat_scaled
166850,bge_rhp_flat_scaled
199709,bge_rhp_flat_scaled
206647,bge_rhp_flat_scaled
206961,bge_rhp_flat_scaled
451816,bge_rhp_flat_scaled
470159,bge_rhp_flat_scaled
209122,bge_rhp_flat_scaled
226443,bge_rhp_flat_scaled
443905,bge_rhp_flat_scaled
464502,bge_rhp_flat_scaled
265297,bge_rhp_flat_scaled
217030,bge_rhp_flat_scaled
226945,bge_rhp_flat_scaled
227321,bge_rhp_flat_scaled
264705,bge_rhp_flat_scaled
267565,bge_rhp_flat_scaled
276988,bge_rhp_flat_scaled
417117,bge_rhp_flat_scaled
304408,bge_rhp_flat_scaled
299507,bge_rhp_flat_scaled
327344,bge_rhp_flat_scaled
410631,bge_rhp_flat_scaled
368242,bge_rhp_flat_scaled
469561,bge_rhp_flat_scaled
386110,bge_rhp_flat_scaled
401456,bge_rhp_flat_scaled
383825,bge_rhp_flat_scaled
411344,bge_rhp_flat_scaled
438167,bge_rhp_flat_scaled
444777,bge_rhp_flat_scaled
468440,bge_rhp_flat_scaled
267090,bge_rhp_flat_scaled
10406,bge_rhp_flat_scaled
370820,bge_rhp_flat_scaled
422683,bge_rhp_flat_scaled
407030,bge_rhp_flat_scaled
344389,bge_rhp_flat_scaled
31568,bge_rhp_flat_scaled
373103,bge_rhp_flat_scaled
468383,bge_rhp_flat_scaled
258060,bge_rhp_flat_scaled
355318,bge_rhp_flat_scaled
498357,bge_rhp_flat_scaled
517666,bge_rhp_flat_scaled
530389,bge_rhp_flat_scaled
531356,bge_rhp_flat_scaled
532328,bge_rhp_flat_scaled
535136,bge_rhp_flat_scaled
547939,bge_rhp_flat_scaled
548480,bge_rhp_flat_scaled
400423,bge_rhp_flat_scaled
285883,bge_rhp_flat_scaled
7359,bge_rhp_flat_scaled
35931,bge_rhp_flat_scaled
375939,bge_rhp_flat_scaled
203823,bge_rhp_flat_scaled
347561,bge_rhp_flat_scaled
313527,bge_rhp_flat_scaled
371291,bge_rhp_flat_scaled
21996,bge_rhp_flat_scaled
22673,bge_rhp_flat_scaled
46467,bge_rhp_flat_scaled
219374,bge_rhp_flat_scaled
87352,bge_rhp_flat_scaled
113690,bge_rhp_flat_scaled
185258,bge_rhp_flat_scaled
265064,bge_rhp_flat_scaled
340466,bge_rhp_flat_scaled
81314,bge_rhp_flat_scaled
95295,bge_rhp_flat_scaled
128842,bge_rhp_flat_scaled
430934,bge_rhp_flat_scaled
397237,bge_rhp_flat_scaled
148594,bge_rhp_flat_scaled
155210,bge_rhp_flat_scaled
170525,bge_rhp_flat_scaled
172562,bge_rhp_flat_scaled
185207,bge_rhp_flat_scaled
186206,bge_rhp_flat_scaled
192066,bge_rhp_flat_scaled
203982,bge_rhp_flat_scaled
203996,bge_rhp_flat_scaled
461998,bge_rhp_flat_scaled
346892,bge_rhp_flat_scaled
472048,bge_rhp_flat_scaled
337350,bge_rhp_flat_scaled
376476,bge_rhp_flat_scaled
280937,bge_rhp_flat_scaled
269023,bge_rhp_flat_scaled
295902,bge_rhp_flat_scaled
358774,bge_rhp_flat_scaled
388022,bge_rhp_flat_scaled
403166,bge_rhp_flat_scaled
286924,bge_rhp_flat_scaled
316024,bge_rhp_flat_scaled
324939,bge_rhp_flat_scaled
450051,bge_rhp_flat_scaled
360091,bge_rhp_flat_scaled
371979,bge_rhp_flat_scaled
374892,bge_rhp_flat_scaled
416954,bge_rhp_flat_scaled
464022,bge_rhp_flat_scaled
479630,bge_rhp_flat_scaled
114789,bge_rhp_flat_scaled
325598,bge_rhp_flat_scaled
196702,bge_rhp_flat_scaled
962,bge_rhp_flat_scaled
82838,bge_rhp_flat_scaled
453788,bge_rhp_flat_scaled
33628,bge_rhp_flat_scaled
52714,bge_rhp_flat_scaled
459900,bge_rhp_flat_scaled
293446,bge_rhp_flat_scaled
23165,bge_rhp_flat_scaled
67487,bge_rhp_flat_scaled
415114,bge_rhp_flat_scaled
145551,bge_rhp_flat_scaled
9335,bge_rhp_flat_scaled
483852,bge_rhp_flat_scaled
492439,bge_rhp_flat_scaled
501324,bge_rhp_flat_scaled
516044,bge_rhp_flat_scaled
518479,bge_rhp_flat_scaled
522157,bge_rhp_flat_scaled
545272,bge_rhp_flat_scaled
347163,bge_rhp_flat_scaled
91005,bge_rhp_flat_scaled
118424,bge_rhp_flat_scaled
194938,bge_rhp_flat_scaled
390328,bge_rhp_flat_scaled
449077,bge_rhp_flat_scaled
434095,bge_rhp_flat_scaled
25747,bge_rhp_flat_scaled
33581,bge_rhp_flat_scaled
33867,bge_rhp_flat_scaled
36149,bge_rhp_flat_scaled
47262,bge_rhp_flat_scaled
200817,bge_rhp_flat_scaled
115338,bge_rhp_flat_scaled
167654,bge_rhp_flat_scaled
311705,bge_rhp_flat_scaled
216826,bge_rhp_flat_scaled
297468,bge_rhp_flat_scaled
419795,bge_rhp_flat_scaled
367994,bge_rhp_flat_scaled
72513,bge_rhp_flat_scaled
79971,bge_rhp_flat_scaled
96992,bge_rhp_flat_scaled
101899,bge_rhp_flat_scaled
105401,bge_rhp_flat_scaled
366384,bge_rhp_flat_scaled
346465,bge_rhp_flat_scaled
174731,bge_rhp_flat_scaled
185522,bge_rhp_flat_scaled
188649,bge_rhp_flat_scaled
199927,bge_rhp_flat_scaled
238121,bge_rhp_flat_scaled
263656,bge_rhp_flat_scaled
228577,bge_rhp_flat_scaled
229375,bge_rhp_flat_scaled
238463,bge_rhp_flat_scaled
375637,bge_rhp_flat_scaled
319699,bge_rhp_flat_scaled
336288,bge_rhp_flat_scaled
287631,bge_rhp_flat_scaled
297221,bge_rhp_flat_scaled
329766,bge_rhp_flat_scaled
460804,bge_rhp_flat_scaled
365278,bge_rhp_flat_scaled
449800,bge_rhp_flat_scaled
365025,bge_rhp_flat_scaled
372583,bge_rhp_flat_scaled
386339,bge_rhp_flat_scaled
456943,bge_rhp_flat_scaled
475169,bge_rhp_flat_scaled
327282,bge_rhp_flat_scaled
127690,bge_rhp_flat_scaled
201065,bge_rhp_flat_scaled
402226,bge_rhp_flat_scaled
415028,bge_rhp_flat_scaled
17407,bge_rhp_flat_scaled
264933,bge_rhp_flat_scaled
482562,bge_rhp_flat_scaled
492093,bge_rhp_flat_scaled
492764,bge_rhp_flat_scaled
504559,bge_rhp_flat_scaled
521915,bge_rhp_flat_scaled
523502,bge_rhp_flat_scaled
528842,bge_rhp_flat_scaled
537817,bge_rhp_flat_scaled
539858,bge_rhp_flat_scaled
219504,bge_rhp_flat_scaled
353112,bge_rhp_flat_scaled
475145,bge_rhp_flat_scaled
440636,bge_rhp_flat_scaled
441057,bge_rhp_flat_scaled
245815,bge_rhp_flat_scaled
420415,bge_rhp_flat_scaled
4172,bge_rhp_flat_scaled
10701,bge_rhp_flat_scaled
11883,bge_rhp_flat_scaled
11916,bge_rhp_flat_scaled
16459,bge_rhp_flat_scaled
19348,bge_rhp_flat_scaled
26456,bge_rhp_flat_scaled
50967,bge_rhp_flat_scaled
59314,bge_rhp_flat_scaled
63918,bge_rhp_flat_scaled
81419,bge_rhp_flat_scaled
88806,bge_rhp_flat_scaled
285083,bge_rhp_flat_scaled
315933,bge_rhp_flat_scaled
383140,bge_rhp_flat_scaled
73421,bge_rhp_flat_scaled
113339,bge_rhp_flat_scaled
113969,bge_rhp_flat_scaled
135702,bge_rhp_flat_scaled
343524,bge_rhp_flat_scaled
138461,bge_rhp_flat_scaled
232735,bge_rhp_flat_scaled
262012,bge_rhp_flat_scaled
265779,bge_rhp_flat_scaled
460736,bge_rhp_flat_scaled
372005,bge_rhp_flat_scaled
397906,bge_rhp_flat_scaled
141967,bge_rhp_flat_scaled
147377,bge_rhp_flat_scaled
166488,bge_rhp_flat_scaled
172506,bge_rhp_flat_scaled
172796,bge_rhp_flat_scaled
174345,bge_rhp_flat_scaled
310852,bge_rhp_flat_scaled
289205,bge_rhp_flat_scaled
214729,bge_rhp_flat_scaled
215986,bge_rhp_flat_scaled
248467,bge_rhp_flat_scaled
271810,bge_rhp_flat_scaled
274318,bge_rhp_flat_scaled
381684,bge_rhp_flat_scaled
394674,bge_rhp_flat_scaled
284243,bge_rhp_flat_scaled
308270,bge_rhp_flat_scaled
309151,bge_rhp_flat_scaled
390187,bge_rhp_flat_scaled
348820,bge_rhp_flat_scaled
403332,bge_rhp_flat_scaled
472024,bge_rhp_flat_scaled
443325,bge_rhp_flat_scaled
430390,bge_rhp_flat_scaled
437895,bge_rhp_flat_scaled
456483,bge_rhp_flat_scaled
463883,bge_rhp_flat_scaled
82382,bge_rhp_flat_scaled
273136,bge_rhp_flat_scaled
376114,bge_rhp_flat_scaled
445473,bge_rhp_flat_scaled
372152,bge_rhp_flat_scaled
164983,bge_rhp_flat_scaled
378975,bge_rhp_flat_scaled
46815,bge_rhp_flat_scaled
47299,bge_rhp_flat_scaled
409825,bge_rhp_flat_scaled
18774,bge_rhp_flat_scaled
498970,bge_rhp_flat_scaled
499367,bge_rhp_flat_scaled
512912,bge_rhp_flat_scaled
516110,bge_rhp_flat_scaled
517358,bge_rhp_flat_scaled
524083,bge_rhp_flat_scaled
527594,bge_rhp_flat_scaled
527751,bge_rhp_flat_scaled
529216,bge_rhp_flat_scaled
530877,bge_rhp_flat_scaled
540463,bge_rhp_flat_scaled
542522,bge_rhp_flat_scaled
354185,bge_rhp_flat_scaled
383524,bge_rhp_flat_scaled
159182,bge_rhp_flat_scaled
320544,bge_rhp_flat_scaled
11461,bge_rhp_flat_scaled
56040,bge_rhp_flat_scaled
58822,bge_rhp_flat_scaled
59087,bge_rhp_flat_scaled
63472,bge_rhp_flat_scaled
67607,bge_rhp_flat_scaled
270184,bge_rhp_flat_scaled
180060,bge_rhp_flat_scaled
83225,bge_rhp_flat_scaled
183331,bge_rhp_flat_scaled
358359,bge_rhp_flat_scaled
177687,bge_rhp_flat_scaled
119429,bge_rhp_flat_scaled
137929,bge_rhp_flat_scaled
361791,bge_rhp_flat_scaled
76662,bge_rhp_flat_scaled
96519,bge_rhp_flat_scaled
98513,bge_rhp_flat_scaled
106935,bge_rhp_flat_scaled
117291,bge_rhp_flat_scaled
117667,bge_rhp_flat_scaled
120404,bge_rhp_flat_scaled
135920,bge_rhp_flat_scaled
136754,bge_rhp_flat_scaled
450230,bge_rhp_flat_scaled
144672,bge_rhp_flat_scaled
170902,bge_rhp_flat_scaled
329189,bge_rhp_flat_scaled
156545,bge_rhp_flat_scaled
164686,bge_rhp_flat_scaled
189460,bge_rhp_flat_scaled
202465,bge_rhp_flat_scaled
420075,bge_rhp_flat_scaled
365529,bge_rhp_flat_scaled
398754,bge_rhp_flat_scaled
325076,bge_rhp_flat_scaled
395264,bge_rhp_flat_scaled
228961,bge_rhp_flat_scaled
230314,bge_rhp_flat_scaled
396996,bge_rhp_flat_scaled
334900,bge_rhp_flat_scaled
395712,bge_rhp_flat_scaled
280619,bge_rhp_flat_scaled
283158,bge_rhp_flat_scaled
288844,bge_rhp_flat_scaled
325993,bge_rhp_flat_scaled
330787,bge_rhp_flat_scaled
344473,bge_rhp_flat_scaled
384051,bge_rhp_flat_scaled
382119,bge_rhp_flat_scaled
471093,bge_rhp_flat_scaled
478850,bge_rhp_flat_scaled
352842,bge_rhp_flat_scaled
54738,bge_rhp_flat_scaled
304421,bge_rhp_flat_scaled
191602,bge_rhp_flat_scaled
420091,bge_rhp_flat_scaled
29097,bge_rhp_flat_scaled
283326,bge_rhp_flat_scaled
308678,bge_rhp_flat_scaled
411078,bge_rhp_flat_scaled
371885,bge_rhp_flat_scaled
182729,bge_rhp_flat_scaled
316009,bge_rhp_flat_scaled
544758,bge_rhp_flat_scaled
420221,bge_rhp_flat_scaled
410973,bge_rhp_flat_scaled
90086,bge_rhp_flat_scaled
327554,bge_rhp_flat_scaled
383690,bge_rhp_flat_scaled
482125,bge_rhp_flat_scaled
502454,bge_rhp_flat_scaled
510443,bge_rhp_flat_scaled
519299,bge_rhp_flat_scaled
534006,bge_rhp_flat_scaled
548973,bge_rhp_flat_scaled
187275,bge_rhp_flat_scaled
222730,bge_rhp_flat_scaled
295308,bge_rhp_flat_scaled
469290,bge_rhp_flat_scaled
339578,bge_rhp_flat_scaled
6170,bge_rhp_flat_scaled
28715,bge_rhp_flat_scaled
43369,bge_rhp_flat_scaled
45139,bge_rhp_flat_scaled
45700,bge_rhp_flat_scaled
47613,bge_rhp_flat_scaled
66345,bge_rhp_flat_scaled
187131,bge_rhp_flat_scaled
440609,bge_rhp_flat_scaled
211444,bge_rhp_flat_scaled
462275,bge_rhp_flat_scaled
145053,bge_rhp_flat_scaled
272886,bge_rhp_flat_scaled
90292,bge_rhp_flat_scaled
92753,bge_rhp_flat_scaled
105380,bge_rhp_flat_scaled
109068,bge_rhp_flat_scaled
130498,bge_rhp_flat_scaled
131401,bge_rhp_flat_scaled
152284,bge_rhp_flat_scaled
451278,bge_rhp_flat_scaled
141291,bge_rhp_flat_scaled
313723,bge_rhp_flat_scaled
159502,bge_rhp_flat_scaled
167313,bge_rhp_flat_scaled
179413,bge_rhp_flat_scaled
195391,bge_rhp_flat_scaled
198451,bge_rhp_flat_scaled
327690,bge_rhp_flat_scaled
419718,bge_rhp_flat_scaled
237336,bge_rhp_flat_scaled
385589,bge_rhp_flat_scaled
357428,bge_rhp_flat_scaled
396095,bge_rhp_flat_scaled
360976,bge_rhp_flat_scaled
221060,bge_rhp_flat_scaled
228827,bge_rhp_flat_scaled
263034,bge_rhp_flat_scaled
274067,bge_rhp_flat_scaled
333188,bge_rhp_flat_scaled
310230,bge_rhp_flat_scaled
479945,bge_rhp_flat_scaled
406085,bge_rhp_flat_scaled
467158,bge_rhp_flat_scaled
376877,bge_rhp_flat_scaled
458830,bge_rhp_flat_scaled
468159,bge_rhp_flat_scaled
262087,bge_rhp_flat_scaled
198945,bge_rhp_flat_scaled
218636,bge_rhp_flat_scaled
3100,bge_rhp_flat_scaled
185367,bge_rhp_flat_scaled
472898,bge_rhp_flat_scaled
42131,bge_rhp_flat_scaled
110054,bge_rhp_flat_scaled
196986,bge_rhp_flat_scaled
273653,bge_rhp_flat_scaled
291703,bge_rhp_flat_scaled
539887,bge_rhp_flat_scaled
495638,bge_rhp_flat_scaled
504883,bge_rhp_flat_scaled
517802,bge_rhp_flat_scaled
523204,bge_rhp_flat_scaled
529420,bge_rhp_flat_scaled
529771,bge_rhp_flat_scaled
532139,bge_rhp_flat_scaled
167678,bge_rhp_flat_scaled
34795,bge_rhp_flat_scaled
174696,bge_rhp_flat_scaled
388367,bge_rhp_flat_scaled
307259,bge_rhp_flat_scaled
675,bge_rhp_flat_scaled
2156,bge_rhp_flat_scaled
20934,bge_rhp_flat_scaled
37700,bge_rhp_flat_scaled
43543,bge_rhp_flat_scaled
54139,bge_rhp_flat_scaled
64449,bge_rhp_flat_scaled
382279,bge_rhp_flat_scaled
163964,bge_rhp_flat_scaled
205862,bge_rhp_flat_scaled
232525,bge_rhp_flat_scaled
327269,bge_rhp_flat_scaled
166153,bge_rhp_flat_scaled
230680,bge_rhp_flat_scaled
72082,bge_rhp_flat_scaled
78059,bge_rhp_flat_scaled
80053,bge_rhp_flat_scaled
98963,bge_rhp_flat_scaled
103987,bge_rhp_flat_scaled
110671,bge_rhp_flat_scaled
391426,bge_rhp_flat_scaled
160888,bge_rhp_flat_scaled
151113,bge_rhp_flat_scaled
281760,bge_rhp_flat_scaled
140349,bge_rhp_flat_scaled
175843,bge_rhp_flat_scaled
192263,bge_rhp_flat_scaled
394385,bge_rhp_flat_scaled
375493,bge_rhp_flat_scaled
211971,bge_rhp_flat_scaled
291205,bge_rhp_flat_scaled
336302,bge_rhp_flat_scaled
213866,bge_rhp_flat_scaled
223245,bge_rhp_flat_scaled
269020,bge_rhp_flat_scaled
480737,bge_rhp_flat_scaled
466688,bge_rhp_flat_scaled
331188,bge_rhp_flat_scaled
378505,bge_rhp_flat_scaled
297264,bge_rhp_flat_scaled
322714,bge_rhp_flat_scaled
294040,bge_rhp_flat_scaled
328016,bge_rhp_flat_scaled
342339,bge_rhp_flat_scaled
343712,bge_rhp_flat_scaled
344526,bge_rhp_flat_scaled
433111,bge_rhp_flat_scaled
423508,bge_rhp_flat_scaled
453913,bge_rhp_flat_scaled
36923,bge_rhp_flat_scaled
479311,bge_rhp_flat_scaled
272952,bge_rhp_flat_scaled
67373,bge_rhp_flat_scaled
371810,bge_rhp_flat_scaled
426745,bge_rhp_flat_scaled
218506,bge_rhp_flat_scaled
473209,bge_rhp_flat_scaled
383616,bge_rhp_flat_scaled
17246,bge_rhp_flat_scaled
454005,bge_rhp_flat_scaled
424540,bge_rhp_flat_scaled
74665,bge_rhp_flat_scaled
214305,bge_rhp_flat_scaled
484613,bge_rhp_flat_scaled
492445,bge_rhp_flat_scaled
494274,bge_rhp_flat_scaled
515639,bge_rhp_flat_scaled
525266,bge_rhp_flat_scaled
532849,bge_rhp_flat_scaled
534068,bge_rhp_flat_scaled
541917,bge_rhp_flat_scaled
544948,bge_rhp_flat_scaled
420704,bge_rhp_flat_scaled
31101,bge_rhp_flat_scaled
103518,bge_rhp_flat_scaled
433764,bge_rhp_flat_scaled
258448,bge_rhp_flat_scaled
374862,bge_rhp_flat_scaled
424338,bge_rhp_flat_scaled
12015,bge_rhp_flat_scaled
22916,bge_rhp_flat_scaled
24649,bge_rhp_flat_scaled
38780,bge_rhp_flat_scaled
53334,bge_rhp_flat_scaled
58539,bge_rhp_flat_scaled
67161,bge_rhp_flat_scaled
287560,bge_rhp_flat_scaled
324839,bge_rhp_flat_scaled
262376,bge_rhp_flat_scaled
338799,bge_rhp_flat_scaled
339872,bge_rhp_flat_scaled
68256,bge_rhp_flat_scaled
80577,bge_rhp_flat_scaled
88458,bge_rhp_flat_scaled
94627,bge_rhp_flat_scaled
99810,bge_rhp_flat_scaled
102570,bge_rhp_flat_scaled
107369,bge_rhp_flat_scaled
119432,bge_rhp_flat_scaled
121210,bge_rhp_flat_scaled
133404,bge_rhp_flat_scaled
473045,bge_rhp_flat_scaled
423473,bge_rhp_flat_scaled
446295,bge_rhp_flat_scaled
298759,bge_rhp_flat_scaled
335396,bge_rhp_flat_scaled
143364,bge_rhp_flat_scaled
145520,bge_rhp_flat_scaled
154564,bge_rhp_flat_scaled
161713,bge_rhp_flat_scaled
161928,bge_rhp_flat_scaled
170886,bge_rhp_flat_scaled
175406,bge_rhp_flat_scaled
200229,bge_rhp_flat_scaled
243079,bge_rhp_flat_scaled
244768,bge_rhp_flat_scaled
390448,bge_rhp_flat_scaled
402061,bge_rhp_flat_scaled
216563,bge_rhp_flat_scaled
220471,bge_rhp_flat_scaled
220790,bge_rhp_flat_scaled
235308,bge_rhp_flat_scaled
250495,bge_rhp_flat_scaled
269735,bge_rhp_flat_scaled
434236,bge_rhp_flat_scaled
403527,bge_rhp_flat_scaled
373606,bge_rhp_flat_scaled
348080,bge_rhp_flat_scaled
378485,bge_rhp_flat_scaled
293946,bge_rhp_flat_scaled
294990,bge_rhp_flat_scaled
310200,bge_rhp_flat_scaled
422128,bge_rhp_flat_scaled
433504,bge_rhp_flat_scaled
346780,bge_rhp_flat_scaled
363997,bge_rhp_flat_scaled
475435,bge_rhp_flat_scaled
452030,bge_rhp_flat_scaled
432931,bge_rhp_flat_scaled
474276,bge_rhp_flat_scaled
383515,bge_rhp_flat_scaled
402933,bge_rhp_flat_scaled
126691,bge_rhp_flat_scaled
317137,bge_rhp_flat_scaled
294220,bge_rhp_flat_scaled
361540,bge_rhp_flat_scaled
174046,bge_rhp_flat_scaled
263560,bge_rhp_flat_scaled
22644,bge_rhp_flat_scaled
98688,bge_rhp_flat_scaled
460060,bge_rhp_flat_scaled
340524,bge_rhp_flat_scaled
135880,bge_rhp_flat_scaled
275311,bge_rhp_flat_scaled
490473,bge_rhp_flat_scaled
492569,bge_rhp_flat_scaled
496465,bge_rhp_flat_scaled
496672,bge_rhp_flat_scaled
503866,bge_rhp_flat_scaled
509976,bge_rhp_flat_scaled
514437,bge_rhp_flat_scaled
540349,bge_rhp_flat_scaled
549031,bge_rhp_flat_scaled
549798,bge_rhp_flat_scaled
206395,bge_rhp_flat_scaled
33856,bge_rhp_flat_scaled
108994,bge_rhp_flat_scaled
394612,bge_rhp_flat_scaled
261684,bge_rhp_flat_scaled
5535,bge_rhp_flat_scaled
15677,bge_rhp_flat_scaled
55402,bge_rhp_flat_scaled
58490,bge_rhp_flat_scaled
64584,bge_rhp_flat_scaled
65536,bge_rhp_flat_scaled
66452,bge_rhp_flat_scaled
119385,bge_rhp_flat_scaled
473280,bge_rhp_flat_scaled
118349,bge_rhp_flat_scaled
129684,bge_rhp_flat_scaled
358516,bge_rhp_flat_scaled
459717,bge_rhp_flat_scaled
108961,bge_rhp_flat_scaled
70573,bge_rhp_flat_scaled
82070,bge_rhp_flat_scaled
104774,bge_rhp_flat_scaled
106775,bge_rhp_flat_scaled
131614,bge_rhp_flat_scaled
389682,bge_rhp_flat_scaled
140665,bge_rhp_flat_scaled
144927,bge_rhp_flat_scaled
148451,bge_rhp_flat_scaled
149292,bge_rhp_flat_scaled
150644,bge_rhp_flat_scaled
158992,bge_rhp_flat_scaled
165814,bge_rhp_flat_scaled
173865,bge_rhp_flat_scaled
431959,bge_rhp_flat_scaled
339084,bge_rhp_flat_scaled
347793,bge_rhp_flat_scaled
208433,bge_rhp_flat_scaled
358729,bge_rhp_flat_scaled
211197,bge_rhp_flat_scaled
240013,bge_rhp_flat_scaled
269065,bge_rhp_flat_scaled
270631,bge_rhp_flat_scaled
272052,bge_rhp_flat_scaled
452352,bge_rhp_flat_scaled
280248,bge_rhp_flat_scaled
301170,bge_rhp_flat_scaled
320240,bge_rhp_flat_scaled
339074,bge_rhp_flat_scaled
370006,bge_rhp_flat_scaled
422586,bge_rhp_flat_scaled
387239,bge_rhp_flat_scaled
397251,bge_rhp_flat_scaled
399929,bge_rhp_flat_scaled
402732,bge_rhp_flat_scaled
425004,bge_rhp_flat_scaled
425248,bge_rhp_flat_scaled
449279,bge_rhp_flat_scaled
459500,bge_rhp_flat_scaled
463140,bge_rhp_flat_scaled
540534,bge_rhp_flat_scaled
543515,bge_rhp_flat_scaled
436676,bge_rhp_flat_scaled
277068,bge_rhp_flat_scaled
245933,bge_rhp_flat_scaled
310547,bge_rhp_flat_scaled
95274,bge_rhp_flat_scaled
517530,bge_rhp_flat_scaled
179972,bge_rhp_flat_scaled
368950,bge_rhp_flat_scaled
246389,bge_rhp_flat_scaled
431391,bge_rhp_flat_scaled
527490,bge_rhp_flat_scaled
185314,bge_rhp_flat_scaled
228181,bge_rhp_flat_scaled
383496,bge_rhp_flat_scaled
118174,bge_rhp_flat_scaled
191384,bge_rhp_flat_scaled
76290,bge_rhp_flat_scaled
332419,bge_rhp_flat_scaled
416174,bge_rhp_flat_scaled
304444,bge_rhp_flat_scaled
488923,bge_rhp_flat_scaled
496325,bge_rhp_flat_scaled
506123,bge_rhp_flat_scaled
506322,bge_rhp_flat_scaled
548471,bge_rhp_flat_scaled
308397,bge_rhp_flat_scaled
235316,bge_rhp_flat_scaled
61305,bge_rhp_flat_scaled
210940,bge_rhp_flat_scaled
294349,bge_rhp_flat_scaled
152405,bge_rhp_flat_scaled
202001,bge_rhp_flat_scaled
235937,bge_rhp_flat_scaled
6958,bge_rhp_flat_scaled
13133,bge_rhp_flat_scaled
14114,bge_rhp_flat_scaled
16375,bge_rhp_flat_scaled
40084,bge_rhp_flat_scaled
45164,bge_rhp_flat_scaled
48516,bge_rhp_flat_scaled
55108,bge_rhp_flat_scaled
449771,bge_rhp_flat_scaled
249586,bge_rhp_flat_scaled
463786,bge_rhp_flat_scaled
72588,bge_rhp_flat_scaled
76214,bge_rhp_flat_scaled
81117,bge_rhp_flat_scaled
94378,bge_rhp_flat_scaled
94862,bge_rhp_flat_scaled
97792,bge_rhp_flat_scaled
99261,bge_rhp_flat_scaled
118368,bge_rhp_flat_scaled
119590,bge_rhp_flat_scaled
438231,bge_rhp_flat_scaled
464895,bge_rhp_flat_scaled
400930,bge_rhp_flat_scaled
363092,bge_rhp_flat_scaled
397739,bge_rhp_flat_scaled
176366,bge_rhp_flat_scaled
203687,bge_rhp_flat_scaled
454074,bge_rhp_flat_scaled
429095,bge_rhp_flat_scaled
377210,bge_rhp_flat_scaled
474712,bge_rhp_flat_scaled
279708,bge_rhp_flat_scaled
228146,bge_rhp_flat_scaled
301710,bge_rhp_flat_scaled
353933,bge_rhp_flat_scaled
375491,bge_rhp_flat_scaled
208535,bge_rhp_flat_scaled
218800,bge_rhp_flat_scaled
264473,bge_rhp_flat_scaled
428063,bge_rhp_flat_scaled
300986,bge_rhp_flat_scaled
304261,bge_rhp_flat_scaled
441313,bge_rhp_flat_scaled
447825,bge_rhp_flat_scaled
362982,bge_rhp_flat_scaled
374458,bge_rhp_flat_scaled
400824,bge_rhp_flat_scaled
456976,bge_rhp_flat_scaled
464774,bge_rhp_flat_scaled
415588,bge_rhp_flat_scaled
445295,bge_rhp_flat_scaled
43087,bge_rhp_flat_scaled
517431,bge_rhp_flat_scaled
84026,bge_rhp_flat_scaled
132289,bge_rhp_flat_scaled
273726,bge_rhp_flat_scaled
335247,bge_rhp_flat_scaled
508728,bge_rhp_flat_scaled
212506,bge_rhp_flat_scaled
172366,bge_rhp_flat_scaled
488261,bge_rhp_flat_scaled
488348,bge_rhp_flat_scaled
502238,bge_rhp_flat_scaled
508684,bge_rhp_flat_scaled
514975,bge_rhp_flat_scaled
524086,bge_rhp_flat_scaled
531775,bge_rhp_flat_scaled
535685,bge_rhp_flat_scaled
543249,bge_rhp_flat_scaled
123936,bge_rhp_flat_scaled
102879,bge_rhp_flat_scaled
37055,bge_rhp_flat_scaled
54746,bge_rhp_flat_scaled
340790,bge_rhp_flat_scaled
93591,bge_rhp_flat_scaled
93997,bge_rhp_flat_scaled
94182,bge_rhp_flat_scaled
414593,bge_rhp_flat_scaled
428145,bge_rhp_flat_scaled
207985,bge_rhp_flat_scaled
9521,bge_rhp_flat_scaled
12761,bge_rhp_flat_scaled
20282,bge_rhp_flat_scaled
25688,bge_rhp_flat_scaled
50781,bge_rhp_flat_scaled
50991,bge_rhp_flat_scaled
53808,bge_rhp_flat_scaled
59734,bge_rhp_flat_scaled
61716,bge_rhp_flat_scaled
99795,bge_rhp_flat_scaled
407604,bge_rhp_flat_scaled
72943,bge_rhp_flat_scaled
481896,bge_rhp_flat_scaled
71595,bge_rhp_flat_scaled
84278,bge_rhp_flat_scaled
89033,bge_rhp_flat_scaled
100508,bge_rhp_flat_scaled
119537,bge_rhp_flat_scaled
123432,bge_rhp_flat_scaled
428976,bge_rhp_flat_scaled
401632,bge_rhp_flat_scaled
311054,bge_rhp_flat_scaled
139476,bge_rhp_flat_scaled
148864,bge_rhp_flat_scaled
179631,bge_rhp_flat_scaled
186670,bge_rhp_flat_scaled
194164,bge_rhp_flat_scaled
196705,bge_rhp_flat_scaled
203678,bge_rhp_flat_scaled
434900,bge_rhp_flat_scaled
333499,bge_rhp_flat_scaled
231453,bge_rhp_flat_scaled
343355,bge_rhp_flat_scaled
258116,bge_rhp_flat_scaled
266556,bge_rhp_flat_scaled
423070,bge_rhp_flat_scaled
307085,bge_rhp_flat_scaled
378614,bge_rhp_flat_scaled
363951,bge_rhp_flat_scaled
367542,bge_rhp_flat_scaled
386489,bge_rhp_flat_scaled
387436,bge_rhp_flat_scaled
394599,bge_rhp_flat_scaled
18426,bge_rhp_flat_scaled
60854,bge_rhp_flat_scaled
304164,bge_rhp_flat_scaled
418211,bge_rhp_flat_scaled
286675,bge_rhp_flat_scaled
197477,bge_rhp_flat_scaled
338194,bge_rhp_flat_scaled
364550,bge_rhp_flat_scaled
261975,bge_rhp_flat_scaled
498485,bge_rhp_flat_scaled
458648,bge_rhp_flat_scaled
407342,bge_rhp_flat_scaled
250857,bge_rhp_flat_scaled
542289,bge_rhp_flat_scaled
420928,bge_rhp_flat_scaled
388863,bge_rhp_flat_scaled
281899,bge_rhp_flat_scaled
319801,bge_rhp_flat_scaled
332158,bge_rhp_flat_scaled
57110,bge_rhp_flat_scaled
190428,bge_rhp_flat_scaled
231956,bge_rhp_flat_scaled
487074,bge_rhp_flat_scaled
498976,bge_rhp_flat_scaled
516781,bge_rhp_flat_scaled
523072,bge_rhp_flat_scaled
547535,bge_rhp_flat_scaled
113231,bge_rhp_flat_scaled
86385,bge_rhp_flat_scaled
172049,bge_rhp_flat_scaled
298057,bge_rhp_flat_scaled
353482,bge_rhp_flat_scaled
14104,bge_rhp_flat_scaled
16820,bge_rhp_flat_scaled
18743,bge_rhp_flat_scaled
24992,bge_rhp_flat_scaled
39973,bge_rhp_flat_scaled
57930,bge_rhp_flat_scaled
134871,bge_rhp_flat_scaled
199987,bge_rhp_flat_scaled
269523,bge_rhp_flat_scaled
69484,bge_rhp_flat_scaled
118619,bge_rhp_flat_scaled
131612,bge_rhp_flat_scaled
420711,bge_rhp_flat_scaled
323036,bge_rhp_flat_scaled
232358,bge_rhp_flat_scaled
242568,bge_rhp_flat_scaled
290492,bge_rhp_flat_scaled
264262,bge_rhp_flat_scaled
170243,bge_rhp_flat_scaled
444650,bge_rhp_flat_scaled
359622,bge_rhp_flat_scaled
318540,bge_rhp_flat_scaled
146253,bge_rhp_flat_scaled
153307,bge_rhp_flat_scaled
181689,bge_rhp_flat_scaled
184029,bge_rhp_flat_scaled
189606,bge_rhp_flat_scaled
201359,bge_rhp_flat_scaled
432047,bge_rhp_flat_scaled
318507,bge_rhp_flat_scaled
238777,bge_rhp_flat_scaled
225063,bge_rhp_flat_scaled
236733,bge_rhp_flat_scaled
252016,bge_rhp_flat_scaled
370605,bge_rhp_flat_scaled
402836,bge_rhp_flat_scaled
279937,bge_rhp_flat_scaled
288276,bge_rhp_flat_scaled
305407,bge_rhp_flat_scaled
331257,bge_rhp_flat_scaled
336028,bge_rhp_flat_scaled
432070,bge_rhp_flat_scaled
351437,bge_rhp_flat_scaled
382318,bge_rhp_flat_scaled
393317,bge_rhp_flat_scaled
477994,bge_rhp_flat_scaled
301093,bge_rhp_flat_scaled
518780,bge_rhp_flat_scaled
309758,bge_rhp_flat_scaled
46109,bge_rhp_flat_scaled
108574,bge_rhp_flat_scaled
156626,bge_rhp_flat_scaled
49171,bge_rhp_flat_scaled
498700,bge_rhp_flat_scaled
306815,bge_rhp_flat_scaled
92785,bge_rhp_flat_scaled
67892,bge_rhp_flat_scaled
278249,bge_rhp_flat_scaled
206473,bge_rhp_flat_scaled
207627,bge_rhp_flat_scaled
298095,bge_rhp_flat_scaled
345084,bge_rhp_flat_scaled
449173,bge_rhp_flat_scaled
500139,bge_rhp_flat_scaled
488282,bge_rhp_flat_scaled
493547,bge_rhp_flat_scaled
511493,bge_rhp_flat_scaled
513533,bge_rhp_flat_scaled
517433,bge_rhp_flat_scaled
530422,bge_rhp_flat_scaled
533562,bge_rhp_flat_scaled
232659,bge_rhp_flat_scaled
169361,bge_rhp_flat_scaled
223408,bge_rhp_flat_scaled
68823,bge_rhp_flat_scaled
136464,bge_rhp_flat_scaled
244238,bge_rhp_flat_scaled
376951,bge_rhp_flat_scaled
16703,bge_rhp_flat_scaled
32955,bge_rhp_flat_scaled
48572,bge_rhp_flat_scaled
51508,bge_rhp_flat_scaled
55439,bge_rhp_flat_scaled
67761,bge_rhp_flat_scaled
342157,bge_rhp_flat_scaled
384679,bge_rhp_flat_scaled
242246,bge_rhp_flat_scaled
88382,bge_rhp_flat_scaled
106653,bge_rhp_flat_scaled
137653,bge_rhp_flat_scaled
138295,bge_rhp_flat_scaled
143624,bge_rhp_flat_scaled
157248,bge_rhp_flat_scaled
159090,bge_rhp_flat_scaled
187036,bge_rhp_flat_scaled
190716,bge_rhp_flat_scaled
201037,bge_rhp_flat_scaled
206771,bge_rhp_flat_scaled
206850,bge_rhp_flat_scaled
412226,bge_rhp_flat_scaled
397853,bge_rhp_flat_scaled
334552,bge_rhp_flat_scaled
225269,bge_rhp_flat_scaled
420980,bge_rhp_flat_scaled
365250,bge_rhp_flat_scaled
278842,bge_rhp_flat_scaled
421883,bge_rhp_flat_scaled
366031,bge_rhp_flat_scaled
307365,bge_rhp_flat_scaled
456059,bge_rhp_flat_scaled
356394,bge_rhp_flat_scaled
346810,bge_rhp_flat_scaled
395959,bge_rhp_flat_scaled
412344,bge_rhp_flat_scaled
433093,bge_rhp_flat_scaled
479919,bge_rhp_flat_scaled
265769,bge_rhp_flat_scaled
100870,bge_rhp_flat_scaled
447682,bge_rhp_flat_scaled
145640,bge_rhp_flat_scaled
353621,bge_rhp_flat_scaled
140691,bge_rhp_flat_scaled
481367,bge_rhp_flat_scaled
341613,bge_rhp_flat_scaled
349253,bge_rhp_flat_scaled
26762,bge_rhp_flat_scaled
328900,bge_rhp_flat_scaled
343127,bge_rhp_flat_scaled
489482,bge_rhp_flat_scaled
492357,bge_rhp_flat_scaled
494388,bge_rhp_flat_scaled
495823,bge_rhp_flat_scaled
505205,bge_rhp_flat_scaled
505758,bge_rhp_flat_scaled
518184,bge_rhp_flat_scaled
523417,bge_rhp_flat_scaled
526670,bge_rhp_flat_scaled
527708,bge_rhp_flat_scaled
529242,bge_rhp_flat_scaled
530027,bge_rhp_flat_scaled
531462,bge_rhp_flat_scaled
540611,bge_rhp_flat_scaled
547529,bge_rhp_flat_scaled
198614,bge_rhp_flat_scaled
299078,bge_rhp_flat_scaled
103366,bge_rhp_flat_scaled
109544,bge_rhp_flat_scaled
408653,bge_rhp_flat_scaled
226194,bge_rhp_flat_scaled
435401,bge_rhp_flat_scaled
20044,bge_rhp_flat_scaled
34353,bge_rhp_flat_scaled
37792,bge_rhp_flat_scaled
38317,bge_rhp_flat_scaled
38834,bge_rhp_flat_scaled
40146,bge_rhp_flat_scaled
67816,bge_rhp_flat_scaled
112823,bge_rhp_flat_scaled
104569,bge_rhp_flat_scaled
253520,bge_rhp_flat_scaled
316813,bge_rhp_flat_scaled
241606,bge_rhp_flat_scaled
86791,bge_rhp_flat_scaled
93274,bge_rhp_flat_scaled
115161,bge_rhp_flat_scaled
122623,bge_rhp_flat_scaled
127560,bge_rhp_flat_scaled
294590,bge_rhp_flat_scaled
423113,bge_rhp_flat_scaled
227167,bge_rhp_flat_scaled
173394,bge_rhp_flat_scaled
180636,bge_rhp_flat_scaled
423709,bge_rhp_flat_scaled
391891,bge_rhp_flat_scaled
214584,bge_rhp_flat_scaled
216803,bge_rhp_flat_scaled
225848,bge_rhp_flat_scaled
261759,bge_rhp_flat_scaled
431725,bge_rhp_flat_scaled
280957,bge_rhp_flat_scaled
288293,bge_rhp_flat_scaled
330164,bge_rhp_flat_scaled
331993,bge_rhp_flat_scaled
333310,bge_rhp_flat_scaled
470577,bge_rhp_flat_scaled
383119,bge_rhp_flat_scaled
53656,bge_rhp_flat_scaled
282617,bge_rhp_flat_scaled
136943,bge_rhp_flat_scaled
280346,bge_rhp_flat_scaled
128223,bge_rhp_flat_scaled
73163,bge_rhp_flat_scaled
107119,bge_rhp_flat_scaled
442327,bge_rhp_flat_scaled
159008,bge_rhp_flat_scaled
360288,bge_rhp_flat_scaled
181618,bge_rhp_flat_scaled
4439,bge_rhp_flat_scaled
365352,bge_rhp_flat_scaled
70052,bge_rhp_flat_scaled
382283,bge_rhp_flat_scaled
264428,bge_rhp_flat_scaled
58016,bge_rhp_flat_scaled
309024,bge_rhp_flat_scaled
130456,bge_rhp_flat_scaled
482495,bge_rhp_flat_scaled
483998,bge_rhp_flat_scaled
488893,bge_rhp_flat_scaled
490700,bge_rhp_flat_scaled
494578,bge_rhp_flat_scaled
499503,bge_rhp_flat_scaled
501679,bge_rhp_flat_scaled
511676,bge_rhp_flat_scaled
526335,bge_rhp_flat_scaled
147303,bge_rhp_flat_scaled
43332,bge_rhp_flat_scaled
364442,bge_rhp_flat_scaled
194358,bge_rhp_flat_scaled
345390,bge_rhp_flat_scaled
462009,bge_rhp_flat_scaled
444079,bge_rhp_flat_scaled
3222,bge_rhp_flat_scaled
16855,bge_rhp_flat_scaled
20766,bge_rhp_flat_scaled
32591,bge_rhp_flat_scaled
38614,bge_rhp_flat_scaled
48857,bge_rhp_flat_scaled
61270,bge_rhp_flat_scaled
301431,bge_rhp_flat_scaled
221903,bge_rhp_flat_scaled
281871,bge_rhp_flat_scaled
350901,bge_rhp_flat_scaled
145331,bge_rhp_flat_scaled
170802,bge_rhp_flat_scaled
284855,bge_rhp_flat_scaled
297761,bge_rhp_flat_scaled
93253,bge_rhp_flat_scaled
106779,bge_rhp_flat_scaled
135622,bge_rhp_flat_scaled
135937,bge_rhp_flat_scaled
136559,bge_rhp_flat_scaled
421752,bge_rhp_flat_scaled
381002,bge_rhp_flat_scaled
400343,bge_rhp_flat_scaled
138307,bge_rhp_flat_scaled
147473,bge_rhp_flat_scaled
179224,bge_rhp_flat_scaled
179637,bge_rhp_flat_scaled
189561,bge_rhp_flat_scaled
201923,bge_rhp_flat_scaled
478995,bge_rhp_flat_scaled
420703,bge_rhp_flat_scaled
353793,bge_rhp_flat_scaled
270795,bge_rhp_flat_scaled
305831,bge_rhp_flat_scaled
208778,bge_rhp_flat_scaled
217737,bge_rhp_flat_scaled
225921,bge_rhp_flat_scaled
242546,bge_rhp_flat_scaled
249162,bge_rhp_flat_scaled
269716,bge_rhp_flat_scaled
419654,bge_rhp_flat_scaled
371002,bge_rhp_flat_scaled
286713,bge_rhp_flat_scaled
291065,bge_rhp_flat_scaled
317341,bge_rhp_flat_scaled
416620,bge_rhp_flat_scaled
392280,bge_rhp_flat_scaled
388196,bge_rhp_flat_scaled
400276,bge_rhp_flat_scaled
383911,bge_rhp_flat_scaled
446092,bge_rhp_flat_scaled
157637,bge_rhp_flat_scaled
243390,bge_rhp_flat_scaled
275894,bge_rhp_flat_scaled
414183,bge_rhp_flat_scaled
353665,bge_rhp_flat_scaled
443628,bge_rhp_flat_scaled
120729,bge_rhp_flat_scaled
66320,bge_rhp_flat_scaled
44663,bge_rhp_flat_scaled
206928,bge_rhp_flat_scaled
250720,bge_rhp_flat_scaled
185784,bge_rhp_flat_scaled
368736,bge_rhp_flat_scaled
276222,bge_rhp_flat_scaled
337245,bge_rhp_flat_scaled
359058,bge_rhp_flat_scaled
105368,bge_rhp_flat_scaled
292446,bge_rhp_flat_scaled
202115,bge_rhp_flat_scaled
491670,bge_rhp_flat_scaled
498562,bge_rhp_flat_scaled
507863,bge_rhp_flat_scaled
532243,bge_rhp_flat_scaled
533599,bge_rhp_flat_scaled
549914,bge_rhp_flat_scaled
480839,bge_rhp_flat_scaled
69798,bge_rhp_flat_scaled
245185,bge_rhp_flat_scaled
13382,bge_rhp_flat_scaled
78658,bge_rhp_flat_scaled
117641,bge_rhp_flat_scaled
205567,bge_rhp_flat_scaled
305725,bge_rhp_flat_scaled
358584,bge_rhp_flat_scaled
4451,bge_rhp_flat_scaled
14828,bge_rhp_flat_scaled
15112,bge_rhp_flat_scaled
45198,bge_rhp_flat_scaled
51134,bge_rhp_flat_scaled
251075,bge_rhp_flat_scaled
315667,bge_rhp_flat_scaled
144065,bge_rhp_flat_scaled
158743,bge_rhp_flat_scaled
236250,bge_rhp_flat_scaled
86097,bge_rhp_flat_scaled
86299,bge_rhp_flat_scaled
91287,bge_rhp_flat_scaled
381056,bge_rhp_flat_scaled
223276,bge_rhp_flat_scaled
379604,bge_rhp_flat_scaled
313419,bge_rhp_flat_scaled
149446,bge_rhp_flat_scaled
156753,bge_rhp_flat_scaled
176606,bge_rhp_flat_scaled
183412,bge_rhp_flat_scaled
356132,bge_rhp_flat_scaled
315357,bge_rhp_flat_scaled
210838,bge_rhp_flat_scaled
211327,bge_rhp_flat_scaled
222209,bge_rhp_flat_scaled
293196,bge_rhp_flat_scaled
334287,bge_rhp_flat_scaled
422502,bge_rhp_flat_scaled
380820,bge_rhp_flat_scaled
437074,bge_rhp_flat_scaled
383273,bge_rhp_flat_scaled
435151,bge_rhp_flat_scaled
454864,bge_rhp_flat_scaled
470292,bge_rhp_flat_scaled
545572,bge_rhp_flat_scaled
479240,bge_rhp_flat_scaled
400365,bge_rhp_flat_scaled
326845,bge_rhp_flat_scaled
121469,bge_rhp_flat_scaled
169523,bge_rhp_flat_scaled
191321,bge_rhp_flat_scaled
348223,bge_rhp_flat_scaled
399895,bge_rhp_flat_scaled
537829,bge_rhp_flat_scaled
439795,bge_rhp_flat_scaled
274411,bge_rhp_flat_scaled
540968,bge_rhp_flat_scaled
308107,bge_rhp_flat_scaled
87127,bge_rhp_flat_scaled
354110,bge_rhp_flat_scaled
503917,bge_rhp_flat_scaled
328014,bge_rhp_flat_scaled
147453,bge_rhp_flat_scaled
510571,bge_rhp_flat_scaled
525335,bge_rhp_flat_scaled
528863,bge_rhp_flat_scaled
536891,bge_rhp_flat_scaled
126607,bge_rhp_flat_scaled
25696,bge_rhp_flat_scaled
405033,bge_rhp_flat_scaled
421287,bge_rhp_flat_scaled
402068,bge_rhp_flat_scaled
437640,bge_rhp_flat_scaled
1792,bge_rhp_flat_scaled
4039,bge_rhp_flat_scaled
8892,bge_rhp_flat_scaled
19034,bge_rhp_flat_scaled
25838,bge_rhp_flat_scaled
40267,bge_rhp_flat_scaled
65359,bge_rhp_flat_scaled
66460,bge_rhp_flat_scaled
462398,bge_rhp_flat_scaled
261700,bge_rhp_flat_scaled
352814,bge_rhp_flat_scaled
68612,bge_rhp_flat_scaled
77750,bge_rhp_flat_scaled
81166,bge_rhp_flat_scaled
91991,bge_rhp_flat_scaled
97429,bge_rhp_flat_scaled
371566,bge_rhp_flat_scaled
456736,bge_rhp_flat_scaled
315283,bge_rhp_flat_scaled
184390,bge_rhp_flat_scaled
447280,bge_rhp_flat_scaled
368249,bge_rhp_flat_scaled
141464,bge_rhp_flat_scaled
163278,bge_rhp_flat_scaled
181032,bge_rhp_flat_scaled
191627,bge_rhp_flat_scaled
193103,bge_rhp_flat_scaled
342622,bge_rhp_flat_scaled
237912,bge_rhp_flat_scaled
383513,bge_rhp_flat_scaled
218555,bge_rhp_flat_scaled
220730,bge_rhp_flat_scaled
255357,bge_rhp_flat_scaled
277112,bge_rhp_flat_scaled
391545,bge_rhp_flat_scaled
463136,bge_rhp_flat_scaled
395730,bge_rhp_flat_scaled
402551,bge_rhp_flat_scaled
377565,bge_rhp_flat_scaled
383665,bge_rhp_flat_scaled
412814,bge_rhp_flat_scaled
440803,bge_rhp_flat_scaled
78693,bge_rhp_flat_scaled
163353,bge_rhp_flat_scaled
92880,bge_rhp_flat_scaled
145552,bge_rhp_flat_scaled
422802,bge_rhp_flat_scaled
246470,bge_rhp_flat_scaled
86347,bge_rhp_flat_scaled
198403,bge_rhp_flat_scaled
489658,bge_rhp_flat_scaled
504418,bge_rhp_flat_scaled
511860,bge_rhp_flat_scaled
513452,bge_rhp_flat_scaled
513859,bge_rhp_flat_scaled
516817,bge_rhp_flat_scaled
522603,bge_rhp_flat_scaled
529443,bge_rhp_flat_scaled
533307,bge_rhp_flat_scaled
540509,bge_rhp_flat_scaled
544829,bge_rhp_flat_scaled
545571,bge_rhp_flat_scaled
546562,bge_rhp_flat_scaled
549955,bge_rhp_flat_scaled
64813,bge_rhp_flat_scaled
77509,bge_rhp_flat_scaled
302528,bge_rhp_flat_scaled
90580,bge_rhp_flat_scaled
411419,bge_rhp_flat_scaled
303978,bge_rhp_flat_scaled
418483,bge_rhp_flat_scaled
327143,bge_rhp_flat_scaled
331166,bge_rhp_flat_scaled
481251,bge_rhp_flat_scaled
12687,bge_rhp_flat_scaled
14233,bge_rhp_flat_scaled
20242,bge_rhp_flat_scaled
28920,bge_rhp_flat_scaled
35214,bge_rhp_flat_scaled
46122,bge_rhp_flat_scaled
52953,bge_rhp_flat_scaled
65172,bge_rhp_flat_scaled
132184,bge_rhp_flat_scaled
453978,bge_rhp_flat_scaled
309861,bge_rhp_flat_scaled
79851,bge_rhp_flat_scaled
172405,bge_rhp_flat_scaled
70986,bge_rhp_flat_scaled
88426,bge_rhp_flat_scaled
95113,bge_rhp_flat_scaled
106831,bge_rhp_flat_scaled
111957,bge_rhp_flat_scaled
124598,bge_rhp_flat_scaled
270210,bge_rhp_flat_scaled
314372,bge_rhp_flat_scaled
470372,bge_rhp_flat_scaled
236970,bge_rhp_flat_scaled
187844,bge_rhp_flat_scaled
435494,bge_rhp_flat_scaled
241941,bge_rhp_flat_scaled
409053,bge_rhp_flat_scaled
152340,bge_rhp_flat_scaled
153917,bge_rhp_flat_scaled
166931,bge_rhp_flat_scaled
172130,bge_rhp_flat_scaled
174441,bge_rhp_flat_scaled
201468,bge_rhp_flat_scaled
360964,bge_rhp_flat_scaled
251918,bge_rhp_flat_scaled
385745,bge_rhp_flat_scaled
221441,bge_rhp_flat_scaled
226841,bge_rhp_flat_scaled
264460,bge_rhp_flat_scaled
374975,bge_rhp_flat_scaled
338350,bge_rhp_flat_scaled
329018,bge_rhp_flat_scaled
278305,bge_rhp_flat_scaled
360522,bge_rhp_flat_scaled
315008,bge_rhp_flat_scaled
390801,bge_rhp_flat_scaled
285473,bge_rhp_flat_scaled
287213,bge_rhp_flat_scaled
313042,bge_rhp_flat_scaled
390785,bge_rhp_flat_scaled
368866,bge_rhp_flat_scaled
450976,bge_rhp_flat_scaled
350621,bge_rhp_flat_scaled
356375,bge_rhp_flat_scaled
385942,bge_rhp_flat_scaled
452113,bge_rhp_flat_scaled
27928,bge_rhp_flat_scaled
321515,bge_rhp_flat_scaled
335460,bge_rhp_flat_scaled
340335,bge_rhp_flat_scaled
225852,bge_rhp_flat_scaled
485309,bge_rhp_flat_scaled
9369,bge_rhp_flat_scaled
351546,bge_rhp_flat_scaled
497077,bge_rhp_flat_scaled
518755,bge_rhp_flat_scaled
530801,bge_rhp_flat_scaled
531095,bge_rhp_flat_scaled
545490,bge_rhp_flat_scaled
57593,bge_rhp_flat_scaled
256507,bge_rhp_flat_scaled
214809,bge_rhp_flat_scaled
94646,bge_rhp_flat_scaled
6625,bge_rhp_flat_scaled
7998,bge_rhp_flat_scaled
22582,bge_rhp_flat_scaled
442987,bge_rhp_flat_scaled
1037,bge_rhp_flat_scaled
24608,bge_rhp_flat_scaled
30919,bge_rhp_flat_scaled
34189,bge_rhp_flat_scaled
34649,bge_rhp_flat_scaled
37453,bge_rhp_flat_scaled
48791,bge_rhp_flat_scaled
56263,bge_rhp_flat_scaled
57827,bge_rhp_flat_scaled
67438,bge_rhp_flat_scaled
434253,bge_rhp_flat_scaled
448860,bge_rhp_flat_scaled
216576,bge_rhp_flat_scaled
160487,bge_rhp_flat_scaled
94946,bge_rhp_flat_scaled
386705,bge_rhp_flat_scaled
424601,bge_rhp_flat_scaled
196804,bge_rhp_flat_scaled
244110,bge_rhp_flat_scaled
266050,bge_rhp_flat_scaled
374623,bge_rhp_flat_scaled
72231,bge_rhp_flat_scaled
87874,bge_rhp_flat_scaled
94957,bge_rhp_flat_scaled
103116,bge_rhp_flat_scaled
106599,bge_rhp_flat_scaled
107240,bge_rhp_flat_scaled
116752,bge_rhp_flat_scaled
129169,bge_rhp_flat_scaled
270486,bge_rhp_flat_scaled
299269,bge_rhp_flat_scaled
467967,bge_rhp_flat_scaled
192014,bge_rhp_flat_scaled
284315,bge_rhp_flat_scaled
313055,bge_rhp_flat_scaled
143104,bge_rhp_flat_scaled
144866,bge_rhp_flat_scaled
165090,bge_rhp_flat_scaled
175379,bge_rhp_flat_scaled
177633,bge_rhp_flat_scaled
206468,bge_rhp_flat_scaled
254657,bge_rhp_flat_scaled
320775,bge_rhp_flat_scaled
275728,bge_rhp_flat_scaled
239689,bge_rhp_flat_scaled
345513,bge_rhp_flat_scaled
376605,bge_rhp_flat_scaled
213504,bge_rhp_flat_scaled
328393,bge_rhp_flat_scaled
422705,bge_rhp_flat_scaled
376859,bge_rhp_flat_scaled
281121,bge_rhp_flat_scaled
297227,bge_rhp_flat_scaled
303729,bge_rhp_flat_scaled
324205,bge_rhp_flat_scaled
443168,bge_rhp_flat_scaled
461450,bge_rhp_flat_scaled
421375,bge_rhp_flat_scaled
121037,bge_rhp_flat_scaled
90799,bge_rhp_flat_scaled
282342,bge_rhp_flat_scaled
358989,bge_rhp_flat_scaled
364232,bge_rhp_flat_scaled
413793,bge_rhp_flat_scaled
504536,bge_rhp_flat_scaled
509549,bge_rhp_flat_scaled
300561,bge_rhp_flat_scaled
491603,bge_rhp_flat_scaled
498223,bge_rhp_flat_scaled
501395,bge_rhp_flat_scaled
510992,bge_rhp_flat_scaled
525830,bge_rhp_flat_scaled
530167,bge_rhp_flat_scaled
538136,bge_rhp_flat_scaled
423164,bge_rhp_flat_scaled
392696,bge_rhp_flat_scaled
327002,bge_rhp_flat_scaled
42656,bge_rhp_flat_scaled
398554,bge_rhp_flat_scaled
372738,bge_rhp_flat_scaled
34414,bge_rhp_flat_scaled
183943,bge_rhp_flat_scaled
385544,bge_rhp_flat_scaled
165252,bge_rhp_flat_scaled
253207,bge_rhp_flat_scaled
452365,bge_rhp_flat_scaled
5877,bge_rhp_flat_scaled
13413,bge_rhp_flat_scaled
17361,bge_rhp_flat_scaled
48329,bge_rhp_flat_scaled
324229,bge_rhp_flat_scaled
392472,bge_rhp_flat_scaled
102799,bge_rhp_flat_scaled
332842,bge_rhp_flat_scaled
366066,bge_rhp_flat_scaled
325739,bge_rhp_flat_scaled
69470,bge_rhp_flat_scaled
71477,bge_rhp_flat_scaled
83434,bge_rhp_flat_scaled
102092,bge_rhp_flat_scaled
102521,bge_rhp_flat_scaled
110484,bge_rhp_flat_scaled
114180,bge_rhp_flat_scaled
126663,bge_rhp_flat_scaled
130399,bge_rhp_flat_scaled
134550,bge_rhp_flat_scaled
135692,bge_rhp_flat_scaled
439439,bge_rhp_flat_scaled
387369,bge_rhp_flat_scaled
290956,bge_rhp_flat_scaled
439091,bge_rhp_flat_scaled
355597,bge_rhp_flat_scaled
154914,bge_rhp_flat_scaled
182280,bge_rhp_flat_scaled
187759,bge_rhp_flat_scaled
191209,bge_rhp_flat_scaled
199424,bge_rhp_flat_scaled
205338,bge_rhp_flat_scaled
246960,bge_rhp_flat_scaled
426463,bge_rhp_flat_scaled
282960,bge_rhp_flat_scaled
220976,bge_rhp_flat_scaled
228384,bge_rhp_flat_scaled
263307,bge_rhp_flat_scaled
273555,bge_rhp_flat_scaled
341886,bge_rhp_flat_scaled
347281,bge_rhp_flat_scaled
326157,bge_rhp_flat_scaled
294450,bge_rhp_flat_scaled
319922,bge_rhp_flat_scaled
326147,bge_rhp_flat_scaled
469133,bge_rhp_flat_scaled
421031,bge_rhp_flat_scaled
365998,bge_rhp_flat_scaled
452972,bge_rhp_flat_scaled
397723,bge_rhp_flat_scaled
415952,bge_rhp_flat_scaled
509512,bge_rhp_flat_scaled
294174,bge_rhp_flat_scaled
505706,bge_rhp_flat_scaled
69224,bge_rhp_flat_scaled
333175,bge_rhp_flat_scaled
385985,bge_rhp_flat_scaled
342338,bge_rhp_flat_scaled
483106,bge_rhp_flat_scaled
484907,bge_rhp_flat_scaled
492453,bge_rhp_flat_scaled
504446,bge_rhp_flat_scaled
511066,bge_rhp_flat_scaled
527325,bge_rhp_flat_scaled
11538,bge_rhp_flat_scaled
52863,bge_rhp_flat_scaled
54174,bge_rhp_flat_scaled
172694,bge_rhp_flat_scaled
84155,bge_rhp_flat_scaled
356563,bge_rhp_flat_scaled
176792,bge_rhp_flat_scaled
478426,bge_rhp_flat_scaled
6221,bge_rhp_flat_scaled
16650,bge_rhp_flat_scaled
33989,bge_rhp_flat_scaled
37518,bge_rhp_flat_scaled
45638,bge_rhp_flat_scaled
47537,bge_rhp_flat_scaled
50349,bge_rhp_flat_scaled
363082,bge_rhp_flat_scaled
186739,bge_rhp_flat_scaled
211040,bge_rhp_flat_scaled
232354,bge_rhp_flat_scaled
243284,bge_rhp_flat_scaled
331210,bge_rhp_flat_scaled
366648,bge_rhp_flat_scaled
68378,bge_rhp_flat_scaled
71359,bge_rhp_flat_scaled
73923,bge_rhp_flat_scaled
85180,bge_rhp_flat_scaled
100254,bge_rhp_flat_scaled
105631,bge_rhp_flat_scaled
112033,bge_rhp_flat_scaled
116659,bge_rhp_flat_scaled
325628,bge_rhp_flat_scaled
409606,bge_rhp_flat_scaled
155147,bge_rhp_flat_scaled
327471,bge_rhp_flat_scaled
177160,bge_rhp_flat_scaled
278625,bge_rhp_flat_scaled
141248,bge_rhp_flat_scaled
154597,bge_rhp_flat_scaled
169458,bge_rhp_flat_scaled
448637,bge_rhp_flat_scaled
333818,bge_rhp_flat_scaled
343060,bge_rhp_flat_scaled
213300,bge_rhp_flat_scaled
249689,bge_rhp_flat_scaled
306684,bge_rhp_flat_scaled
316094,bge_rhp_flat_scaled
339442,bge_rhp_flat_scaled
386607,bge_rhp_flat_scaled
361938,bge_rhp_flat_scaled
365988,bge_rhp_flat_scaled
478665,bge_rhp_flat_scaled
448949,bge_rhp_flat_scaled
449629,bge_rhp_flat_scaled
219375,bge_rhp_flat_scaled
280591,bge_rhp_flat_scaled
405540,bge_rhp_flat_scaled
466421,bge_rhp_flat_scaled
453470,bge_rhp_flat_scaled
194285,bge_rhp_flat_scaled
369655,bge_rhp_flat_scaled
483140,bge_rhp_flat_scaled
489176,bge_rhp_flat_scaled
501882,bge_rhp_flat_scaled
521782,bge_rhp_flat_scaled
526012,bge_rhp_flat_scaled
534742,bge_rhp_flat_scaled
547407,bge_rhp_flat_scaled
267098,bge_rhp_flat_scaled
402026,bge_rhp_flat_scaled
109074,bge_rhp_flat_scaled
58961,bge_rhp_flat_scaled
70941,bge_rhp_flat_scaled
77488,bge_rhp_flat_scaled
194690,bge_rhp_flat_scaled
1645,bge_rhp_flat_scaled
3274,bge_rhp_flat_scaled
4377,bge_rhp_flat_scaled
7805,bge_rhp_flat_scaled
22122,bge_rhp_flat_scaled
22830,bge_rhp_flat_scaled
29932,bge_rhp_flat_scaled
35624,bge_rhp_flat_scaled
36721,bge_rhp_flat_scaled
45557,bge_rhp_flat_scaled
45852,bge_rhp_flat_scaled
52096,bge_rhp_flat_scaled
66114,bge_rhp_flat_scaled
399728,bge_rhp_flat_scaled
437304,bge_rhp_flat_scaled
302107,bge_rhp_flat_scaled
480896,bge_rhp_flat_scaled
74688,bge_rhp_flat_scaled
78234,bge_rhp_flat_scaled
130873,bge_rhp_flat_scaled
231381,bge_rhp_flat_scaled
326056,bge_rhp_flat_scaled
288824,bge_rhp_flat_scaled
81530,bge_rhp_flat_scaled
88109,bge_rhp_flat_scaled
89118,bge_rhp_flat_scaled
89771,bge_rhp_flat_scaled
98031,bge_rhp_flat_scaled
100496,bge_rhp_flat_scaled
111770,bge_rhp_flat_scaled
115685,bge_rhp_flat_scaled
115760,bge_rhp_flat_scaled
119854,bge_rhp_flat_scaled
474463,bge_rhp_flat_scaled
322432,bge_rhp_flat_scaled
268687,bge_rhp_flat_scaled
467684,bge_rhp_flat_scaled
179123,bge_rhp_flat_scaled
229744,bge_rhp_flat_scaled
350639,bge_rhp_flat_scaled
140910,bge_rhp_flat_scaled
144810,bge_rhp_flat_scaled
199717,bge_rhp_flat_scaled
435402,bge_rhp_flat_scaled
211804,bge_rhp_flat_scaled
222506,bge_rhp_flat_scaled
222664,bge_rhp_flat_scaled
263523,bge_rhp_flat_scaled
265497,bge_rhp_flat_scaled
271027,bge_rhp_flat_scaled
439208,bge_rhp_flat_scaled
448375,bge_rhp_flat_scaled
309589,bge_rhp_flat_scaled
477114,bge_rhp_flat_scaled
441103,bge_rhp_flat_scaled
301079,bge_rhp_flat_scaled
310297,bge_rhp_flat_scaled
468661,bge_rhp_flat_scaled
375370,bge_rhp_flat_scaled
434112,bge_rhp_flat_scaled
355792,bge_rhp_flat_scaled
362573,bge_rhp_flat_scaled
418853,bge_rhp_flat_scaled
446492,bge_rhp_flat_scaled
456317,bge_rhp_flat_scaled
467201,bge_rhp_flat_scaled
508914,bge_rhp_flat_scaled
519735,bge_rhp_flat_scaled
521993,bge_rhp_flat_scaled
23548,bge_rhp_flat_scaled
179292,bge_rhp_flat_scaled
135832,bge_rhp_flat_scaled
413039,bge_rhp_flat_scaled
466511,bge_rhp_flat_scaled
481384,bge_rhp_flat_scaled
516475,bge_rhp_flat_scaled
525770,bge_rhp_flat_scaled
526249,bge_rhp_flat_scaled
531852,bge_rhp_flat_scaled
533883,bge_rhp_flat_scaled
539065,bge_rhp_flat_scaled
542107,bge_rhp_flat_scaled
545282,bge_rhp_flat_scaled
241909,bge_rhp_flat_scaled
94094,bge_rhp_flat_scaled
224402,bge_rhp_flat_scaled
381531,bge_rhp_flat_scaled
456332,bge_rhp_flat_scaled
4749,bge_rhp_flat_scaled
27423,bge_rhp_flat_scaled
202291,bge_rhp_flat_scaled
74924,bge_rhp_flat_scaled
247868,bge_rhp_flat_scaled
77393,bge_rhp_flat_scaled
415124,bge_rhp_flat_scaled
426363,bge_rhp_flat_scaled
90220,bge_rhp_flat_scaled
92042,bge_rhp_flat_scaled
95562,bge_rhp_flat_scaled
327851,bge_rhp_flat_scaled
255898,bge_rhp_flat_scaled
243737,bge_rhp_flat_scaled
160200,bge_rhp_flat_scaled
215498,bge_rhp_flat_scaled
369766,bge_rhp_flat_scaled
157236,bge_rhp_flat_scaled
145281,bge_rhp_flat_scaled
148509,bge_rhp_flat_scaled
197076,bge_rhp_flat_scaled
430760,bge_rhp_flat_scaled
398676,bge_rhp_flat_scaled
293130,bge_rhp_flat_scaled
208942,bge_rhp_flat_scaled
237176,bge_rhp_flat_scaled
238772,bge_rhp_flat_scaled
238778,bge_rhp_flat_scaled
240168,bge_rhp_flat_scaled
242438,bge_rhp_flat_scaled
251055,bge_rhp_flat_scaled
261733,bge_rhp_flat_scaled
388226,bge_rhp_flat_scaled
288926,bge_rhp_flat_scaled
289832,bge_rhp_flat_scaled
340273,bge_rhp_flat_scaled
455008,bge_rhp_flat_scaled
388400,bge_rhp_flat_scaled
373708,bge_rhp_flat_scaled
366406,bge_rhp_flat_scaled
362049,bge_rhp_flat_scaled
376843,bge_rhp_flat_scaled
378973,bge_rhp_flat_scaled
440627,bge_rhp_flat_scaled
374398,bge_rhp_flat_scaled
247035,bge_rhp_flat_scaled
356631,bge_rhp_flat_scaled
356777,bge_rhp_flat_scaled
413357,bge_rhp_flat_scaled
275816,bge_rhp_flat_scaled
481685,bge_rhp_flat_scaled
193033,bge_rhp_flat_scaled
232062,bge_rhp_flat_scaled
486426,bge_rhp_flat_scaled
78286,bge_rhp_flat_scaled
286587,bge_rhp_flat_scaled
483636,bge_rhp_flat_scaled
499730,bge_rhp_flat_scaled
502876,bge_rhp_flat_scaled
508960,bge_rhp_flat_scaled
523347,bge_rhp_flat_scaled
529214,bge_rhp_flat_scaled
533549,bge_rhp_flat_scaled
177068,bge_rhp_flat_scaled
431186,bge_rhp_flat_scaled
258618,bge_rhp_flat_scaled
5246,bge_rhp_flat_scaled
111524,bge_rhp_flat_scaled
329368,bge_rhp_flat_scaled
10503,bge_rhp_flat_scaled
10952,bge_rhp_flat_scaled
19406,bge_rhp_flat_scaled
23176,bge_rhp_flat_scaled
44143,bge_rhp_flat_scaled
44245,bge_rhp_flat_scaled
45769,bge_rhp_flat_scaled
48735,bge_rhp_flat_scaled
52424,bge_rhp_flat_scaled
65177,bge_rhp_flat_scaled
67656,bge_rhp_flat_scaled
177232,bge_rhp_flat_scaled
96143,bge_rhp_flat_scaled
264013,bge_rhp_flat_scaled
183012,bge_rhp_flat_scaled
111709,bge_rhp_flat_scaled
111758,bge_rhp_flat_scaled
113318,bge_rhp_flat_scaled
122241,bge_rhp_flat_scaled
123337,bge_rhp_flat_scaled
134719,bge_rhp_flat_scaled
225192,bge_rhp_flat_scaled
319696,bge_rhp_flat_scaled
366402,bge_rhp_flat_scaled
167165,bge_rhp_flat_scaled
315459,bge_rhp_flat_scaled
298936,bge_rhp_flat_scaled
151682,bge_rhp_flat_scaled
155980,bge_rhp_flat_scaled
170081,bge_rhp_flat_scaled
179311,bge_rhp_flat_scaled
179882,bge_rhp_flat_scaled
190402,bge_rhp_flat_scaled
190498,bge_rhp_flat_scaled
196808,bge_rhp_flat_scaled
464171,bge_rhp_flat_scaled
339465,bge_rhp_flat_scaled
378166,bge_rhp_flat_scaled
410112,bge_rhp_flat_scaled
211695,bge_rhp_flat_scaled
214366,bge_rhp_flat_scaled
229923,bge_rhp_flat_scaled
251059,bge_rhp_flat_scaled
251773,bge_rhp_flat_scaled
257991,bge_rhp_flat_scaled
372428,bge_rhp_flat_scaled
287104,bge_rhp_flat_scaled
354824,bge_rhp_flat_scaled
319538,bge_rhp_flat_scaled
303682,bge_rhp_flat_scaled
310642,bge_rhp_flat_scaled
335806,bge_rhp_flat_scaled
358263,bge_rhp_flat_scaled
382128,bge_rhp_flat_scaled
388380,bge_rhp_flat_scaled
405298,bge_rhp_flat_scaled
437349,bge_rhp_flat_scaled
443104,bge_rhp_flat_scaled
228833,bge_rhp_flat_scaled
122979,bge_rhp_flat_scaled
252025,bge_rhp_flat_scaled
171231,bge_rhp_flat_scaled
467575,bge_rhp_flat_scaled
362964,bge_rhp_flat_scaled
402004,bge_rhp_flat_scaled
522408,bge_rhp_flat_scaled
175224,bge_rhp_flat_scaled
490069,bge_rhp_flat_scaled
491543,bge_rhp_flat_scaled
491839,bge_rhp_flat_scaled
492640,bge_rhp_flat_scaled
495092,bge_rhp_flat_scaled
495754,bge_rhp_flat_scaled
495892,bge_rhp_flat_scaled
497631,bge_rhp_flat_scaled
497827,bge_rhp_flat_scaled
513638,bge_rhp_flat_scaled
521447,bge_rhp_flat_scaled
530996,bge_rhp_flat_scaled
532952,bge_rhp_flat_scaled
535803,bge_rhp_flat_scaled
542112,bge_rhp_flat_scaled
547758,bge_rhp_flat_scaled
231916,bge_rhp_flat_scaled
472960,bge_rhp_flat_scaled
19642,bge_rhp_flat_scaled
44838,bge_rhp_flat_scaled
66819,bge_rhp_flat_scaled
398428,bge_rhp_flat_scaled
346443,bge_rhp_flat_scaled
272238,bge_rhp_flat_scaled
445742,bge_rhp_flat_scaled
560,bge_rhp_flat_scaled
9691,bge_rhp_flat_scaled
23868,bge_rhp_flat_scaled
27183,bge_rhp_flat_scaled
30516,bge_rhp_flat_scaled
32870,bge_rhp_flat_scaled
35870,bge_rhp_flat_scaled
50662,bge_rhp_flat_scaled
54963,bge_rhp_flat_scaled
61106,bge_rhp_flat_scaled
64881,bge_rhp_flat_scaled
169429,bge_rhp_flat_scaled
353062,bge_rhp_flat_scaled
440795,bge_rhp_flat_scaled
79641,bge_rhp_flat_scaled
87161,bge_rhp_flat_scaled
107487,bge_rhp_flat_scaled
120031,bge_rhp_flat_scaled
227618,bge_rhp_flat_scaled
217638,bge_rhp_flat_scaled
142548,bge_rhp_flat_scaled
477505,bge_rhp_flat_scaled
304435,bge_rhp_flat_scaled
240688,bge_rhp_flat_scaled
183714,bge_rhp_flat_scaled
294752,bge_rhp_flat_scaled
151896,bge_rhp_flat_scaled
244454,bge_rhp_flat_scaled
224267,bge_rhp_flat_scaled
243497,bge_rhp_flat_scaled
253471,bge_rhp_flat_scaled
259901,bge_rhp_flat_scaled
269161,bge_rhp_flat_scaled
469764,bge_rhp_flat_scaled
285121,bge_rhp_flat_scaled
366511,bge_rhp_flat_scaled
471023,bge_rhp_flat_scaled
288432,bge_rhp_flat_scaled
331686,bge_rhp_flat_scaled
336179,bge_rhp_flat_scaled
339725,bge_rhp_flat_scaled
377476,bge_rhp_flat_scaled
399659,bge_rhp_flat_scaled
470683,bge_rhp_flat_scaled
430339,bge_rhp_flat_scaled
364300,bge_rhp_flat_scaled
381535,bge_rhp_flat_scaled
394268,bge_rhp_flat_scaled
445929,bge_rhp_flat_scaled
167804,bge_rhp_flat_scaled
461242,bge_rhp_flat_scaled
338972,bge_rhp_flat_scaled
51351,bge_rhp_flat_scaled
435446,bge_rhp_flat_scaled
183521,bge_rhp_flat_scaled
79220,bge_rhp_flat_scaled
273919,bge_rhp_flat_scaled
425135,bge_rhp_flat_scaled
345275,bge_rhp_flat_scaled
409277,bge_rhp_flat_scaled
217693,bge_rhp_flat_scaled
57369,bge_rhp_flat_scaled
514862,bge_rhp_flat_scaled
208673,bge_rhp_flat_scaled
483659,bge_rhp_flat_scaled
487530,bge_rhp_flat_scaled
496149,bge_rhp_flat_scaled
498840,bge_rhp_flat_scaled
517074,bge_rhp_flat_scaled
527709,bge_rhp_flat_scaled
20173,bge_rhp_flat_scaled
74960,bge_rhp_flat_scaled
5775,bge_rhp_flat_scaled
6657,bge_rhp_flat_scaled
41212,bge_rhp_flat_scaled
172718,bge_rhp_flat_scaled
130504,bge_rhp_flat_scaled
424180,bge_rhp_flat_scaled
260724,bge_rhp_flat_scaled
302954,bge_rhp_flat_scaled
75634,bge_rhp_flat_scaled
79902,bge_rhp_flat_scaled
88922,bge_rhp_flat_scaled
93468,bge_rhp_flat_scaled
121776,bge_rhp_flat_scaled
126747,bge_rhp_flat_scaled
469002,bge_rhp_flat_scaled
283456,bge_rhp_flat_scaled
313040,bge_rhp_flat_scaled
165951,bge_rhp_flat_scaled
350366,bge_rhp_flat_scaled
149335,bge_rhp_flat_scaled
155091,bge_rhp_flat_scaled
172625,bge_rhp_flat_scaled
188957,bge_rhp_flat_scaled
435177,bge_rhp_flat_scaled
344870,bge_rhp_flat_scaled
313345,bge_rhp_flat_scaled
279035,bge_rhp_flat_scaled
471774,bge_rhp_flat_scaled
212516,bge_rhp_flat_scaled
215806,bge_rhp_flat_scaled
230367,bge_rhp_flat_scaled
265482,bge_rhp_flat_scaled
270904,bge_rhp_flat_scaled
393381,bge_rhp_flat_scaled
376148,bge_rhp_flat_scaled
424431,bge_rhp_flat_scaled
333633,bge_rhp_flat_scaled
355368,bge_rhp_flat_scaled
299674,bge_rhp_flat_scaled
311682,bge_rhp_flat_scaled
313539,bge_rhp_flat_scaled
343516,bge_rhp_flat_scaled
401735,bge_rhp_flat_scaled
355107,bge_rhp_flat_scaled
346564,bge_rhp_flat_scaled
384488,bge_rhp_flat_scaled
449223,bge_rhp_flat_scaled
116979,bge_rhp_flat_scaled
472285,bge_rhp_flat_scaled
440062,bge_rhp_flat_scaled
282825,bge_rhp_flat_scaled
122737,bge_rhp_flat_scaled
119983,bge_rhp_flat_scaled
464847,bge_rhp_flat_scaled
42319,bge_rhp_flat_scaled
99149,bge_rhp_flat_scaled
403513,bge_rhp_flat_scaled
125916,bge_rhp_flat_scaled
224070,bge_rhp_flat_scaled
474044,bge_rhp_flat_scaled
546550,bge_rhp_flat_scaled
376209,bge_rhp_flat_scaled
98553,bge_rhp_flat_scaled
145811,bge_rhp_flat_scaled
494904,bge_rhp_flat_scaled
237640,bge_rhp_flat_scaled
493479,bge_rhp_flat_scaled
496880,bge_rhp_flat_scaled
505092,bge_rhp_flat_scaled
507143,bge_rhp_flat_scaled
510316,bge_rhp_flat_scaled
512385,bge_rhp_flat_scaled
513067,bge_rhp_flat_scaled
513420,bge_rhp_flat_scaled
530494,bge_rhp_flat_scaled
541347,bge_rhp_flat_scaled
543097,bge_rhp_flat_scaled
463930,bge_rhp_flat_scaled
327114,bge_rhp_flat_scaled
448059,bge_rhp_flat_scaled
155754,bge_rhp_flat_scaled
149945,bge_rhp_flat_scaled
414684,bge_rhp_flat_scaled
251093,bge_rhp_flat_scaled
216691,bge_rhp_flat_scaled
219928,bge_rhp_flat_scaled
252043,bge_rhp_flat_scaled
371508,bge_rhp_flat_scaled
3837,bge_rhp_flat_scaled
5131,bge_rhp_flat_scaled
11025,bge_rhp_flat_scaled
11731,bge_rhp_flat_scaled
34810,bge_rhp_flat_scaled
35663,bge_rhp_flat_scaled
37685,bge_rhp_flat_scaled
42854,bge_rhp_flat_scaled
61216,bge_rhp_flat_scaled
325595,bge_rhp_flat_scaled
205360,bge_rhp_flat_scaled
257133,bge_rhp_flat_scaled
279765,bge_rhp_flat_scaled
413691,bge_rhp_flat_scaled
74337,bge_rhp_flat_scaled
75014,bge_rhp_flat_scaled
78882,bge_rhp_flat_scaled
80814,bge_rhp_flat_scaled
88105,bge_rhp_flat_scaled
92205,bge_rhp_flat_scaled
93094,bge_rhp_flat_scaled
118731,bge_rhp_flat_scaled
127280,bge_rhp_flat_scaled
127569,bge_rhp_flat_scaled
437940,bge_rhp_flat_scaled
177185,bge_rhp_flat_scaled
181882,bge_rhp_flat_scaled
187707,bge_rhp_flat_scaled
206416,bge_rhp_flat_scaled
241805,bge_rhp_flat_scaled
475670,bge_rhp_flat_scaled
436063,bge_rhp_flat_scaled
219732,bge_rhp_flat_scaled
220979,bge_rhp_flat_scaled
234786,bge_rhp_flat_scaled
239681,bge_rhp_flat_scaled
251583,bge_rhp_flat_scaled
340286,bge_rhp_flat_scaled
291823,bge_rhp_flat_scaled
285613,bge_rhp_flat_scaled
286926,bge_rhp_flat_scaled
308643,bge_rhp_flat_scaled
330609,bge_rhp_flat_scaled
337974,bge_rhp_flat_scaled
344754,bge_rhp_flat_scaled
428959,bge_rhp_flat_scaled
368367,bge_rhp_flat_scaled
411468,bge_rhp_flat_scaled
372080,bge_rhp_flat_scaled
378233,bge_rhp_flat_scaled
401479,bge_rhp_flat_scaled
454020,bge_rhp_flat_scaled
478931,bge_rhp_flat_scaled
435430,bge_rhp_flat_scaled
182346,bge_rhp_flat_scaled
469157,bge_rhp_flat_scaled
216736,bge_rhp_flat_scaled
401413,bge_rhp_flat_scaled
30054,bge_rhp_flat_scaled
219178,bge_rhp_flat_scaled
246536,bge_rhp_flat_scaled
91534,bge_rhp_flat_scaled
344973,bge_rhp_flat_scaled
246762,bge_rhp_flat_scaled
272330,bge_rhp_flat_scaled
386279,bge_rhp_flat_scaled
411598,bge_rhp_flat_scaled
303738,bge_rhp_flat_scaled
497336,bge_rhp_flat_scaled
502835,bge_rhp_flat_scaled
504874,bge_rhp_flat_scaled
525583,bge_rhp_flat_scaled
527306,bge_rhp_flat_scaled
539414,bge_rhp_flat_scaled
164366,bge_rhp_flat_scaled
21426,bge_rhp_flat_scaled
379091,bge_rhp_flat_scaled
127392,bge_rhp_flat_scaled
147699,bge_rhp_flat_scaled
316373,bge_rhp_flat_scaled
294620,bge_rhp_flat_scaled
447906,bge_rhp_flat_scaled
466171,bge_rhp_flat_scaled
1383,bge_rhp_flat_scaled
17102,bge_rhp_flat_scaled
37868,bge_rhp_flat_scaled
44593,bge_rhp_flat_scaled
45911,bge_rhp_flat_scaled
319160,bge_rhp_flat_scaled
246665,bge_rhp_flat_scaled
167629,bge_rhp_flat_scaled
460625,bge_rhp_flat_scaled
83649,bge_rhp_flat_scaled
88752,bge_rhp_flat_scaled
99411,bge_rhp_flat_scaled
427834,bge_rhp_flat_scaled
186414,bge_rhp_flat_scaled
210659,bge_rhp_flat_scaled
184897,bge_rhp_flat_scaled
307128,bge_rhp_flat_scaled
144545,bge_rhp_flat_scaled
157909,bge_rhp_flat_scaled
184088,bge_rhp_flat_scaled
192152,bge_rhp_flat_scaled
201098,bge_rhp_flat_scaled
201916,bge_rhp_flat_scaled
410586,bge_rhp_flat_scaled
439132,bge_rhp_flat_scaled
218684,bge_rhp_flat_scaled
366638,bge_rhp_flat_scaled
278009,bge_rhp_flat_scaled
228551,bge_rhp_flat_scaled
236380,bge_rhp_flat_scaled
251925,bge_rhp_flat_scaled
252694,bge_rhp_flat_scaled
258254,bge_rhp_flat_scaled
338055,bge_rhp_flat_scaled
326901,bge_rhp_flat_scaled
423271,bge_rhp_flat_scaled
357539,bge_rhp_flat_scaled
360786,bge_rhp_flat_scaled
397421,bge_rhp_flat_scaled
407975,bge_rhp_flat_scaled
423757,bge_rhp_flat_scaled
444309,bge_rhp_flat_scaled
475860,bge_rhp_flat_scaled
544001,bge_rhp_flat_scaled
210254,bge_rhp_flat_scaled
67909,bge_rhp_flat_scaled
163437,bge_rhp_flat_scaled
388447,bge_rhp_flat_scaled
492635,bge_rhp_flat_scaled
475117,bge_rhp_flat_scaled
399762,bge_rhp_flat_scaled
17909,bge_rhp_flat_scaled
286091,bge_rhp_flat_scaled
459059,bge_rhp_flat_scaled
131378,bge_rhp_flat_scaled
504140,bge_rhp_flat_scaled
514158,bge_rhp_flat_scaled
532507,bge_rhp_flat_scaled
541512,bge_rhp_flat_scaled
545596,bge_rhp_flat_scaled
547193,bge_rhp_flat_scaled
300253,bge_rhp_flat_scaled
316321,bge_rhp_flat_scaled
330560,bge_rhp_flat_scaled
440390,bge_rhp_flat_scaled
12506,bge_rhp_flat_scaled
14414,bge_rhp_flat_scaled
18742,bge_rhp_flat_scaled
37551,bge_rhp_flat_scaled
44285,bge_rhp_flat_scaled
48176,bge_rhp_flat_scaled
52004,bge_rhp_flat_scaled
67907,bge_rhp_flat_scaled
222820,bge_rhp_flat_scaled
273896,bge_rhp_flat_scaled
302868,bge_rhp_flat_scaled
231412,bge_rhp_flat_scaled
76108,bge_rhp_flat_scaled
86607,bge_rhp_flat_scaled
88708,bge_rhp_flat_scaled
91220,bge_rhp_flat_scaled
96350,bge_rhp_flat_scaled
108838,bge_rhp_flat_scaled
127125,bge_rhp_flat_scaled
127939,bge_rhp_flat_scaled
436763,bge_rhp_flat_scaled
475075,bge_rhp_flat_scaled
241021,bge_rhp_flat_scaled
345689,bge_rhp_flat_scaled
158735,bge_rhp_flat_scaled
171773,bge_rhp_flat_scaled
171930,bge_rhp_flat_scaled
182701,bge_rhp_flat_scaled
186815,bge_rhp_flat_scaled
196206,bge_rhp_flat_scaled
477377,bge_rhp_flat_scaled
437675,bge_rhp_flat_scaled
357400,bge_rhp_flat_scaled
412023,bge_rhp_flat_scaled
268994,bge_rhp_flat_scaled
279228,bge_rhp_flat_scaled
217969,bge_rhp_flat_scaled
266045,bge_rhp_flat_scaled
422912,bge_rhp_flat_scaled
399998,bge_rhp_flat_scaled
367867,bge_rhp_flat_scaled
450607,bge_rhp_flat_scaled
295225,bge_rhp_flat_scaled
297929,bge_rhp_flat_scaled
300535,bge_rhp_flat_scaled
306755,bge_rhp_flat_scaled
353739,bge_rhp_flat_scaled
469617,bge_rhp_flat_scaled
476008,bge_rhp_flat_scaled
466967,bge_rhp_flat_scaled
25631,bge_rhp_flat_scaled
345013,bge_rhp_flat_scaled
440150,bge_rhp_flat_scaled
43542,bge_rhp_flat_scaled
382649,bge_rhp_flat_scaled
183908,bge_rhp_flat_scaled
468828,bge_rhp_flat_scaled
505479,bge_rhp_flat_scaled
514003,bge_rhp_flat_scaled
134106,bge_rhp_flat_scaled
242720,bge_rhp_flat_scaled
126601,bge_rhp_flat_scaled
298431,bge_rhp_flat_scaled
479886,bge_rhp_flat_scaled
290699,bge_rhp_flat_scaled
482899,bge_rhp_flat_scaled
498699,bge_rhp_flat_scaled
501093,bge_rhp_flat_scaled
517886,bge_rhp_flat_scaled
530063,bge_rhp_flat_scaled
539598,bge_rhp_flat_scaled
540858,bge_rhp_flat_scaled
542591,bge_rhp_flat_scaled
542757,bge_rhp_flat_scaled
241540,bge_rhp_flat_scaled
6775,bge_rhp_flat_scaled
480713,bge_rhp_flat_scaled
372229,bge_rhp_flat_scaled
155672,bge_rhp_flat_scaled
410014,bge_rhp_flat_scaled
228768,bge_rhp_flat_scaled
376163,bge_rhp_flat_scaled
475350,bge_rhp_flat_scaled
1935,bge_rhp_flat_scaled
15474,bge_rhp_flat_scaled
18953,bge_rhp_flat_scaled
20854,bge_rhp_flat_scaled
55138,bge_rhp_flat_scaled
60745,bge_rhp_flat_scaled
66287,bge_rhp_flat_scaled
184156,bge_rhp_flat_scaled
255805,bge_rhp_flat_scaled
200395,bge_rhp_flat_scaled
171026,bge_rhp_flat_scaled
179578,bge_rhp_flat_scaled
243780,bge_rhp_flat_scaled
346507,bge_rhp_flat_scaled
451219,bge_rhp_flat_scaled
297639,bge_rhp_flat_scaled
72781,bge_rhp_flat_scaled
82650,bge_rhp_flat_scaled
94083,bge_rhp_flat_scaled
95584,bge_rhp_flat_scaled
100135,bge_rhp_flat_scaled
130463,bge_rhp_flat_scaled
135822,bge_rhp_flat_scaled
438139,bge_rhp_flat_scaled
137555,bge_rhp_flat_scaled
147338,bge_rhp_flat_scaled
159371,bge_rhp_flat_scaled
159408,bge_rhp_flat_scaled
163172,bge_rhp_flat_scaled
167262,bge_rhp_flat_scaled
171788,bge_rhp_flat_scaled
178480,bge_rhp_flat_scaled
180890,bge_rhp_flat_scaled
209819,bge_rhp_flat_scaled
327729,bge_rhp_flat_scaled
280749,bge_rhp_flat_scaled
286659,bge_rhp_flat_scaled
312651,bge_rhp_flat_scaled
350071,bge_rhp_flat_scaled
399076,bge_rhp_flat_scaled
368236,bge_rhp_flat_scaled
348850,bge_rhp_flat_scaled
395878,bge_rhp_flat_scaled
446678,bge_rhp_flat_scaled
459503,bge_rhp_flat_scaled
465848,bge_rhp_flat_scaled
473635,bge_rhp_flat_scaled
273551,bge_rhp_flat_scaled
56907,bge_rhp_flat_scaled
413373,bge_rhp_flat_scaled
318040,bge_rhp_flat_scaled
200992,bge_rhp_flat_scaled
430910,bge_rhp_flat_scaled
454029,bge_rhp_flat_scaled
339055,bge_rhp_flat_scaled
486925,bge_rhp_flat_scaled
455844,bge_rhp_flat_scaled
156108,bge_rhp_flat_scaled
393156,bge_rhp_flat_scaled
516140,bge_rhp_flat_scaled
289397,bge_rhp_flat_scaled
226080,bge_rhp_flat_scaled
484706,bge_rhp_flat_scaled
488639,bge_rhp_flat_scaled
506710,bge_rhp_flat_scaled
515097,bge_rhp_flat_scaled
517925,bge_rhp_flat_scaled
521293,bge_rhp_flat_scaled
525059,bge_rhp_flat_scaled
526274,bge_rhp_flat_scaled
531449,bge_rhp_flat_scaled
540434,bge_rhp_flat_scaled
542190,bge_rhp_flat_scaled
449174,bge_rhp_flat_scaled
253421,bge_rhp_flat_scaled
10016,bge_rhp_flat_scaled
158458,bge_rhp_flat_scaled
113736,bge_rhp_flat_scaled
244450,bge_rhp_flat_scaled
477021,bge_rhp_flat_scaled
394472,bge_rhp_flat_scaled
14741,bge_rhp_flat_scaled
17642,bge_rhp_flat_scaled
18374,bge_rhp_flat_scaled
33645,bge_rhp_flat_scaled
35676,bge_rhp_flat_scaled
43287,bge_rhp_flat_scaled
45803,bge_rhp_flat_scaled
58821,bge_rhp_flat_scaled
61407,bge_rhp_flat_scaled
69853,bge_rhp_flat_scaled
72974,bge_rhp_flat_scaled
75907,bge_rhp_flat_scaled
97881,bge_rhp_flat_scaled
128957,bge_rhp_flat_scaled
131280,bge_rhp_flat_scaled
347685,bge_rhp_flat_scaled
267506,bge_rhp_flat_scaled
323293,bge_rhp_flat_scaled
265231,bge_rhp_flat_scaled
145808,bge_rhp_flat_scaled
154615,bge_rhp_flat_scaled
165752,bge_rhp_flat_scaled
170717,bge_rhp_flat_scaled
175755,bge_rhp_flat_scaled
177465,bge_rhp_flat_scaled
206832,bge_rhp_flat_scaled
449996,bge_rhp_flat_scaled
424070,bge_rhp_flat_scaled
227948,bge_rhp_flat_scaled
252557,bge_rhp_flat_scaled
260269,bge_rhp_flat_scaled
276265,bge_rhp_flat_scaled
445087,bge_rhp_flat_scaled
477958,bge_rhp_flat_scaled
285594,bge_rhp_flat_scaled
468698,bge_rhp_flat_scaled
426202,bge_rhp_flat_scaled
432025,bge_rhp_flat_scaled
291566,bge_rhp_flat_scaled
417084,bge_rhp_flat_scaled
160456,bge_rhp_flat_scaled
290182,bge_rhp_flat_scaled
525230,bge_rhp_flat_scaled
482806,bge_rhp_flat_scaled
266568,bge_rhp_flat_scaled
357641,bge_rhp_flat_scaled
475494,bge_rhp_flat_scaled
406126,bge_rhp_flat_scaled
103317,bge_rhp_flat_scaled
392866,bge_rhp_flat_scaled
534500,bge_rhp_flat_scaled
207882,bge_rhp_flat_scaled
279417,bge_rhp_flat_scaled
13611,bge_rhp_flat_scaled
341261,bge_rhp_flat_scaled
482774,bge_rhp_flat_scaled
485358,bge_rhp_flat_scaled
497986,bge_rhp_flat_scaled
501183,bge_rhp_flat_scaled
502976,bge_rhp_flat_scaled
506365,bge_rhp_flat_scaled
508194,bge_rhp_flat_scaled
360167,bge_rhp_flat_scaled
7366,bge_rhp_flat_scaled
46056,bge_rhp_flat_scaled
61643,bge_rhp_flat_scaled
62595,bge_rhp_flat_scaled
73834,bge_rhp_flat_scaled
324610,bge_rhp_flat_scaled
291689,bge_rhp_flat_scaled
434024,bge_rhp_flat_scaled
27282,bge_rhp_flat_scaled
42100,bge_rhp_flat_scaled
59627,bge_rhp_flat_scaled
276488,bge_rhp_flat_scaled
404607,bge_rhp_flat_scaled
175910,bge_rhp_flat_scaled
276390,bge_rhp_flat_scaled
204150,bge_rhp_flat_scaled
378334,bge_rhp_flat_scaled
75432,bge_rhp_flat_scaled
79995,bge_rhp_flat_scaled
107712,bge_rhp_flat_scaled
117474,bge_rhp_flat_scaled
120188,bge_rhp_flat_scaled
129618,bge_rhp_flat_scaled
129754,bge_rhp_flat_scaled
135427,bge_rhp_flat_scaled
404186,bge_rhp_flat_scaled
157923,bge_rhp_flat_scaled
224021,bge_rhp_flat_scaled
347734,bge_rhp_flat_scaled
166293,bge_rhp_flat_scaled
189490,bge_rhp_flat_scaled
433228,bge_rhp_flat_scaled
320903,bge_rhp_flat_scaled
240336,bge_rhp_flat_scaled
209213,bge_rhp_flat_scaled
256757,bge_rhp_flat_scaled
257241,bge_rhp_flat_scaled
269644,bge_rhp_flat_scaled
393646,bge_rhp_flat_scaled
466142,bge_rhp_flat_scaled
284745,bge_rhp_flat_scaled
293121,bge_rhp_flat_scaled
293324,bge_rhp_flat_scaled
316839,bge_rhp_flat_scaled
319819,bge_rhp_flat_scaled
329512,bge_rhp_flat_scaled
445374,bge_rhp_flat_scaled
387415,bge_rhp_flat_scaled
345817,bge_rhp_flat_scaled
413908,bge_rhp_flat_scaled
445615,bge_rhp_flat_scaled
414919,bge_rhp_flat_scaled
455909,bge_rhp_flat_scaled
198087,bge_rhp_flat_scaled
446774,bge_rhp_flat_scaled
155620,bge_rhp_flat_scaled
392440,bge_rhp_flat_scaled
30548,bge_rhp_flat_scaled
198557,bge_rhp_flat_scaled
414307,bge_rhp_flat_scaled
454810,bge_rhp_flat_scaled
241256,bge_rhp_flat_scaled
144619,bge_rhp_flat_scaled
167706,bge_rhp_flat_scaled
439578,bge_rhp_flat_scaled
454607,bge_rhp_flat_scaled
486693,bge_rhp_flat_scaled
487331,bge_rhp_flat_scaled
492148,bge_rhp_flat_scaled
494746,bge_rhp_flat_scaled
515964,bge_rhp_flat_scaled
524576,bge_rhp_flat_scaled
532760,bge_rhp_flat_scaled
548169,bge_rhp_flat_scaled
549324,bge_rhp_flat_scaled
5592,bge_rhp_flat_scaled
343734,bge_rhp_flat_scaled
131542,bge_rhp_flat_scaled
294944,bge_rhp_flat_scaled
260635,bge_rhp_flat_scaled
390622,bge_rhp_flat_scaled
1995,bge_rhp_flat_scaled
5498,bge_rhp_flat_scaled
8002,bge_rhp_flat_scaled
11582,bge_rhp_flat_scaled
14983,bge_rhp_flat_scaled
17119,bge_rhp_flat_scaled
18542,bge_rhp_flat_scaled
55383,bge_rhp_flat_scaled
66521,bge_rhp_flat_scaled
327095,bge_rhp_flat_scaled
174500,bge_rhp_flat_scaled
283617,bge_rhp_flat_scaled
267795,bge_rhp_flat_scaled
183558,bge_rhp_flat_scaled
341173,bge_rhp_flat_scaled
316266,bge_rhp_flat_scaled
442520,bge_rhp_flat_scaled
80234,bge_rhp_flat_scaled
81706,bge_rhp_flat_scaled
129718,bge_rhp_flat_scaled
471569,bge_rhp_flat_scaled
167474,bge_rhp_flat_scaled
383203,bge_rhp_flat_scaled
260650,bge_rhp_flat_scaled
144718,bge_rhp_flat_scaled
454971,bge_rhp_flat_scaled
435449,bge_rhp_flat_scaled
274158,bge_rhp_flat_scaled
220874,bge_rhp_flat_scaled
225211,bge_rhp_flat_scaled
225833,bge_rhp_flat_scaled
244637,bge_rhp_flat_scaled
262957,bge_rhp_flat_scaled
326784,bge_rhp_flat_scaled
289667,bge_rhp_flat_scaled
291449,bge_rhp_flat_scaled
294931,bge_rhp_flat_scaled
332473,bge_rhp_flat_scaled
375038,bge_rhp_flat_scaled
350636,bge_rhp_flat_scaled
350703,bge_rhp_flat_scaled
456917,bge_rhp_flat_scaled
468389,bge_rhp_flat_scaled
538798,bge_rhp_flat_scaled
343745,bge_rhp_flat_scaled
38173,bge_rhp_flat_scaled
126665,bge_rhp_flat_scaled
145435,bge_rhp_flat_scaled
535971,bge_rhp_flat_scaled
54624,bge_rhp_flat_scaled
95421,bge_rhp_flat_scaled
235481,bge_rhp_flat_scaled
136589,bge_rhp_flat_scaled
164177,bge_rhp_flat_scaled
112796,bge_rhp_flat_scaled
188217,bge_rhp_flat_scaled
221488,bge_rhp_flat_scaled
457222,bge_rhp_flat_scaled
318491,bge_rhp_flat_scaled
383060,bge_rhp_flat_scaled
486576,bge_rhp_flat_scaled
487942,bge_rhp_flat_scaled
495502,bge_rhp_flat_scaled
502464,bge_rhp_flat_scaled
532336,bge_rhp_flat_scaled
537218,bge_rhp_flat_scaled
541607,bge_rhp_flat_scaled
257136,bge_rhp_flat_scaled
391998,bge_rhp_flat_scaled
110141,bge_rhp_flat_scaled
99459,bge_rhp_flat_scaled
362153,bge_rhp_flat_scaled
283843,bge_rhp_flat_scaled
7710,bge_rhp_flat_scaled
13886,bge_rhp_flat_scaled
16809,bge_rhp_flat_scaled
31771,bge_rhp_flat_scaled
37229,bge_rhp_flat_scaled
39586,bge_rhp_flat_scaled
44403,bge_rhp_flat_scaled
53483,bge_rhp_flat_scaled
59178,bge_rhp_flat_scaled
61774,bge_rhp_flat_scaled
65782,bge_rhp_flat_scaled
409364,bge_rhp_flat_scaled
79310,bge_rhp_flat_scaled
280863,bge_rhp_flat_scaled
281216,bge_rhp_flat_scaled
72547,bge_rhp_flat_scaled
87718,bge_rhp_flat_scaled
88389,bge_rhp_flat_scaled
91586,bge_rhp_flat_scaled
107304,bge_rhp_flat_scaled
110489,bge_rhp_flat_scaled
130726,bge_rhp_flat_scaled
133719,bge_rhp_flat_scaled
477677,bge_rhp_flat_scaled
144611,bge_rhp_flat_scaled
393908,bge_rhp_flat_scaled
142707,bge_rhp_flat_scaled
177316,bge_rhp_flat_scaled
189321,bge_rhp_flat_scaled
373943,bge_rhp_flat_scaled
285913,bge_rhp_flat_scaled
475124,bge_rhp_flat_scaled
238072,bge_rhp_flat_scaled
210699,bge_rhp_flat_scaled
212069,bge_rhp_flat_scaled
219339,bge_rhp_flat_scaled
235573,bge_rhp_flat_scaled
269860,bge_rhp_flat_scaled
385237,bge_rhp_flat_scaled
390913,bge_rhp_flat_scaled
278901,bge_rhp_flat_scaled
330298,bge_rhp_flat_scaled
398256,bge_rhp_flat_scaled
438300,bge_rhp_flat_scaled
349040,bge_rhp_flat_scaled
361772,bge_rhp_flat_scaled
436926,bge_rhp_flat_scaled
456328,bge_rhp_flat_scaled
474907,bge_rhp_flat_scaled
454687,bge_rhp_flat_scaled
49462,bge_rhp_flat_scaled
430958,bge_rhp_flat_scaled
351013,bge_rhp_flat_scaled
43708,bge_rhp_flat_scaled
214887,bge_rhp_flat_scaled
408972,bge_rhp_flat_scaled
544099,bge_rhp_flat_scaled
225382,bge_rhp_flat_scaled
243786,bge_rhp_flat_scaled
143006,bge_rhp_flat_scaled
502729,bge_rhp_flat_scaled
209198,bge_rhp_flat_scaled
286937,bge_rhp_flat_scaled
484838,bge_rhp_flat_scaled
498775,bge_rhp_flat_scaled
500111,bge_rhp_flat_scaled
504331,bge_rhp_flat_scaled
511003,bge_rhp_flat_scaled
515536,bge_rhp_flat_scaled
28450,bge_rhp_flat_scaled
356466,bge_rhp_flat_scaled
74636,bge_rhp_flat_scaled
125955,bge_rhp_flat_scaled
475384,bge_rhp_flat_scaled
232009,bge_rhp_flat_scaled
5216,bge_rhp_flat_scaled
12441,bge_rhp_flat_scaled
16718,bge_rhp_flat_scaled
29324,bge_rhp_flat_scaled
36155,bge_rhp_flat_scaled
38075,bge_rhp_flat_scaled
135253,bge_rhp_flat_scaled
152423,bge_rhp_flat_scaled
320870,bge_rhp_flat_scaled
88966,bge_rhp_flat_scaled
436732,bge_rhp_flat_scaled
410872,bge_rhp_flat_scaled
229316,bge_rhp_flat_scaled
242384,bge_rhp_flat_scaled
259885,bge_rhp_flat_scaled
369595,bge_rhp_flat_scaled
69540,bge_rhp_flat_scaled
93087,bge_rhp_flat_scaled
100620,bge_rhp_flat_scaled
104390,bge_rhp_flat_scaled
111289,bge_rhp_flat_scaled
118411,bge_rhp_flat_scaled
120876,bge_rhp_flat_scaled
135305,bge_rhp_flat_scaled
466090,bge_rhp_flat_scaled
445631,bge_rhp_flat_scaled
219976,bge_rhp_flat_scaled
244282,bge_rhp_flat_scaled
264158,bge_rhp_flat_scaled
480059,bge_rhp_flat_scaled
165095,bge_rhp_flat_scaled
170116,bge_rhp_flat_scaled
171568,bge_rhp_flat_scaled
193741,bge_rhp_flat_scaled
200487,bge_rhp_flat_scaled
313199,bge_rhp_flat_scaled
275321,bge_rhp_flat_scaled
210860,bge_rhp_flat_scaled
477467,bge_rhp_flat_scaled
218892,bge_rhp_flat_scaled
234301,bge_rhp_flat_scaled
268710,bge_rhp_flat_scaled
325098,bge_rhp_flat_scaled
281297,bge_rhp_flat_scaled
447568,bge_rhp_flat_scaled
390119,bge_rhp_flat_scaled
296393,bge_rhp_flat_scaled
298281,bge_rhp_flat_scaled
301584,bge_rhp_flat_scaled
305753,bge_rhp_flat_scaled
347185,bge_rhp_flat_scaled
369531,bge_rhp_flat_scaled
402721,bge_rhp_flat_scaled
412115,bge_rhp_flat_scaled
447541,bge_rhp_flat_scaled
350564,bge_rhp_flat_scaled
458178,bge_rhp_flat_scaled
374358,bge_rhp_flat_scaled
141679,bge_rhp_flat_scaled
297220,bge_rhp_flat_scaled
439245,bge_rhp_flat_scaled
471320,bge_rhp_flat_scaled
19840,bge_rhp_flat_scaled
460225,bge_rhp_flat_scaled
145213,bge_rhp_flat_scaled
399730,bge_rhp_flat_scaled
372388,bge_rhp_flat_scaled
496473,bge_rhp_flat_scaled
321971,bge_rhp_flat_scaled
144291,bge_rhp_flat_scaled
485968,bge_rhp_flat_scaled
487590,bge_rhp_flat_scaled
493945,bge_rhp_flat_scaled
501922,bge_rhp_flat_scaled
506182,bge_rhp_flat_scaled
532908,bge_rhp_flat_scaled
544884,bge_rhp_flat_scaled
121357,bge_rhp_flat_scaled
43275,bge_rhp_flat_scaled
86091,bge_rhp_flat_scaled
309548,bge_rhp_flat_scaled
125642,bge_rhp_flat_scaled
161760,bge_rhp_flat_scaled
169477,bge_rhp_flat_scaled
446827,bge_rhp_flat_scaled
396912,bge_rhp_flat_scaled
1653,bge_rhp_flat_scaled
13226,bge_rhp_flat_scaled
26958,bge_rhp_flat_scaled
65561,bge_rhp_flat_scaled
68062,bge_rhp_flat_scaled
383868,bge_rhp_flat_scaled
349252,bge_rhp_flat_scaled
155149,bge_rhp_flat_scaled
102616,bge_rhp_flat_scaled
216117,bge_rhp_flat_scaled
289285,bge_rhp_flat_scaled
385370,bge_rhp_flat_scaled
84047,bge_rhp_flat_scaled
90341,bge_rhp_flat_scaled
90549,bge_rhp_flat_scaled
93864,bge_rhp_flat_scaled
99159,bge_rhp_flat_scaled
127535,bge_rhp_flat_scaled
127698,bge_rhp_flat_scaled
479426,bge_rhp_flat_scaled
274637,bge_rhp_flat_scaled
222478,bge_rhp_flat_scaled
141694,bge_rhp_flat_scaled
147633,bge_rhp_flat_scaled
153511,bge_rhp_flat_scaled
160851,bge_rhp_flat_scaled
160946,bge_rhp_flat_scaled
169177,bge_rhp_flat_scaled
182551,bge_rhp_flat_scaled
184661,bge_rhp_flat_scaled
200501,bge_rhp_flat_scaled
206712,bge_rhp_flat_scaled
404956,bge_rhp_flat_scaled
426634,bge_rhp_flat_scaled
458642,bge_rhp_flat_scaled
219016,bge_rhp_flat_scaled
218057,bge_rhp_flat_scaled
239138,bge_rhp_flat_scaled
239280,bge_rhp_flat_scaled
259763,bge_rhp_flat_scaled
264270,bge_rhp_flat_scaled
273493,bge_rhp_flat_scaled
308159,bge_rhp_flat_scaled
399972,bge_rhp_flat_scaled
480253,bge_rhp_flat_scaled
414908,bge_rhp_flat_scaled
320061,bge_rhp_flat_scaled
281093,bge_rhp_flat_scaled
342417,bge_rhp_flat_scaled
350701,bge_rhp_flat_scaled
418715,bge_rhp_flat_scaled
352099,bge_rhp_flat_scaled
363645,bge_rhp_flat_scaled
402167,bge_rhp_flat_scaled
437861,bge_rhp_flat_scaled
445337,bge_rhp_flat_scaled
411206,bge_rhp_flat_scaled
143251,bge_rhp_flat_scaled
149432,bge_rhp_flat_scaled
413738,bge_rhp_flat_scaled
480438,bge_rhp_flat_scaled
488804,bge_rhp_flat_scaled
377909,bge_rhp_flat_scaled
216417,bge_rhp_flat_scaled
277346,bge_rhp_flat_scaled
91438,bge_rhp_flat_scaled
334349,bge_rhp_flat_scaled
494882,bge_rhp_flat_scaled
501696,bge_rhp_flat_scaled
506933,bge_rhp_flat_scaled
513566,bge_rhp_flat_scaled
514959,bge_rhp_flat_scaled
518104,bge_rhp_flat_scaled
527220,bge_rhp_flat_scaled
539998,bge_rhp_flat_scaled
546663,bge_rhp_flat_scaled
464105,bge_rhp_flat_scaled
194856,bge_rhp_flat_scaled
195991,bge_rhp_flat_scaled
395534,bge_rhp_flat_scaled
137984,bge_rhp_flat_scaled
194475,bge_rhp_flat_scaled
380552,bge_rhp_flat_scaled
437874,bge_rhp_flat_scaled
2625,bge_rhp_flat_scaled
11424,bge_rhp_flat_scaled
19264,bge_rhp_flat_scaled
32504,bge_rhp_flat_scaled
39991,bge_rhp_flat_scaled
41521,bge_rhp_flat_scaled
46302,bge_rhp_flat_scaled
47374,bge_rhp_flat_scaled
53579,bge_rhp_flat_scaled
62797,bge_rhp_flat_scaled
439781,bge_rhp_flat_scaled
180489,bge_rhp_flat_scaled
149350,bge_rhp_flat_scaled
294937,bge_rhp_flat_scaled
407034,bge_rhp_flat_scaled
389112,bge_rhp_flat_scaled
68444,bge_rhp_flat_scaled
68855,bge_rhp_flat_scaled
70087,bge_rhp_flat_scaled
72118,bge_rhp_flat_scaled
97671,bge_rhp_flat_scaled
103961,bge_rhp_flat_scaled
106438,bge_rhp_flat_scaled
116078,bge_rhp_flat_scaled
120186,bge_rhp_flat_scaled
122167,bge_rhp_flat_scaled
448859,bge_rhp_flat_scaled
322492,bge_rhp_flat_scaled
151290,bge_rhp_flat_scaled
165496,bge_rhp_flat_scaled
195013,bge_rhp_flat_scaled
208764,bge_rhp_flat_scaled
222434,bge_rhp_flat_scaled
226557,bge_rhp_flat_scaled
228876,bge_rhp_flat_scaled
229396,bge_rhp_flat_scaled
232913,bge_rhp_flat_scaled
240335,bge_rhp_flat_scaled
241477,bge_rhp_flat_scaled
242718,bge_rhp_flat_scaled
243237,bge_rhp_flat_scaled
250437,bge_rhp_flat_scaled
259567,bge_rhp_flat_scaled
264074,bge_rhp_flat_scaled
265518,bge_rhp_flat_scaled
435822,bge_rhp_flat_scaled
325926,bge_rhp_flat_scaled
282974,bge_rhp_flat_scaled
326424,bge_rhp_flat_scaled
338103,bge_rhp_flat_scaled
376067,bge_rhp_flat_scaled
367538,bge_rhp_flat_scaled
413649,bge_rhp_flat_scaled
116103,bge_rhp_flat_scaled
408652,bge_rhp_flat_scaled
222365,bge_rhp_flat_scaled
207194,bge_rhp_flat_scaled
43785,bge_rhp_flat_scaled
308745,bge_rhp_flat_scaled
333339,bge_rhp_flat_scaled
47439,bge_rhp_flat_scaled
406552,bge_rhp_flat_scaled
22535,bge_rhp_flat_scaled
331031,bge_rhp_flat_scaled
259504,bge_rhp_flat_scaled
244880,bge_rhp_flat_scaled
495587,bge_rhp_flat_scaled
503362,bge_rhp_flat_scaled
508289,bge_rhp_flat_scaled
523830,bge_rhp_flat_scaled
524701,bge_rhp_flat_scaled
531799,bge_rhp_flat_scaled
534487,bge_rhp_flat_scaled
100874,bge_rhp_flat_scaled
281252,bge_rhp_flat_scaled
180273,bge_rhp_flat_scaled
415251,bge_rhp_flat_scaled
13054,bge_rhp_flat_scaled
22756,bge_rhp_flat_scaled
25154,bge_rhp_flat_scaled
30142,bge_rhp_flat_scaled
43601,bge_rhp_flat_scaled
48266,bge_rhp_flat_scaled
51121,bge_rhp_flat_scaled
53109,bge_rhp_flat_scaled
57001,bge_rhp_flat_scaled
59257,bge_rhp_flat_scaled
65345,bge_rhp_flat_scaled
283956,bge_rhp_flat_scaled
271467,bge_rhp_flat_scaled
112243,bge_rhp_flat_scaled
176449,bge_rhp_flat_scaled
195897,bge_rhp_flat_scaled
223169,bge_rhp_flat_scaled
72362,bge_rhp_flat_scaled
98853,bge_rhp_flat_scaled
106482,bge_rhp_flat_scaled
107591,bge_rhp_flat_scaled
118711,bge_rhp_flat_scaled
121175,bge_rhp_flat_scaled
130036,bge_rhp_flat_scaled
135910,bge_rhp_flat_scaled
448286,bge_rhp_flat_scaled
324196,bge_rhp_flat_scaled
150938,bge_rhp_flat_scaled
210413,bge_rhp_flat_scaled
338734,bge_rhp_flat_scaled
147309,bge_rhp_flat_scaled
148392,bge_rhp_flat_scaled
161554,bge_rhp_flat_scaled
166932,bge_rhp_flat_scaled
173135,bge_rhp_flat_scaled
185479,bge_rhp_flat_scaled
278721,bge_rhp_flat_scaled
286520,bge_rhp_flat_scaled
310897,bge_rhp_flat_scaled
234565,bge_rhp_flat_scaled
261841,bge_rhp_flat_scaled
267154,bge_rhp_flat_scaled
272244,bge_rhp_flat_scaled
277034,bge_rhp_flat_scaled
387740,bge_rhp_flat_scaled
368665,bge_rhp_flat_scaled
313548,bge_rhp_flat_scaled
351566,bge_rhp_flat_scaled
286153,bge_rhp_flat_scaled
328286,bge_rhp_flat_scaled
301758,bge_rhp_flat_scaled
313700,bge_rhp_flat_scaled
318904,bge_rhp_flat_scaled
327047,bge_rhp_flat_scaled
460527,bge_rhp_flat_scaled
439356,bge_rhp_flat_scaled
350660,bge_rhp_flat_scaled
356885,bge_rhp_flat_scaled
358204,bge_rhp_flat_scaled
362726,bge_rhp_flat_scaled
409225,bge_rhp_flat_scaled
443693,bge_rhp_flat_scaled
480228,bge_rhp_flat_scaled
56147,bge_rhp_flat_scaled
171421,bge_rhp_flat_scaled
126602,bge_rhp_flat_scaled
39356,bge_rhp_flat_scaled
138113,bge_rhp_flat_scaled
388693,bge_rhp_flat_scaled
193662,bge_rhp_flat_scaled
308460,bge_rhp_flat_scaled
454985,bge_rhp_flat_scaled
322142,bge_rhp_flat_scaled
297039,bge_rhp_flat_scaled
345295,bge_rhp_flat_scaled
42467,bge_rhp_flat_scaled
63879,bge_rhp_flat_scaled
239723,bge_rhp_flat_scaled
15880,bge_rhp_flat_scaled
281868,bge_rhp_flat_scaled
494633,bge_rhp_flat_scaled
516064,bge_rhp_flat_scaled
528870,bge_rhp_flat_scaled
538784,bge_rhp_flat_scaled
544731,bge_rhp_flat_scaled
545798,bge_rhp_flat_scaled
419897,bge_rhp_flat_scaled
183413,bge_rhp_flat_scaled
50274,bge_rhp_flat_scaled
29818,bge_rhp_flat_scaled
65237,bge_rhp_flat_scaled
194059,bge_rhp_flat_scaled
471807,bge_rhp_flat_scaled
97345,bge_rhp_flat_scaled
469417,bge_rhp_flat_scaled
359386,bge_rhp_flat_scaled
424577,bge_rhp_flat_scaled
440778,bge_rhp_flat_scaled
449694,bge_rhp_flat_scaled
3200,bge_rhp_flat_scaled
12521,bge_rhp_flat_scaled
14588,bge_rhp_flat_scaled
15235,bge_rhp_flat_scaled
22656,bge_rhp_flat_scaled
37167,bge_rhp_flat_scaled
37653,bge_rhp_flat_scaled
38254,bge_rhp_flat_scaled
39037,bge_rhp_flat_scaled
41973,bge_rhp_flat_scaled
50651,bge_rhp_flat_scaled
52305,bge_rhp_flat_scaled
467681,bge_rhp_flat_scaled
100268,bge_rhp_flat_scaled
97053,bge_rhp_flat_scaled
148788,bge_rhp_flat_scaled
237374,bge_rhp_flat_scaled
476577,bge_rhp_flat_scaled
84611,bge_rhp_flat_scaled
118528,bge_rhp_flat_scaled
124452,bge_rhp_flat_scaled
131492,bge_rhp_flat_scaled
322602,bge_rhp_flat_scaled
458726,bge_rhp_flat_scaled
152402,bge_rhp_flat_scaled
159574,bge_rhp_flat_scaled
175983,bge_rhp_flat_scaled
178587,bge_rhp_flat_scaled
194388,bge_rhp_flat_scaled
194664,bge_rhp_flat_scaled
420323,bge_rhp_flat_scaled
452224,bge_rhp_flat_scaled
217154,bge_rhp_flat_scaled
220588,bge_rhp_flat_scaled
233643,bge_rhp_flat_scaled
252491,bge_rhp_flat_scaled
275247,bge_rhp_flat_scaled
434266,bge_rhp_flat_scaled
367013,bge_rhp_flat_scaled
279701,bge_rhp_flat_scaled
297412,bge_rhp_flat_scaled
297596,bge_rhp_flat_scaled
297656,bge_rhp_flat_scaled
298444,bge_rhp_flat_scaled
317563,bge_rhp_flat_scaled
411560,bge_rhp_flat_scaled
325189,bge_rhp_flat_scaled
374600,bge_rhp_flat_scaled
380922,bge_rhp_flat_scaled
183833,bge_rhp_flat_scaled
216964,bge_rhp_flat_scaled
20428,bge_rhp_flat_scaled
245617,bge_rhp_flat_scaled
340840,bge_rhp_flat_scaled
311785,bge_rhp_flat_scaled
472004,bge_rhp_flat_scaled
242059,bge_rhp_flat_scaled
499558,bge_rhp_flat_scaled
502213,bge_rhp_flat_scaled
512124,bge_rhp_flat_scaled
516381,bge_rhp_flat_scaled
524647,bge_rhp_flat_scaled
526299,bge_rhp_flat_scaled
533781,bge_rhp_flat_scaled
535012,bge_rhp_flat_scaled
234006,bge_rhp_flat_scaled
250377,bge_rhp_flat_scaled
33810,bge_rhp_flat_scaled
434750,bge_rhp_flat_scaled
62750,bge_rhp_flat_scaled
142681,bge_rhp_flat_scaled
330619,bge_rhp_flat_scaled
206488,bge_rhp_flat_scaled
255233,bge_rhp_flat_scaled
205,bge_rhp_flat_scaled
3921,bge_rhp_flat_scaled
8009,bge_rhp_flat_scaled
8483,bge_rhp_flat_scaled
17640,bge_rhp_flat_scaled
19124,bge_rhp_flat_scaled
28001,bge_rhp_flat_scaled
49837,bge_rhp_flat_scaled
203405,bge_rhp_flat_scaled
207011,bge_rhp_flat_scaled
360156,bge_rhp_flat_scaled
256188,bge_rhp_flat_scaled
154806,bge_rhp_flat_scaled
385320,bge_rhp_flat_scaled
70591,bge_rhp_flat_scaled
73943,bge_rhp_flat_scaled
75177,bge_rhp_flat_scaled
87168,bge_rhp_flat_scaled
91050,bge_rhp_flat_scaled
94747,bge_rhp_flat_scaled
104608,bge_rhp_flat_scaled
112919,bge_rhp_flat_scaled
235871,bge_rhp_flat_scaled
376656,bge_rhp_flat_scaled
177070,bge_rhp_flat_scaled
240424,bge_rhp_flat_scaled
289042,bge_rhp_flat_scaled
156909,bge_rhp_flat_scaled
157197,bge_rhp_flat_scaled
164081,bge_rhp_flat_scaled
398577,bge_rhp_flat_scaled
255217,bge_rhp_flat_scaled
388395,bge_rhp_flat_scaled
271099,bge_rhp_flat_scaled
400730,bge_rhp_flat_scaled
238898,bge_rhp_flat_scaled
241099,bge_rhp_flat_scaled
254922,bge_rhp_flat_scaled
457846,bge_rhp_flat_scaled
460014,bge_rhp_flat_scaled
345875,bge_rhp_flat_scaled
319087,bge_rhp_flat_scaled
386106,bge_rhp_flat_scaled
391330,bge_rhp_flat_scaled
473403,bge_rhp_flat_scaled
421322,bge_rhp_flat_scaled
480592,bge_rhp_flat_scaled
423643,bge_rhp_flat_scaled
436422,bge_rhp_flat_scaled
445602,bge_rhp_flat_scaled
448262,bge_rhp_flat_scaled
451760,bge_rhp_flat_scaled
462227,bge_rhp_flat_scaled
470610,bge_rhp_flat_scaled
266345,bge_rhp_flat_scaled
510535,bge_rhp_flat_scaled
90980,bge_rhp_flat_scaled
358877,bge_rhp_flat_scaled
546792,bge_rhp_flat_scaled
403628,bge_rhp_flat_scaled
168035,bge_rhp_flat_scaled
230463,bge_rhp_flat_scaled
439948,bge_rhp_flat_scaled
499136,bge_rhp_flat_scaled
515978,bge_rhp_flat_scaled
525259,bge_rhp_flat_scaled
303,bge_rhp_flat_scaled
200428,bge_rhp_flat_scaled
85934,bge_rhp_flat_scaled
123644,bge_rhp_flat_scaled
182615,bge_rhp_flat_scaled
301949,bge_rhp_flat_scaled
379430,bge_rhp_flat_scaled
8361,bge_rhp_flat_scaled
11587,bge_rhp_flat_scaled
24981,bge_rhp_flat_scaled
252196,bge_rhp_flat_scaled
192013,bge_rhp_flat_scaled
71307,bge_rhp_flat_scaled
80932,bge_rhp_flat_scaled
83413,bge_rhp_flat_scaled
100197,bge_rhp_flat_scaled
118967,bge_rhp_flat_scaled
272427,bge_rhp_flat_scaled
429453,bge_rhp_flat_scaled
329305,bge_rhp_flat_scaled
335549,bge_rhp_flat_scaled
336422,bge_rhp_flat_scaled
158650,bge_rhp_flat_scaled
165520,bge_rhp_flat_scaled
198135,bge_rhp_flat_scaled
459139,bge_rhp_flat_scaled
309373,bge_rhp_flat_scaled
297790,bge_rhp_flat_scaled
278460,bge_rhp_flat_scaled
239941,bge_rhp_flat_scaled
245803,bge_rhp_flat_scaled
255855,bge_rhp_flat_scaled
261457,bge_rhp_flat_scaled
361830,bge_rhp_flat_scaled
463746,bge_rhp_flat_scaled
337726,bge_rhp_flat_scaled
279147,bge_rhp_flat_scaled
291692,bge_rhp_flat_scaled
320961,bge_rhp_flat_scaled
332963,bge_rhp_flat_scaled
417313,bge_rhp_flat_scaled
477509,bge_rhp_flat_scaled
450378,bge_rhp_flat_scaled
472735,bge_rhp_flat_scaled
418932,bge_rhp_flat_scaled
387668,bge_rhp_flat_scaled
347151,bge_rhp_flat_scaled
190700,bge_rhp_flat_scaled
255466,bge_rhp_flat_scaled
513175,bge_rhp_flat_scaled
532311,bge_rhp_flat_scaled
493034,bge_rhp_flat_scaled
514026,bge_rhp_flat_scaled
517703,bge_rhp_flat_scaled
518750,bge_rhp_flat_scaled
128719,bge_rhp_flat_scaled
272587,bge_rhp_flat_scaled
415041,bge_rhp_flat_scaled
273957,bge_rhp_flat_scaled
129848,bge_rhp_flat_scaled
289213,bge_rhp_flat_scaled
457882,bge_rhp_flat_scaled
246040,bge_rhp_flat_scaled
389673,bge_rhp_flat_scaled
328855,bge_rhp_flat_scaled
346630,bge_rhp_flat_scaled
4863,bge_rhp_flat_scaled
6695,bge_rhp_flat_scaled
13481,bge_rhp_flat_scaled
21938,bge_rhp_flat_scaled
31806,bge_rhp_flat_scaled
47280,bge_rhp_flat_scaled
62646,bge_rhp_flat_scaled
403112,bge_rhp_flat_scaled
123114,bge_rhp_flat_scaled
357975,bge_rhp_flat_scaled
272537,bge_rhp_flat_scaled
69534,bge_rhp_flat_scaled
84458,bge_rhp_flat_scaled
95391,bge_rhp_flat_scaled
95773,bge_rhp_flat_scaled
116824,bge_rhp_flat_scaled
124274,bge_rhp_flat_scaled
474555,bge_rhp_flat_scaled
448656,bge_rhp_flat_scaled
371251,bge_rhp_flat_scaled
220719,bge_rhp_flat_scaled
238283,bge_rhp_flat_scaled
195328,bge_rhp_flat_scaled
255461,bge_rhp_flat_scaled
314228,bge_rhp_flat_scaled
406199,bge_rhp_flat_scaled
309558,bge_rhp_flat_scaled
209790,bge_rhp_flat_scaled
428072,bge_rhp_flat_scaled
477610,bge_rhp_flat_scaled
333824,bge_rhp_flat_scaled
470381,bge_rhp_flat_scaled
336699,bge_rhp_flat_scaled
323334,bge_rhp_flat_scaled
337329,bge_rhp_flat_scaled
375039,bge_rhp_flat_scaled
432270,bge_rhp_flat_scaled
428652,bge_rhp_flat_scaled
475139,bge_rhp_flat_scaled
10366,bge_rhp_flat_scaled
120829,bge_rhp_flat_scaled
33288,bge_rhp_flat_scaled
154097,bge_rhp_flat_scaled
535897,bge_rhp_flat_scaled
344736,bge_rhp_flat_scaled
33566,bge_rhp_flat_scaled
460132,bge_rhp_flat_scaled
547835,bge_rhp_flat_scaled
367042,bge_rhp_flat_scaled
117589,bge_rhp_flat_scaled
494166,bge_rhp_flat_scaled
502516,bge_rhp_flat_scaled
525220,bge_rhp_flat_scaled
330228,bge_rhp_flat_scaled
216174,bge_rhp_flat_scaled
289633,bge_rhp_flat_scaled
35721,bge_rhp_flat_scaled
325597,bge_rhp_flat_scaled
5351,bge_rhp_flat_scaled
7244,bge_rhp_flat_scaled
20760,bge_rhp_flat_scaled
53038,bge_rhp_flat_scaled
54176,bge_rhp_flat_scaled
60340,bge_rhp_flat_scaled
429695,bge_rhp_flat_scaled
86584,bge_rhp_flat_scaled
216885,bge_rhp_flat_scaled
405551,bge_rhp_flat_scaled
78095,bge_rhp_flat_scaled
88131,bge_rhp_flat_scaled
89131,bge_rhp_flat_scaled
90253,bge_rhp_flat_scaled
90597,bge_rhp_flat_scaled
105220,bge_rhp_flat_scaled
121619,bge_rhp_flat_scaled
127841,bge_rhp_flat_scaled
236697,bge_rhp_flat_scaled
327560,bge_rhp_flat_scaled
383603,bge_rhp_flat_scaled
233166,bge_rhp_flat_scaled
154608,bge_rhp_flat_scaled
155015,bge_rhp_flat_scaled
197878,bge_rhp_flat_scaled
423015,bge_rhp_flat_scaled
367060,bge_rhp_flat_scaled
267854,bge_rhp_flat_scaled
270417,bge_rhp_flat_scaled
468820,bge_rhp_flat_scaled
284261,bge_rhp_flat_scaled
288737,bge_rhp_flat_scaled
317097,bge_rhp_flat_scaled
359646,bge_rhp_flat_scaled
389657,bge_rhp_flat_scaled
390583,bge_rhp_flat_scaled
411748,bge_rhp_flat_scaled
418117,bge_rhp_flat_scaled
451031,bge_rhp_flat_scaled
453327,bge_rhp_flat_scaled
498165,bge_rhp_flat_scaled
369099,bge_rhp_flat_scaled
476499,bge_rhp_flat_scaled
101940,bge_rhp_flat_scaled
338231,bge_rhp_flat_scaled
411261,bge_rhp_flat_scaled
154601,bge_rhp_flat_scaled
252289,bge_rhp_flat_scaled
222200,bge_rhp_flat_scaled
32626,bge_rhp_flat_scaled
468583,bge_rhp_flat_scaled
2628,bge_rhp_flat_scaled
254062,bge_rhp_flat_scaled
214506,bge_rhp_flat_scaled
377510,bge_rhp_flat_scaled
370771,bge_rhp_flat_scaled
17806,bge_rhp_flat_scaled
268524,bge_rhp_flat_scaled
485892,bge_rhp_flat_scaled
493392,bge_rhp_flat_scaled
500033,bge_rhp_flat_scaled
500970,bge_rhp_flat_scaled
503513,bge_rhp_flat_scaled
511760,bge_rhp_flat_scaled
516754,bge_rhp_flat_scaled
518110,bge_rhp_flat_scaled
520591,bge_rhp_flat_scaled
523199,bge_rhp_flat_scaled
530545,bge_rhp_flat_scaled
539628,bge_rhp_flat_scaled
547121,bge_rhp_flat_scaled
549096,bge_rhp_flat_scaled
466646,bge_rhp_flat_scaled
105293,bge_rhp_flat_scaled
152664,bge_rhp_flat_scaled
214889,bge_rhp_flat_scaled
307290,bge_rhp_flat_scaled
371432,bge_rhp_flat_scaled
6842,bge_rhp_flat_scaled
31098,bge_rhp_flat_scaled
45554,bge_rhp_flat_scaled
61970,bge_rhp_flat_scaled
430139,bge_rhp_flat_scaled
149756,bge_rhp_flat_scaled
128660,bge_rhp_flat_scaled
165706,bge_rhp_flat_scaled
73922,bge_rhp_flat_scaled
95249,bge_rhp_flat_scaled
103470,bge_rhp_flat_scaled
253278,bge_rhp_flat_scaled
76241,bge_rhp_flat_scaled
77749,bge_rhp_flat_scaled
78242,bge_rhp_flat_scaled
87934,bge_rhp_flat_scaled
92581,bge_rhp_flat_scaled
104770,bge_rhp_flat_scaled
115240,bge_rhp_flat_scaled
136284,bge_rhp_flat_scaled
357373,bge_rhp_flat_scaled
387457,bge_rhp_flat_scaled
300365,bge_rhp_flat_scaled
409703,bge_rhp_flat_scaled
138282,bge_rhp_flat_scaled
147573,bge_rhp_flat_scaled
154397,bge_rhp_flat_scaled
173826,bge_rhp_flat_scaled
427971,bge_rhp_flat_scaled
462509,bge_rhp_flat_scaled
445690,bge_rhp_flat_scaled
250496,bge_rhp_flat_scaled
324679,bge_rhp_flat_scaled
265522,bge_rhp_flat_scaled
265654,bge_rhp_flat_scaled
362905,bge_rhp_flat_scaled
321443,bge_rhp_flat_scaled
313140,bge_rhp_flat_scaled
323401,bge_rhp_flat_scaled
475692,bge_rhp_flat_scaled
409982,bge_rhp_flat_scaled
410702,bge_rhp_flat_scaled
459387,bge_rhp_flat_scaled
127417,bge_rhp_flat_scaled
278190,bge_rhp_flat_scaled
284911,bge_rhp_flat_scaled
46980,bge_rhp_flat_scaled
64906,bge_rhp_flat_scaled
295722,bge_rhp_flat_scaled
198893,bge_rhp_flat_scaled
262924,bge_rhp_flat_scaled
477517,bge_rhp_flat_scaled
500892,bge_rhp_flat_scaled
228543,bge_rhp_flat_scaled
18238,bge_rhp_flat_scaled
256256,bge_rhp_flat_scaled
138833,bge_rhp_flat_scaled
390383,bge_rhp_flat_scaled
482294,bge_rhp_flat_scaled
490959,bge_rhp_flat_scaled
494907,bge_rhp_flat_scaled
507605,bge_rhp_flat_scaled
514132,bge_rhp_flat_scaled
538256,bge_rhp_flat_scaled
538468,bge_rhp_flat_scaled
542826,bge_rhp_flat_scaled
542898,bge_rhp_flat_scaled
543996,bge_rhp_flat_scaled
201708,bge_rhp_flat_scaled
16744,bge_rhp_flat_scaled
219621,bge_rhp_flat_scaled
108786,bge_rhp_flat_scaled
7148,bge_rhp_flat_scaled
14322,bge_rhp_flat_scaled
19353,bge_rhp_flat_scaled
25912,bge_rhp_flat_scaled
27077,bge_rhp_flat_scaled
30181,bge_rhp_flat_scaled
33225,bge_rhp_flat_scaled
48559,bge_rhp_flat_scaled
57267,bge_rhp_flat_scaled
58760,bge_rhp_flat_scaled
342032,bge_rhp_flat_scaled
203760,bge_rhp_flat_scaled
95897,bge_rhp_flat_scaled
371411,bge_rhp_flat_scaled
351307,bge_rhp_flat_scaled
73338,bge_rhp_flat_scaled
92189,bge_rhp_flat_scaled
97242,bge_rhp_flat_scaled
107428,bge_rhp_flat_scaled
118089,bge_rhp_flat_scaled
198716,bge_rhp_flat_scaled
271880,bge_rhp_flat_scaled
168974,bge_rhp_flat_scaled
328494,bge_rhp_flat_scaled
240805,bge_rhp_flat_scaled
255054,bge_rhp_flat_scaled
149831,bge_rhp_flat_scaled
206187,bge_rhp_flat_scaled
154341,bge_rhp_flat_scaled
171422,bge_rhp_flat_scaled
177975,bge_rhp_flat_scaled
182167,bge_rhp_flat_scaled
183146,bge_rhp_flat_scaled
206549,bge_rhp_flat_scaled
449309,bge_rhp_flat_scaled
213653,bge_rhp_flat_scaled
271905,bge_rhp_flat_scaled
284642,bge_rhp_flat_scaled
222460,bge_rhp_flat_scaled
303436,bge_rhp_flat_scaled
350645,bge_rhp_flat_scaled
244476,bge_rhp_flat_scaled
254944,bge_rhp_flat_scaled
272062,bge_rhp_flat_scaled
384851,bge_rhp_flat_scaled
309563,bge_rhp_flat_scaled
316448,bge_rhp_flat_scaled
407616,bge_rhp_flat_scaled
351852,bge_rhp_flat_scaled
349703,bge_rhp_flat_scaled
364962,bge_rhp_flat_scaled
451617,bge_rhp_flat_scaled
477250,bge_rhp_flat_scaled
100963,bge_rhp_flat_scaled
242043,bge_rhp_flat_scaled
549350,bge_rhp_flat_scaled
22545,bge_rhp_flat_scaled
73182,bge_rhp_flat_scaled
337233,bge_rhp_flat_scaled
52854,bge_rhp_flat_scaled
519567,bge_rhp_flat_scaled
455035,bge_rhp_flat_scaled
93403,bge_rhp_flat_scaled
1108,bge_rhp_flat_scaled
103629,bge_rhp_flat_scaled
92156,bge_rhp_flat_scaled
129124,bge_rhp_flat_scaled
143015,bge_rhp_flat_scaled
195649,bge_rhp_flat_scaled
219865,bge_rhp_flat_scaled
294281,bge_rhp_flat_scaled
126739,bge_rhp_flat_scaled
482005,bge_rhp_flat_scaled
488829,bge_rhp_flat_scaled
494835,bge_rhp_flat_scaled
498150,bge_rhp_flat_scaled
500762,bge_rhp_flat_scaled
504811,bge_rhp_flat_scaled
521968,bge_rhp_flat_scaled
529125,bge_rhp_flat_scaled
537355,bge_rhp_flat_scaled
91807,bge_rhp_flat_scaled
428908,bge_rhp_flat_scaled
70467,bge_rhp_flat_scaled
376324,bge_rhp_flat_scaled
10453,bge_rhp_flat_scaled
22224,bge_rhp_flat_scaled
28285,bge_rhp_flat_scaled
28350,bge_rhp_flat_scaled
33754,bge_rhp_flat_scaled
38957,bge_rhp_flat_scaled
41409,bge_rhp_flat_scaled
48111,bge_rhp_flat_scaled
48152,bge_rhp_flat_scaled
109628,bge_rhp_flat_scaled
135045,bge_rhp_flat_scaled
429731,bge_rhp_flat_scaled
97482,bge_rhp_flat_scaled
480267,bge_rhp_flat_scaled
377821,bge_rhp_flat_scaled
282505,bge_rhp_flat_scaled
75352,bge_rhp_flat_scaled
90323,bge_rhp_flat_scaled
116983,bge_rhp_flat_scaled
119190,bge_rhp_flat_scaled
122520,bge_rhp_flat_scaled
124042,bge_rhp_flat_scaled
135078,bge_rhp_flat_scaled
380774,bge_rhp_flat_scaled
429881,bge_rhp_flat_scaled
314094,bge_rhp_flat_scaled
478245,bge_rhp_flat_scaled
352986,bge_rhp_flat_scaled
368789,bge_rhp_flat_scaled
141213,bge_rhp_flat_scaled
145038,bge_rhp_flat_scaled
148700,bge_rhp_flat_scaled
149131,bge_rhp_flat_scaled
167181,bge_rhp_flat_scaled
169221,bge_rhp_flat_scaled
196326,bge_rhp_flat_scaled
197046,bge_rhp_flat_scaled
201199,bge_rhp_flat_scaled
445248,bge_rhp_flat_scaled
303863,bge_rhp_flat_scaled
227613,bge_rhp_flat_scaled
220885,bge_rhp_flat_scaled
253317,bge_rhp_flat_scaled
353769,bge_rhp_flat_scaled
330384,bge_rhp_flat_scaled
324669,bge_rhp_flat_scaled
299943,bge_rhp_flat_scaled
469920,bge_rhp_flat_scaled
464111,bge_rhp_flat_scaled
369829,bge_rhp_flat_scaled
377252,bge_rhp_flat_scaled
387079,bge_rhp_flat_scaled
388983,bge_rhp_flat_scaled
465516,bge_rhp_flat_scaled
425319,bge_rhp_flat_scaled
479234,bge_rhp_flat_scaled
341009,bge_rhp_flat_scaled
58507,bge_rhp_flat_scaled
148896,bge_rhp_flat_scaled
510116,bge_rhp_flat_scaled
534748,bge_rhp_flat_scaled
80724,bge_rhp_flat_scaled
137947,bge_rhp_flat_scaled
276297,bge_rhp_flat_scaled
30204,bge_rhp_flat_scaled
275951,bge_rhp_flat_scaled
232444,bge_rhp_flat_scaled
168949,bge_rhp_flat_scaled
235451,bge_rhp_flat_scaled
432194,bge_rhp_flat_scaled
474457,bge_rhp_flat_scaled
26170,bge_rhp_flat_scaled
6633,bge_rhp_flat_scaled
113599,bge_rhp_flat_scaled
498369,bge_rhp_flat_scaled
500356,bge_rhp_flat_scaled
502269,bge_rhp_flat_scaled
511730,bge_rhp_flat_scaled
535048,bge_rhp_flat_scaled
535142,bge_rhp_flat_scaled
272841,bge_rhp_flat_scaled
353397,bge_rhp_flat_scaled
455811,bge_rhp_flat_scaled
299842,bge_rhp_flat_scaled
235583,bge_rhp_flat_scaled
354617,bge_rhp_flat_scaled
3334,bge_rhp_flat_scaled
27706,bge_rhp_flat_scaled
34756,bge_rhp_flat_scaled
51675,bge_rhp_flat_scaled
213252,bge_rhp_flat_scaled
123241,bge_rhp_flat_scaled
421643,bge_rhp_flat_scaled
416366,bge_rhp_flat_scaled
193861,bge_rhp_flat_scaled
377466,bge_rhp_flat_scaled
312140,bge_rhp_flat_scaled
69506,bge_rhp_flat_scaled
80869,bge_rhp_flat_scaled
95365,bge_rhp_flat_scaled
95369,bge_rhp_flat_scaled
106108,bge_rhp_flat_scaled
108593,bge_rhp_flat_scaled
365286,bge_rhp_flat_scaled
258467,bge_rhp_flat_scaled
242534,bge_rhp_flat_scaled
432991,bge_rhp_flat_scaled
149623,bge_rhp_flat_scaled
169075,bge_rhp_flat_scaled
184778,bge_rhp_flat_scaled
188264,bge_rhp_flat_scaled
198377,bge_rhp_flat_scaled
331824,bge_rhp_flat_scaled
223135,bge_rhp_flat_scaled
225869,bge_rhp_flat_scaled
342090,bge_rhp_flat_scaled
215968,bge_rhp_flat_scaled
217853,bge_rhp_flat_scaled
227734,bge_rhp_flat_scaled
265623,bge_rhp_flat_scaled
268707,bge_rhp_flat_scaled
462090,bge_rhp_flat_scaled
377741,bge_rhp_flat_scaled
479258,bge_rhp_flat_scaled
434375,bge_rhp_flat_scaled
435465,bge_rhp_flat_scaled
450543,bge_rhp_flat_scaled
271320,bge_rhp_flat_scaled
103582,bge_rhp_flat_scaled
242410,bge_rhp_flat_scaled
525026,bge_rhp_flat_scaled
452980,bge_rhp_flat_scaled
411653,bge_rhp_flat_scaled
511756,bge_rhp_flat_scaled
484938,bge_rhp_flat_scaled
487686,bge_rhp_flat_scaled
502172,bge_rhp_flat_scaled
503351,bge_rhp_flat_scaled
510870,bge_rhp_flat_scaled
541015,bge_rhp_flat_scaled
323808,bge_rhp_flat_scaled
89217,bge_rhp_flat_scaled
92522,bge_rhp_flat_scaled
435005,bge_rhp_flat_scaled
368227,bge_rhp_flat_scaled
241237,bge_rhp_flat_scaled
10459,bge_rhp_flat_scaled
11071,bge_rhp_flat_scaled
12454,bge_rhp_flat_scaled
22015,bge_rhp_flat_scaled
24204,bge_rhp_flat_scaled
34894,bge_rhp_flat_scaled
41967,bge_rhp_flat_scaled
50066,bge_rhp_flat_scaled
51613,bge_rhp_flat_scaled
52431,bge_rhp_flat_scaled
352490,bge_rhp_flat_scaled
387951,bge_rhp_flat_scaled
229591,bge_rhp_flat_scaled
104998,bge_rhp_flat_scaled
387047,bge_rhp_flat_scaled
427586,bge_rhp_flat_scaled
127025,bge_rhp_flat_scaled
429046,bge_rhp_flat_scaled
451073,bge_rhp_flat_scaled
399559,bge_rhp_flat_scaled
79782,bge_rhp_flat_scaled
83378,bge_rhp_flat_scaled
87050,bge_rhp_flat_scaled
89034,bge_rhp_flat_scaled
92855,bge_rhp_flat_scaled
126527,bge_rhp_flat_scaled
440292,bge_rhp_flat_scaled
476349,bge_rhp_flat_scaled
379774,bge_rhp_flat_scaled
167818,bge_rhp_flat_scaled
237512,bge_rhp_flat_scaled
243286,bge_rhp_flat_scaled
145132,bge_rhp_flat_scaled
155072,bge_rhp_flat_scaled
192097,bge_rhp_flat_scaled
316126,bge_rhp_flat_scaled
210314,bge_rhp_flat_scaled
236096,bge_rhp_flat_scaled
466873,bge_rhp_flat_scaled
311698,bge_rhp_flat_scaled
281408,bge_rhp_flat_scaled
334024,bge_rhp_flat_scaled
340147,bge_rhp_flat_scaled
363270,bge_rhp_flat_scaled
405566,bge_rhp_flat_scaled
389812,bge_rhp_flat_scaled
472134,bge_rhp_flat_scaled
422580,bge_rhp_flat_scaled
457883,bge_rhp_flat_scaled
459320,bge_rhp_flat_scaled
536684,bge_rhp_flat_scaled
375407,bge_rhp_flat_scaled
475161,bge_rhp_flat_scaled
418095,bge_rhp_flat_scaled
475538,bge_rhp_flat_scaled
158580,bge_rhp_flat_scaled
126615,bge_rhp_flat_scaled
498623,bge_rhp_flat_scaled
38072,bge_rhp_flat_scaled
329556,bge_rhp_flat_scaled
147861,bge_rhp_flat_scaled
327687,bge_rhp_flat_scaled
397278,bge_rhp_flat_scaled
377114,bge_rhp_flat_scaled
395221,bge_rhp_flat_scaled
194154,bge_rhp_flat_scaled
443837,bge_rhp_flat_scaled
155969,bge_rhp_flat_scaled
402503,bge_rhp_flat_scaled
485154,bge_rhp_flat_scaled
498990,bge_rhp_flat_scaled
500220,bge_rhp_flat_scaled
501303,bge_rhp_flat_scaled
501632,bge_rhp_flat_scaled
511294,bge_rhp_flat_scaled
523036,bge_rhp_flat_scaled
530724,bge_rhp_flat_scaled
545716,bge_rhp_flat_scaled
349816,bge_rhp_flat_scaled
256134,bge_rhp_flat_scaled
450240,bge_rhp_flat_scaled
72127,bge_rhp_flat_scaled
17417,bge_rhp_flat_scaled
89341,bge_rhp_flat_scaled
412665,bge_rhp_flat_scaled
35510,bge_rhp_flat_scaled
41225,bge_rhp_flat_scaled
52143,bge_rhp_flat_scaled
59246,bge_rhp_flat_scaled
59935,bge_rhp_flat_scaled
60969,bge_rhp_flat_scaled
418250,bge_rhp_flat_scaled
129965,bge_rhp_flat_scaled
139014,bge_rhp_flat_scaled
230041,bge_rhp_flat_scaled
232323,bge_rhp_flat_scaled
318477,bge_rhp_flat_scaled
395203,bge_rhp_flat_scaled
76924,bge_rhp_flat_scaled
84115,bge_rhp_flat_scaled
121529,bge_rhp_flat_scaled
469712,bge_rhp_flat_scaled
422743,bge_rhp_flat_scaled
423889,bge_rhp_flat_scaled
280531,bge_rhp_flat_scaled
224914,bge_rhp_flat_scaled
316430,bge_rhp_flat_scaled
144030,bge_rhp_flat_scaled
185465,bge_rhp_flat_scaled
192927,bge_rhp_flat_scaled
417565,bge_rhp_flat_scaled
329657,bge_rhp_flat_scaled
211270,bge_rhp_flat_scaled
255584,bge_rhp_flat_scaled
267771,bge_rhp_flat_scaled
268381,bge_rhp_flat_scaled
274896,bge_rhp_flat_scaled
275035,bge_rhp_flat_scaled
458864,bge_rhp_flat_scaled
372811,bge_rhp_flat_scaled
433474,bge_rhp_flat_scaled
287187,bge_rhp_flat_scaled
286298,bge_rhp_flat_scaled
347238,bge_rhp_flat_scaled
348309,bge_rhp_flat_scaled
471142,bge_rhp_flat_scaled
462617,bge_rhp_flat_scaled
475499,bge_rhp_flat_scaled
343565,bge_rhp_flat_scaled
