bldg_id,tariff_key
434236,bge_non-hp_base_percustomer_passthrough
436422,bge_non-hp_base_percustomer_passthrough
449771,bge_non-hp_base_percustomer_passthrough
454864,bge_non-hp_base_percustomer_passthrough
458240,bge_hp_seasonal_percustomer_passthrough
464895,bge_non-hp_base_percustomer_passthrough
466657,bge_non-hp_base_percustomer_passthrough
469417,bge_non-hp_base_percustomer_passthrough
479886,bge_non-hp_base_percustomer_passthrough
480228,bge_non-hp_base_percustomer_passthrough
480267,bge_non-hp_base_percustomer_passthrough
480438,bge_non-hp_base_percustomer_passthrough
485584,bge_non-hp_base_percustomer_passthrough
498840,bge_non-hp_base_percustomer_passthrough
498990,bge_hp_seasonal_percustomer_passthrough
499996,bge_non-hp_base_percustomer_passthrough
501696,bge_non-hp_base_percustomer_passthrough
508289,bge_non-hp_base_percustomer_passthrough
516754,bge_non-hp_base_percustomer_passthrough
526335,bge_non-hp_base_percustomer_passthrough
531852,bge_non-hp_base_percustomer_passthrough
533562,bge_non-hp_base_percustomer_passthrough
540968,bge_non-hp_base_percustomer_passthrough
542107,bge_non-hp_base_percustomer_passthrough
549955,bge_non-hp_base_percustomer_passthrough
59257,bge_non-hp_base_percustomer_passthrough
60854,bge_non-hp_base_percustomer_passthrough
72146,bge_non-hp_base_percustomer_passthrough
73943,bge_hp_seasonal_percustomer_passthrough
79851,bge_non-hp_base_percustomer_passthrough
90220,bge_non-hp_base_percustomer_passthrough
112243,bge_non-hp_base_percustomer_passthrough
390622,bge_non-hp_base_percustomer_passthrough
335247,bge_hp_seasonal_percustomer_passthrough
269716,bge_hp_seasonal_percustomer_passthrough
362573,bge_hp_seasonal_percustomer_passthrough
462227,bge_non-hp_base_percustomer_passthrough
486693,bge_non-hp_base_percustomer_passthrough
152664,bge_hp_seasonal_percustomer_passthrough
189321,bge_non-hp_base_percustomer_passthrough
510316,bge_non-hp_base_percustomer_passthrough
196986,bge_non-hp_base_percustomer_passthrough
353397,bge_non-hp_base_percustomer_passthrough
234402,bge_non-hp_base_percustomer_passthrough
273493,bge_non-hp_base_percustomer_passthrough
273551,bge_hp_seasonal_percustomer_passthrough
274158,bge_non-hp_base_percustomer_passthrough
359142,bge_hp_seasonal_percustomer_passthrough
313700,bge_non-hp_base_percustomer_passthrough
322602,bge_non-hp_base_percustomer_passthrough
331166,bge_non-hp_base_percustomer_passthrough
339725,bge_hp_seasonal_percustomer_passthrough
265372,bge_hp_seasonal_percustomer_passthrough
255898,bge_non-hp_base_percustomer_passthrough
259885,bge_non-hp_base_percustomer_passthrough
263523,bge_non-hp_base_percustomer_passthrough
264013,bge_non-hp_base_percustomer_passthrough
270605,bge_non-hp_base_percustomer_passthrough
85934,bge_non-hp_base_percustomer_passthrough
90086,bge_non-hp_base_percustomer_passthrough
125969,bge_non-hp_base_percustomer_passthrough
295902,bge_non-hp_base_percustomer_passthrough
95897,bge_non-hp_base_percustomer_passthrough
397251,bge_hp_seasonal_percustomer_passthrough
1476,bge_non-hp_base_percustomer_passthrough
39973,bge_non-hp_base_percustomer_passthrough
55108,bge_non-hp_base_percustomer_passthrough
70122,bge_non-hp_base_percustomer_passthrough
103582,bge_hp_seasonal_percustomer_passthrough
312223,bge_non-hp_base_percustomer_passthrough
379774,bge_non-hp_base_percustomer_passthrough
65237,bge_hp_seasonal_percustomer_passthrough
334075,bge_hp_seasonal_percustomer_passthrough
383060,bge_non-hp_base_percustomer_passthrough
413908,bge_non-hp_base_percustomer_passthrough
541512,bge_non-hp_base_percustomer_passthrough
219928,bge_non-hp_base_percustomer_passthrough
467890,bge_non-hp_base_percustomer_passthrough
89034,bge_non-hp_base_percustomer_passthrough
200428,bge_non-hp_base_percustomer_passthrough
445929,bge_non-hp_base_percustomer_passthrough
166931,bge_hp_seasonal_percustomer_passthrough
226945,bge_non-hp_base_percustomer_passthrough
24204,bge_non-hp_base_percustomer_passthrough
137984,bge_non-hp_base_percustomer_passthrough
451219,bge_non-hp_base_percustomer_passthrough
227734,bge_non-hp_base_percustomer_passthrough
8009,bge_hp_seasonal_percustomer_passthrough
37685,bge_hp_seasonal_percustomer_passthrough
46528,bge_non-hp_base_percustomer_passthrough
74924,bge_non-hp_base_percustomer_passthrough
86584,bge_non-hp_base_percustomer_passthrough
88458,bge_non-hp_base_percustomer_passthrough
111709,bge_non-hp_base_percustomer_passthrough
113690,bge_non-hp_base_percustomer_passthrough
115760,bge_non-hp_base_percustomer_passthrough
238777,bge_non-hp_base_percustomer_passthrough
167654,bge_non-hp_base_percustomer_passthrough
169472,bge_non-hp_base_percustomer_passthrough
270184,bge_hp_seasonal_percustomer_passthrough
318661,bge_non-hp_base_percustomer_passthrough
415560,bge_non-hp_base_percustomer_passthrough
428178,bge_hp_seasonal_percustomer_passthrough
455844,bge_non-hp_base_percustomer_passthrough
488923,bge_non-hp_base_percustomer_passthrough
507594,bge_non-hp_base_percustomer_passthrough
508728,bge_hp_seasonal_percustomer_passthrough
511066,bge_non-hp_base_percustomer_passthrough
516031,bge_non-hp_base_percustomer_passthrough
517666,bge_hp_seasonal_percustomer_passthrough
80814,bge_non-hp_base_percustomer_passthrough
127417,bge_non-hp_base_percustomer_passthrough
127698,bge_non-hp_base_percustomer_passthrough
131612,bge_non-hp_base_percustomer_passthrough
308627,bge_non-hp_base_percustomer_passthrough
495704,bge_hp_seasonal_percustomer_passthrough
171536,bge_non-hp_base_percustomer_passthrough
180890,bge_non-hp_base_percustomer_passthrough
100224,bge_non-hp_base_percustomer_passthrough
3274,bge_hp_seasonal_percustomer_passthrough
4172,bge_non-hp_base_percustomer_passthrough
108234,bge_non-hp_base_percustomer_passthrough
324196,bge_non-hp_base_percustomer_passthrough
365025,bge_non-hp_base_percustomer_passthrough
411344,bge_hp_seasonal_percustomer_passthrough
439283,bge_non-hp_base_percustomer_passthrough
61696,bge_non-hp_base_percustomer_passthrough
156252,bge_hp_seasonal_percustomer_passthrough
27077,bge_non-hp_base_percustomer_passthrough
475384,bge_non-hp_base_percustomer_passthrough
372005,bge_non-hp_base_percustomer_passthrough
414850,bge_non-hp_base_percustomer_passthrough
466608,bge_non-hp_base_percustomer_passthrough
159371,bge_non-hp_base_percustomer_passthrough
291692,bge_non-hp_base_percustomer_passthrough
349907,bge_hp_seasonal_percustomer_passthrough
459320,bge_hp_seasonal_percustomer_passthrough
16820,bge_non-hp_base_percustomer_passthrough
17102,bge_non-hp_base_percustomer_passthrough
281871,bge_non-hp_base_percustomer_passthrough
294990,bge_hp_seasonal_percustomer_passthrough
324229,bge_non-hp_base_percustomer_passthrough
171930,bge_non-hp_base_percustomer_passthrough
326098,bge_non-hp_base_percustomer_passthrough
419436,bge_non-hp_base_percustomer_passthrough
421375,bge_non-hp_base_percustomer_passthrough
429095,bge_non-hp_base_percustomer_passthrough
436754,bge_hp_seasonal_percustomer_passthrough
443168,bge_non-hp_base_percustomer_passthrough
449173,bge_non-hp_base_percustomer_passthrough
470292,bge_hp_seasonal_percustomer_passthrough
108838,bge_non-hp_base_percustomer_passthrough
121210,bge_non-hp_base_percustomer_passthrough
155980,bge_non-hp_base_percustomer_passthrough
358435,bge_non-hp_base_percustomer_passthrough
204050,bge_hp_seasonal_percustomer_passthrough
294349,bge_non-hp_base_percustomer_passthrough
193861,bge_non-hp_base_percustomer_passthrough
200501,bge_non-hp_base_percustomer_passthrough
286675,bge_non-hp_base_percustomer_passthrough
368736,bge_hp_seasonal_percustomer_passthrough
407342,bge_non-hp_base_percustomer_passthrough
417487,bge_hp_seasonal_percustomer_passthrough
418853,bge_non-hp_base_percustomer_passthrough
432194,bge_non-hp_base_percustomer_passthrough
454020,bge_non-hp_base_percustomer_passthrough
456263,bge_non-hp_base_percustomer_passthrough
459503,bge_non-hp_base_percustomer_passthrough
465161,bge_non-hp_base_percustomer_passthrough
472654,bge_hp_seasonal_percustomer_passthrough
474712,bge_non-hp_base_percustomer_passthrough
482562,bge_non-hp_base_percustomer_passthrough
489044,bge_non-hp_base_percustomer_passthrough
498485,bge_non-hp_base_percustomer_passthrough
500139,bge_non-hp_base_percustomer_passthrough
511730,bge_non-hp_base_percustomer_passthrough
524701,bge_non-hp_base_percustomer_passthrough
530389,bge_non-hp_base_percustomer_passthrough
530545,bge_non-hp_base_percustomer_passthrough
532507,bge_non-hp_base_percustomer_passthrough
537829,bge_non-hp_base_percustomer_passthrough
541770,bge_non-hp_base_percustomer_passthrough
542519,bge_hp_seasonal_percustomer_passthrough
1037,bge_non-hp_base_percustomer_passthrough
5498,bge_hp_seasonal_percustomer_passthrough
7998,bge_hp_seasonal_percustomer_passthrough
11587,bge_hp_seasonal_percustomer_passthrough
19749,bge_non-hp_base_percustomer_passthrough
25747,bge_non-hp_base_percustomer_passthrough
30054,bge_non-hp_base_percustomer_passthrough
35624,bge_non-hp_base_percustomer_passthrough
36155,bge_hp_seasonal_percustomer_passthrough
37829,bge_non-hp_base_percustomer_passthrough
41434,bge_non-hp_base_percustomer_passthrough
43291,bge_hp_seasonal_percustomer_passthrough
45557,bge_hp_seasonal_percustomer_passthrough
50651,bge_hp_seasonal_percustomer_passthrough
59734,bge_non-hp_base_percustomer_passthrough
66122,bge_non-hp_base_percustomer_passthrough
74337,bge_non-hp_base_percustomer_passthrough
77393,bge_non-hp_base_percustomer_passthrough
79902,bge_non-hp_base_percustomer_passthrough
80053,bge_non-hp_base_percustomer_passthrough
84087,bge_non-hp_base_percustomer_passthrough
89177,bge_hp_seasonal_percustomer_passthrough
92785,bge_non-hp_base_percustomer_passthrough
99261,bge_non-hp_base_percustomer_passthrough
104569,bge_non-hp_base_percustomer_passthrough
105293,bge_non-hp_base_percustomer_passthrough
106438,bge_non-hp_base_percustomer_passthrough
110550,bge_non-hp_base_percustomer_passthrough
118174,bge_hp_seasonal_percustomer_passthrough
122785,bge_non-hp_base_percustomer_passthrough
127392,bge_non-hp_base_percustomer_passthrough
127637,bge_non-hp_base_percustomer_passthrough
130456,bge_non-hp_base_percustomer_passthrough
131762,bge_non-hp_base_percustomer_passthrough
132289,bge_non-hp_base_percustomer_passthrough
311811,bge_non-hp_base_percustomer_passthrough
261733,bge_non-hp_base_percustomer_passthrough
388022,bge_non-hp_base_percustomer_passthrough
165951,bge_non-hp_base_percustomer_passthrough
289213,bge_non-hp_base_percustomer_passthrough
160487,bge_hp_seasonal_percustomer_passthrough
187844,bge_non-hp_base_percustomer_passthrough
211951,bge_non-hp_base_percustomer_passthrough
257991,bge_non-hp_base_percustomer_passthrough
312651,bge_hp_seasonal_percustomer_passthrough
203670,bge_non-hp_base_percustomer_passthrough
147338,bge_hp_seasonal_percustomer_passthrough
150448,bge_non-hp_base_percustomer_passthrough
320870,bge_non-hp_base_percustomer_passthrough
139612,bge_non-hp_base_percustomer_passthrough
205862,bge_non-hp_base_percustomer_passthrough
199717,bge_non-hp_base_percustomer_passthrough
326056,bge_hp_seasonal_percustomer_passthrough
286587,bge_non-hp_base_percustomer_passthrough
255233,bge_non-hp_base_percustomer_passthrough
140349,bge_hp_seasonal_percustomer_passthrough
144718,bge_non-hp_base_percustomer_passthrough
155969,bge_non-hp_base_percustomer_passthrough
156638,bge_non-hp_base_percustomer_passthrough
157236,bge_non-hp_base_percustomer_passthrough
177465,bge_non-hp_base_percustomer_passthrough
179224,bge_hp_seasonal_percustomer_passthrough
207627,bge_hp_seasonal_percustomer_passthrough
232358,bge_non-hp_base_percustomer_passthrough
253422,bge_hp_seasonal_percustomer_passthrough
255857,bge_hp_seasonal_percustomer_passthrough
317137,bge_non-hp_base_percustomer_passthrough
398256,bge_non-hp_base_percustomer_passthrough
400343,bge_non-hp_base_percustomer_passthrough
330560,bge_non-hp_base_percustomer_passthrough
402026,bge_non-hp_base_percustomer_passthrough
295722,bge_non-hp_base_percustomer_passthrough
326901,bge_non-hp_base_percustomer_passthrough
362905,bge_hp_seasonal_percustomer_passthrough
347163,bge_non-hp_base_percustomer_passthrough
278721,bge_non-hp_base_percustomer_passthrough
294590,bge_non-hp_base_percustomer_passthrough
297221,bge_non-hp_base_percustomer_passthrough
301949,bge_non-hp_base_percustomer_passthrough
310236,bge_hp_seasonal_percustomer_passthrough
317097,bge_non-hp_base_percustomer_passthrough
319699,bge_non-hp_base_percustomer_passthrough
334709,bge_non-hp_base_percustomer_passthrough
350622,bge_non-hp_base_percustomer_passthrough
376029,bge_non-hp_base_percustomer_passthrough
377476,bge_hp_seasonal_percustomer_passthrough
379433,bge_hp_seasonal_percustomer_passthrough
411078,bge_hp_seasonal_percustomer_passthrough
299842,bge_non-hp_base_percustomer_passthrough
541008,bge_non-hp_base_percustomer_passthrough
112796,bge_non-hp_base_percustomer_passthrough
157637,bge_non-hp_base_percustomer_passthrough
432143,bge_hp_seasonal_percustomer_passthrough
433228,bge_non-hp_base_percustomer_passthrough
446774,bge_non-hp_base_percustomer_passthrough
460132,bge_non-hp_base_percustomer_passthrough
461258,bge_hp_seasonal_percustomer_passthrough
465050,bge_non-hp_base_percustomer_passthrough
480592,bge_hp_seasonal_percustomer_passthrough
481878,bge_non-hp_base_percustomer_passthrough
483659,bge_hp_seasonal_percustomer_passthrough
488829,bge_non-hp_base_percustomer_passthrough
492445,bge_non-hp_base_percustomer_passthrough
492652,bge_non-hp_base_percustomer_passthrough
495349,bge_non-hp_base_percustomer_passthrough
497077,bge_non-hp_base_percustomer_passthrough
501324,bge_non-hp_base_percustomer_passthrough
502454,bge_hp_seasonal_percustomer_passthrough
504559,bge_non-hp_base_percustomer_passthrough
505670,bge_hp_seasonal_percustomer_passthrough
518104,bge_non-hp_base_percustomer_passthrough
519312,bge_hp_seasonal_percustomer_passthrough
525059,bge_hp_seasonal_percustomer_passthrough
525259,bge_non-hp_base_percustomer_passthrough
534068,bge_non-hp_base_percustomer_passthrough
535971,bge_hp_seasonal_percustomer_passthrough
542826,bge_non-hp_base_percustomer_passthrough
545572,bge_hp_seasonal_percustomer_passthrough
546562,bge_non-hp_base_percustomer_passthrough
547939,bge_non-hp_base_percustomer_passthrough
549350,bge_non-hp_base_percustomer_passthrough
44143,bge_non-hp_base_percustomer_passthrough
53579,bge_hp_seasonal_percustomer_passthrough
64449,bge_non-hp_base_percustomer_passthrough
89118,bge_hp_seasonal_percustomer_passthrough
116813,bge_hp_seasonal_percustomer_passthrough
462617,bge_hp_seasonal_percustomer_passthrough
283956,bge_non-hp_base_percustomer_passthrough
302954,bge_hp_seasonal_percustomer_passthrough
177070,bge_non-hp_base_percustomer_passthrough
242059,bge_non-hp_base_percustomer_passthrough
380344,bge_hp_seasonal_percustomer_passthrough
460225,bge_non-hp_base_percustomer_passthrough
348559,bge_non-hp_base_percustomer_passthrough
315459,bge_non-hp_base_percustomer_passthrough
218636,bge_non-hp_base_percustomer_passthrough
445602,bge_hp_seasonal_percustomer_passthrough
471569,bge_non-hp_base_percustomer_passthrough
383280,bge_non-hp_base_percustomer_passthrough
164983,bge_non-hp_base_percustomer_passthrough
214305,bge_hp_seasonal_percustomer_passthrough
220790,bge_hp_seasonal_percustomer_passthrough
329556,bge_non-hp_base_percustomer_passthrough
155574,bge_non-hp_base_percustomer_passthrough
152402,bge_non-hp_base_percustomer_passthrough
172366,bge_hp_seasonal_percustomer_passthrough
184088,bge_non-hp_base_percustomer_passthrough
194154,bge_non-hp_base_percustomer_passthrough
206468,bge_non-hp_base_percustomer_passthrough
219621,bge_non-hp_base_percustomer_passthrough
250720,bge_non-hp_base_percustomer_passthrough
409606,bge_non-hp_base_percustomer_passthrough
304421,bge_non-hp_base_percustomer_passthrough
321565,bge_non-hp_base_percustomer_passthrough
411419,bge_hp_seasonal_percustomer_passthrough
419795,bge_non-hp_base_percustomer_passthrough
189471,bge_non-hp_base_percustomer_passthrough
195013,bge_non-hp_base_percustomer_passthrough
204533,bge_non-hp_base_percustomer_passthrough
235573,bge_non-hp_base_percustomer_passthrough
266045,bge_non-hp_base_percustomer_passthrough
399659,bge_non-hp_base_percustomer_passthrough
298281,bge_non-hp_base_percustomer_passthrough
421643,bge_non-hp_base_percustomer_passthrough
39356,bge_non-hp_base_percustomer_passthrough
344754,bge_hp_seasonal_percustomer_passthrough
452980,bge_non-hp_base_percustomer_passthrough
428527,bge_non-hp_base_percustomer_passthrough
278842,bge_non-hp_base_percustomer_passthrough
371291,bge_non-hp_base_percustomer_passthrough
675,bge_non-hp_base_percustomer_passthrough
26394,bge_non-hp_base_percustomer_passthrough
50031,bge_non-hp_base_percustomer_passthrough
57916,bge_hp_seasonal_percustomer_passthrough
64584,bge_non-hp_base_percustomer_passthrough
90341,bge_non-hp_base_percustomer_passthrough
298431,bge_non-hp_base_percustomer_passthrough
339089,bge_non-hp_base_percustomer_passthrough
328232,bge_hp_seasonal_percustomer_passthrough
368665,bge_hp_seasonal_percustomer_passthrough
334349,bge_non-hp_base_percustomer_passthrough
313419,bge_non-hp_base_percustomer_passthrough
348850,bge_non-hp_base_percustomer_passthrough
358204,bge_non-hp_base_percustomer_passthrough
375038,bge_hp_seasonal_percustomer_passthrough
377466,bge_non-hp_base_percustomer_passthrough
383513,bge_non-hp_base_percustomer_passthrough
400930,bge_non-hp_base_percustomer_passthrough
453978,bge_non-hp_base_percustomer_passthrough
235183,bge_non-hp_base_percustomer_passthrough
5216,bge_hp_seasonal_percustomer_passthrough
181618,bge_non-hp_base_percustomer_passthrough
100076,bge_non-hp_base_percustomer_passthrough
439132,bge_non-hp_base_percustomer_passthrough
107591,bge_non-hp_base_percustomer_passthrough
269860,bge_non-hp_base_percustomer_passthrough
452352,bge_non-hp_base_percustomer_passthrough
102789,bge_non-hp_base_percustomer_passthrough
120729,bge_non-hp_base_percustomer_passthrough
275247,bge_non-hp_base_percustomer_passthrough
209819,bge_non-hp_base_percustomer_passthrough
147633,bge_non-hp_base_percustomer_passthrough
170886,bge_non-hp_base_percustomer_passthrough
200229,bge_non-hp_base_percustomer_passthrough
202725,bge_non-hp_base_percustomer_passthrough
245815,bge_non-hp_base_percustomer_passthrough
312601,bge_non-hp_base_percustomer_passthrough
183908,bge_non-hp_base_percustomer_passthrough
310200,bge_non-hp_base_percustomer_passthrough
438139,bge_hp_seasonal_percustomer_passthrough
449053,bge_hp_seasonal_percustomer_passthrough
502835,bge_non-hp_base_percustomer_passthrough
529216,bge_non-hp_base_percustomer_passthrough
540463,bge_non-hp_base_percustomer_passthrough
544731,bge_non-hp_base_percustomer_passthrough
61643,bge_hp_seasonal_percustomer_passthrough
83649,bge_non-hp_base_percustomer_passthrough
329368,bge_non-hp_base_percustomer_passthrough
391891,bge_hp_seasonal_percustomer_passthrough
461242,bge_non-hp_base_percustomer_passthrough
305831,bge_hp_seasonal_percustomer_passthrough
228384,bge_non-hp_base_percustomer_passthrough
108593,bge_hp_seasonal_percustomer_passthrough
405033,bge_non-hp_base_percustomer_passthrough
182551,bge_hp_seasonal_percustomer_passthrough
183412,bge_non-hp_base_percustomer_passthrough
184778,bge_non-hp_base_percustomer_passthrough
434146,bge_non-hp_base_percustomer_passthrough
502516,bge_non-hp_base_percustomer_passthrough
504883,bge_non-hp_base_percustomer_passthrough
1653,bge_non-hp_base_percustomer_passthrough
292276,bge_non-hp_base_percustomer_passthrough
368631,bge_non-hp_base_percustomer_passthrough
376843,bge_non-hp_base_percustomer_passthrough
462009,bge_non-hp_base_percustomer_passthrough
20137,bge_hp_seasonal_percustomer_passthrough
216563,bge_non-hp_base_percustomer_passthrough
247209,bge_hp_seasonal_percustomer_passthrough
297140,bge_non-hp_base_percustomer_passthrough
320903,bge_non-hp_base_percustomer_passthrough
355266,bge_non-hp_base_percustomer_passthrough
429731,bge_non-hp_base_percustomer_passthrough
493542,bge_non-hp_base_percustomer_passthrough
530422,bge_non-hp_base_percustomer_passthrough
4390,bge_hp_seasonal_percustomer_passthrough
11916,bge_hp_seasonal_percustomer_passthrough
28450,bge_non-hp_base_percustomer_passthrough
35870,bge_non-hp_base_percustomer_passthrough
41521,bge_hp_seasonal_percustomer_passthrough
44194,bge_non-hp_base_percustomer_passthrough
45911,bge_non-hp_base_percustomer_passthrough
72118,bge_non-hp_base_percustomer_passthrough
268710,bge_non-hp_base_percustomer_passthrough
362446,bge_non-hp_base_percustomer_passthrough
294220,bge_non-hp_base_percustomer_passthrough
277895,bge_non-hp_base_percustomer_passthrough
342339,bge_non-hp_base_percustomer_passthrough
306755,bge_non-hp_base_percustomer_passthrough
316896,bge_non-hp_base_percustomer_passthrough
327143,bge_hp_seasonal_percustomer_passthrough
343355,bge_non-hp_base_percustomer_passthrough
354824,bge_non-hp_base_percustomer_passthrough
418250,bge_non-hp_base_percustomer_passthrough
423164,bge_non-hp_base_percustomer_passthrough
423473,bge_non-hp_base_percustomer_passthrough
435005,bge_non-hp_base_percustomer_passthrough
457855,bge_hp_seasonal_percustomer_passthrough
458552,bge_hp_seasonal_percustomer_passthrough
460048,bge_non-hp_base_percustomer_passthrough
468583,bge_hp_seasonal_percustomer_passthrough
468820,bge_non-hp_base_percustomer_passthrough
471023,bge_hp_seasonal_percustomer_passthrough
490700,bge_non-hp_base_percustomer_passthrough
498357,bge_non-hp_base_percustomer_passthrough
499104,bge_non-hp_base_percustomer_passthrough
501922,bge_non-hp_base_percustomer_passthrough
523371,bge_non-hp_base_percustomer_passthrough
524647,bge_non-hp_base_percustomer_passthrough
529242,bge_non-hp_base_percustomer_passthrough
530724,bge_non-hp_base_percustomer_passthrough
15112,bge_non-hp_base_percustomer_passthrough
18374,bge_non-hp_base_percustomer_passthrough
19110,bge_non-hp_base_percustomer_passthrough
21168,bge_non-hp_base_percustomer_passthrough
21489,bge_non-hp_base_percustomer_passthrough
23381,bge_non-hp_base_percustomer_passthrough
27423,bge_non-hp_base_percustomer_passthrough
27706,bge_non-hp_base_percustomer_passthrough
33856,bge_non-hp_base_percustomer_passthrough
38317,bge_non-hp_base_percustomer_passthrough
44838,bge_non-hp_base_percustomer_passthrough
46122,bge_non-hp_base_percustomer_passthrough
48111,bge_non-hp_base_percustomer_passthrough
50066,bge_non-hp_base_percustomer_passthrough
57615,bge_hp_seasonal_percustomer_passthrough
58822,bge_hp_seasonal_percustomer_passthrough
62719,bge_non-hp_base_percustomer_passthrough
66568,bge_non-hp_base_percustomer_passthrough
74665,bge_non-hp_base_percustomer_passthrough
86097,bge_hp_seasonal_percustomer_passthrough
88806,bge_non-hp_base_percustomer_passthrough
89217,bge_hp_seasonal_percustomer_passthrough
91050,bge_non-hp_base_percustomer_passthrough
93339,bge_hp_seasonal_percustomer_passthrough
103470,bge_non-hp_base_percustomer_passthrough
106653,bge_non-hp_base_percustomer_passthrough
112033,bge_non-hp_base_percustomer_passthrough
116078,bge_hp_seasonal_percustomer_passthrough
117886,bge_non-hp_base_percustomer_passthrough
118711,bge_non-hp_base_percustomer_passthrough
125447,bge_non-hp_base_percustomer_passthrough
130498,bge_non-hp_base_percustomer_passthrough
130726,bge_non-hp_base_percustomer_passthrough
131614,bge_hp_seasonal_percustomer_passthrough
369655,bge_non-hp_base_percustomer_passthrough
152609,bge_hp_seasonal_percustomer_passthrough
169463,bge_non-hp_base_percustomer_passthrough
215690,bge_hp_seasonal_percustomer_passthrough
395712,bge_hp_seasonal_percustomer_passthrough
235871,bge_non-hp_base_percustomer_passthrough
183833,bge_non-hp_base_percustomer_passthrough
356132,bge_non-hp_base_percustomer_passthrough
365529,bge_non-hp_base_percustomer_passthrough
136859,bge_hp_seasonal_percustomer_passthrough
217567,bge_non-hp_base_percustomer_passthrough
279035,bge_non-hp_base_percustomer_passthrough
304822,bge_non-hp_base_percustomer_passthrough
289527,bge_non-hp_base_percustomer_passthrough
349040,bge_non-hp_base_percustomer_passthrough
362252,bge_non-hp_base_percustomer_passthrough
163437,bge_non-hp_base_percustomer_passthrough
140691,bge_non-hp_base_percustomer_passthrough
143364,bge_non-hp_base_percustomer_passthrough
153667,bge_non-hp_base_percustomer_passthrough
165496,bge_non-hp_base_percustomer_passthrough
179578,bge_non-hp_base_percustomer_passthrough
185465,bge_non-hp_base_percustomer_passthrough
191602,bge_non-hp_base_percustomer_passthrough
194059,bge_non-hp_base_percustomer_passthrough
196808,bge_non-hp_base_percustomer_passthrough
197046,bge_non-hp_base_percustomer_passthrough
206850,bge_hp_seasonal_percustomer_passthrough
208273,bge_non-hp_base_percustomer_passthrough
209122,bge_non-hp_base_percustomer_passthrough
211270,bge_non-hp_base_percustomer_passthrough
214366,bge_hp_seasonal_percustomer_passthrough
216691,bge_non-hp_base_percustomer_passthrough
217224,bge_non-hp_base_percustomer_passthrough
222820,bge_non-hp_base_percustomer_passthrough
228577,bge_non-hp_base_percustomer_passthrough
228961,bge_non-hp_base_percustomer_passthrough
231453,bge_hp_seasonal_percustomer_passthrough
234532,bge_non-hp_base_percustomer_passthrough
236380,bge_non-hp_base_percustomer_passthrough
242534,bge_non-hp_base_percustomer_passthrough
243780,bge_non-hp_base_percustomer_passthrough
249203,bge_non-hp_base_percustomer_passthrough
250598,bge_hp_seasonal_percustomer_passthrough
250855,bge_non-hp_base_percustomer_passthrough
251925,bge_hp_seasonal_percustomer_passthrough
259763,bge_non-hp_base_percustomer_passthrough
269735,bge_non-hp_base_percustomer_passthrough
270486,bge_non-hp_base_percustomer_passthrough
277112,bge_non-hp_base_percustomer_passthrough
337726,bge_hp_seasonal_percustomer_passthrough
360522,bge_non-hp_base_percustomer_passthrough
371002,bge_non-hp_base_percustomer_passthrough
409053,bge_non-hp_base_percustomer_passthrough
356777,bge_hp_seasonal_percustomer_passthrough
393317,bge_hp_seasonal_percustomer_passthrough
325597,bge_non-hp_base_percustomer_passthrough
345817,bge_hp_seasonal_percustomer_passthrough
313527,bge_non-hp_base_percustomer_passthrough
297962,bge_non-hp_base_percustomer_passthrough
316373,bge_non-hp_base_percustomer_passthrough
327047,bge_non-hp_base_percustomer_passthrough
329067,bge_non-hp_base_percustomer_passthrough
329766,bge_non-hp_base_percustomer_passthrough
336412,bge_non-hp_base_percustomer_passthrough
337974,bge_non-hp_base_percustomer_passthrough
350701,bge_non-hp_base_percustomer_passthrough
357641,bge_non-hp_base_percustomer_passthrough
367538,bge_non-hp_base_percustomer_passthrough
367994,bge_non-hp_base_percustomer_passthrough
373327,bge_non-hp_base_percustomer_passthrough
380820,bge_non-hp_base_percustomer_passthrough
394268,bge_hp_seasonal_percustomer_passthrough
400423,bge_hp_seasonal_percustomer_passthrough
410486,bge_non-hp_base_percustomer_passthrough
413039,bge_hp_seasonal_percustomer_passthrough
335396,bge_non-hp_base_percustomer_passthrough
508914,bge_non-hp_base_percustomer_passthrough
43785,bge_non-hp_base_percustomer_passthrough
352986,bge_non-hp_base_percustomer_passthrough
303436,bge_non-hp_base_percustomer_passthrough
167972,bge_non-hp_base_percustomer_passthrough
195929,bge_non-hp_base_percustomer_passthrough
437341,bge_non-hp_base_percustomer_passthrough
437874,bge_non-hp_base_percustomer_passthrough
443693,bge_non-hp_base_percustomer_passthrough
443834,bge_non-hp_base_percustomer_passthrough
449223,bge_non-hp_base_percustomer_passthrough
449694,bge_non-hp_base_percustomer_passthrough
454985,bge_non-hp_base_percustomer_passthrough
463136,bge_non-hp_base_percustomer_passthrough
465516,bge_non-hp_base_percustomer_passthrough
470771,bge_non-hp_base_percustomer_passthrough
477610,bge_non-hp_base_percustomer_passthrough
486426,bge_non-hp_base_percustomer_passthrough
487413,bge_hp_seasonal_percustomer_passthrough
490959,bge_non-hp_base_percustomer_passthrough
492625,bge_non-hp_base_percustomer_passthrough
498623,bge_non-hp_base_percustomer_passthrough
510535,bge_non-hp_base_percustomer_passthrough
513067,bge_non-hp_base_percustomer_passthrough
515978,bge_non-hp_base_percustomer_passthrough
517802,bge_non-hp_base_percustomer_passthrough
517834,bge_non-hp_base_percustomer_passthrough
535142,bge_non-hp_base_percustomer_passthrough
536891,bge_non-hp_base_percustomer_passthrough
538784,bge_non-hp_base_percustomer_passthrough
541347,bge_non-hp_base_percustomer_passthrough
547529,bge_non-hp_base_percustomer_passthrough
547758,bge_non-hp_base_percustomer_passthrough
547786,bge_non-hp_base_percustomer_passthrough
17246,bge_non-hp_base_percustomer_passthrough
48329,bge_non-hp_base_percustomer_passthrough
90253,bge_non-hp_base_percustomer_passthrough
98688,bge_non-hp_base_percustomer_passthrough
106775,bge_non-hp_base_percustomer_passthrough
126601,bge_non-hp_base_percustomer_passthrough
127606,bge_non-hp_base_percustomer_passthrough
171422,bge_non-hp_base_percustomer_passthrough
327690,bge_non-hp_base_percustomer_passthrough
445631,bge_non-hp_base_percustomer_passthrough
466688,bge_non-hp_base_percustomer_passthrough
290375,bge_non-hp_base_percustomer_passthrough
185207,bge_hp_seasonal_percustomer_passthrough
195171,bge_non-hp_base_percustomer_passthrough
350071,bge_hp_seasonal_percustomer_passthrough
243737,bge_non-hp_base_percustomer_passthrough
358263,bge_hp_seasonal_percustomer_passthrough
182534,bge_non-hp_base_percustomer_passthrough
382119,bge_non-hp_base_percustomer_passthrough
319193,bge_non-hp_base_percustomer_passthrough
484548,bge_non-hp_base_percustomer_passthrough
145808,bge_non-hp_base_percustomer_passthrough
315008,bge_non-hp_base_percustomer_passthrough
177687,bge_non-hp_base_percustomer_passthrough
185314,bge_non-hp_base_percustomer_passthrough
206928,bge_non-hp_base_percustomer_passthrough
259525,bge_non-hp_base_percustomer_passthrough
276740,bge_non-hp_base_percustomer_passthrough
278190,bge_non-hp_base_percustomer_passthrough
328393,bge_non-hp_base_percustomer_passthrough
329657,bge_non-hp_base_percustomer_passthrough
332072,bge_non-hp_base_percustomer_passthrough
361540,bge_non-hp_base_percustomer_passthrough
435984,bge_non-hp_base_percustomer_passthrough
244291,bge_non-hp_base_percustomer_passthrough
254669,bge_non-hp_base_percustomer_passthrough
255162,bge_non-hp_base_percustomer_passthrough
265064,bge_hp_seasonal_percustomer_passthrough
265497,bge_non-hp_base_percustomer_passthrough
267565,bge_non-hp_base_percustomer_passthrough
273653,bge_non-hp_base_percustomer_passthrough
500220,bge_non-hp_base_percustomer_passthrough
545524,bge_non-hp_base_percustomer_passthrough
438300,bge_non-hp_base_percustomer_passthrough
280957,bge_non-hp_base_percustomer_passthrough
325595,bge_hp_seasonal_percustomer_passthrough
34925,bge_non-hp_base_percustomer_passthrough
33966,bge_hp_seasonal_percustomer_passthrough
288844,bge_hp_seasonal_percustomer_passthrough
334287,bge_hp_seasonal_percustomer_passthrough
419034,bge_non-hp_base_percustomer_passthrough
86347,bge_non-hp_base_percustomer_passthrough
478995,bge_non-hp_base_percustomer_passthrough
38614,bge_non-hp_base_percustomer_passthrough
97214,bge_non-hp_base_percustomer_passthrough
297761,bge_non-hp_base_percustomer_passthrough
370006,bge_non-hp_base_percustomer_passthrough
359827,bge_non-hp_base_percustomer_passthrough
294174,bge_non-hp_base_percustomer_passthrough
310852,bge_hp_seasonal_percustomer_passthrough
319087,bge_non-hp_base_percustomer_passthrough
300535,bge_hp_seasonal_percustomer_passthrough
416620,bge_non-hp_base_percustomer_passthrough
330164,bge_non-hp_base_percustomer_passthrough
395264,bge_non-hp_base_percustomer_passthrough
395334,bge_non-hp_base_percustomer_passthrough
397278,bge_non-hp_base_percustomer_passthrough
402593,bge_non-hp_base_percustomer_passthrough
405540,bge_non-hp_base_percustomer_passthrough
406199,bge_non-hp_base_percustomer_passthrough
407616,bge_non-hp_base_percustomer_passthrough
413649,bge_non-hp_base_percustomer_passthrough
158261,bge_non-hp_base_percustomer_passthrough
417207,bge_hp_seasonal_percustomer_passthrough
75634,bge_non-hp_base_percustomer_passthrough
145281,bge_hp_seasonal_percustomer_passthrough
170717,bge_non-hp_base_percustomer_passthrough
426992,bge_non-hp_base_percustomer_passthrough
492453,bge_hp_seasonal_percustomer_passthrough
494907,bge_non-hp_base_percustomer_passthrough
531462,bge_non-hp_base_percustomer_passthrough
17361,bge_non-hp_base_percustomer_passthrough
27697,bge_non-hp_base_percustomer_passthrough
54738,bge_non-hp_base_percustomer_passthrough
54746,bge_hp_seasonal_percustomer_passthrough
70986,bge_non-hp_base_percustomer_passthrough
95562,bge_non-hp_base_percustomer_passthrough
130399,bge_non-hp_base_percustomer_passthrough
168482,bge_hp_seasonal_percustomer_passthrough
165788,bge_hp_seasonal_percustomer_passthrough
273896,bge_non-hp_base_percustomer_passthrough
155210,bge_non-hp_base_percustomer_passthrough
171773,bge_hp_seasonal_percustomer_passthrough
199927,bge_non-hp_base_percustomer_passthrough
244238,bge_non-hp_base_percustomer_passthrough
265779,bge_non-hp_base_percustomer_passthrough
500356,bge_non-hp_base_percustomer_passthrough
548838,bge_non-hp_base_percustomer_passthrough
326937,bge_non-hp_base_percustomer_passthrough
286924,bge_non-hp_base_percustomer_passthrough
431959,bge_non-hp_base_percustomer_passthrough
467681,bge_non-hp_base_percustomer_passthrough
471142,bge_non-hp_base_percustomer_passthrough
491411,bge_non-hp_base_percustomer_passthrough
491603,bge_non-hp_base_percustomer_passthrough
493392,bge_non-hp_base_percustomer_passthrough
494274,bge_non-hp_base_percustomer_passthrough
496672,bge_non-hp_base_percustomer_passthrough
506322,bge_non-hp_base_percustomer_passthrough
530414,bge_hp_seasonal_percustomer_passthrough
129965,bge_non-hp_base_percustomer_passthrough
259901,bge_non-hp_base_percustomer_passthrough
399076,bge_non-hp_base_percustomer_passthrough
177316,bge_non-hp_base_percustomer_passthrough
501093,bge_non-hp_base_percustomer_passthrough
340840,bge_non-hp_base_percustomer_passthrough
398649,bge_non-hp_base_percustomer_passthrough
502876,bge_non-hp_base_percustomer_passthrough
288087,bge_hp_seasonal_percustomer_passthrough
219374,bge_non-hp_base_percustomer_passthrough
268994,bge_hp_seasonal_percustomer_passthrough
11652,bge_non-hp_base_percustomer_passthrough
34353,bge_non-hp_base_percustomer_passthrough
18092,bge_hp_seasonal_percustomer_passthrough
169429,bge_non-hp_base_percustomer_passthrough
448859,bge_non-hp_base_percustomer_passthrough
5877,bge_hp_seasonal_percustomer_passthrough
492569,bge_non-hp_base_percustomer_passthrough
23176,bge_non-hp_base_percustomer_passthrough
455414,bge_non-hp_base_percustomer_passthrough
510531,bge_hp_seasonal_percustomer_passthrough
366066,bge_non-hp_base_percustomer_passthrough
71113,bge_non-hp_base_percustomer_passthrough
440636,bge_non-hp_base_percustomer_passthrough
511294,bge_non-hp_base_percustomer_passthrough
16642,bge_non-hp_base_percustomer_passthrough
52096,bge_hp_seasonal_percustomer_passthrough
72127,bge_non-hp_base_percustomer_passthrough
230562,bge_non-hp_base_percustomer_passthrough
256256,bge_hp_seasonal_percustomer_passthrough
298057,bge_hp_seasonal_percustomer_passthrough
420221,bge_non-hp_base_percustomer_passthrough
477467,bge_non-hp_base_percustomer_passthrough
498165,bge_non-hp_base_percustomer_passthrough
518969,bge_non-hp_base_percustomer_passthrough
525335,bge_non-hp_base_percustomer_passthrough
13481,bge_non-hp_base_percustomer_passthrough
20242,bge_hp_seasonal_percustomer_passthrough
31568,bge_non-hp_base_percustomer_passthrough
49462,bge_non-hp_base_percustomer_passthrough
54963,bge_non-hp_base_percustomer_passthrough
60745,bge_hp_seasonal_percustomer_passthrough
81530,bge_non-hp_base_percustomer_passthrough
160946,bge_non-hp_base_percustomer_passthrough
303351,bge_non-hp_base_percustomer_passthrough
226443,bge_non-hp_base_percustomer_passthrough
197878,bge_non-hp_base_percustomer_passthrough
244110,bge_non-hp_base_percustomer_passthrough
211040,bge_non-hp_base_percustomer_passthrough
317290,bge_non-hp_base_percustomer_passthrough
384885,bge_non-hp_base_percustomer_passthrough
300253,bge_non-hp_base_percustomer_passthrough
313199,bge_non-hp_base_percustomer_passthrough
334552,bge_non-hp_base_percustomer_passthrough
415114,bge_non-hp_base_percustomer_passthrough
419471,bge_non-hp_base_percustomer_passthrough
443837,bge_non-hp_base_percustomer_passthrough
444309,bge_non-hp_base_percustomer_passthrough
449651,bge_hp_seasonal_percustomer_passthrough
455948,bge_non-hp_base_percustomer_passthrough
456328,bge_hp_seasonal_percustomer_passthrough
456736,bge_non-hp_base_percustomer_passthrough
456943,bge_hp_seasonal_percustomer_passthrough
470577,bge_non-hp_base_percustomer_passthrough
471320,bge_non-hp_base_percustomer_passthrough
477021,bge_non-hp_base_percustomer_passthrough
479240,bge_hp_seasonal_percustomer_passthrough
482125,bge_non-hp_base_percustomer_passthrough
492265,bge_non-hp_base_percustomer_passthrough
503917,bge_non-hp_base_percustomer_passthrough
504536,bge_non-hp_base_percustomer_passthrough
505092,bge_non-hp_base_percustomer_passthrough
505479,bge_non-hp_base_percustomer_passthrough
513859,bge_hp_seasonal_percustomer_passthrough
514437,bge_non-hp_base_percustomer_passthrough
523204,bge_non-hp_base_percustomer_passthrough
527751,bge_non-hp_base_percustomer_passthrough
539598,bge_hp_seasonal_percustomer_passthrough
545571,bge_non-hp_base_percustomer_passthrough
11424,bge_hp_seasonal_percustomer_passthrough
16809,bge_non-hp_base_percustomer_passthrough
18426,bge_non-hp_base_percustomer_passthrough
20854,bge_non-hp_base_percustomer_passthrough
23868,bge_non-hp_base_percustomer_passthrough
36923,bge_non-hp_base_percustomer_passthrough
38254,bge_hp_seasonal_percustomer_passthrough
58725,bge_hp_seasonal_percustomer_passthrough
66521,bge_non-hp_base_percustomer_passthrough
68830,bge_non-hp_base_percustomer_passthrough
70467,bge_non-hp_base_percustomer_passthrough
80190,bge_non-hp_base_percustomer_passthrough
80326,bge_non-hp_base_percustomer_passthrough
81706,bge_non-hp_base_percustomer_passthrough
94646,bge_non-hp_base_percustomer_passthrough
96350,bge_hp_seasonal_percustomer_passthrough
105380,bge_non-hp_base_percustomer_passthrough
111011,bge_non-hp_base_percustomer_passthrough
118368,bge_non-hp_base_percustomer_passthrough
386705,bge_hp_seasonal_percustomer_passthrough
374458,bge_non-hp_base_percustomer_passthrough
324641,bge_hp_seasonal_percustomer_passthrough
360786,bge_non-hp_base_percustomer_passthrough
331188,bge_non-hp_base_percustomer_passthrough
351354,bge_hp_seasonal_percustomer_passthrough
194358,bge_non-hp_base_percustomer_passthrough
157248,bge_non-hp_base_percustomer_passthrough
228543,bge_non-hp_base_percustomer_passthrough
159574,bge_non-hp_base_percustomer_passthrough
319417,bge_hp_seasonal_percustomer_passthrough
172625,bge_non-hp_base_percustomer_passthrough
198557,bge_non-hp_base_percustomer_passthrough
221903,bge_non-hp_base_percustomer_passthrough
299507,bge_non-hp_base_percustomer_passthrough
138264,bge_non-hp_base_percustomer_passthrough
147573,bge_non-hp_base_percustomer_passthrough
151682,bge_non-hp_base_percustomer_passthrough
166248,bge_hp_seasonal_percustomer_passthrough
171421,bge_non-hp_base_percustomer_passthrough
171568,bge_non-hp_base_percustomer_passthrough
172622,bge_non-hp_base_percustomer_passthrough
172974,bge_non-hp_base_percustomer_passthrough
174731,bge_non-hp_base_percustomer_passthrough
179631,bge_non-hp_base_percustomer_passthrough
183157,bge_non-hp_base_percustomer_passthrough
184661,bge_non-hp_base_percustomer_passthrough
189490,bge_non-hp_base_percustomer_passthrough
190402,bge_non-hp_base_percustomer_passthrough
201923,bge_non-hp_base_percustomer_passthrough
202731,bge_hp_seasonal_percustomer_passthrough
205109,bge_non-hp_base_percustomer_passthrough
213252,bge_non-hp_base_percustomer_passthrough
215986,bge_non-hp_base_percustomer_passthrough
222664,bge_non-hp_base_percustomer_passthrough
225211,bge_non-hp_base_percustomer_passthrough
225852,bge_hp_seasonal_percustomer_passthrough
226557,bge_non-hp_base_percustomer_passthrough
239689,bge_non-hp_base_percustomer_passthrough
239723,bge_non-hp_base_percustomer_passthrough
240461,bge_non-hp_base_percustomer_passthrough
243286,bge_non-hp_base_percustomer_passthrough
244282,bge_non-hp_base_percustomer_passthrough
244768,bge_non-hp_base_percustomer_passthrough
244963,bge_hp_seasonal_percustomer_passthrough
249162,bge_non-hp_base_percustomer_passthrough
262376,bge_non-hp_base_percustomer_passthrough
269523,bge_hp_seasonal_percustomer_passthrough
273965,bge_hp_seasonal_percustomer_passthrough
381889,bge_non-hp_base_percustomer_passthrough
365250,bge_non-hp_base_percustomer_passthrough
303738,bge_non-hp_base_percustomer_passthrough
324723,bge_non-hp_base_percustomer_passthrough
359646,bge_non-hp_base_percustomer_passthrough
350366,bge_non-hp_base_percustomer_passthrough
324212,bge_hp_seasonal_percustomer_passthrough
323401,bge_non-hp_base_percustomer_passthrough
279667,bge_non-hp_base_percustomer_passthrough
293946,bge_non-hp_base_percustomer_passthrough
313723,bge_non-hp_base_percustomer_passthrough
319922,bge_hp_seasonal_percustomer_passthrough
327729,bge_non-hp_base_percustomer_passthrough
336288,bge_non-hp_base_percustomer_passthrough
337481,bge_non-hp_base_percustomer_passthrough
344389,bge_non-hp_base_percustomer_passthrough
358584,bge_non-hp_base_percustomer_passthrough
360091,bge_non-hp_base_percustomer_passthrough
360291,bge_non-hp_base_percustomer_passthrough
371411,bge_non-hp_base_percustomer_passthrough
384287,bge_hp_seasonal_percustomer_passthrough
407975,bge_non-hp_base_percustomer_passthrough
3100,bge_non-hp_base_percustomer_passthrough
242246,bge_non-hp_base_percustomer_passthrough
333818,bge_hp_seasonal_percustomer_passthrough
209213,bge_non-hp_base_percustomer_passthrough
432590,bge_hp_seasonal_percustomer_passthrough
445473,bge_hp_seasonal_percustomer_passthrough
448949,bge_non-hp_base_percustomer_passthrough
451760,bge_non-hp_base_percustomer_passthrough
455372,bge_non-hp_base_percustomer_passthrough
458495,bge_non-hp_base_percustomer_passthrough
461450,bge_non-hp_base_percustomer_passthrough
469712,bge_non-hp_base_percustomer_passthrough
475435,bge_non-hp_base_percustomer_passthrough
475692,bge_non-hp_base_percustomer_passthrough
484838,bge_non-hp_base_percustomer_passthrough
488348,bge_non-hp_base_percustomer_passthrough
494882,bge_non-hp_base_percustomer_passthrough
500033,bge_hp_seasonal_percustomer_passthrough
503165,bge_hp_seasonal_percustomer_passthrough
504418,bge_non-hp_base_percustomer_passthrough
505205,bge_non-hp_base_percustomer_passthrough
507654,bge_non-hp_base_percustomer_passthrough
517147,bge_non-hp_base_percustomer_passthrough
517703,bge_non-hp_base_percustomer_passthrough
518110,bge_non-hp_base_percustomer_passthrough
523580,bge_non-hp_base_percustomer_passthrough
525866,bge_non-hp_base_percustomer_passthrough
526129,bge_non-hp_base_percustomer_passthrough
532243,bge_non-hp_base_percustomer_passthrough
538808,bge_non-hp_base_percustomer_passthrough
542112,bge_hp_seasonal_percustomer_passthrough
542522,bge_hp_seasonal_percustomer_passthrough
547535,bge_non-hp_base_percustomer_passthrough
37167,bge_non-hp_base_percustomer_passthrough
61716,bge_non-hp_base_percustomer_passthrough
67161,bge_non-hp_base_percustomer_passthrough
67607,bge_non-hp_base_percustomer_passthrough
83378,bge_hp_seasonal_percustomer_passthrough
83434,bge_non-hp_base_percustomer_passthrough
90067,bge_hp_seasonal_percustomer_passthrough
96910,bge_hp_seasonal_percustomer_passthrough
117394,bge_non-hp_base_percustomer_passthrough
117589,bge_hp_seasonal_percustomer_passthrough
458368,bge_non-hp_base_percustomer_passthrough
481384,bge_non-hp_base_percustomer_passthrough
272769,bge_hp_seasonal_percustomer_passthrough
409703,bge_non-hp_base_percustomer_passthrough
490467,bge_hp_seasonal_percustomer_passthrough
303729,bge_non-hp_base_percustomer_passthrough
298608,bge_non-hp_base_percustomer_passthrough
337233,bge_hp_seasonal_percustomer_passthrough
425319,bge_non-hp_base_percustomer_passthrough
458726,bge_non-hp_base_percustomer_passthrough
405215,bge_non-hp_base_percustomer_passthrough
260635,bge_non-hp_base_percustomer_passthrough
325987,bge_hp_seasonal_percustomer_passthrough
275596,bge_non-hp_base_percustomer_passthrough
149335,bge_hp_seasonal_percustomer_passthrough
163278,bge_non-hp_base_percustomer_passthrough
275035,bge_non-hp_base_percustomer_passthrough
391545,bge_non-hp_base_percustomer_passthrough
357400,bge_hp_seasonal_percustomer_passthrough
301584,bge_non-hp_base_percustomer_passthrough
324939,bge_non-hp_base_percustomer_passthrough
162916,bge_non-hp_base_percustomer_passthrough
420711,bge_non-hp_base_percustomer_passthrough
220719,bge_non-hp_base_percustomer_passthrough
243390,bge_non-hp_base_percustomer_passthrough
251961,bge_hp_seasonal_percustomer_passthrough
263034,bge_hp_seasonal_percustomer_passthrough
264262,bge_non-hp_base_percustomer_passthrough
276988,bge_non-hp_base_percustomer_passthrough
540858,bge_hp_seasonal_percustomer_passthrough
404607,bge_non-hp_base_percustomer_passthrough
31101,bge_non-hp_base_percustomer_passthrough
408972,bge_non-hp_base_percustomer_passthrough
388226,bge_non-hp_base_percustomer_passthrough
87934,bge_non-hp_base_percustomer_passthrough
90980,bge_non-hp_base_percustomer_passthrough
279701,bge_non-hp_base_percustomer_passthrough
432047,bge_non-hp_base_percustomer_passthrough
32511,bge_non-hp_base_percustomer_passthrough
88382,bge_hp_seasonal_percustomer_passthrough
387047,bge_non-hp_base_percustomer_passthrough
13886,bge_non-hp_base_percustomer_passthrough
25688,bge_non-hp_base_percustomer_passthrough
27886,bge_hp_seasonal_percustomer_passthrough
77488,bge_non-hp_base_percustomer_passthrough
290492,bge_non-hp_base_percustomer_passthrough
401413,bge_non-hp_base_percustomer_passthrough
343060,bge_non-hp_base_percustomer_passthrough
341009,bge_non-hp_base_percustomer_passthrough
353134,bge_non-hp_base_percustomer_passthrough
375039,bge_hp_seasonal_percustomer_passthrough
374862,bge_non-hp_base_percustomer_passthrough
378485,bge_hp_seasonal_percustomer_passthrough
412665,bge_non-hp_base_percustomer_passthrough
463786,bge_hp_seasonal_percustomer_passthrough
119625,bge_non-hp_base_percustomer_passthrough
135045,bge_hp_seasonal_percustomer_passthrough
434024,bge_non-hp_base_percustomer_passthrough
52305,bge_hp_seasonal_percustomer_passthrough
61305,bge_hp_seasonal_percustomer_passthrough
110671,bge_non-hp_base_percustomer_passthrough
76290,bge_non-hp_base_percustomer_passthrough
49837,bge_hp_seasonal_percustomer_passthrough
207091,bge_non-hp_base_percustomer_passthrough
41212,bge_non-hp_base_percustomer_passthrough
468159,bge_non-hp_base_percustomer_passthrough
26958,bge_hp_seasonal_percustomer_passthrough
34795,bge_non-hp_base_percustomer_passthrough
40146,bge_non-hp_base_percustomer_passthrough
41967,bge_non-hp_base_percustomer_passthrough
45803,bge_non-hp_base_percustomer_passthrough
219339,bge_non-hp_base_percustomer_passthrough
271810,bge_non-hp_base_percustomer_passthrough
201693,bge_non-hp_base_percustomer_passthrough
168949,bge_hp_seasonal_percustomer_passthrough
230367,bge_non-hp_base_percustomer_passthrough
238072,bge_non-hp_base_percustomer_passthrough
36618,bge_hp_seasonal_percustomer_passthrough
409277,bge_hp_seasonal_percustomer_passthrough
285929,bge_non-hp_base_percustomer_passthrough
305753,bge_non-hp_base_percustomer_passthrough
471261,bge_hp_seasonal_percustomer_passthrough
483998,bge_non-hp_base_percustomer_passthrough
509512,bge_non-hp_base_percustomer_passthrough
513566,bge_non-hp_base_percustomer_passthrough
514132,bge_non-hp_base_percustomer_passthrough
523036,bge_non-hp_base_percustomer_passthrough
528560,bge_non-hp_base_percustomer_passthrough
539887,bge_hp_seasonal_percustomer_passthrough
544099,bge_non-hp_base_percustomer_passthrough
101816,bge_non-hp_base_percustomer_passthrough
179549,bge_hp_seasonal_percustomer_passthrough
366031,bge_hp_seasonal_percustomer_passthrough
232062,bge_non-hp_base_percustomer_passthrough
452365,bge_non-hp_base_percustomer_passthrough
457162,bge_non-hp_base_percustomer_passthrough
493547,bge_non-hp_base_percustomer_passthrough
80577,bge_non-hp_base_percustomer_passthrough
281868,bge_non-hp_base_percustomer_passthrough
385745,bge_non-hp_base_percustomer_passthrough
214081,bge_hp_seasonal_percustomer_passthrough
30204,bge_non-hp_base_percustomer_passthrough
222365,bge_hp_seasonal_percustomer_passthrough
510992,bge_non-hp_base_percustomer_passthrough
418678,bge_non-hp_base_percustomer_passthrough
504446,bge_non-hp_base_percustomer_passthrough
323293,bge_non-hp_base_percustomer_passthrough
474463,bge_non-hp_base_percustomer_passthrough
358989,bge_non-hp_base_percustomer_passthrough
374398,bge_non-hp_base_percustomer_passthrough
15235,bge_non-hp_base_percustomer_passthrough
90323,bge_non-hp_base_percustomer_passthrough
480059,bge_non-hp_base_percustomer_passthrough
64494,bge_hp_seasonal_percustomer_passthrough
144545,bge_non-hp_base_percustomer_passthrough
476008,bge_non-hp_base_percustomer_passthrough
55383,bge_non-hp_base_percustomer_passthrough
286926,bge_hp_seasonal_percustomer_passthrough
319801,bge_non-hp_base_percustomer_passthrough
485968,bge_hp_seasonal_percustomer_passthrough
522157,bge_non-hp_base_percustomer_passthrough
28350,bge_hp_seasonal_percustomer_passthrough
32591,bge_non-hp_base_percustomer_passthrough
75187,bge_non-hp_base_percustomer_passthrough
88105,bge_non-hp_base_percustomer_passthrough
100268,bge_non-hp_base_percustomer_passthrough
309024,bge_non-hp_base_percustomer_passthrough
230314,bge_non-hp_base_percustomer_passthrough
193112,bge_non-hp_base_percustomer_passthrough
232659,bge_non-hp_base_percustomer_passthrough
240335,bge_non-hp_base_percustomer_passthrough
243237,bge_non-hp_base_percustomer_passthrough
272886,bge_non-hp_base_percustomer_passthrough
393381,bge_non-hp_base_percustomer_passthrough
278009,bge_non-hp_base_percustomer_passthrough
364442,bge_non-hp_base_percustomer_passthrough
288737,bge_hp_seasonal_percustomer_passthrough
305948,bge_non-hp_base_percustomer_passthrough
308107,bge_non-hp_base_percustomer_passthrough
313345,bge_non-hp_base_percustomer_passthrough
382318,bge_hp_seasonal_percustomer_passthrough
386110,bge_non-hp_base_percustomer_passthrough
415835,bge_non-hp_base_percustomer_passthrough
418211,bge_non-hp_base_percustomer_passthrough
419718,bge_non-hp_base_percustomer_passthrough
421031,bge_non-hp_base_percustomer_passthrough
429046,bge_non-hp_base_percustomer_passthrough
435494,bge_non-hp_base_percustomer_passthrough
440795,bge_hp_seasonal_percustomer_passthrough
448637,bge_hp_seasonal_percustomer_passthrough
448860,bge_non-hp_base_percustomer_passthrough
449309,bge_non-hp_base_percustomer_passthrough
463105,bge_non-hp_base_percustomer_passthrough
463769,bge_non-hp_base_percustomer_passthrough
468661,bge_non-hp_base_percustomer_passthrough
475124,bge_hp_seasonal_percustomer_passthrough
475538,bge_non-hp_base_percustomer_passthrough
475670,bge_hp_seasonal_percustomer_passthrough
488893,bge_hp_seasonal_percustomer_passthrough
506365,bge_hp_seasonal_percustomer_passthrough
14828,bge_non-hp_base_percustomer_passthrough
3222,bge_non-hp_base_percustomer_passthrough
7710,bge_non-hp_base_percustomer_passthrough
8361,bge_non-hp_base_percustomer_passthrough
10764,bge_non-hp_base_percustomer_passthrough
13382,bge_non-hp_base_percustomer_passthrough
14322,bge_non-hp_base_percustomer_passthrough
16650,bge_hp_seasonal_percustomer_passthrough
27282,bge_non-hp_base_percustomer_passthrough
33208,bge_non-hp_base_percustomer_passthrough
37055,bge_non-hp_base_percustomer_passthrough
37775,bge_non-hp_base_percustomer_passthrough
41191,bge_non-hp_base_percustomer_passthrough
43708,bge_non-hp_base_percustomer_passthrough
45700,bge_non-hp_base_percustomer_passthrough
47492,bge_non-hp_base_percustomer_passthrough
49066,bge_hp_seasonal_percustomer_passthrough
51134,bge_hp_seasonal_percustomer_passthrough
52004,bge_non-hp_base_percustomer_passthrough
56040,bge_non-hp_base_percustomer_passthrough
60981,bge_non-hp_base_percustomer_passthrough
62192,bge_hp_seasonal_percustomer_passthrough
64813,bge_non-hp_base_percustomer_passthrough
69224,bge_non-hp_base_percustomer_passthrough
69798,bge_hp_seasonal_percustomer_passthrough
72362,bge_non-hp_base_percustomer_passthrough
74960,bge_hp_seasonal_percustomer_passthrough
82473,bge_hp_seasonal_percustomer_passthrough
82668,bge_hp_seasonal_percustomer_passthrough
82838,bge_non-hp_base_percustomer_passthrough
90345,bge_non-hp_base_percustomer_passthrough
93087,bge_non-hp_base_percustomer_passthrough
96143,bge_hp_seasonal_percustomer_passthrough
100620,bge_hp_seasonal_percustomer_passthrough
103366,bge_non-hp_base_percustomer_passthrough
105631,bge_non-hp_base_percustomer_passthrough
107240,bge_non-hp_base_percustomer_passthrough
108994,bge_hp_seasonal_percustomer_passthrough
110051,bge_non-hp_base_percustomer_passthrough
115161,bge_hp_seasonal_percustomer_passthrough
118731,bge_non-hp_base_percustomer_passthrough
119983,bge_non-hp_base_percustomer_passthrough
126665,bge_non-hp_base_percustomer_passthrough
131353,bge_non-hp_base_percustomer_passthrough
333499,bge_non-hp_base_percustomer_passthrough
186612,bge_non-hp_base_percustomer_passthrough
266556,bge_non-hp_base_percustomer_passthrough
349252,bge_hp_seasonal_percustomer_passthrough
231415,bge_non-hp_base_percustomer_passthrough
332842,bge_non-hp_base_percustomer_passthrough
350547,bge_non-hp_base_percustomer_passthrough
372428,bge_non-hp_base_percustomer_passthrough
305725,bge_non-hp_base_percustomer_passthrough
263210,bge_hp_seasonal_percustomer_passthrough
192152,bge_hp_seasonal_percustomer_passthrough
370771,bge_non-hp_base_percustomer_passthrough
308643,bge_non-hp_base_percustomer_passthrough
410112,bge_non-hp_base_percustomer_passthrough
409963,bge_non-hp_base_percustomer_passthrough
142603,bge_non-hp_base_percustomer_passthrough
145552,bge_non-hp_base_percustomer_passthrough
152284,bge_hp_seasonal_percustomer_passthrough
156108,bge_non-hp_base_percustomer_passthrough
156545,bge_non-hp_base_percustomer_passthrough
158470,bge_non-hp_base_percustomer_passthrough
158650,bge_non-hp_base_percustomer_passthrough
166153,bge_hp_seasonal_percustomer_passthrough
167165,bge_non-hp_base_percustomer_passthrough
169458,bge_non-hp_base_percustomer_passthrough
175379,bge_non-hp_base_percustomer_passthrough
179292,bge_non-hp_base_percustomer_passthrough
183714,bge_non-hp_base_percustomer_passthrough
194664,bge_non-hp_base_percustomer_passthrough
196804,bge_non-hp_base_percustomer_passthrough
198135,bge_non-hp_base_percustomer_passthrough
200886,bge_non-hp_base_percustomer_passthrough
206647,bge_hp_seasonal_percustomer_passthrough
214729,bge_non-hp_base_percustomer_passthrough
222460,bge_hp_seasonal_percustomer_passthrough
234301,bge_non-hp_base_percustomer_passthrough
235773,bge_non-hp_base_percustomer_passthrough
241540,bge_non-hp_base_percustomer_passthrough
243725,bge_non-hp_base_percustomer_passthrough
256970,bge_non-hp_base_percustomer_passthrough
264270,bge_non-hp_base_percustomer_passthrough
266345,bge_non-hp_base_percustomer_passthrough
294550,bge_non-hp_base_percustomer_passthrough
318904,bge_non-hp_base_percustomer_passthrough
403009,bge_non-hp_base_percustomer_passthrough
281216,bge_hp_seasonal_percustomer_passthrough
395878,bge_hp_seasonal_percustomer_passthrough
316266,bge_non-hp_base_percustomer_passthrough
283456,bge_non-hp_base_percustomer_passthrough
284261,bge_non-hp_base_percustomer_passthrough
287560,bge_non-hp_base_percustomer_passthrough
294281,bge_non-hp_base_percustomer_passthrough
294450,bge_non-hp_base_percustomer_passthrough
301079,bge_hp_seasonal_percustomer_passthrough
303682,bge_non-hp_base_percustomer_passthrough
307290,bge_non-hp_base_percustomer_passthrough
310642,bge_non-hp_base_percustomer_passthrough
318491,bge_hp_seasonal_percustomer_passthrough
324671,bge_non-hp_base_percustomer_passthrough
350901,bge_hp_seasonal_percustomer_passthrough
364232,bge_non-hp_base_percustomer_passthrough
365286,bge_non-hp_base_percustomer_passthrough
366511,bge_non-hp_base_percustomer_passthrough
376067,bge_non-hp_base_percustomer_passthrough
379604,bge_non-hp_base_percustomer_passthrough
386933,bge_non-hp_base_percustomer_passthrough
401479,bge_non-hp_base_percustomer_passthrough
401735,bge_non-hp_base_percustomer_passthrough
413691,bge_hp_seasonal_percustomer_passthrough
79641,bge_non-hp_base_percustomer_passthrough
251055,bge_hp_seasonal_percustomer_passthrough
211327,bge_non-hp_base_percustomer_passthrough
411653,bge_non-hp_base_percustomer_passthrough
401632,bge_non-hp_base_percustomer_passthrough
88131,bge_non-hp_base_percustomer_passthrough
104998,bge_non-hp_base_percustomer_passthrough
164081,bge_hp_seasonal_percustomer_passthrough
251059,bge_non-hp_base_percustomer_passthrough
297639,bge_non-hp_base_percustomer_passthrough
378233,bge_non-hp_base_percustomer_passthrough
415251,bge_hp_seasonal_percustomer_passthrough
421181,bge_non-hp_base_percustomer_passthrough
450817,bge_non-hp_base_percustomer_passthrough
458830,bge_non-hp_base_percustomer_passthrough
466090,bge_non-hp_base_percustomer_passthrough
467158,bge_hp_seasonal_percustomer_passthrough
470159,bge_non-hp_base_percustomer_passthrough
478665,bge_non-hp_base_percustomer_passthrough
494388,bge_non-hp_base_percustomer_passthrough
499136,bge_non-hp_base_percustomer_passthrough
515541,bge_hp_seasonal_percustomer_passthrough
516064,bge_non-hp_base_percustomer_passthrough
527915,bge_non-hp_base_percustomer_passthrough
535897,bge_non-hp_base_percustomer_passthrough
537817,bge_non-hp_base_percustomer_passthrough
538798,bge_non-hp_base_percustomer_passthrough
542190,bge_non-hp_base_percustomer_passthrough
80706,bge_hp_seasonal_percustomer_passthrough
104049,bge_non-hp_base_percustomer_passthrough
119190,bge_hp_seasonal_percustomer_passthrough
121469,bge_non-hp_base_percustomer_passthrough
122520,bge_non-hp_base_percustomer_passthrough
123337,bge_non-hp_base_percustomer_passthrough
124274,bge_hp_seasonal_percustomer_passthrough
129848,bge_non-hp_base_percustomer_passthrough
428959,bge_hp_seasonal_percustomer_passthrough
354617,bge_non-hp_base_percustomer_passthrough
368789,bge_non-hp_base_percustomer_passthrough
372763,bge_non-hp_base_percustomer_passthrough
216117,bge_non-hp_base_percustomer_passthrough
260724,bge_non-hp_base_percustomer_passthrough
313140,bge_non-hp_base_percustomer_passthrough
241099,bge_non-hp_base_percustomer_passthrough
446678,bge_non-hp_base_percustomer_passthrough
338055,bge_non-hp_base_percustomer_passthrough
275894,bge_non-hp_base_percustomer_passthrough
498562,bge_non-hp_base_percustomer_passthrough
268787,bge_non-hp_base_percustomer_passthrough
253520,bge_non-hp_base_percustomer_passthrough
185784,bge_non-hp_base_percustomer_passthrough
195328,bge_non-hp_base_percustomer_passthrough
215859,bge_non-hp_base_percustomer_passthrough
397907,bge_non-hp_base_percustomer_passthrough
280619,bge_hp_seasonal_percustomer_passthrough
396095,bge_non-hp_base_percustomer_passthrough
204269,bge_non-hp_base_percustomer_passthrough
222730,bge_non-hp_base_percustomer_passthrough
237343,bge_non-hp_base_percustomer_passthrough
253471,bge_non-hp_base_percustomer_passthrough
260650,bge_non-hp_base_percustomer_passthrough
273525,bge_non-hp_base_percustomer_passthrough
409225,bge_non-hp_base_percustomer_passthrough
363082,bge_non-hp_base_percustomer_passthrough
36149,bge_non-hp_base_percustomer_passthrough
340335,bge_hp_seasonal_percustomer_passthrough
1108,bge_non-hp_base_percustomer_passthrough
138461,bge_hp_seasonal_percustomer_passthrough
436763,bge_non-hp_base_percustomer_passthrough
9521,bge_non-hp_base_percustomer_passthrough
42854,bge_non-hp_base_percustomer_passthrough
95421,bge_non-hp_base_percustomer_passthrough
378166,bge_non-hp_base_percustomer_passthrough
352490,bge_non-hp_base_percustomer_passthrough
319489,bge_non-hp_base_percustomer_passthrough
351622,bge_non-hp_base_percustomer_passthrough
310780,bge_non-hp_base_percustomer_passthrough
342065,bge_non-hp_base_percustomer_passthrough
372738,bge_non-hp_base_percustomer_passthrough
385320,bge_non-hp_base_percustomer_passthrough
387668,bge_hp_seasonal_percustomer_passthrough
390801,bge_non-hp_base_percustomer_passthrough
412226,bge_non-hp_base_percustomer_passthrough
507358,bge_non-hp_base_percustomer_passthrough
97706,bge_non-hp_base_percustomer_passthrough
231435,bge_non-hp_base_percustomer_passthrough
275951,bge_non-hp_base_percustomer_passthrough
467967,bge_non-hp_base_percustomer_passthrough
89131,bge_non-hp_base_percustomer_passthrough
10701,bge_non-hp_base_percustomer_passthrough
36592,bge_non-hp_base_percustomer_passthrough
451073,bge_non-hp_base_percustomer_passthrough
265522,bge_non-hp_base_percustomer_passthrough
50815,bge_non-hp_base_percustomer_passthrough
53109,bge_non-hp_base_percustomer_passthrough
149292,bge_non-hp_base_percustomer_passthrough
42467,bge_non-hp_base_percustomer_passthrough
79971,bge_non-hp_base_percustomer_passthrough
245803,bge_non-hp_base_percustomer_passthrough
137653,bge_hp_seasonal_percustomer_passthrough
158458,bge_hp_seasonal_percustomer_passthrough
202115,bge_non-hp_base_percustomer_passthrough
216826,bge_non-hp_base_percustomer_passthrough
230463,bge_hp_seasonal_percustomer_passthrough
430934,bge_non-hp_base_percustomer_passthrough
445690,bge_non-hp_base_percustomer_passthrough
463527,bge_non-hp_base_percustomer_passthrough
487696,bge_non-hp_base_percustomer_passthrough
502269,bge_non-hp_base_percustomer_passthrough
514959,bge_non-hp_base_percustomer_passthrough
532908,bge_hp_seasonal_percustomer_passthrough
546550,bge_non-hp_base_percustomer_passthrough
548973,bge_non-hp_base_percustomer_passthrough
97959,bge_non-hp_base_percustomer_passthrough
107712,bge_non-hp_base_percustomer_passthrough
123936,bge_non-hp_base_percustomer_passthrough
135692,bge_non-hp_base_percustomer_passthrough
371979,bge_non-hp_base_percustomer_passthrough
285613,bge_hp_seasonal_percustomer_passthrough
354185,bge_non-hp_base_percustomer_passthrough
217458,bge_non-hp_base_percustomer_passthrough
382128,bge_non-hp_base_percustomer_passthrough
532662,bge_non-hp_base_percustomer_passthrough
136492,bge_non-hp_base_percustomer_passthrough
320961,bge_non-hp_base_percustomer_passthrough
371566,bge_non-hp_base_percustomer_passthrough
396996,bge_non-hp_base_percustomer_passthrough
403112,bge_non-hp_base_percustomer_passthrough
69853,bge_hp_seasonal_percustomer_passthrough
143015,bge_non-hp_base_percustomer_passthrough
472136,bge_hp_seasonal_percustomer_passthrough
488261,bge_non-hp_base_percustomer_passthrough
525830,bge_non-hp_base_percustomer_passthrough
267098,bge_non-hp_base_percustomer_passthrough
403367,bge_hp_seasonal_percustomer_passthrough
45139,bge_non-hp_base_percustomer_passthrough
424024,bge_non-hp_base_percustomer_passthrough
440390,bge_non-hp_base_percustomer_passthrough
376605,bge_non-hp_base_percustomer_passthrough
22122,bge_non-hp_base_percustomer_passthrough
195771,bge_non-hp_base_percustomer_passthrough
195991,bge_non-hp_base_percustomer_passthrough
203760,bge_non-hp_base_percustomer_passthrough
514026,bge_hp_seasonal_percustomer_passthrough
529771,bge_non-hp_base_percustomer_passthrough
549914,bge_non-hp_base_percustomer_passthrough
560,bge_non-hp_base_percustomer_passthrough
6625,bge_non-hp_base_percustomer_passthrough
8875,bge_non-hp_base_percustomer_passthrough
65782,bge_non-hp_base_percustomer_passthrough
68612,bge_non-hp_base_percustomer_passthrough
84047,bge_non-hp_base_percustomer_passthrough
88389,bge_non-hp_base_percustomer_passthrough
107487,bge_non-hp_base_percustomer_passthrough
121357,bge_hp_seasonal_percustomer_passthrough
122623,bge_non-hp_base_percustomer_passthrough
373981,bge_hp_seasonal_percustomer_passthrough
332419,bge_non-hp_base_percustomer_passthrough
360052,bge_non-hp_base_percustomer_passthrough
141694,bge_non-hp_base_percustomer_passthrough
338350,bge_non-hp_base_percustomer_passthrough
349816,bge_non-hp_base_percustomer_passthrough
174345,bge_non-hp_base_percustomer_passthrough
220976,bge_hp_seasonal_percustomer_passthrough
292311,bge_non-hp_base_percustomer_passthrough
278625,bge_non-hp_base_percustomer_passthrough
299559,bge_non-hp_base_percustomer_passthrough
336302,bge_non-hp_base_percustomer_passthrough
420091,bge_non-hp_base_percustomer_passthrough
442850,bge_hp_seasonal_percustomer_passthrough
444539,bge_hp_seasonal_percustomer_passthrough
455035,bge_non-hp_base_percustomer_passthrough
456317,bge_non-hp_base_percustomer_passthrough
467575,bge_non-hp_base_percustomer_passthrough
470621,bge_non-hp_base_percustomer_passthrough
485377,bge_hp_seasonal_percustomer_passthrough
516347,bge_non-hp_base_percustomer_passthrough
521123,bge_non-hp_base_percustomer_passthrough
534487,bge_non-hp_base_percustomer_passthrough
548169,bge_hp_seasonal_percustomer_passthrough
36117,bge_non-hp_base_percustomer_passthrough
1995,bge_non-hp_base_percustomer_passthrough
10406,bge_non-hp_base_percustomer_passthrough
13500,bge_non-hp_base_percustomer_passthrough
17119,bge_hp_seasonal_percustomer_passthrough
17417,bge_non-hp_base_percustomer_passthrough
18774,bge_non-hp_base_percustomer_passthrough
20428,bge_non-hp_base_percustomer_passthrough
27281,bge_non-hp_base_percustomer_passthrough
32504,bge_non-hp_base_percustomer_passthrough
38834,bge_non-hp_base_percustomer_passthrough
39586,bge_non-hp_base_percustomer_passthrough
43377,bge_non-hp_base_percustomer_passthrough
47613,bge_hp_seasonal_percustomer_passthrough
50801,bge_non-hp_base_percustomer_passthrough
51121,bge_non-hp_base_percustomer_passthrough
55138,bge_hp_seasonal_percustomer_passthrough
61270,bge_non-hp_base_percustomer_passthrough
66287,bge_non-hp_base_percustomer_passthrough
68378,bge_non-hp_base_percustomer_passthrough
77750,bge_non-hp_base_percustomer_passthrough
91438,bge_non-hp_base_percustomer_passthrough
92522,bge_non-hp_base_percustomer_passthrough
97345,bge_non-hp_base_percustomer_passthrough
97881,bge_non-hp_base_percustomer_passthrough
98963,bge_non-hp_base_percustomer_passthrough
103518,bge_non-hp_base_percustomer_passthrough
106108,bge_non-hp_base_percustomer_passthrough
107369,bge_non-hp_base_percustomer_passthrough
108574,bge_non-hp_base_percustomer_passthrough
113736,bge_non-hp_base_percustomer_passthrough
117474,bge_non-hp_base_percustomer_passthrough
128957,bge_non-hp_base_percustomer_passthrough
314521,bge_non-hp_base_percustomer_passthrough
402004,bge_non-hp_base_percustomer_passthrough
208942,bge_non-hp_base_percustomer_passthrough
174500,bge_hp_seasonal_percustomer_passthrough
323334,bge_non-hp_base_percustomer_passthrough
330228,bge_non-hp_base_percustomer_passthrough
211197,bge_non-hp_base_percustomer_passthrough
165090,bge_non-hp_base_percustomer_passthrough
194856,bge_non-hp_base_percustomer_passthrough
258116,bge_hp_seasonal_percustomer_passthrough
297039,bge_hp_seasonal_percustomer_passthrough
139476,bge_non-hp_base_percustomer_passthrough
187707,bge_non-hp_base_percustomer_passthrough
137806,bge_non-hp_base_percustomer_passthrough
143251,bge_non-hp_base_percustomer_passthrough
144291,bge_non-hp_base_percustomer_passthrough
151113,bge_non-hp_base_percustomer_passthrough
167920,bge_hp_seasonal_percustomer_passthrough
201037,bge_hp_seasonal_percustomer_passthrough
218649,bge_non-hp_base_percustomer_passthrough
224021,bge_non-hp_base_percustomer_passthrough
236096,bge_non-hp_base_percustomer_passthrough
238778,bge_non-hp_base_percustomer_passthrough
239941,bge_non-hp_base_percustomer_passthrough
251093,bge_non-hp_base_percustomer_passthrough
258060,bge_non-hp_base_percustomer_passthrough
263307,bge_non-hp_base_percustomer_passthrough
264158,bge_non-hp_base_percustomer_passthrough
265623,bge_non-hp_base_percustomer_passthrough
271905,bge_non-hp_base_percustomer_passthrough
346465,bge_non-hp_base_percustomer_passthrough
400872,bge_hp_seasonal_percustomer_passthrough
350643,bge_hp_seasonal_percustomer_passthrough
278524,bge_non-hp_base_percustomer_passthrough
365545,bge_non-hp_base_percustomer_passthrough
355318,bge_non-hp_base_percustomer_passthrough
280863,bge_non-hp_base_percustomer_passthrough
281899,bge_non-hp_base_percustomer_passthrough
284315,bge_non-hp_base_percustomer_passthrough
299674,bge_non-hp_base_percustomer_passthrough
302952,bge_non-hp_base_percustomer_passthrough
314252,bge_non-hp_base_percustomer_passthrough
322492,bge_non-hp_base_percustomer_passthrough
324610,bge_non-hp_base_percustomer_passthrough
325993,bge_non-hp_base_percustomer_passthrough
326137,bge_hp_seasonal_percustomer_passthrough
345084,bge_non-hp_base_percustomer_passthrough
358659,bge_non-hp_base_percustomer_passthrough
377252,bge_non-hp_base_percustomer_passthrough
378334,bge_non-hp_base_percustomer_passthrough
378975,bge_non-hp_base_percustomer_passthrough
386339,bge_non-hp_base_percustomer_passthrough
389452,bge_non-hp_base_percustomer_passthrough
390615,bge_non-hp_base_percustomer_passthrough
397237,bge_non-hp_base_percustomer_passthrough
408653,bge_non-hp_base_percustomer_passthrough
215498,bge_non-hp_base_percustomer_passthrough
183521,bge_non-hp_base_percustomer_passthrough
486871,bge_non-hp_base_percustomer_passthrough
127137,bge_non-hp_base_percustomer_passthrough
163172,bge_non-hp_base_percustomer_passthrough
168974,bge_hp_seasonal_percustomer_passthrough
185367,bge_non-hp_base_percustomer_passthrough
221234,bge_non-hp_base_percustomer_passthrough
252289,bge_non-hp_base_percustomer_passthrough
360976,bge_non-hp_base_percustomer_passthrough
404239,bge_non-hp_base_percustomer_passthrough
423070,bge_hp_seasonal_percustomer_passthrough
75432,bge_non-hp_base_percustomer_passthrough
307128,bge_non-hp_base_percustomer_passthrough
172796,bge_non-hp_base_percustomer_passthrough
232354,bge_hp_seasonal_percustomer_passthrough
327095,bge_non-hp_base_percustomer_passthrough
376859,bge_non-hp_base_percustomer_passthrough
333362,bge_non-hp_base_percustomer_passthrough
416212,bge_hp_seasonal_percustomer_passthrough
426202,bge_non-hp_base_percustomer_passthrough
435430,bge_non-hp_base_percustomer_passthrough
455008,bge_non-hp_base_percustomer_passthrough
457883,bge_hp_seasonal_percustomer_passthrough
458588,bge_non-hp_base_percustomer_passthrough
462509,bge_non-hp_base_percustomer_passthrough
469764,bge_non-hp_base_percustomer_passthrough
470683,bge_non-hp_base_percustomer_passthrough
477677,bge_non-hp_base_percustomer_passthrough
480839,bge_non-hp_base_percustomer_passthrough
484938,bge_hp_seasonal_percustomer_passthrough
494166,bge_non-hp_base_percustomer_passthrough
501303,bge_non-hp_base_percustomer_passthrough
513452,bge_non-hp_base_percustomer_passthrough
517925,bge_non-hp_base_percustomer_passthrough
521293,bge_non-hp_base_percustomer_passthrough
525861,bge_hp_seasonal_percustomer_passthrough
537355,bge_non-hp_base_percustomer_passthrough
540509,bge_non-hp_base_percustomer_passthrough
541715,bge_non-hp_base_percustomer_passthrough
53869,bge_non-hp_base_percustomer_passthrough
68062,bge_non-hp_base_percustomer_passthrough
100948,bge_hp_seasonal_percustomer_passthrough
105224,bge_non-hp_base_percustomer_passthrough
108961,bge_non-hp_base_percustomer_passthrough
122241,bge_non-hp_base_percustomer_passthrough
124452,bge_hp_seasonal_percustomer_passthrough
480896,bge_non-hp_base_percustomer_passthrough
481896,bge_hp_seasonal_percustomer_passthrough
523687,bge_non-hp_base_percustomer_passthrough
388367,bge_hp_seasonal_percustomer_passthrough
341261,bge_non-hp_base_percustomer_passthrough
227952,bge_hp_seasonal_percustomer_passthrough
419897,bge_non-hp_base_percustomer_passthrough
441110,bge_hp_seasonal_percustomer_passthrough
471807,bge_non-hp_base_percustomer_passthrough
157923,bge_non-hp_base_percustomer_passthrough
183146,bge_non-hp_base_percustomer_passthrough
200992,bge_non-hp_base_percustomer_passthrough
209426,bge_non-hp_base_percustomer_passthrough
276765,bge_non-hp_base_percustomer_passthrough
329512,bge_non-hp_base_percustomer_passthrough
279937,bge_non-hp_base_percustomer_passthrough
386279,bge_hp_seasonal_percustomer_passthrough
281252,bge_non-hp_base_percustomer_passthrough
396969,bge_non-hp_base_percustomer_passthrough
402068,bge_non-hp_base_percustomer_passthrough
409364,bge_hp_seasonal_percustomer_passthrough
203982,bge_non-hp_base_percustomer_passthrough
214584,bge_hp_seasonal_percustomer_passthrough
221060,bge_non-hp_base_percustomer_passthrough
229375,bge_non-hp_base_percustomer_passthrough
261975,bge_non-hp_base_percustomer_passthrough
264460,bge_non-hp_base_percustomer_passthrough
275321,bge_non-hp_base_percustomer_passthrough
279228,bge_non-hp_base_percustomer_passthrough
37518,bge_non-hp_base_percustomer_passthrough
1383,bge_hp_seasonal_percustomer_passthrough
488677,bge_non-hp_base_percustomer_passthrough
325098,bge_non-hp_base_percustomer_passthrough
112934,bge_non-hp_base_percustomer_passthrough
43369,bge_non-hp_base_percustomer_passthrough
381684,bge_hp_seasonal_percustomer_passthrough
479945,bge_non-hp_base_percustomer_passthrough
7244,bge_non-hp_base_percustomer_passthrough
22830,bge_non-hp_base_percustomer_passthrough
45638,bge_non-hp_base_percustomer_passthrough
91005,bge_non-hp_base_percustomer_passthrough
98553,bge_non-hp_base_percustomer_passthrough
126383,bge_non-hp_base_percustomer_passthrough
127841,bge_non-hp_base_percustomer_passthrough
283617,bge_non-hp_base_percustomer_passthrough
385942,bge_non-hp_base_percustomer_passthrough
403527,bge_non-hp_base_percustomer_passthrough
426463,bge_non-hp_base_percustomer_passthrough
59627,bge_non-hp_base_percustomer_passthrough
60969,bge_hp_seasonal_percustomer_passthrough
177068,bge_non-hp_base_percustomer_passthrough
255584,bge_hp_seasonal_percustomer_passthrough
258182,bge_non-hp_base_percustomer_passthrough
110484,bge_hp_seasonal_percustomer_passthrough
42131,bge_non-hp_base_percustomer_passthrough
80924,bge_hp_seasonal_percustomer_passthrough
470725,bge_non-hp_base_percustomer_passthrough
485358,bge_non-hp_base_percustomer_passthrough
64280,bge_non-hp_base_percustomer_passthrough
116756,bge_hp_seasonal_percustomer_passthrough
160888,bge_non-hp_base_percustomer_passthrough
174067,bge_non-hp_base_percustomer_passthrough
165252,bge_non-hp_base_percustomer_passthrough
194285,bge_non-hp_base_percustomer_passthrough
219016,bge_non-hp_base_percustomer_passthrough
223245,bge_non-hp_base_percustomer_passthrough
284642,bge_hp_seasonal_percustomer_passthrough
428063,bge_hp_seasonal_percustomer_passthrough
450051,bge_hp_seasonal_percustomer_passthrough
482899,bge_non-hp_base_percustomer_passthrough
492764,bge_non-hp_base_percustomer_passthrough
496880,bge_non-hp_base_percustomer_passthrough
499675,bge_non-hp_base_percustomer_passthrough
539657,bge_non-hp_base_percustomer_passthrough
116187,bge_non-hp_base_percustomer_passthrough
118411,bge_non-hp_base_percustomer_passthrough
306997,bge_non-hp_base_percustomer_passthrough
379569,bge_non-hp_base_percustomer_passthrough
145213,bge_non-hp_base_percustomer_passthrough
314097,bge_non-hp_base_percustomer_passthrough
211695,bge_non-hp_base_percustomer_passthrough
414662,bge_non-hp_base_percustomer_passthrough
426634,bge_non-hp_base_percustomer_passthrough
473759,bge_hp_seasonal_percustomer_passthrough
377114,bge_non-hp_base_percustomer_passthrough
381531,bge_non-hp_base_percustomer_passthrough
495823,bge_hp_seasonal_percustomer_passthrough
232444,bge_non-hp_base_percustomer_passthrough
25696,bge_non-hp_base_percustomer_passthrough
49171,bge_non-hp_base_percustomer_passthrough
236250,bge_hp_seasonal_percustomer_passthrough
271099,bge_non-hp_base_percustomer_passthrough
434266,bge_non-hp_base_percustomer_passthrough
519299,bge_non-hp_base_percustomer_passthrough
352024,bge_non-hp_base_percustomer_passthrough
209198,bge_non-hp_base_percustomer_passthrough
506201,bge_non-hp_base_percustomer_passthrough
22015,bge_non-hp_base_percustomer_passthrough
72547,bge_non-hp_base_percustomer_passthrough
230722,bge_non-hp_base_percustomer_passthrough
436065,bge_non-hp_base_percustomer_passthrough
458648,bge_hp_seasonal_percustomer_passthrough
471774,bge_hp_seasonal_percustomer_passthrough
475860,bge_non-hp_base_percustomer_passthrough
479311,bge_non-hp_base_percustomer_passthrough
13226,bge_non-hp_base_percustomer_passthrough
14104,bge_non-hp_base_percustomer_passthrough
20934,bge_non-hp_base_percustomer_passthrough
21938,bge_non-hp_base_percustomer_passthrough
39821,bge_non-hp_base_percustomer_passthrough
52854,bge_hp_seasonal_percustomer_passthrough
56147,bge_non-hp_base_percustomer_passthrough
73338,bge_non-hp_base_percustomer_passthrough
126607,bge_non-hp_base_percustomer_passthrough
333175,bge_non-hp_base_percustomer_passthrough
168035,bge_non-hp_base_percustomer_passthrough
154976,bge_non-hp_base_percustomer_passthrough
164686,bge_non-hp_base_percustomer_passthrough
290956,bge_non-hp_base_percustomer_passthrough
337811,bge_non-hp_base_percustomer_passthrough
364300,bge_non-hp_base_percustomer_passthrough
397723,bge_hp_seasonal_percustomer_passthrough
418715,bge_non-hp_base_percustomer_passthrough
430760,bge_non-hp_base_percustomer_passthrough
433764,bge_non-hp_base_percustomer_passthrough
445742,bge_non-hp_base_percustomer_passthrough
449915,bge_non-hp_base_percustomer_passthrough
453688,bge_non-hp_base_percustomer_passthrough
462398,bge_non-hp_base_percustomer_passthrough
494633,bge_hp_seasonal_percustomer_passthrough
496473,bge_non-hp_base_percustomer_passthrough
500120,bge_non-hp_base_percustomer_passthrough
500892,bge_non-hp_base_percustomer_passthrough
508960,bge_hp_seasonal_percustomer_passthrough
514158,bge_non-hp_base_percustomer_passthrough
521951,bge_non-hp_base_percustomer_passthrough
542289,bge_hp_seasonal_percustomer_passthrough
4863,bge_non-hp_base_percustomer_passthrough
7366,bge_non-hp_base_percustomer_passthrough
8002,bge_non-hp_base_percustomer_passthrough
10366,bge_non-hp_base_percustomer_passthrough
10667,bge_hp_seasonal_percustomer_passthrough
10858,bge_non-hp_base_percustomer_passthrough
13133,bge_non-hp_base_percustomer_passthrough
15525,bge_non-hp_base_percustomer_passthrough
16744,bge_non-hp_base_percustomer_passthrough
16831,bge_hp_seasonal_percustomer_passthrough
19124,bge_non-hp_base_percustomer_passthrough
21426,bge_non-hp_base_percustomer_passthrough
28285,bge_non-hp_base_percustomer_passthrough
32597,bge_hp_seasonal_percustomer_passthrough
35931,bge_non-hp_base_percustomer_passthrough
35963,bge_hp_seasonal_percustomer_passthrough
38072,bge_non-hp_base_percustomer_passthrough
40267,bge_non-hp_base_percustomer_passthrough
41973,bge_non-hp_base_percustomer_passthrough
47537,bge_non-hp_base_percustomer_passthrough
48791,bge_non-hp_base_percustomer_passthrough
58490,bge_hp_seasonal_percustomer_passthrough
59935,bge_non-hp_base_percustomer_passthrough
66464,bge_non-hp_base_percustomer_passthrough
73047,bge_hp_seasonal_percustomer_passthrough
78234,bge_non-hp_base_percustomer_passthrough
81314,bge_non-hp_base_percustomer_passthrough
84026,bge_non-hp_base_percustomer_passthrough
86091,bge_non-hp_base_percustomer_passthrough
89341,bge_non-hp_base_percustomer_passthrough
90470,bge_non-hp_base_percustomer_passthrough
97482,bge_non-hp_base_percustomer_passthrough
99810,bge_non-hp_base_percustomer_passthrough
102176,bge_non-hp_base_percustomer_passthrough
104390,bge_hp_seasonal_percustomer_passthrough
108215,bge_non-hp_base_percustomer_passthrough
110141,bge_non-hp_base_percustomer_passthrough
113599,bge_hp_seasonal_percustomer_passthrough
116659,bge_non-hp_base_percustomer_passthrough
120188,bge_non-hp_base_percustomer_passthrough
121033,bge_non-hp_base_percustomer_passthrough
130504,bge_non-hp_base_percustomer_passthrough
132184,bge_hp_seasonal_percustomer_passthrough
134871,bge_non-hp_base_percustomer_passthrough
283416,bge_non-hp_base_percustomer_passthrough
303708,bge_non-hp_base_percustomer_passthrough
327002,bge_non-hp_base_percustomer_passthrough
156753,bge_non-hp_base_percustomer_passthrough
362153,bge_non-hp_base_percustomer_passthrough
174046,bge_non-hp_base_percustomer_passthrough
382279,bge_non-hp_base_percustomer_passthrough
273136,bge_non-hp_base_percustomer_passthrough
145520,bge_non-hp_base_percustomer_passthrough
172506,bge_non-hp_base_percustomer_passthrough
225833,bge_non-hp_base_percustomer_passthrough
291901,bge_non-hp_base_percustomer_passthrough
314094,bge_hp_seasonal_percustomer_passthrough
388400,bge_hp_seasonal_percustomer_passthrough
141037,bge_hp_seasonal_percustomer_passthrough
142031,bge_non-hp_base_percustomer_passthrough
145745,bge_non-hp_base_percustomer_passthrough
145811,bge_non-hp_base_percustomer_passthrough
147309,bge_non-hp_base_percustomer_passthrough
152405,bge_hp_seasonal_percustomer_passthrough
152935,bge_non-hp_base_percustomer_passthrough
155091,bge_non-hp_base_percustomer_passthrough
165814,bge_non-hp_base_percustomer_passthrough
179014,bge_non-hp_base_percustomer_passthrough
189606,bge_hp_seasonal_percustomer_passthrough
191384,bge_hp_seasonal_percustomer_passthrough
192014,bge_non-hp_base_percustomer_passthrough
208535,bge_non-hp_base_percustomer_passthrough
216417,bge_non-hp_base_percustomer_passthrough
236768,bge_non-hp_base_percustomer_passthrough
240165,bge_non-hp_base_percustomer_passthrough
240805,bge_non-hp_base_percustomer_passthrough
243284,bge_non-hp_base_percustomer_passthrough
245617,bge_hp_seasonal_percustomer_passthrough
255357,bge_hp_seasonal_percustomer_passthrough
258254,bge_non-hp_base_percustomer_passthrough
260355,bge_non-hp_base_percustomer_passthrough
261992,bge_non-hp_base_percustomer_passthrough
262957,bge_non-hp_base_percustomer_passthrough
264304,bge_hp_seasonal_percustomer_passthrough
267154,bge_hp_seasonal_percustomer_passthrough
274318,bge_non-hp_base_percustomer_passthrough
327687,bge_non-hp_base_percustomer_passthrough
382641,bge_non-hp_base_percustomer_passthrough
385985,bge_non-hp_base_percustomer_passthrough
356394,bge_non-hp_base_percustomer_passthrough
320775,bge_non-hp_base_percustomer_passthrough
374703,bge_non-hp_base_percustomer_passthrough
278305,bge_non-hp_base_percustomer_passthrough
281297,bge_non-hp_base_percustomer_passthrough
328904,bge_non-hp_base_percustomer_passthrough
333188,bge_hp_seasonal_percustomer_passthrough
365209,bge_hp_seasonal_percustomer_passthrough
376114,bge_non-hp_base_percustomer_passthrough
376324,bge_non-hp_base_percustomer_passthrough
377909,bge_hp_seasonal_percustomer_passthrough
380034,bge_non-hp_base_percustomer_passthrough
394385,bge_hp_seasonal_percustomer_passthrough
408652,bge_non-hp_base_percustomer_passthrough
500970,bge_non-hp_base_percustomer_passthrough
297355,bge_non-hp_base_percustomer_passthrough
138307,bge_non-hp_base_percustomer_passthrough
147699,bge_non-hp_base_percustomer_passthrough
353621,bge_non-hp_base_percustomer_passthrough
422216,bge_non-hp_base_percustomer_passthrough
423709,bge_non-hp_base_percustomer_passthrough
423889,bge_non-hp_base_percustomer_passthrough
34894,bge_non-hp_base_percustomer_passthrough
241256,bge_non-hp_base_percustomer_passthrough
276222,bge_non-hp_base_percustomer_passthrough
309005,bge_non-hp_base_percustomer_passthrough
336028,bge_non-hp_base_percustomer_passthrough
417701,bge_non-hp_base_percustomer_passthrough
421211,bge_non-hp_base_percustomer_passthrough
435465,bge_non-hp_base_percustomer_passthrough
437675,bge_hp_seasonal_percustomer_passthrough
439356,bge_non-hp_base_percustomer_passthrough
442494,bge_hp_seasonal_percustomer_passthrough
449077,bge_hp_seasonal_percustomer_passthrough
451617,bge_non-hp_base_percustomer_passthrough
463140,bge_non-hp_base_percustomer_passthrough
464022,bge_non-hp_base_percustomer_passthrough
466421,bge_non-hp_base_percustomer_passthrough
475499,bge_hp_seasonal_percustomer_passthrough
476499,bge_hp_seasonal_percustomer_passthrough
478426,bge_non-hp_base_percustomer_passthrough
478445,bge_non-hp_base_percustomer_passthrough
481685,bge_non-hp_base_percustomer_passthrough
482787,bge_hp_seasonal_percustomer_passthrough
484706,bge_non-hp_base_percustomer_passthrough
486576,bge_non-hp_base_percustomer_passthrough
487686,bge_non-hp_base_percustomer_passthrough
494904,bge_non-hp_base_percustomer_passthrough
495502,bge_non-hp_base_percustomer_passthrough
516475,bge_hp_seasonal_percustomer_passthrough
518780,bge_non-hp_base_percustomer_passthrough
521915,bge_non-hp_base_percustomer_passthrough
529420,bge_hp_seasonal_percustomer_passthrough
530861,bge_non-hp_base_percustomer_passthrough
532849,bge_non-hp_base_percustomer_passthrough
534500,bge_non-hp_base_percustomer_passthrough
538468,bge_non-hp_base_percustomer_passthrough
539858,bge_non-hp_base_percustomer_passthrough
51675,bge_hp_seasonal_percustomer_passthrough
72943,bge_non-hp_base_percustomer_passthrough
76662,bge_non-hp_base_percustomer_passthrough
78286,bge_non-hp_base_percustomer_passthrough
84155,bge_non-hp_base_percustomer_passthrough
98853,bge_non-hp_base_percustomer_passthrough
116103,bge_non-hp_base_percustomer_passthrough
119854,bge_hp_seasonal_percustomer_passthrough
130873,bge_non-hp_base_percustomer_passthrough
135305,bge_non-hp_base_percustomer_passthrough
245932,bge_non-hp_base_percustomer_passthrough
251918,bge_hp_seasonal_percustomer_passthrough
254944,bge_hp_seasonal_percustomer_passthrough
72794,bge_non-hp_base_percustomer_passthrough
209700,bge_non-hp_base_percustomer_passthrough
316009,bge_non-hp_base_percustomer_passthrough
394599,bge_non-hp_base_percustomer_passthrough
413373,bge_non-hp_base_percustomer_passthrough
177106,bge_hp_seasonal_percustomer_passthrough
365711,bge_non-hp_base_percustomer_passthrough
325628,bge_non-hp_base_percustomer_passthrough
186414,bge_non-hp_base_percustomer_passthrough
437861,bge_non-hp_base_percustomer_passthrough
509976,bge_hp_seasonal_percustomer_passthrough
527325,bge_non-hp_base_percustomer_passthrough
214809,bge_non-hp_base_percustomer_passthrough
316321,bge_non-hp_base_percustomer_passthrough
142707,bge_non-hp_base_percustomer_passthrough
193741,bge_non-hp_base_percustomer_passthrough
211444,bge_non-hp_base_percustomer_passthrough
336179,bge_non-hp_base_percustomer_passthrough
294567,bge_non-hp_base_percustomer_passthrough
366384,bge_non-hp_base_percustomer_passthrough
421868,bge_non-hp_base_percustomer_passthrough
178480,bge_non-hp_base_percustomer_passthrough
216576,bge_non-hp_base_percustomer_passthrough
249689,bge_non-hp_base_percustomer_passthrough
263479,bge_hp_seasonal_percustomer_passthrough
268707,bge_hp_seasonal_percustomer_passthrough
128660,bge_non-hp_base_percustomer_passthrough
304261,bge_non-hp_base_percustomer_passthrough
391998,bge_non-hp_base_percustomer_passthrough
297412,bge_non-hp_base_percustomer_passthrough
28001,bge_non-hp_base_percustomer_passthrough
57267,bge_non-hp_base_percustomer_passthrough
398675,bge_non-hp_base_percustomer_passthrough
412344,bge_non-hp_base_percustomer_passthrough
94627,bge_non-hp_base_percustomer_passthrough
17806,bge_non-hp_base_percustomer_passthrough
25631,bge_non-hp_base_percustomer_passthrough
13054,bge_non-hp_base_percustomer_passthrough
36275,bge_non-hp_base_percustomer_passthrough
80234,bge_hp_seasonal_percustomer_passthrough
88752,bge_non-hp_base_percustomer_passthrough
92042,bge_non-hp_base_percustomer_passthrough
122979,bge_hp_seasonal_percustomer_passthrough
400227,bge_non-hp_base_percustomer_passthrough
392440,bge_hp_seasonal_percustomer_passthrough
352099,bge_non-hp_base_percustomer_passthrough
367867,bge_non-hp_base_percustomer_passthrough
402551,bge_non-hp_base_percustomer_passthrough
405551,bge_non-hp_base_percustomer_passthrough
330291,bge_non-hp_base_percustomer_passthrough
277346,bge_non-hp_base_percustomer_passthrough
325076,bge_non-hp_base_percustomer_passthrough
413738,bge_non-hp_base_percustomer_passthrough
368950,bge_hp_seasonal_percustomer_passthrough
376163,bge_non-hp_base_percustomer_passthrough
383515,bge_non-hp_base_percustomer_passthrough
410973,bge_non-hp_base_percustomer_passthrough
413357,bge_non-hp_base_percustomer_passthrough
72149,bge_hp_seasonal_percustomer_passthrough
166932,bge_non-hp_base_percustomer_passthrough
25608,bge_hp_seasonal_percustomer_passthrough
477509,bge_non-hp_base_percustomer_passthrough
242384,bge_non-hp_base_percustomer_passthrough
184029,bge_hp_seasonal_percustomer_passthrough
37453,bge_non-hp_base_percustomer_passthrough
494578,bge_hp_seasonal_percustomer_passthrough
43218,bge_non-hp_base_percustomer_passthrough
175595,bge_non-hp_base_percustomer_passthrough
448059,bge_non-hp_base_percustomer_passthrough
9335,bge_non-hp_base_percustomer_passthrough
9448,bge_non-hp_base_percustomer_passthrough
20766,bge_non-hp_base_percustomer_passthrough
24992,bge_non-hp_base_percustomer_passthrough
30548,bge_non-hp_base_percustomer_passthrough
35510,bge_non-hp_base_percustomer_passthrough
70087,bge_non-hp_base_percustomer_passthrough
76924,bge_non-hp_base_percustomer_passthrough
92880,bge_non-hp_base_percustomer_passthrough
225848,bge_non-hp_base_percustomer_passthrough
155147,bge_hp_seasonal_percustomer_passthrough
159090,bge_non-hp_base_percustomer_passthrough
241805,bge_non-hp_base_percustomer_passthrough
205,bge_non-hp_base_percustomer_passthrough
437074,bge_non-hp_base_percustomer_passthrough
118121,bge_hp_seasonal_percustomer_passthrough
397340,bge_non-hp_base_percustomer_passthrough
454810,bge_hp_seasonal_percustomer_passthrough
487530,bge_non-hp_base_percustomer_passthrough
497986,bge_non-hp_base_percustomer_passthrough
506933,bge_non-hp_base_percustomer_passthrough
515097,bge_non-hp_base_percustomer_passthrough
520527,bge_hp_seasonal_percustomer_passthrough
523347,bge_non-hp_base_percustomer_passthrough
540611,bge_hp_seasonal_percustomer_passthrough
168388,bge_hp_seasonal_percustomer_passthrough
277068,bge_non-hp_base_percustomer_passthrough
304435,bge_non-hp_base_percustomer_passthrough
395221,bge_hp_seasonal_percustomer_passthrough
280749,bge_non-hp_base_percustomer_passthrough
232735,bge_non-hp_base_percustomer_passthrough
312034,bge_hp_seasonal_percustomer_passthrough
408006,bge_non-hp_base_percustomer_passthrough
79782,bge_non-hp_base_percustomer_passthrough
1645,bge_non-hp_base_percustomer_passthrough
301431,bge_non-hp_base_percustomer_passthrough
469655,bge_non-hp_base_percustomer_passthrough
314228,bge_non-hp_base_percustomer_passthrough
338896,bge_hp_seasonal_percustomer_passthrough
395730,bge_non-hp_base_percustomer_passthrough
68855,bge_non-hp_base_percustomer_passthrough
54139,bge_non-hp_base_percustomer_passthrough
291689,bge_non-hp_base_percustomer_passthrough
520463,bge_hp_seasonal_percustomer_passthrough
48208,bge_non-hp_base_percustomer_passthrough
92156,bge_non-hp_base_percustomer_passthrough
528842,bge_non-hp_base_percustomer_passthrough
81117,bge_non-hp_base_percustomer_passthrough
126977,bge_non-hp_base_percustomer_passthrough
459500,bge_non-hp_base_percustomer_passthrough
161713,bge_non-hp_base_percustomer_passthrough
22916,bge_hp_seasonal_percustomer_passthrough
3848,bge_non-hp_base_percustomer_passthrough
186739,bge_non-hp_base_percustomer_passthrough
228876,bge_non-hp_base_percustomer_passthrough
323036,bge_non-hp_base_percustomer_passthrough
475145,bge_non-hp_base_percustomer_passthrough
521993,bge_hp_seasonal_percustomer_passthrough
108786,bge_non-hp_base_percustomer_passthrough
19840,bge_hp_seasonal_percustomer_passthrough
46980,bge_hp_seasonal_percustomer_passthrough
53808,bge_non-hp_base_percustomer_passthrough
65177,bge_non-hp_base_percustomer_passthrough
88279,bge_non-hp_base_percustomer_passthrough
92189,bge_non-hp_base_percustomer_passthrough
95391,bge_non-hp_base_percustomer_passthrough
112392,bge_hp_seasonal_percustomer_passthrough
115866,bge_hp_seasonal_percustomer_passthrough
129754,bge_non-hp_base_percustomer_passthrough
288281,bge_non-hp_base_percustomer_passthrough
198775,bge_non-hp_base_percustomer_passthrough
176744,bge_non-hp_base_percustomer_passthrough
177975,bge_non-hp_base_percustomer_passthrough
198403,bge_hp_seasonal_percustomer_passthrough
206832,bge_hp_seasonal_percustomer_passthrough
256507,bge_non-hp_base_percustomer_passthrough
257241,bge_non-hp_base_percustomer_passthrough
340466,bge_non-hp_base_percustomer_passthrough
342622,bge_non-hp_base_percustomer_passthrough
344870,bge_non-hp_base_percustomer_passthrough
363092,bge_non-hp_base_percustomer_passthrough
422743,bge_non-hp_base_percustomer_passthrough
428976,bge_non-hp_base_percustomer_passthrough
430646,bge_non-hp_base_percustomer_passthrough
432931,bge_non-hp_base_percustomer_passthrough
436732,bge_non-hp_base_percustomer_passthrough
437434,bge_non-hp_base_percustomer_passthrough
440292,bge_non-hp_base_percustomer_passthrough
443432,bge_non-hp_base_percustomer_passthrough
452972,bge_non-hp_base_percustomer_passthrough
458126,bge_non-hp_base_percustomer_passthrough
460625,bge_non-hp_base_percustomer_passthrough
469002,bge_non-hp_base_percustomer_passthrough
477842,bge_non-hp_base_percustomer_passthrough
478931,bge_non-hp_base_percustomer_passthrough
480713,bge_non-hp_base_percustomer_passthrough
483106,bge_non-hp_base_percustomer_passthrough
492093,bge_hp_seasonal_percustomer_passthrough
540349,bge_non-hp_base_percustomer_passthrough
7359,bge_non-hp_base_percustomer_passthrough
9691,bge_non-hp_base_percustomer_passthrough
10453,bge_non-hp_base_percustomer_passthrough
11461,bge_non-hp_base_percustomer_passthrough
12761,bge_non-hp_base_percustomer_passthrough
13895,bge_non-hp_base_percustomer_passthrough
17909,bge_non-hp_base_percustomer_passthrough
18238,bge_non-hp_base_percustomer_passthrough
22485,bge_non-hp_base_percustomer_passthrough
23165,bge_hp_seasonal_percustomer_passthrough
27928,bge_hp_seasonal_percustomer_passthrough
37653,bge_hp_seasonal_percustomer_passthrough
47299,bge_non-hp_base_percustomer_passthrough
48857,bge_hp_seasonal_percustomer_passthrough
57350,bge_hp_seasonal_percustomer_passthrough
58821,bge_non-hp_base_percustomer_passthrough
59163,bge_non-hp_base_percustomer_passthrough
65536,bge_non-hp_base_percustomer_passthrough
76241,bge_non-hp_base_percustomer_passthrough
83225,bge_hp_seasonal_percustomer_passthrough
84115,bge_non-hp_base_percustomer_passthrough
88708,bge_non-hp_base_percustomer_passthrough
88922,bge_non-hp_base_percustomer_passthrough
99459,bge_non-hp_base_percustomer_passthrough
100496,bge_non-hp_base_percustomer_passthrough
106482,bge_hp_seasonal_percustomer_passthrough
111328,bge_non-hp_base_percustomer_passthrough
130463,bge_non-hp_base_percustomer_passthrough
166293,bge_non-hp_base_percustomer_passthrough
406552,bge_hp_seasonal_percustomer_passthrough
380127,bge_non-hp_base_percustomer_passthrough
386489,bge_non-hp_base_percustomer_passthrough
180489,bge_non-hp_base_percustomer_passthrough
192442,bge_non-hp_base_percustomer_passthrough
402933,bge_non-hp_base_percustomer_passthrough
321443,bge_non-hp_base_percustomer_passthrough
149446,bge_non-hp_base_percustomer_passthrough
206961,bge_non-hp_base_percustomer_passthrough
326845,bge_non-hp_base_percustomer_passthrough
203904,bge_hp_seasonal_percustomer_passthrough
255054,bge_non-hp_base_percustomer_passthrough
257827,bge_non-hp_base_percustomer_passthrough
272238,bge_non-hp_base_percustomer_passthrough
137555,bge_non-hp_base_percustomer_passthrough
138282,bge_non-hp_base_percustomer_passthrough
138428,bge_non-hp_base_percustomer_passthrough
154397,bge_non-hp_base_percustomer_passthrough
154564,bge_non-hp_base_percustomer_passthrough
155672,bge_hp_seasonal_percustomer_passthrough
156869,bge_hp_seasonal_percustomer_passthrough
161554,bge_non-hp_base_percustomer_passthrough
170243,bge_non-hp_base_percustomer_passthrough
172395,bge_hp_seasonal_percustomer_passthrough
177804,bge_hp_seasonal_percustomer_passthrough
178587,bge_non-hp_base_percustomer_passthrough
189561,bge_non-hp_base_percustomer_passthrough
198614,bge_non-hp_base_percustomer_passthrough
207882,bge_non-hp_base_percustomer_passthrough
217693,bge_non-hp_base_percustomer_passthrough
241237,bge_non-hp_base_percustomer_passthrough
242720,bge_non-hp_base_percustomer_passthrough
244637,bge_non-hp_base_percustomer_passthrough
252462,bge_non-hp_base_percustomer_passthrough
262924,bge_non-hp_base_percustomer_passthrough
269638,bge_non-hp_base_percustomer_passthrough
381002,bge_non-hp_base_percustomer_passthrough
338978,bge_non-hp_base_percustomer_passthrough
287631,bge_non-hp_base_percustomer_passthrough
400295,bge_non-hp_base_percustomer_passthrough
410586,bge_non-hp_base_percustomer_passthrough
330298,bge_hp_seasonal_percustomer_passthrough
342338,bge_hp_seasonal_percustomer_passthrough
326784,bge_hp_seasonal_percustomer_passthrough
333310,bge_non-hp_base_percustomer_passthrough
316430,bge_non-hp_base_percustomer_passthrough
380552,bge_non-hp_base_percustomer_passthrough
277795,bge_non-hp_base_percustomer_passthrough
286937,bge_non-hp_base_percustomer_passthrough
306815,bge_non-hp_base_percustomer_passthrough
309861,bge_non-hp_base_percustomer_passthrough
321515,bge_hp_seasonal_percustomer_passthrough
330812,bge_non-hp_base_percustomer_passthrough
342032,bge_non-hp_base_percustomer_passthrough
373606,bge_non-hp_base_percustomer_passthrough
376656,bge_non-hp_base_percustomer_passthrough
394822,bge_non-hp_base_percustomer_passthrough
397853,bge_non-hp_base_percustomer_passthrough
223135,bge_non-hp_base_percustomer_passthrough
150938,bge_non-hp_base_percustomer_passthrough
12521,bge_non-hp_base_percustomer_passthrough
94378,bge_non-hp_base_percustomer_passthrough
384488,bge_hp_seasonal_percustomer_passthrough
377741,bge_non-hp_base_percustomer_passthrough
283326,bge_non-hp_base_percustomer_passthrough
291566,bge_non-hp_base_percustomer_passthrough
415041,bge_non-hp_base_percustomer_passthrough
430390,bge_non-hp_base_percustomer_passthrough
209790,bge_non-hp_base_percustomer_passthrough
530801,bge_non-hp_base_percustomer_passthrough
50349,bge_non-hp_base_percustomer_passthrough
113339,bge_non-hp_base_percustomer_passthrough
131340,bge_non-hp_base_percustomer_passthrough
170081,bge_non-hp_base_percustomer_passthrough
258383,bge_non-hp_base_percustomer_passthrough
338472,bge_hp_seasonal_percustomer_passthrough
368866,bge_non-hp_base_percustomer_passthrough
415124,bge_non-hp_base_percustomer_passthrough
416954,bge_non-hp_base_percustomer_passthrough
418264,bge_non-hp_base_percustomer_passthrough
424431,bge_non-hp_base_percustomer_passthrough
437569,bge_non-hp_base_percustomer_passthrough
440778,bge_non-hp_base_percustomer_passthrough
448656,bge_non-hp_base_percustomer_passthrough
450543,bge_non-hp_base_percustomer_passthrough
453913,bge_non-hp_base_percustomer_passthrough
456086,bge_non-hp_base_percustomer_passthrough
456976,bge_non-hp_base_percustomer_passthrough
464111,bge_hp_seasonal_percustomer_passthrough
470610,bge_non-hp_base_percustomer_passthrough
474457,bge_non-hp_base_percustomer_passthrough
479647,bge_non-hp_base_percustomer_passthrough
480480,bge_non-hp_base_percustomer_passthrough
485309,bge_non-hp_base_percustomer_passthrough
485892,bge_non-hp_base_percustomer_passthrough
494659,bge_non-hp_base_percustomer_passthrough
501632,bge_non-hp_base_percustomer_passthrough
511760,bge_hp_seasonal_percustomer_passthrough
522408,bge_non-hp_base_percustomer_passthrough
523072,bge_hp_seasonal_percustomer_passthrough
524576,bge_non-hp_base_percustomer_passthrough
541607,bge_non-hp_base_percustomer_passthrough
543249,bge_non-hp_base_percustomer_passthrough
544948,bge_hp_seasonal_percustomer_passthrough
549798,bge_non-hp_base_percustomer_passthrough
69540,bge_non-hp_base_percustomer_passthrough
70995,bge_hp_seasonal_percustomer_passthrough
74688,bge_non-hp_base_percustomer_passthrough
75177,bge_non-hp_base_percustomer_passthrough
102879,bge_hp_seasonal_percustomer_passthrough
115240,bge_non-hp_base_percustomer_passthrough
121776,bge_non-hp_base_percustomer_passthrough
130550,bge_non-hp_base_percustomer_passthrough
135078,bge_non-hp_base_percustomer_passthrough
135959,bge_non-hp_base_percustomer_passthrough
377210,bge_non-hp_base_percustomer_passthrough
159408,bge_hp_seasonal_percustomer_passthrough
183413,bge_non-hp_base_percustomer_passthrough
304151,bge_hp_seasonal_percustomer_passthrough
521968,bge_non-hp_base_percustomer_passthrough
365278,bge_hp_seasonal_percustomer_passthrough
145786,bge_non-hp_base_percustomer_passthrough
183012,bge_hp_seasonal_percustomer_passthrough
425248,bge_hp_seasonal_percustomer_passthrough
436676,bge_non-hp_base_percustomer_passthrough
440150,bge_hp_seasonal_percustomer_passthrough
500762,bge_non-hp_base_percustomer_passthrough
330384,bge_non-hp_base_percustomer_passthrough
342417,bge_non-hp_base_percustomer_passthrough
213504,bge_hp_seasonal_percustomer_passthrough
218057,bge_hp_seasonal_percustomer_passthrough
237512,bge_non-hp_base_percustomer_passthrough
237561,bge_non-hp_base_percustomer_passthrough
276297,bge_non-hp_base_percustomer_passthrough
360156,bge_non-hp_base_percustomer_passthrough
303319,bge_non-hp_base_percustomer_passthrough
307428,bge_non-hp_base_percustomer_passthrough
328415,bge_non-hp_base_percustomer_passthrough
417679,bge_non-hp_base_percustomer_passthrough
166850,bge_non-hp_base_percustomer_passthrough
186670,bge_non-hp_base_percustomer_passthrough
193103,bge_non-hp_base_percustomer_passthrough
241846,bge_non-hp_base_percustomer_passthrough
244880,bge_non-hp_base_percustomer_passthrough
250495,bge_non-hp_base_percustomer_passthrough
253317,bge_non-hp_base_percustomer_passthrough
262519,bge_hp_seasonal_percustomer_passthrough
264933,bge_non-hp_base_percustomer_passthrough
270210,bge_non-hp_base_percustomer_passthrough
273726,bge_hp_seasonal_percustomer_passthrough
273986,bge_non-hp_base_percustomer_passthrough
498838,bge_hp_seasonal_percustomer_passthrough
340273,bge_non-hp_base_percustomer_passthrough
347905,bge_non-hp_base_percustomer_passthrough
392696,bge_non-hp_base_percustomer_passthrough
6657,bge_non-hp_base_percustomer_passthrough
336422,bge_non-hp_base_percustomer_passthrough
106779,bge_non-hp_base_percustomer_passthrough
318194,bge_non-hp_base_percustomer_passthrough
414307,bge_hp_seasonal_percustomer_passthrough
441313,bge_non-hp_base_percustomer_passthrough
460226,bge_non-hp_base_percustomer_passthrough
53334,bge_hp_seasonal_percustomer_passthrough
71307,bge_hp_seasonal_percustomer_passthrough
114789,bge_hp_seasonal_percustomer_passthrough
297220,bge_hp_seasonal_percustomer_passthrough
402379,bge_non-hp_base_percustomer_passthrough
291065,bge_non-hp_base_percustomer_passthrough
333633,bge_hp_seasonal_percustomer_passthrough
343524,bge_non-hp_base_percustomer_passthrough
77509,bge_non-hp_base_percustomer_passthrough
280248,bge_non-hp_base_percustomer_passthrough
408872,bge_non-hp_base_percustomer_passthrough
198087,bge_non-hp_base_percustomer_passthrough
56907,bge_non-hp_base_percustomer_passthrough
228833,bge_hp_seasonal_percustomer_passthrough
50662,bge_non-hp_base_percustomer_passthrough
526299,bge_non-hp_base_percustomer_passthrough
421768,bge_hp_seasonal_percustomer_passthrough
430958,bge_non-hp_base_percustomer_passthrough
4451,bge_hp_seasonal_percustomer_passthrough
14233,bge_non-hp_base_percustomer_passthrough
19931,bge_non-hp_base_percustomer_passthrough
21996,bge_hp_seasonal_percustomer_passthrough
48699,bge_non-hp_base_percustomer_passthrough
74496,bge_non-hp_base_percustomer_passthrough
97792,bge_non-hp_base_percustomer_passthrough
102616,bge_non-hp_base_percustomer_passthrough
109074,bge_non-hp_base_percustomer_passthrough
158743,bge_non-hp_base_percustomer_passthrough
184530,bge_non-hp_base_percustomer_passthrough
204150,bge_non-hp_base_percustomer_passthrough
415588,bge_hp_seasonal_percustomer_passthrough
482005,bge_non-hp_base_percustomer_passthrough
534742,bge_non-hp_base_percustomer_passthrough
549096,bge_non-hp_base_percustomer_passthrough
102092,bge_non-hp_base_percustomer_passthrough
316024,bge_non-hp_base_percustomer_passthrough
465520,bge_hp_seasonal_percustomer_passthrough
241802,bge_non-hp_base_percustomer_passthrough
421752,bge_non-hp_base_percustomer_passthrough
255805,bge_non-hp_base_percustomer_passthrough
365352,bge_non-hp_base_percustomer_passthrough
459139,bge_non-hp_base_percustomer_passthrough
20717,bge_hp_seasonal_percustomer_passthrough
94939,bge_non-hp_base_percustomer_passthrough
313055,bge_hp_seasonal_percustomer_passthrough
347281,bge_non-hp_base_percustomer_passthrough
383603,bge_hp_seasonal_percustomer_passthrough
50274,bge_non-hp_base_percustomer_passthrough
30142,bge_non-hp_base_percustomer_passthrough
293130,bge_non-hp_base_percustomer_passthrough
533599,bge_non-hp_base_percustomer_passthrough
545798,bge_non-hp_base_percustomer_passthrough
351013,bge_non-hp_base_percustomer_passthrough
231579,bge_non-hp_base_percustomer_passthrough
429695,bge_non-hp_base_percustomer_passthrough
523502,bge_non-hp_base_percustomer_passthrough
430806,bge_non-hp_base_percustomer_passthrough
18742,bge_non-hp_base_percustomer_passthrough
375939,bge_non-hp_base_percustomer_passthrough
429336,bge_non-hp_base_percustomer_passthrough
4039,bge_non-hp_base_percustomer_passthrough
32870,bge_hp_seasonal_percustomer_passthrough
96992,bge_non-hp_base_percustomer_passthrough
267983,bge_non-hp_base_percustomer_passthrough
422128,bge_non-hp_base_percustomer_passthrough
448375,bge_hp_seasonal_percustomer_passthrough
466511,bge_non-hp_base_percustomer_passthrough
474555,bge_hp_seasonal_percustomer_passthrough
492640,bge_non-hp_base_percustomer_passthrough
505758,bge_non-hp_base_percustomer_passthrough
12074,bge_non-hp_base_percustomer_passthrough
18743,bge_non-hp_base_percustomer_passthrough
25154,bge_hp_seasonal_percustomer_passthrough
26826,bge_non-hp_base_percustomer_passthrough
45554,bge_non-hp_base_percustomer_passthrough
57827,bge_non-hp_base_percustomer_passthrough
62246,bge_non-hp_base_percustomer_passthrough
86299,bge_non-hp_base_percustomer_passthrough
165520,bge_non-hp_base_percustomer_passthrough
398577,bge_non-hp_base_percustomer_passthrough
170802,bge_non-hp_base_percustomer_passthrough
340286,bge_hp_seasonal_percustomer_passthrough
246665,bge_non-hp_base_percustomer_passthrough
137947,bge_non-hp_base_percustomer_passthrough
141248,bge_non-hp_base_percustomer_passthrough
182615,bge_non-hp_base_percustomer_passthrough
199517,bge_hp_seasonal_percustomer_passthrough
212506,bge_non-hp_base_percustomer_passthrough
235031,bge_non-hp_base_percustomer_passthrough
311785,bge_non-hp_base_percustomer_passthrough
291205,bge_non-hp_base_percustomer_passthrough
311865,bge_non-hp_base_percustomer_passthrough
323771,bge_non-hp_base_percustomer_passthrough
420980,bge_non-hp_base_percustomer_passthrough
422694,bge_non-hp_base_percustomer_passthrough
427971,bge_hp_seasonal_percustomer_passthrough
437940,bge_non-hp_base_percustomer_passthrough
460804,bge_non-hp_base_percustomer_passthrough
469920,bge_non-hp_base_percustomer_passthrough
472735,bge_non-hp_base_percustomer_passthrough
495754,bge_non-hp_base_percustomer_passthrough
498150,bge_non-hp_base_percustomer_passthrough
498775,bge_non-hp_base_percustomer_passthrough
513533,bge_non-hp_base_percustomer_passthrough
515536,bge_non-hp_base_percustomer_passthrough
527490,bge_non-hp_base_percustomer_passthrough
12015,bge_non-hp_base_percustomer_passthrough
12687,bge_non-hp_base_percustomer_passthrough
14414,bge_non-hp_base_percustomer_passthrough
16459,bge_non-hp_base_percustomer_passthrough
23548,bge_non-hp_base_percustomer_passthrough
31771,bge_hp_seasonal_percustomer_passthrough
34189,bge_hp_seasonal_percustomer_passthrough
34649,bge_hp_seasonal_percustomer_passthrough
37868,bge_hp_seasonal_percustomer_passthrough
41813,bge_non-hp_base_percustomer_passthrough
44806,bge_non-hp_base_percustomer_passthrough
45198,bge_non-hp_base_percustomer_passthrough
47280,bge_non-hp_base_percustomer_passthrough
47374,bge_non-hp_base_percustomer_passthrough
48559,bge_non-hp_base_percustomer_passthrough
55402,bge_non-hp_base_percustomer_passthrough
65359,bge_hp_seasonal_percustomer_passthrough
66345,bge_non-hp_base_percustomer_passthrough
68256,bge_non-hp_base_percustomer_passthrough
78658,bge_hp_seasonal_percustomer_passthrough
80014,bge_hp_seasonal_percustomer_passthrough
82070,bge_non-hp_base_percustomer_passthrough
84609,bge_non-hp_base_percustomer_passthrough
91950,bge_hp_seasonal_percustomer_passthrough
92205,bge_non-hp_base_percustomer_passthrough
93187,bge_non-hp_base_percustomer_passthrough
93997,bge_hp_seasonal_percustomer_passthrough
99149,bge_non-hp_base_percustomer_passthrough
107304,bge_non-hp_base_percustomer_passthrough
118528,bge_non-hp_base_percustomer_passthrough
125432,bge_non-hp_base_percustomer_passthrough
126663,bge_hp_seasonal_percustomer_passthrough
129618,bge_non-hp_base_percustomer_passthrough
136559,bge_non-hp_base_percustomer_passthrough
136754,bge_non-hp_base_percustomer_passthrough
344109,bge_non-hp_base_percustomer_passthrough
280531,bge_non-hp_base_percustomer_passthrough
179972,bge_non-hp_base_percustomer_passthrough
160200,bge_non-hp_base_percustomer_passthrough
372583,bge_non-hp_base_percustomer_passthrough
151290,bge_non-hp_base_percustomer_passthrough
200395,bge_non-hp_base_percustomer_passthrough
287572,bge_non-hp_base_percustomer_passthrough
399998,bge_hp_seasonal_percustomer_passthrough
347773,bge_non-hp_base_percustomer_passthrough
402226,bge_non-hp_base_percustomer_passthrough
206473,bge_non-hp_base_percustomer_passthrough
309179,bge_non-hp_base_percustomer_passthrough
343712,bge_non-hp_base_percustomer_passthrough
138141,bge_hp_seasonal_percustomer_passthrough
139255,bge_hp_seasonal_percustomer_passthrough
143757,bge_hp_seasonal_percustomer_passthrough
144065,bge_non-hp_base_percustomer_passthrough
148392,bge_non-hp_base_percustomer_passthrough
148896,bge_hp_seasonal_percustomer_passthrough
165038,bge_non-hp_base_percustomer_passthrough
169177,bge_non-hp_base_percustomer_passthrough
171788,bge_non-hp_base_percustomer_passthrough
176449,bge_non-hp_base_percustomer_passthrough
184897,bge_non-hp_base_percustomer_passthrough
188649,bge_non-hp_base_percustomer_passthrough
195391,bge_non-hp_base_percustomer_passthrough
201708,bge_non-hp_base_percustomer_passthrough
209406,bge_non-hp_base_percustomer_passthrough
217072,bge_non-hp_base_percustomer_passthrough
218927,bge_non-hp_base_percustomer_passthrough
219976,bge_non-hp_base_percustomer_passthrough
226841,bge_non-hp_base_percustomer_passthrough
228181,bge_non-hp_base_percustomer_passthrough
229591,bge_hp_seasonal_percustomer_passthrough
243497,bge_non-hp_base_percustomer_passthrough
269081,bge_non-hp_base_percustomer_passthrough
274896,bge_hp_seasonal_percustomer_passthrough
383203,bge_non-hp_base_percustomer_passthrough
402061,bge_non-hp_base_percustomer_passthrough
280346,bge_non-hp_base_percustomer_passthrough
335978,bge_non-hp_base_percustomer_passthrough
355368,bge_non-hp_base_percustomer_passthrough
372811,bge_non-hp_base_percustomer_passthrough
307365,bge_non-hp_base_percustomer_passthrough
301710,bge_non-hp_base_percustomer_passthrough
310230,bge_hp_seasonal_percustomer_passthrough
375370,bge_hp_seasonal_percustomer_passthrough
374892,bge_non-hp_base_percustomer_passthrough
294752,bge_non-hp_base_percustomer_passthrough
327308,bge_hp_seasonal_percustomer_passthrough
339872,bge_non-hp_base_percustomer_passthrough
278875,bge_non-hp_base_percustomer_passthrough
288432,bge_non-hp_base_percustomer_passthrough
295308,bge_non-hp_base_percustomer_passthrough
328900,bge_non-hp_base_percustomer_passthrough
358729,bge_non-hp_base_percustomer_passthrough
366264,bge_non-hp_base_percustomer_passthrough
370820,bge_hp_seasonal_percustomer_passthrough
373706,bge_non-hp_base_percustomer_passthrough
113318,bge_non-hp_base_percustomer_passthrough
351437,bge_non-hp_base_percustomer_passthrough
400824,bge_hp_seasonal_percustomer_passthrough
410631,bge_hp_seasonal_percustomer_passthrough
350703,bge_hp_seasonal_percustomer_passthrough
362982,bge_hp_seasonal_percustomer_passthrough
414549,bge_hp_seasonal_percustomer_passthrough
423113,bge_non-hp_base_percustomer_passthrough
431186,bge_non-hp_base_percustomer_passthrough
302179,bge_non-hp_base_percustomer_passthrough
235451,bge_non-hp_base_percustomer_passthrough
359077,bge_non-hp_base_percustomer_passthrough
435539,bge_non-hp_base_percustomer_passthrough
440062,bge_non-hp_base_percustomer_passthrough
452113,bge_non-hp_base_percustomer_passthrough
454687,bge_hp_seasonal_percustomer_passthrough
459387,bge_non-hp_base_percustomer_passthrough
464847,bge_non-hp_base_percustomer_passthrough
467684,bge_non-hp_base_percustomer_passthrough
468383,bge_non-hp_base_percustomer_passthrough
470898,bge_non-hp_base_percustomer_passthrough
472134,bge_non-hp_base_percustomer_passthrough
473045,bge_hp_seasonal_percustomer_passthrough
488639,bge_non-hp_base_percustomer_passthrough
495638,bge_non-hp_base_percustomer_passthrough
496325,bge_non-hp_base_percustomer_passthrough
498976,bge_non-hp_base_percustomer_passthrough
505706,bge_non-hp_base_percustomer_passthrough
506182,bge_non-hp_base_percustomer_passthrough
516140,bge_non-hp_base_percustomer_passthrough
527220,bge_non-hp_base_percustomer_passthrough
535803,bge_non-hp_base_percustomer_passthrough
542781,bge_non-hp_base_percustomer_passthrough
545716,bge_non-hp_base_percustomer_passthrough
30516,bge_non-hp_base_percustomer_passthrough
88449,bge_hp_seasonal_percustomer_passthrough
107652,bge_non-hp_base_percustomer_passthrough
116979,bge_non-hp_base_percustomer_passthrough
118619,bge_non-hp_base_percustomer_passthrough
124183,bge_non-hp_base_percustomer_passthrough
124426,bge_hp_seasonal_percustomer_passthrough
126159,bge_non-hp_base_percustomer_passthrough
128223,bge_non-hp_base_percustomer_passthrough
135937,bge_hp_seasonal_percustomer_passthrough
407030,bge_non-hp_base_percustomer_passthrough
308353,bge_non-hp_base_percustomer_passthrough
323808,bge_non-hp_base_percustomer_passthrough
143624,bge_non-hp_base_percustomer_passthrough
285109,bge_non-hp_base_percustomer_passthrough
311054,bge_non-hp_base_percustomer_passthrough
152881,bge_non-hp_base_percustomer_passthrough
203405,bge_hp_seasonal_percustomer_passthrough
296393,bge_non-hp_base_percustomer_passthrough
456019,bge_non-hp_base_percustomer_passthrough
475708,bge_non-hp_base_percustomer_passthrough
275728,bge_hp_seasonal_percustomer_passthrough
336292,bge_non-hp_base_percustomer_passthrough
179882,bge_non-hp_base_percustomer_passthrough
264705,bge_non-hp_base_percustomer_passthrough
160851,bge_hp_seasonal_percustomer_passthrough
155072,bge_non-hp_base_percustomer_passthrough
190034,bge_non-hp_base_percustomer_passthrough
271320,bge_non-hp_base_percustomer_passthrough
398356,bge_non-hp_base_percustomer_passthrough
341173,bge_non-hp_base_percustomer_passthrough
350636,bge_hp_seasonal_percustomer_passthrough
391690,bge_hp_seasonal_percustomer_passthrough
177160,bge_non-hp_base_percustomer_passthrough
454971,bge_non-hp_base_percustomer_passthrough
247702,bge_non-hp_base_percustomer_passthrough
254062,bge_hp_seasonal_percustomer_passthrough
256757,bge_non-hp_base_percustomer_passthrough
263656,bge_non-hp_base_percustomer_passthrough
264108,bge_non-hp_base_percustomer_passthrough
265769,bge_non-hp_base_percustomer_passthrough
267771,bge_hp_seasonal_percustomer_passthrough
270795,bge_non-hp_base_percustomer_passthrough
73923,bge_hp_seasonal_percustomer_passthrough
373103,bge_non-hp_base_percustomer_passthrough
367542,bge_non-hp_base_percustomer_passthrough
380482,bge_non-hp_base_percustomer_passthrough
493945,bge_non-hp_base_percustomer_passthrough
503362,bge_non-hp_base_percustomer_passthrough
356885,bge_non-hp_base_percustomer_passthrough
329189,bge_non-hp_base_percustomer_passthrough
398676,bge_non-hp_base_percustomer_passthrough
431592,bge_non-hp_base_percustomer_passthrough
475494,bge_non-hp_base_percustomer_passthrough
87718,bge_non-hp_base_percustomer_passthrough
379975,bge_non-hp_base_percustomer_passthrough
288293,bge_hp_seasonal_percustomer_passthrough
380922,bge_non-hp_base_percustomer_passthrough
383690,bge_non-hp_base_percustomer_passthrough
364962,bge_non-hp_base_percustomer_passthrough
368236,bge_hp_seasonal_percustomer_passthrough
383119,bge_non-hp_base_percustomer_passthrough
384851,bge_hp_seasonal_percustomer_passthrough
388225,bge_non-hp_base_percustomer_passthrough
60340,bge_non-hp_base_percustomer_passthrough
250857,bge_non-hp_base_percustomer_passthrough
192097,bge_hp_seasonal_percustomer_passthrough
169221,bge_non-hp_base_percustomer_passthrough
128928,bge_hp_seasonal_percustomer_passthrough
93864,bge_non-hp_base_percustomer_passthrough
61407,bge_non-hp_base_percustomer_passthrough
165706,bge_non-hp_base_percustomer_passthrough
163232,bge_non-hp_base_percustomer_passthrough
65172,bge_non-hp_base_percustomer_passthrough
482806,bge_non-hp_base_percustomer_passthrough
212069,bge_non-hp_base_percustomer_passthrough
142,bge_non-hp_base_percustomer_passthrough
234539,bge_hp_seasonal_percustomer_passthrough
6183,bge_hp_seasonal_percustomer_passthrough
41726,bge_non-hp_base_percustomer_passthrough
56795,bge_non-hp_base_percustomer_passthrough
439208,bge_non-hp_base_percustomer_passthrough
439781,bge_hp_seasonal_percustomer_passthrough
469561,bge_non-hp_base_percustomer_passthrough
53483,bge_non-hp_base_percustomer_passthrough
57110,bge_non-hp_base_percustomer_passthrough
65345,bge_non-hp_base_percustomer_passthrough
104770,bge_non-hp_base_percustomer_passthrough
122167,bge_non-hp_base_percustomer_passthrough
188264,bge_non-hp_base_percustomer_passthrough
215570,bge_non-hp_base_percustomer_passthrough
140665,bge_non-hp_base_percustomer_passthrough
213325,bge_non-hp_base_percustomer_passthrough
214506,bge_hp_seasonal_percustomer_passthrough
445615,bge_non-hp_base_percustomer_passthrough
450607,bge_hp_seasonal_percustomer_passthrough
510116,bge_non-hp_base_percustomer_passthrough
534267,bge_non-hp_base_percustomer_passthrough
91582,bge_non-hp_base_percustomer_passthrough
116824,bge_non-hp_base_percustomer_passthrough
123114,bge_hp_seasonal_percustomer_passthrough
484907,bge_hp_seasonal_percustomer_passthrough
502464,bge_hp_seasonal_percustomer_passthrough
252196,bge_non-hp_base_percustomer_passthrough
167804,bge_non-hp_base_percustomer_passthrough
366515,bge_non-hp_base_percustomer_passthrough
164177,bge_non-hp_base_percustomer_passthrough
167071,bge_non-hp_base_percustomer_passthrough
216803,bge_non-hp_base_percustomer_passthrough
150644,bge_non-hp_base_percustomer_passthrough
445087,bge_hp_seasonal_percustomer_passthrough
403332,bge_non-hp_base_percustomer_passthrough
254922,bge_non-hp_base_percustomer_passthrough
418270,bge_non-hp_base_percustomer_passthrough
237912,bge_non-hp_base_percustomer_passthrough
9106,bge_hp_seasonal_percustomer_passthrough
298095,bge_hp_seasonal_percustomer_passthrough
420075,bge_hp_seasonal_percustomer_passthrough
434112,bge_non-hp_base_percustomer_passthrough
70052,bge_non-hp_base_percustomer_passthrough
474044,bge_hp_seasonal_percustomer_passthrough
476577,bge_non-hp_base_percustomer_passthrough
22535,bge_hp_seasonal_percustomer_passthrough
90597,bge_non-hp_base_percustomer_passthrough
492635,bge_non-hp_base_percustomer_passthrough
255855,bge_non-hp_base_percustomer_passthrough
149432,bge_non-hp_base_percustomer_passthrough
191209,bge_non-hp_base_percustomer_passthrough
232913,bge_non-hp_base_percustomer_passthrough
423015,bge_non-hp_base_percustomer_passthrough
431725,bge_hp_seasonal_percustomer_passthrough
517433,bge_hp_seasonal_percustomer_passthrough
422802,bge_non-hp_base_percustomer_passthrough
435449,bge_non-hp_base_percustomer_passthrough
448831,bge_non-hp_base_percustomer_passthrough
543996,bge_non-hp_base_percustomer_passthrough
1792,bge_non-hp_base_percustomer_passthrough
9958,bge_non-hp_base_percustomer_passthrough
24262,bge_hp_seasonal_percustomer_passthrough
26762,bge_non-hp_base_percustomer_passthrough
84408,bge_non-hp_base_percustomer_passthrough
183558,bge_non-hp_base_percustomer_passthrough
355792,bge_non-hp_base_percustomer_passthrough
379091,bge_non-hp_base_percustomer_passthrough
171512,bge_hp_seasonal_percustomer_passthrough
206771,bge_non-hp_base_percustomer_passthrough
252016,bge_non-hp_base_percustomer_passthrough
262560,bge_non-hp_base_percustomer_passthrough
270948,bge_non-hp_base_percustomer_passthrough
299943,bge_non-hp_base_percustomer_passthrough
357539,bge_non-hp_base_percustomer_passthrough
297790,bge_hp_seasonal_percustomer_passthrough
387740,bge_non-hp_base_percustomer_passthrough
324205,bge_non-hp_base_percustomer_passthrough
381535,bge_non-hp_base_percustomer_passthrough
390328,bge_non-hp_base_percustomer_passthrough
390913,bge_non-hp_base_percustomer_passthrough
438504,bge_non-hp_base_percustomer_passthrough
456332,bge_non-hp_base_percustomer_passthrough
458642,bge_hp_seasonal_percustomer_passthrough
458854,bge_non-hp_base_percustomer_passthrough
464502,bge_non-hp_base_percustomer_passthrough
466967,bge_hp_seasonal_percustomer_passthrough
468698,bge_non-hp_base_percustomer_passthrough
477958,bge_hp_seasonal_percustomer_passthrough
485893,bge_non-hp_base_percustomer_passthrough
496149,bge_non-hp_base_percustomer_passthrough
516381,bge_non-hp_base_percustomer_passthrough
529214,bge_non-hp_base_percustomer_passthrough
3837,bge_non-hp_base_percustomer_passthrough
4227,bge_non-hp_base_percustomer_passthrough
8483,bge_non-hp_base_percustomer_passthrough
10147,bge_non-hp_base_percustomer_passthrough
11582,bge_non-hp_base_percustomer_passthrough
16718,bge_non-hp_base_percustomer_passthrough
19034,bge_non-hp_base_percustomer_passthrough
19264,bge_hp_seasonal_percustomer_passthrough
19642,bge_non-hp_base_percustomer_passthrough
22644,bge_non-hp_base_percustomer_passthrough
30101,bge_hp_seasonal_percustomer_passthrough
33225,bge_non-hp_base_percustomer_passthrough
33645,bge_non-hp_base_percustomer_passthrough
45164,bge_non-hp_base_percustomer_passthrough
48152,bge_non-hp_base_percustomer_passthrough
61216,bge_hp_seasonal_percustomer_passthrough
67907,bge_non-hp_base_percustomer_passthrough
70941,bge_non-hp_base_percustomer_passthrough
73834,bge_non-hp_base_percustomer_passthrough
80259,bge_hp_seasonal_percustomer_passthrough
80932,bge_non-hp_base_percustomer_passthrough
90292,bge_hp_seasonal_percustomer_passthrough
93253,bge_non-hp_base_percustomer_passthrough
98031,bge_non-hp_base_percustomer_passthrough
107426,bge_non-hp_base_percustomer_passthrough
108300,bge_non-hp_base_percustomer_passthrough
120186,bge_non-hp_base_percustomer_passthrough
120876,bge_non-hp_base_percustomer_passthrough
123644,bge_non-hp_base_percustomer_passthrough
123774,bge_non-hp_base_percustomer_passthrough
136464,bge_non-hp_base_percustomer_passthrough
327282,bge_non-hp_base_percustomer_passthrough
391426,bge_non-hp_base_percustomer_passthrough
238121,bge_non-hp_base_percustomer_passthrough
235308,bge_non-hp_base_percustomer_passthrough
278111,bge_non-hp_base_percustomer_passthrough
288926,bge_non-hp_base_percustomer_passthrough
193363,bge_non-hp_base_percustomer_passthrough
244476,bge_hp_seasonal_percustomer_passthrough
274411,bge_non-hp_base_percustomer_passthrough
343157,bge_hp_seasonal_percustomer_passthrough
200923,bge_non-hp_base_percustomer_passthrough
147473,bge_non-hp_base_percustomer_passthrough
163353,bge_non-hp_base_percustomer_passthrough
169523,bge_hp_seasonal_percustomer_passthrough
197076,bge_non-hp_base_percustomer_passthrough
138833,bge_non-hp_base_percustomer_passthrough
143457,bge_non-hp_base_percustomer_passthrough
149623,bge_non-hp_base_percustomer_passthrough
149756,bge_non-hp_base_percustomer_passthrough
154601,bge_non-hp_base_percustomer_passthrough
154608,bge_non-hp_base_percustomer_passthrough
155015,bge_non-hp_base_percustomer_passthrough
156461,bge_hp_seasonal_percustomer_passthrough
172049,bge_non-hp_base_percustomer_passthrough
179123,bge_hp_seasonal_percustomer_passthrough
186815,bge_non-hp_base_percustomer_passthrough
187131,bge_hp_seasonal_percustomer_passthrough
200001,bge_non-hp_base_percustomer_passthrough
200334,bge_hp_seasonal_percustomer_passthrough
202291,bge_non-hp_base_percustomer_passthrough
219504,bge_non-hp_base_percustomer_passthrough
220588,bge_non-hp_base_percustomer_passthrough
221488,bge_non-hp_base_percustomer_passthrough
222434,bge_non-hp_base_percustomer_passthrough
222506,bge_non-hp_base_percustomer_passthrough
225063,bge_non-hp_base_percustomer_passthrough
237640,bge_non-hp_base_percustomer_passthrough
243786,bge_non-hp_base_percustomer_passthrough
246960,bge_non-hp_base_percustomer_passthrough
251773,bge_hp_seasonal_percustomer_passthrough
255466,bge_non-hp_base_percustomer_passthrough
268524,bge_non-hp_base_percustomer_passthrough
281760,bge_non-hp_base_percustomer_passthrough
383140,bge_non-hp_base_percustomer_passthrough
353769,bge_hp_seasonal_percustomer_passthrough
318477,bge_non-hp_base_percustomer_passthrough
309548,bge_non-hp_base_percustomer_passthrough
330787,bge_non-hp_base_percustomer_passthrough
287213,bge_non-hp_base_percustomer_passthrough
335312,bge_non-hp_base_percustomer_passthrough
390811,bge_non-hp_base_percustomer_passthrough
289285,bge_non-hp_base_percustomer_passthrough
317419,bge_non-hp_base_percustomer_passthrough
320240,bge_hp_seasonal_percustomer_passthrough
338799,bge_non-hp_base_percustomer_passthrough
345275,bge_non-hp_base_percustomer_passthrough
345689,bge_non-hp_base_percustomer_passthrough
356563,bge_non-hp_base_percustomer_passthrough
361074,bge_non-hp_base_percustomer_passthrough
367451,bge_non-hp_base_percustomer_passthrough
372711,bge_non-hp_base_percustomer_passthrough
382820,bge_non-hp_base_percustomer_passthrough
388395,bge_non-hp_base_percustomer_passthrough
390119,bge_non-hp_base_percustomer_passthrough
406126,bge_hp_seasonal_percustomer_passthrough
411261,bge_hp_seasonal_percustomer_passthrough
98925,bge_non-hp_base_percustomer_passthrough
403292,bge_hp_seasonal_percustomer_passthrough
146253,bge_non-hp_base_percustomer_passthrough
207011,bge_non-hp_base_percustomer_passthrough
390192,bge_non-hp_base_percustomer_passthrough
400276,bge_non-hp_base_percustomer_passthrough
421287,bge_non-hp_base_percustomer_passthrough
424126,bge_non-hp_base_percustomer_passthrough
424540,bge_non-hp_base_percustomer_passthrough
431439,bge_hp_seasonal_percustomer_passthrough
432991,bge_non-hp_base_percustomer_passthrough
433504,bge_non-hp_base_percustomer_passthrough
434253,bge_non-hp_base_percustomer_passthrough
434750,bge_hp_seasonal_percustomer_passthrough
450677,bge_non-hp_base_percustomer_passthrough
453788,bge_non-hp_base_percustomer_passthrough
458178,bge_hp_seasonal_percustomer_passthrough
463746,bge_non-hp_base_percustomer_passthrough
474276,bge_non-hp_base_percustomer_passthrough
476349,bge_non-hp_base_percustomer_passthrough
477517,bge_hp_seasonal_percustomer_passthrough
479234,bge_hp_seasonal_percustomer_passthrough
479426,bge_non-hp_base_percustomer_passthrough
486689,bge_non-hp_base_percustomer_passthrough
488804,bge_non-hp_base_percustomer_passthrough
489482,bge_non-hp_base_percustomer_passthrough
490473,bge_non-hp_base_percustomer_passthrough
498223,bge_non-hp_base_percustomer_passthrough
511860,bge_non-hp_base_percustomer_passthrough
512728,bge_hp_seasonal_percustomer_passthrough
517530,bge_non-hp_base_percustomer_passthrough
518479,bge_non-hp_base_percustomer_passthrough
519735,bge_hp_seasonal_percustomer_passthrough
520591,bge_hp_seasonal_percustomer_passthrough
527249,bge_non-hp_base_percustomer_passthrough
527594,bge_non-hp_base_percustomer_passthrough
530996,bge_non-hp_base_percustomer_passthrough
531095,bge_non-hp_base_percustomer_passthrough
533549,bge_non-hp_base_percustomer_passthrough
533771,bge_non-hp_base_percustomer_passthrough
534352,bge_hp_seasonal_percustomer_passthrough
539483,bge_non-hp_base_percustomer_passthrough
547756,bge_non-hp_base_percustomer_passthrough
62595,bge_non-hp_base_percustomer_passthrough
63879,bge_non-hp_base_percustomer_passthrough
77800,bge_non-hp_base_percustomer_passthrough
86607,bge_hp_seasonal_percustomer_passthrough
93403,bge_non-hp_base_percustomer_passthrough
94957,bge_hp_seasonal_percustomer_passthrough
353933,bge_non-hp_base_percustomer_passthrough
208764,bge_non-hp_base_percustomer_passthrough
241477,bge_non-hp_base_percustomer_passthrough
308270,bge_non-hp_base_percustomer_passthrough
344314,bge_non-hp_base_percustomer_passthrough
234006,bge_non-hp_base_percustomer_passthrough
191627,bge_non-hp_base_percustomer_passthrough
176580,bge_non-hp_base_percustomer_passthrough
312140,bge_non-hp_base_percustomer_passthrough
497631,bge_non-hp_base_percustomer_passthrough
544001,bge_non-hp_base_percustomer_passthrough
183943,bge_non-hp_base_percustomer_passthrough
346507,bge_hp_seasonal_percustomer_passthrough
230680,bge_hp_seasonal_percustomer_passthrough
272841,bge_non-hp_base_percustomer_passthrough
277114,bge_hp_seasonal_percustomer_passthrough
377565,bge_non-hp_base_percustomer_passthrough
373696,bge_hp_seasonal_percustomer_passthrough
408058,bge_non-hp_base_percustomer_passthrough
290182,bge_non-hp_base_percustomer_passthrough
394936,bge_non-hp_base_percustomer_passthrough
212516,bge_hp_seasonal_percustomer_passthrough
229316,bge_non-hp_base_percustomer_passthrough
243598,bge_non-hp_base_percustomer_passthrough
259504,bge_hp_seasonal_percustomer_passthrough
464105,bge_non-hp_base_percustomer_passthrough
530167,bge_non-hp_base_percustomer_passthrough
530494,bge_non-hp_base_percustomer_passthrough
278901,bge_hp_seasonal_percustomer_passthrough
289633,bge_non-hp_base_percustomer_passthrough
6958,bge_non-hp_base_percustomer_passthrough
372080,bge_hp_seasonal_percustomer_passthrough
368249,bge_hp_seasonal_percustomer_passthrough
462275,bge_non-hp_base_percustomer_passthrough
498700,bge_non-hp_base_percustomer_passthrough
3921,bge_non-hp_base_percustomer_passthrough
22224,bge_hp_seasonal_percustomer_passthrough
22523,bge_non-hp_base_percustomer_passthrough
72781,bge_hp_seasonal_percustomer_passthrough
286520,bge_non-hp_base_percustomer_passthrough
353665,bge_non-hp_base_percustomer_passthrough
399730,bge_non-hp_base_percustomer_passthrough
357428,bge_non-hp_base_percustomer_passthrough
405298,bge_non-hp_base_percustomer_passthrough
287884,bge_non-hp_base_percustomer_passthrough
87874,bge_non-hp_base_percustomer_passthrough
337350,bge_non-hp_base_percustomer_passthrough
392280,bge_non-hp_base_percustomer_passthrough
397421,bge_non-hp_base_percustomer_passthrough
398428,bge_hp_seasonal_percustomer_passthrough
435822,bge_non-hp_base_percustomer_passthrough
534748,bge_non-hp_base_percustomer_passthrough
145331,bge_hp_seasonal_percustomer_passthrough
252491,bge_non-hp_base_percustomer_passthrough
494466,bge_hp_seasonal_percustomer_passthrough
422567,bge_non-hp_base_percustomer_passthrough
220471,bge_non-hp_base_percustomer_passthrough
201468,bge_hp_seasonal_percustomer_passthrough
63918,bge_non-hp_base_percustomer_passthrough
166958,bge_non-hp_base_percustomer_passthrough
181882,bge_hp_seasonal_percustomer_passthrough
193033,bge_non-hp_base_percustomer_passthrough
229396,bge_hp_seasonal_percustomer_passthrough
285883,bge_hp_seasonal_percustomer_passthrough
328014,bge_non-hp_base_percustomer_passthrough
426745,bge_non-hp_base_percustomer_passthrough
524086,bge_non-hp_base_percustomer_passthrough
94083,bge_non-hp_base_percustomer_passthrough
125642,bge_non-hp_base_percustomer_passthrough
147861,bge_non-hp_base_percustomer_passthrough
142548,bge_non-hp_base_percustomer_passthrough
160456,bge_non-hp_base_percustomer_passthrough
201199,bge_hp_seasonal_percustomer_passthrough
461998,bge_non-hp_base_percustomer_passthrough
286298,bge_non-hp_base_percustomer_passthrough
300365,bge_non-hp_base_percustomer_passthrough
188957,bge_hp_seasonal_percustomer_passthrough
225382,bge_hp_seasonal_percustomer_passthrough
277196,bge_non-hp_base_percustomer_passthrough
315933,bge_non-hp_base_percustomer_passthrough
59733,bge_non-hp_base_percustomer_passthrough
104775,bge_non-hp_base_percustomer_passthrough
348820,bge_non-hp_base_percustomer_passthrough
393156,bge_non-hp_base_percustomer_passthrough
400232,bge_non-hp_base_percustomer_passthrough
4377,bge_non-hp_base_percustomer_passthrough
238283,bge_non-hp_base_percustomer_passthrough
226194,bge_non-hp_base_percustomer_passthrough
349995,bge_non-hp_base_percustomer_passthrough
537218,bge_non-hp_base_percustomer_passthrough
40084,bge_non-hp_base_percustomer_passthrough
329027,bge_non-hp_base_percustomer_passthrough
383825,bge_hp_seasonal_percustomer_passthrough
439948,bge_non-hp_base_percustomer_passthrough
447906,bge_non-hp_base_percustomer_passthrough
496465,bge_non-hp_base_percustomer_passthrough
501882,bge_non-hp_base_percustomer_passthrough
532012,bge_non-hp_base_percustomer_passthrough
5592,bge_non-hp_base_percustomer_passthrough
6221,bge_non-hp_base_percustomer_passthrough
29324,bge_hp_seasonal_percustomer_passthrough
33566,bge_non-hp_base_percustomer_passthrough
64881,bge_non-hp_base_percustomer_passthrough
71477,bge_non-hp_base_percustomer_passthrough
88109,bge_non-hp_base_percustomer_passthrough
112047,bge_non-hp_base_percustomer_passthrough
377481,bge_non-hp_base_percustomer_passthrough
346443,bge_non-hp_base_percustomer_passthrough
385589,bge_non-hp_base_percustomer_passthrough
225869,bge_hp_seasonal_percustomer_passthrough
179311,bge_non-hp_base_percustomer_passthrough
181823,bge_non-hp_base_percustomer_passthrough
198893,bge_non-hp_base_percustomer_passthrough
214437,bge_non-hp_base_percustomer_passthrough
229923,bge_non-hp_base_percustomer_passthrough
277775,bge_non-hp_base_percustomer_passthrough
319173,bge_non-hp_base_percustomer_passthrough
283158,bge_non-hp_base_percustomer_passthrough
358774,bge_hp_seasonal_percustomer_passthrough
363997,bge_non-hp_base_percustomer_passthrough
422586,bge_non-hp_base_percustomer_passthrough
425004,bge_non-hp_base_percustomer_passthrough
435177,bge_non-hp_base_percustomer_passthrough
438231,bge_non-hp_base_percustomer_passthrough
440627,bge_hp_seasonal_percustomer_passthrough
447825,bge_non-hp_base_percustomer_passthrough
459717,bge_non-hp_base_percustomer_passthrough
460060,bge_non-hp_base_percustomer_passthrough
481251,bge_non-hp_base_percustomer_passthrough
498970,bge_hp_seasonal_percustomer_passthrough
503351,bge_non-hp_base_percustomer_passthrough
504366,bge_non-hp_base_percustomer_passthrough
514003,bge_non-hp_base_percustomer_passthrough
516781,bge_non-hp_base_percustomer_passthrough
517074,bge_hp_seasonal_percustomer_passthrough
533307,bge_non-hp_base_percustomer_passthrough
5351,bge_non-hp_base_percustomer_passthrough
5535,bge_non-hp_base_percustomer_passthrough
6633,bge_hp_seasonal_percustomer_passthrough
10469,bge_hp_seasonal_percustomer_passthrough
14498,bge_non-hp_base_percustomer_passthrough
16965,bge_non-hp_base_percustomer_passthrough
22545,bge_non-hp_base_percustomer_passthrough
22656,bge_non-hp_base_percustomer_passthrough
26170,bge_non-hp_base_percustomer_passthrough
29932,bge_non-hp_base_percustomer_passthrough
33581,bge_hp_seasonal_percustomer_passthrough
34799,bge_hp_seasonal_percustomer_passthrough
44403,bge_non-hp_base_percustomer_passthrough
49213,bge_non-hp_base_percustomer_passthrough
52714,bge_hp_seasonal_percustomer_passthrough
58016,bge_non-hp_base_percustomer_passthrough
61398,bge_non-hp_base_percustomer_passthrough
67445,bge_hp_seasonal_percustomer_passthrough
72082,bge_non-hp_base_percustomer_passthrough
72588,bge_non-hp_base_percustomer_passthrough
80080,bge_non-hp_base_percustomer_passthrough
80869,bge_non-hp_base_percustomer_passthrough
81166,bge_non-hp_base_percustomer_passthrough
90580,bge_non-hp_base_percustomer_passthrough
97671,bge_non-hp_base_percustomer_passthrough
100870,bge_non-hp_base_percustomer_passthrough
106602,bge_non-hp_base_percustomer_passthrough
107332,bge_non-hp_base_percustomer_passthrough
119590,bge_non-hp_base_percustomer_passthrough
121529,bge_non-hp_base_percustomer_passthrough
124240,bge_non-hp_base_percustomer_passthrough
127535,bge_non-hp_base_percustomer_passthrough
131401,bge_non-hp_base_percustomer_passthrough
131492,bge_non-hp_base_percustomer_passthrough
131542,bge_non-hp_base_percustomer_passthrough
359058,bge_non-hp_base_percustomer_passthrough
145551,bge_hp_seasonal_percustomer_passthrough
290699,bge_hp_seasonal_percustomer_passthrough
389112,bge_non-hp_base_percustomer_passthrough
278220,bge_non-hp_base_percustomer_passthrough
252694,bge_non-hp_base_percustomer_passthrough
327851,bge_hp_seasonal_percustomer_passthrough
239280,bge_non-hp_base_percustomer_passthrough
253421,bge_non-hp_base_percustomer_passthrough
382579,bge_non-hp_base_percustomer_passthrough
404956,bge_non-hp_base_percustomer_passthrough
399762,bge_non-hp_base_percustomer_passthrough
145132,bge_hp_seasonal_percustomer_passthrough
336699,bge_non-hp_base_percustomer_passthrough
355107,bge_non-hp_base_percustomer_passthrough
399972,bge_non-hp_base_percustomer_passthrough
141213,bge_non-hp_base_percustomer_passthrough
148788,bge_non-hp_base_percustomer_passthrough
154535,bge_non-hp_base_percustomer_passthrough
159182,bge_non-hp_base_percustomer_passthrough
161928,bge_non-hp_base_percustomer_passthrough
163964,bge_non-hp_base_percustomer_passthrough
172562,bge_non-hp_base_percustomer_passthrough
174441,bge_non-hp_base_percustomer_passthrough
175224,bge_non-hp_base_percustomer_passthrough
175406,bge_non-hp_base_percustomer_passthrough
180273,bge_non-hp_base_percustomer_passthrough
182701,bge_hp_seasonal_percustomer_passthrough
186206,bge_hp_seasonal_percustomer_passthrough
190428,bge_non-hp_base_percustomer_passthrough
191321,bge_non-hp_base_percustomer_passthrough
196165,bge_non-hp_base_percustomer_passthrough
202556,bge_non-hp_base_percustomer_passthrough
210838,bge_non-hp_base_percustomer_passthrough
214889,bge_non-hp_base_percustomer_passthrough
216174,bge_non-hp_base_percustomer_passthrough
219375,bge_non-hp_base_percustomer_passthrough
230439,bge_non-hp_base_percustomer_passthrough
230443,bge_hp_seasonal_percustomer_passthrough
231916,bge_non-hp_base_percustomer_passthrough
238914,bge_non-hp_base_percustomer_passthrough
240424,bge_non-hp_base_percustomer_passthrough
246593,bge_non-hp_base_percustomer_passthrough
251075,bge_non-hp_base_percustomer_passthrough
256188,bge_non-hp_base_percustomer_passthrough
261700,bge_non-hp_base_percustomer_passthrough
265654,bge_hp_seasonal_percustomer_passthrough
266050,bge_hp_seasonal_percustomer_passthrough
363645,bge_non-hp_base_percustomer_passthrough
364550,bge_non-hp_base_percustomer_passthrough
407604,bge_non-hp_base_percustomer_passthrough
375493,bge_non-hp_base_percustomer_passthrough
376951,bge_non-hp_base_percustomer_passthrough
339074,bge_hp_seasonal_percustomer_passthrough
376148,bge_non-hp_base_percustomer_passthrough
278460,bge_non-hp_base_percustomer_passthrough
281093,bge_non-hp_base_percustomer_passthrough
286713,bge_non-hp_base_percustomer_passthrough
293729,bge_non-hp_base_percustomer_passthrough
297929,bge_non-hp_base_percustomer_passthrough
304444,bge_non-hp_base_percustomer_passthrough
315357,bge_non-hp_base_percustomer_passthrough
316647,bge_non-hp_base_percustomer_passthrough
319538,bge_hp_seasonal_percustomer_passthrough
322432,bge_non-hp_base_percustomer_passthrough
323254,bge_non-hp_base_percustomer_passthrough
339465,bge_non-hp_base_percustomer_passthrough
342090,bge_non-hp_base_percustomer_passthrough
366498,bge_non-hp_base_percustomer_passthrough
369766,bge_hp_seasonal_percustomer_passthrough
390583,bge_non-hp_base_percustomer_passthrough
411206,bge_non-hp_base_percustomer_passthrough
411468,bge_non-hp_base_percustomer_passthrough
166488,bge_non-hp_base_percustomer_passthrough
417084,bge_hp_seasonal_percustomer_passthrough
420928,bge_non-hp_base_percustomer_passthrough
428908,bge_non-hp_base_percustomer_passthrough
439439,bge_non-hp_base_percustomer_passthrough
450240,bge_non-hp_base_percustomer_passthrough
450976,bge_non-hp_base_percustomer_passthrough
452030,bge_non-hp_base_percustomer_passthrough
453470,bge_non-hp_base_percustomer_passthrough
465848,bge_hp_seasonal_percustomer_passthrough
473403,bge_non-hp_base_percustomer_passthrough
491013,bge_non-hp_base_percustomer_passthrough
494835,bge_non-hp_base_percustomer_passthrough
499124,bge_non-hp_base_percustomer_passthrough
499730,bge_non-hp_base_percustomer_passthrough
502238,bge_non-hp_base_percustomer_passthrough
502729,bge_hp_seasonal_percustomer_passthrough
504140,bge_non-hp_base_percustomer_passthrough
509398,bge_non-hp_base_percustomer_passthrough
511493,bge_non-hp_base_percustomer_passthrough
518750,bge_non-hp_base_percustomer_passthrough
527708,bge_non-hp_base_percustomer_passthrough
529125,bge_non-hp_base_percustomer_passthrough
529699,bge_non-hp_base_percustomer_passthrough
530877,bge_non-hp_base_percustomer_passthrough
531775,bge_non-hp_base_percustomer_passthrough
532311,bge_non-hp_base_percustomer_passthrough
542591,bge_non-hp_base_percustomer_passthrough
542757,bge_hp_seasonal_percustomer_passthrough
545272,bge_hp_seasonal_percustomer_passthrough
547407,bge_non-hp_base_percustomer_passthrough
549324,bge_non-hp_base_percustomer_passthrough
43287,bge_non-hp_base_percustomer_passthrough
55922,bge_non-hp_base_percustomer_passthrough
65561,bge_non-hp_base_percustomer_passthrough
77188,bge_hp_seasonal_percustomer_passthrough
116752,bge_non-hp_base_percustomer_passthrough
119385,bge_non-hp_base_percustomer_passthrough
119978,bge_non-hp_base_percustomer_passthrough
128719,bge_non-hp_base_percustomer_passthrough
129169,bge_hp_seasonal_percustomer_passthrough
135880,bge_non-hp_base_percustomer_passthrough
136284,bge_non-hp_base_percustomer_passthrough
376399,bge_non-hp_base_percustomer_passthrough
389051,bge_non-hp_base_percustomer_passthrough
257136,bge_non-hp_base_percustomer_passthrough
282342,bge_non-hp_base_percustomer_passthrough
256134,bge_non-hp_base_percustomer_passthrough
458151,bge_non-hp_base_percustomer_passthrough
240688,bge_non-hp_base_percustomer_passthrough
346780,bge_non-hp_base_percustomer_passthrough
380774,bge_hp_seasonal_percustomer_passthrough
521447,bge_non-hp_base_percustomer_passthrough
419758,bge_hp_seasonal_percustomer_passthrough
547835,bge_non-hp_base_percustomer_passthrough
192066,bge_non-hp_base_percustomer_passthrough
358359,bge_non-hp_base_percustomer_passthrough
387951,bge_non-hp_base_percustomer_passthrough
334551,bge_hp_seasonal_percustomer_passthrough
72513,bge_non-hp_base_percustomer_passthrough
225269,bge_hp_seasonal_percustomer_passthrough
217853,bge_non-hp_base_percustomer_passthrough
241941,bge_non-hp_base_percustomer_passthrough
242410,bge_non-hp_base_percustomer_passthrough
252025,bge_non-hp_base_percustomer_passthrough
265297,bge_non-hp_base_percustomer_passthrough
269797,bge_non-hp_base_percustomer_passthrough
275311,bge_hp_seasonal_percustomer_passthrough
276035,bge_non-hp_base_percustomer_passthrough
478750,bge_non-hp_base_percustomer_passthrough
394612,bge_hp_seasonal_percustomer_passthrough
527709,bge_non-hp_base_percustomer_passthrough
78242,bge_non-hp_base_percustomer_passthrough
398208,bge_non-hp_base_percustomer_passthrough
84458,bge_non-hp_base_percustomer_passthrough
344473,bge_hp_seasonal_percustomer_passthrough
350660,bge_non-hp_base_percustomer_passthrough
414684,bge_non-hp_base_percustomer_passthrough
345139,bge_non-hp_base_percustomer_passthrough
45852,bge_non-hp_base_percustomer_passthrough
93591,bge_hp_seasonal_percustomer_passthrough
424070,bge_non-hp_base_percustomer_passthrough
369595,bge_non-hp_base_percustomer_passthrough
400730,bge_non-hp_base_percustomer_passthrough
408205,bge_hp_seasonal_percustomer_passthrough
513362,bge_non-hp_base_percustomer_passthrough
11538,bge_non-hp_base_percustomer_passthrough
14504,bge_non-hp_base_percustomer_passthrough
19406,bge_non-hp_base_percustomer_passthrough
35676,bge_non-hp_base_percustomer_passthrough
74636,bge_non-hp_base_percustomer_passthrough
288008,bge_non-hp_base_percustomer_passthrough
398313,bge_non-hp_base_percustomer_passthrough
361938,bge_hp_seasonal_percustomer_passthrough
302868,bge_hp_seasonal_percustomer_passthrough
344526,bge_non-hp_base_percustomer_passthrough
382283,bge_non-hp_base_percustomer_passthrough
410872,bge_non-hp_base_percustomer_passthrough
447541,bge_hp_seasonal_percustomer_passthrough
309589,bge_non-hp_base_percustomer_passthrough
363216,bge_non-hp_base_percustomer_passthrough
389682,bge_non-hp_base_percustomer_passthrough
393646,bge_hp_seasonal_percustomer_passthrough
411748,bge_non-hp_base_percustomer_passthrough
210699,bge_non-hp_base_percustomer_passthrough
265231,bge_non-hp_base_percustomer_passthrough
206549,bge_hp_seasonal_percustomer_passthrough
20044,bge_non-hp_base_percustomer_passthrough
54174,bge_non-hp_base_percustomer_passthrough
506710,bge_hp_seasonal_percustomer_passthrough
453327,bge_non-hp_base_percustomer_passthrough
25426,bge_non-hp_base_percustomer_passthrough
43275,bge_non-hp_base_percustomer_passthrough
103982,bge_hp_seasonal_percustomer_passthrough
179637,bge_non-hp_base_percustomer_passthrough
182280,bge_hp_seasonal_percustomer_passthrough
145435,bge_non-hp_base_percustomer_passthrough
180636,bge_non-hp_base_percustomer_passthrough
233905,bge_non-hp_base_percustomer_passthrough
250496,bge_non-hp_base_percustomer_passthrough
260269,bge_non-hp_base_percustomer_passthrough
264428,bge_non-hp_base_percustomer_passthrough
102570,bge_non-hp_base_percustomer_passthrough
257133,bge_non-hp_base_percustomer_passthrough
418095,bge_non-hp_base_percustomer_passthrough
460736,bge_non-hp_base_percustomer_passthrough
470976,bge_non-hp_base_percustomer_passthrough
518731,bge_non-hp_base_percustomer_passthrough
549031,bge_non-hp_base_percustomer_passthrough
82382,bge_hp_seasonal_percustomer_passthrough
94182,bge_non-hp_base_percustomer_passthrough
380969,bge_non-hp_base_percustomer_passthrough
173135,bge_non-hp_base_percustomer_passthrough
284855,bge_non-hp_base_percustomer_passthrough
159008,bge_non-hp_base_percustomer_passthrough
533883,bge_non-hp_base_percustomer_passthrough
187036,bge_hp_seasonal_percustomer_passthrough
149350,bge_non-hp_base_percustomer_passthrough
164807,bge_non-hp_base_percustomer_passthrough
247868,bge_non-hp_base_percustomer_passthrough
259567,bge_non-hp_base_percustomer_passthrough
264074,bge_non-hp_base_percustomer_passthrough
132580,bge_non-hp_base_percustomer_passthrough
387436,bge_non-hp_base_percustomer_passthrough
319657,bge_non-hp_base_percustomer_passthrough
349703,bge_non-hp_base_percustomer_passthrough
379798,bge_non-hp_base_percustomer_passthrough
458864,bge_non-hp_base_percustomer_passthrough
100874,bge_non-hp_base_percustomer_passthrough
167262,bge_non-hp_base_percustomer_passthrough
508684,bge_hp_seasonal_percustomer_passthrough
78779,bge_non-hp_base_percustomer_passthrough
242438,bge_non-hp_base_percustomer_passthrough
533781,bge_non-hp_base_percustomer_passthrough
155149,bge_hp_seasonal_percustomer_passthrough
407940,bge_non-hp_base_percustomer_passthrough
366638,bge_non-hp_base_percustomer_passthrough
388863,bge_non-hp_base_percustomer_passthrough
78095,bge_hp_seasonal_percustomer_passthrough
87127,bge_non-hp_base_percustomer_passthrough
111289,bge_non-hp_base_percustomer_passthrough
424577,bge_non-hp_base_percustomer_passthrough
428072,bge_non-hp_base_percustomer_passthrough
534006,bge_non-hp_base_percustomer_passthrough
44593,bge_non-hp_base_percustomer_passthrough
100977,bge_non-hp_base_percustomer_passthrough
120829,bge_non-hp_base_percustomer_passthrough
135832,bge_non-hp_base_percustomer_passthrough
289667,bge_hp_seasonal_percustomer_passthrough
154097,bge_non-hp_base_percustomer_passthrough
225192,bge_non-hp_base_percustomer_passthrough
143006,bge_non-hp_base_percustomer_passthrough
169422,bge_non-hp_base_percustomer_passthrough
192927,bge_non-hp_base_percustomer_passthrough
256190,bge_non-hp_base_percustomer_passthrough
293324,bge_hp_seasonal_percustomer_passthrough
331686,bge_non-hp_base_percustomer_passthrough
349098,bge_non-hp_base_percustomer_passthrough
321771,bge_non-hp_base_percustomer_passthrough
410014,bge_non-hp_base_percustomer_passthrough
277936,bge_non-hp_base_percustomer_passthrough
282505,bge_non-hp_base_percustomer_passthrough
345013,bge_non-hp_base_percustomer_passthrough
356631,bge_hp_seasonal_percustomer_passthrough
361296,bge_non-hp_base_percustomer_passthrough
366402,bge_non-hp_base_percustomer_passthrough
387941,bge_non-hp_base_percustomer_passthrough
423084,bge_non-hp_base_percustomer_passthrough
429621,bge_non-hp_base_percustomer_passthrough
443603,bge_non-hp_base_percustomer_passthrough
457882,bge_non-hp_base_percustomer_passthrough
458647,bge_non-hp_base_percustomer_passthrough
462061,bge_non-hp_base_percustomer_passthrough
463930,bge_non-hp_base_percustomer_passthrough
469133,bge_non-hp_base_percustomer_passthrough
469617,bge_non-hp_base_percustomer_passthrough
472004,bge_hp_seasonal_percustomer_passthrough
483901,bge_non-hp_base_percustomer_passthrough
525026,bge_hp_seasonal_percustomer_passthrough
546663,bge_non-hp_base_percustomer_passthrough
4439,bge_non-hp_base_percustomer_passthrough
5775,bge_non-hp_base_percustomer_passthrough
14983,bge_non-hp_base_percustomer_passthrough
16703,bge_hp_seasonal_percustomer_passthrough
19631,bge_hp_seasonal_percustomer_passthrough
33989,bge_non-hp_base_percustomer_passthrough
37229,bge_non-hp_base_percustomer_passthrough
42586,bge_non-hp_base_percustomer_passthrough
43543,bge_non-hp_base_percustomer_passthrough
47262,bge_non-hp_base_percustomer_passthrough
50967,bge_non-hp_base_percustomer_passthrough
57958,bge_non-hp_base_percustomer_passthrough
59087,bge_non-hp_base_percustomer_passthrough
59137,bge_non-hp_base_percustomer_passthrough
59246,bge_non-hp_base_percustomer_passthrough
68444,bge_non-hp_base_percustomer_passthrough
69484,bge_hp_seasonal_percustomer_passthrough
76108,bge_non-hp_base_percustomer_passthrough
87352,bge_non-hp_base_percustomer_passthrough
90799,bge_non-hp_base_percustomer_passthrough
91534,bge_non-hp_base_percustomer_passthrough
91991,bge_non-hp_base_percustomer_passthrough
93792,bge_non-hp_base_percustomer_passthrough
94862,bge_non-hp_base_percustomer_passthrough
95369,bge_hp_seasonal_percustomer_passthrough
100197,bge_non-hp_base_percustomer_passthrough
100270,bge_non-hp_base_percustomer_passthrough
100508,bge_non-hp_base_percustomer_passthrough
103629,bge_non-hp_base_percustomer_passthrough
107428,bge_hp_seasonal_percustomer_passthrough
115685,bge_non-hp_base_percustomer_passthrough
118424,bge_non-hp_base_percustomer_passthrough
124598,bge_non-hp_base_percustomer_passthrough
125955,bge_non-hp_base_percustomer_passthrough
127025,bge_non-hp_base_percustomer_passthrough
135822,bge_non-hp_base_percustomer_passthrough
363270,bge_hp_seasonal_percustomer_passthrough
187759,bge_hp_seasonal_percustomer_passthrough
343516,bge_non-hp_base_percustomer_passthrough
315283,bge_hp_seasonal_percustomer_passthrough
366406,bge_non-hp_base_percustomer_passthrough
348309,bge_non-hp_base_percustomer_passthrough
332963,bge_non-hp_base_percustomer_passthrough
383273,bge_non-hp_base_percustomer_passthrough
164366,bge_non-hp_base_percustomer_passthrough
353339,bge_non-hp_base_percustomer_passthrough
320061,bge_non-hp_base_percustomer_passthrough
327269,bge_non-hp_base_percustomer_passthrough
191426,bge_non-hp_base_percustomer_passthrough
221897,bge_non-hp_base_percustomer_passthrough
294937,bge_non-hp_base_percustomer_passthrough
399559,bge_non-hp_base_percustomer_passthrough
331824,bge_non-hp_base_percustomer_passthrough
290378,bge_non-hp_base_percustomer_passthrough
142779,bge_non-hp_base_percustomer_passthrough
148451,bge_non-hp_base_percustomer_passthrough
148864,bge_non-hp_base_percustomer_passthrough
149945,bge_non-hp_base_percustomer_passthrough
159502,bge_non-hp_base_percustomer_passthrough
173394,bge_non-hp_base_percustomer_passthrough
173826,bge_non-hp_base_percustomer_passthrough
177185,bge_non-hp_base_percustomer_passthrough
182654,bge_non-hp_base_percustomer_passthrough
183331,bge_non-hp_base_percustomer_passthrough
190016,bge_hp_seasonal_percustomer_passthrough
190498,bge_non-hp_base_percustomer_passthrough
192013,bge_non-hp_base_percustomer_passthrough
197559,bge_non-hp_base_percustomer_passthrough
198945,bge_non-hp_base_percustomer_passthrough
208433,bge_non-hp_base_percustomer_passthrough
216736,bge_non-hp_base_percustomer_passthrough
222478,bge_non-hp_base_percustomer_passthrough
223838,bge_non-hp_base_percustomer_passthrough
226080,bge_hp_seasonal_percustomer_passthrough
229744,bge_non-hp_base_percustomer_passthrough
231381,bge_non-hp_base_percustomer_passthrough
233643,bge_non-hp_base_percustomer_passthrough
239149,bge_non-hp_base_percustomer_passthrough
241606,bge_non-hp_base_percustomer_passthrough
242546,bge_non-hp_base_percustomer_passthrough
242568,bge_non-hp_base_percustomer_passthrough
253207,bge_non-hp_base_percustomer_passthrough
261744,bge_non-hp_base_percustomer_passthrough
262504,bge_hp_seasonal_percustomer_passthrough
269020,bge_non-hp_base_percustomer_passthrough
273037,bge_non-hp_base_percustomer_passthrough
276488,bge_non-hp_base_percustomer_passthrough
387457,bge_non-hp_base_percustomer_passthrough
345295,bge_non-hp_base_percustomer_passthrough
361772,bge_non-hp_base_percustomer_passthrough
366648,bge_non-hp_base_percustomer_passthrough
343571,bge_non-hp_base_percustomer_passthrough
292454,bge_non-hp_base_percustomer_passthrough
346891,bge_non-hp_base_percustomer_passthrough
371508,bge_non-hp_base_percustomer_passthrough
279765,bge_non-hp_base_percustomer_passthrough
285083,bge_non-hp_base_percustomer_passthrough
287104,bge_non-hp_base_percustomer_passthrough
293121,bge_non-hp_base_percustomer_passthrough
297264,bge_hp_seasonal_percustomer_passthrough
300561,bge_non-hp_base_percustomer_passthrough
305200,bge_non-hp_base_percustomer_passthrough
308460,bge_non-hp_base_percustomer_passthrough
317908,bge_non-hp_base_percustomer_passthrough
318540,bge_hp_seasonal_percustomer_passthrough
322142,bge_hp_seasonal_percustomer_passthrough
331031,bge_hp_seasonal_percustomer_passthrough
331993,bge_hp_seasonal_percustomer_passthrough
334900,bge_non-hp_base_percustomer_passthrough
336319,bge_non-hp_base_percustomer_passthrough
338231,bge_non-hp_base_percustomer_passthrough
344973,bge_non-hp_base_percustomer_passthrough
357306,bge_non-hp_base_percustomer_passthrough
361830,bge_non-hp_base_percustomer_passthrough
384051,bge_hp_seasonal_percustomer_passthrough
387415,bge_non-hp_base_percustomer_passthrough
403628,bge_non-hp_base_percustomer_passthrough
154615,bge_hp_seasonal_percustomer_passthrough
167629,bge_non-hp_base_percustomer_passthrough
227167,bge_non-hp_base_percustomer_passthrough
308397,bge_non-hp_base_percustomer_passthrough
340790,bge_non-hp_base_percustomer_passthrough
367060,bge_non-hp_base_percustomer_passthrough
394631,bge_non-hp_base_percustomer_passthrough
420417,bge_non-hp_base_percustomer_passthrough
433474,bge_non-hp_base_percustomer_passthrough
435401,bge_non-hp_base_percustomer_passthrough
439578,bge_non-hp_base_percustomer_passthrough
449996,bge_hp_seasonal_percustomer_passthrough
451031,bge_non-hp_base_percustomer_passthrough
460527,bge_non-hp_base_percustomer_passthrough
473280,bge_non-hp_base_percustomer_passthrough
473635,bge_non-hp_base_percustomer_passthrough
479630,bge_non-hp_base_percustomer_passthrough
489176,bge_hp_seasonal_percustomer_passthrough
491839,bge_hp_seasonal_percustomer_passthrough
492439,bge_non-hp_base_percustomer_passthrough
501183,bge_non-hp_base_percustomer_passthrough
511756,bge_non-hp_base_percustomer_passthrough
512124,bge_non-hp_base_percustomer_passthrough
517431,bge_non-hp_base_percustomer_passthrough
518755,bge_non-hp_base_percustomer_passthrough
520186,bge_non-hp_base_percustomer_passthrough
523417,bge_non-hp_base_percustomer_passthrough
525220,bge_non-hp_base_percustomer_passthrough
526249,bge_non-hp_base_percustomer_passthrough
526274,bge_non-hp_base_percustomer_passthrough
528863,bge_non-hp_base_percustomer_passthrough
531191,bge_hp_seasonal_percustomer_passthrough
531920,bge_non-hp_base_percustomer_passthrough
64906,bge_non-hp_base_percustomer_passthrough
82800,bge_non-hp_base_percustomer_passthrough
93468,bge_non-hp_base_percustomer_passthrough
121037,bge_non-hp_base_percustomer_passthrough
125231,bge_non-hp_base_percustomer_passthrough
129718,bge_non-hp_base_percustomer_passthrough
130033,bge_non-hp_base_percustomer_passthrough
261684,bge_non-hp_base_percustomer_passthrough
284243,bge_non-hp_base_percustomer_passthrough
305407,bge_non-hp_base_percustomer_passthrough
307085,bge_non-hp_base_percustomer_passthrough
161472,bge_non-hp_base_percustomer_passthrough
176792,bge_non-hp_base_percustomer_passthrough
211971,bge_non-hp_base_percustomer_passthrough
454029,bge_non-hp_base_percustomer_passthrough
214887,bge_non-hp_base_percustomer_passthrough
318829,bge_non-hp_base_percustomer_passthrough
409825,bge_non-hp_base_percustomer_passthrough
458313,bge_hp_seasonal_percustomer_passthrough
240336,bge_non-hp_base_percustomer_passthrough
278249,bge_non-hp_base_percustomer_passthrough
407034,bge_hp_seasonal_percustomer_passthrough
376877,bge_non-hp_base_percustomer_passthrough
361791,bge_non-hp_base_percustomer_passthrough
322817,bge_non-hp_base_percustomer_passthrough
337245,bge_non-hp_base_percustomer_passthrough
384679,bge_non-hp_base_percustomer_passthrough
424180,bge_non-hp_base_percustomer_passthrough
445337,bge_hp_seasonal_percustomer_passthrough
182729,bge_hp_seasonal_percustomer_passthrough
221710,bge_non-hp_base_percustomer_passthrough
224914,bge_non-hp_base_percustomer_passthrough
236391,bge_hp_seasonal_percustomer_passthrough
267090,bge_non-hp_base_percustomer_passthrough
270631,bge_hp_seasonal_percustomer_passthrough
272587,bge_non-hp_base_percustomer_passthrough
539414,bge_non-hp_base_percustomer_passthrough
542993,bge_hp_seasonal_percustomer_passthrough
400365,bge_non-hp_base_percustomer_passthrough
405566,bge_hp_seasonal_percustomer_passthrough
5327,bge_non-hp_base_percustomer_passthrough
135427,bge_hp_seasonal_percustomer_passthrough
329305,bge_non-hp_base_percustomer_passthrough
68823,bge_non-hp_base_percustomer_passthrough
394472,bge_non-hp_base_percustomer_passthrough
9881,bge_non-hp_base_percustomer_passthrough
14114,bge_non-hp_base_percustomer_passthrough
37551,bge_non-hp_base_percustomer_passthrough
517358,bge_non-hp_base_percustomer_passthrough
14741,bge_hp_seasonal_percustomer_passthrough
95584,bge_hp_seasonal_percustomer_passthrough
114357,bge_hp_seasonal_percustomer_passthrough
118089,bge_non-hp_base_percustomer_passthrough
123432,bge_non-hp_base_percustomer_passthrough
293196,bge_non-hp_base_percustomer_passthrough
320544,bge_non-hp_base_percustomer_passthrough
347734,bge_non-hp_base_percustomer_passthrough
362049,bge_non-hp_base_percustomer_passthrough
367042,bge_hp_seasonal_percustomer_passthrough
403025,bge_non-hp_base_percustomer_passthrough
313539,bge_non-hp_base_percustomer_passthrough
351546,bge_non-hp_base_percustomer_passthrough
382649,bge_non-hp_base_percustomer_passthrough
389673,bge_non-hp_base_percustomer_passthrough
399895,bge_hp_seasonal_percustomer_passthrough
399929,bge_non-hp_base_percustomer_passthrough
412023,bge_non-hp_base_percustomer_passthrough
445248,bge_non-hp_base_percustomer_passthrough
98513,bge_non-hp_base_percustomer_passthrough
131705,bge_non-hp_base_percustomer_passthrough
141967,bge_non-hp_base_percustomer_passthrough
145955,bge_non-hp_base_percustomer_passthrough
198716,bge_non-hp_base_percustomer_passthrough
43332,bge_non-hp_base_percustomer_passthrough
522438,bge_non-hp_base_percustomer_passthrough
228254,bge_non-hp_base_percustomer_passthrough
535866,bge_hp_seasonal_percustomer_passthrough
10016,bge_non-hp_base_percustomer_passthrough
185522,bge_non-hp_base_percustomer_passthrough
246389,bge_non-hp_base_percustomer_passthrough
469290,bge_non-hp_base_percustomer_passthrough
41409,bge_hp_seasonal_percustomer_passthrough
67656,bge_non-hp_base_percustomer_passthrough
233166,bge_non-hp_base_percustomer_passthrough
151896,bge_non-hp_base_percustomer_passthrough
238463,bge_hp_seasonal_percustomer_passthrough
351852,bge_hp_seasonal_percustomer_passthrough
434095,bge_non-hp_base_percustomer_passthrough
435151,bge_non-hp_base_percustomer_passthrough
462090,bge_non-hp_base_percustomer_passthrough
484613,bge_non-hp_base_percustomer_passthrough
507143,bge_non-hp_base_percustomer_passthrough
515639,bge_non-hp_base_percustomer_passthrough
158735,bge_hp_seasonal_percustomer_passthrough
291703,bge_hp_seasonal_percustomer_passthrough
340147,bge_non-hp_base_percustomer_passthrough
177633,bge_non-hp_base_percustomer_passthrough
436063,bge_non-hp_base_percustomer_passthrough
194690,bge_non-hp_base_percustomer_passthrough
290751,bge_hp_seasonal_percustomer_passthrough
211804,bge_non-hp_base_percustomer_passthrough
246536,bge_non-hp_base_percustomer_passthrough
263560,bge_hp_seasonal_percustomer_passthrough
269023,bge_non-hp_base_percustomer_passthrough
300892,bge_non-hp_base_percustomer_passthrough
477994,bge_non-hp_base_percustomer_passthrough
345513,bge_non-hp_base_percustomer_passthrough
370888,bge_non-hp_base_percustomer_passthrough
400327,bge_non-hp_base_percustomer_passthrough
220076,bge_hp_seasonal_percustomer_passthrough
126615,bge_non-hp_base_percustomer_passthrough
33867,bge_non-hp_base_percustomer_passthrough
88966,bge_hp_seasonal_percustomer_passthrough
377429,bge_non-hp_base_percustomer_passthrough
348080,bge_non-hp_base_percustomer_passthrough
110054,bge_non-hp_base_percustomer_passthrough
76214,bge_hp_seasonal_percustomer_passthrough
239138,bge_non-hp_base_percustomer_passthrough
288824,bge_non-hp_base_percustomer_passthrough
436926,bge_hp_seasonal_percustomer_passthrough
437304,bge_non-hp_base_percustomer_passthrough
439091,bge_non-hp_base_percustomer_passthrough
451278,bge_non-hp_base_percustomer_passthrough
493479,bge_non-hp_base_percustomer_passthrough
12454,bge_non-hp_base_percustomer_passthrough
29097,bge_non-hp_base_percustomer_passthrough
57593,bge_hp_seasonal_percustomer_passthrough
67235,bge_non-hp_base_percustomer_passthrough
87161,bge_non-hp_base_percustomer_passthrough
131280,bge_hp_seasonal_percustomer_passthrough
144761,bge_non-hp_base_percustomer_passthrough
273555,bge_hp_seasonal_percustomer_passthrough
153917,bge_non-hp_base_percustomer_passthrough
156023,bge_non-hp_base_percustomer_passthrough
326424,bge_hp_seasonal_percustomer_passthrough
172405,bge_non-hp_base_percustomer_passthrough
188217,bge_non-hp_base_percustomer_passthrough
194164,bge_non-hp_base_percustomer_passthrough
207194,bge_non-hp_base_percustomer_passthrough
227321,bge_hp_seasonal_percustomer_passthrough
265518,bge_non-hp_base_percustomer_passthrough
270417,bge_non-hp_base_percustomer_passthrough
294040,bge_hp_seasonal_percustomer_passthrough
282617,bge_non-hp_base_percustomer_passthrough
417313,bge_hp_seasonal_percustomer_passthrough
418117,bge_hp_seasonal_percustomer_passthrough
421322,bge_non-hp_base_percustomer_passthrough
422502,bge_non-hp_base_percustomer_passthrough
423508,bge_non-hp_base_percustomer_passthrough
427148,bge_non-hp_base_percustomer_passthrough
428652,bge_non-hp_base_percustomer_passthrough
446092,bge_non-hp_base_percustomer_passthrough
451816,bge_hp_seasonal_percustomer_passthrough
455909,bge_non-hp_base_percustomer_passthrough
456059,bge_hp_seasonal_percustomer_passthrough
460014,bge_non-hp_base_percustomer_passthrough
463659,bge_non-hp_base_percustomer_passthrough
466142,bge_non-hp_base_percustomer_passthrough
466646,bge_non-hp_base_percustomer_passthrough
470372,bge_hp_seasonal_percustomer_passthrough
475350,bge_non-hp_base_percustomer_passthrough
482495,bge_non-hp_base_percustomer_passthrough
486925,bge_non-hp_base_percustomer_passthrough
495892,bge_non-hp_base_percustomer_passthrough
509549,bge_non-hp_base_percustomer_passthrough
513638,bge_hp_seasonal_percustomer_passthrough
525230,bge_non-hp_base_percustomer_passthrough
538136,bge_non-hp_base_percustomer_passthrough
962,bge_non-hp_base_percustomer_passthrough
10459,bge_non-hp_base_percustomer_passthrough
18953,bge_non-hp_base_percustomer_passthrough
20282,bge_non-hp_base_percustomer_passthrough
28715,bge_non-hp_base_percustomer_passthrough
29818,bge_non-hp_base_percustomer_passthrough
30919,bge_non-hp_base_percustomer_passthrough
35214,bge_hp_seasonal_percustomer_passthrough
35663,bge_non-hp_base_percustomer_passthrough
36721,bge_non-hp_base_percustomer_passthrough
38780,bge_non-hp_base_percustomer_passthrough
43601,bge_non-hp_base_percustomer_passthrough
48266,bge_non-hp_base_percustomer_passthrough
52424,bge_non-hp_base_percustomer_passthrough
52864,bge_non-hp_base_percustomer_passthrough
52953,bge_non-hp_base_percustomer_passthrough
58760,bge_non-hp_base_percustomer_passthrough
61106,bge_non-hp_base_percustomer_passthrough
67438,bge_hp_seasonal_percustomer_passthrough
67487,bge_non-hp_base_percustomer_passthrough
69470,bge_non-hp_base_percustomer_passthrough
70591,bge_non-hp_base_percustomer_passthrough
75014,bge_hp_seasonal_percustomer_passthrough
77749,bge_non-hp_base_percustomer_passthrough
79220,bge_non-hp_base_percustomer_passthrough
79310,bge_non-hp_base_percustomer_passthrough
88426,bge_non-hp_base_percustomer_passthrough
91586,bge_non-hp_base_percustomer_passthrough
96519,bge_non-hp_base_percustomer_passthrough
99411,bge_non-hp_base_percustomer_passthrough
102799,bge_non-hp_base_percustomer_passthrough
106599,bge_non-hp_base_percustomer_passthrough
115338,bge_non-hp_base_percustomer_passthrough
119429,bge_non-hp_base_percustomer_passthrough
126121,bge_non-hp_base_percustomer_passthrough
126747,bge_non-hp_base_percustomer_passthrough
134841,bge_non-hp_base_percustomer_passthrough
184390,bge_non-hp_base_percustomer_passthrough
385237,bge_non-hp_base_percustomer_passthrough
195897,bge_hp_seasonal_percustomer_passthrough
219070,bge_non-hp_base_percustomer_passthrough
359386,bge_non-hp_base_percustomer_passthrough
332158,bge_non-hp_base_percustomer_passthrough
360180,bge_non-hp_base_percustomer_passthrough
212366,bge_non-hp_base_percustomer_passthrough
395959,bge_non-hp_base_percustomer_passthrough
306684,bge_hp_seasonal_percustomer_passthrough
247035,bge_non-hp_base_percustomer_passthrough
258448,bge_non-hp_base_percustomer_passthrough
236733,bge_non-hp_base_percustomer_passthrough
194758,bge_non-hp_base_percustomer_passthrough
136943,bge_non-hp_base_percustomer_passthrough
402721,bge_hp_seasonal_percustomer_passthrough
147303,bge_non-hp_base_percustomer_passthrough
170525,bge_non-hp_base_percustomer_passthrough
329299,bge_non-hp_base_percustomer_passthrough
173076,bge_non-hp_base_percustomer_passthrough
287187,bge_non-hp_base_percustomer_passthrough
324486,bge_non-hp_base_percustomer_passthrough
389812,bge_non-hp_base_percustomer_passthrough
342157,bge_non-hp_base_percustomer_passthrough
398754,bge_non-hp_base_percustomer_passthrough
148594,bge_non-hp_base_percustomer_passthrough
174696,bge_non-hp_base_percustomer_passthrough
181489,bge_non-hp_base_percustomer_passthrough
185478,bge_non-hp_base_percustomer_passthrough
192263,bge_non-hp_base_percustomer_passthrough
198377,bge_hp_seasonal_percustomer_passthrough
201607,bge_non-hp_base_percustomer_passthrough
218800,bge_non-hp_base_percustomer_passthrough
227948,bge_non-hp_base_percustomer_passthrough
228146,bge_non-hp_base_percustomer_passthrough
236970,bge_non-hp_base_percustomer_passthrough
244360,bge_non-hp_base_percustomer_passthrough
250377,bge_hp_seasonal_percustomer_passthrough
261759,bge_non-hp_base_percustomer_passthrough
267854,bge_non-hp_base_percustomer_passthrough
271880,bge_non-hp_base_percustomer_passthrough
398554,bge_non-hp_base_percustomer_passthrough
359622,bge_non-hp_base_percustomer_passthrough
362726,bge_non-hp_base_percustomer_passthrough
411560,bge_non-hp_base_percustomer_passthrough
385370,bge_non-hp_base_percustomer_passthrough
282400,bge_non-hp_base_percustomer_passthrough
303863,bge_non-hp_base_percustomer_passthrough
316126,bge_non-hp_base_percustomer_passthrough
390785,bge_non-hp_base_percustomer_passthrough
413730,bge_non-hp_base_percustomer_passthrough
351400,bge_non-hp_base_percustomer_passthrough
281121,bge_non-hp_base_percustomer_passthrough
282825,bge_non-hp_base_percustomer_passthrough
285594,bge_non-hp_base_percustomer_passthrough
318040,bge_non-hp_base_percustomer_passthrough
319160,bge_non-hp_base_percustomer_passthrough
319819,bge_non-hp_base_percustomer_passthrough
324669,bge_hp_seasonal_percustomer_passthrough
325926,bge_hp_seasonal_percustomer_passthrough
331257,bge_non-hp_base_percustomer_passthrough
343127,bge_non-hp_base_percustomer_passthrough
347793,bge_non-hp_base_percustomer_passthrough
353793,bge_non-hp_base_percustomer_passthrough
355702,bge_non-hp_base_percustomer_passthrough
359389,bge_non-hp_base_percustomer_passthrough
363951,bge_non-hp_base_percustomer_passthrough
386030,bge_hp_seasonal_percustomer_passthrough
413975,bge_non-hp_base_percustomer_passthrough
252557,bge_non-hp_base_percustomer_passthrough
372152,bge_non-hp_base_percustomer_passthrough
343734,bge_non-hp_base_percustomer_passthrough
348632,bge_hp_seasonal_percustomer_passthrough
370508,bge_non-hp_base_percustomer_passthrough
414908,bge_hp_seasonal_percustomer_passthrough
427586,bge_hp_seasonal_percustomer_passthrough
439245,bge_non-hp_base_percustomer_passthrough
444777,bge_non-hp_base_percustomer_passthrough
452372,bge_hp_seasonal_percustomer_passthrough
453409,bge_hp_seasonal_percustomer_passthrough
455481,bge_hp_seasonal_percustomer_passthrough
459059,bge_non-hp_base_percustomer_passthrough
463883,bge_non-hp_base_percustomer_passthrough
464774,bge_non-hp_base_percustomer_passthrough
468389,bge_non-hp_base_percustomer_passthrough
471575,bge_hp_seasonal_percustomer_passthrough
472024,bge_hp_seasonal_percustomer_passthrough
472960,bge_non-hp_base_percustomer_passthrough
477505,bge_hp_seasonal_percustomer_passthrough
477614,bge_non-hp_base_percustomer_passthrough
480737,bge_non-hp_base_percustomer_passthrough
483636,bge_non-hp_base_percustomer_passthrough
486698,bge_non-hp_base_percustomer_passthrough
493678,bge_non-hp_base_percustomer_passthrough
500673,bge_non-hp_base_percustomer_passthrough
502976,bge_non-hp_base_percustomer_passthrough
509631,bge_hp_seasonal_percustomer_passthrough
511676,bge_non-hp_base_percustomer_passthrough
515967,bge_non-hp_base_percustomer_passthrough
522603,bge_non-hp_base_percustomer_passthrough
526670,bge_hp_seasonal_percustomer_passthrough
527306,bge_non-hp_base_percustomer_passthrough
532336,bge_non-hp_base_percustomer_passthrough
532648,bge_non-hp_base_percustomer_passthrough
537577,bge_hp_seasonal_percustomer_passthrough
544758,bge_non-hp_base_percustomer_passthrough
546792,bge_non-hp_base_percustomer_passthrough
52143,bge_non-hp_base_percustomer_passthrough
55439,bge_non-hp_base_percustomer_passthrough
70395,bge_non-hp_base_percustomer_passthrough
95249,bge_non-hp_base_percustomer_passthrough
96416,bge_non-hp_base_percustomer_passthrough
115462,bge_non-hp_base_percustomer_passthrough
117291,bge_hp_seasonal_percustomer_passthrough
118891,bge_non-hp_base_percustomer_passthrough
124042,bge_non-hp_base_percustomer_passthrough
443905,bge_non-hp_base_percustomer_passthrough
525770,bge_non-hp_base_percustomer_passthrough
311705,bge_non-hp_base_percustomer_passthrough
296812,bge_non-hp_base_percustomer_passthrough
327114,bge_non-hp_base_percustomer_passthrough
356674,bge_hp_seasonal_percustomer_passthrough
402167,bge_non-hp_base_percustomer_passthrough
272537,bge_non-hp_base_percustomer_passthrough
457693,bge_non-hp_base_percustomer_passthrough
464129,bge_non-hp_base_percustomer_passthrough
203678,bge_non-hp_base_percustomer_passthrough
335806,bge_non-hp_base_percustomer_passthrough
345875,bge_hp_seasonal_percustomer_passthrough
152340,bge_non-hp_base_percustomer_passthrough
194938,bge_non-hp_base_percustomer_passthrough
289397,bge_non-hp_base_percustomer_passthrough
238898,bge_non-hp_base_percustomer_passthrough
249586,bge_non-hp_base_percustomer_passthrough
253323,bge_non-hp_base_percustomer_passthrough
266568,bge_non-hp_base_percustomer_passthrough
276265,bge_non-hp_base_percustomer_passthrough
416174,bge_hp_seasonal_percustomer_passthrough
54176,bge_non-hp_base_percustomer_passthrough
397512,bge_non-hp_base_percustomer_passthrough
104608,bge_non-hp_base_percustomer_passthrough
383911,bge_hp_seasonal_percustomer_passthrough
15474,bge_non-hp_base_percustomer_passthrough
134106,bge_non-hp_base_percustomer_passthrough
390148,bge_hp_seasonal_percustomer_passthrough
416366,bge_non-hp_base_percustomer_passthrough
8734,bge_hp_seasonal_percustomer_passthrough
11883,bge_hp_seasonal_percustomer_passthrough
52431,bge_non-hp_base_percustomer_passthrough
113969,bge_non-hp_base_percustomer_passthrough
133934,bge_non-hp_base_percustomer_passthrough
296615,bge_non-hp_base_percustomer_passthrough
300986,bge_hp_seasonal_percustomer_passthrough
302107,bge_non-hp_base_percustomer_passthrough
342957,bge_non-hp_base_percustomer_passthrough
64354,bge_non-hp_base_percustomer_passthrough
446827,bge_hp_seasonal_percustomer_passthrough
452602,bge_hp_seasonal_percustomer_passthrough
539531,bge_non-hp_base_percustomer_passthrough
445374,bge_non-hp_base_percustomer_passthrough
210940,bge_hp_seasonal_percustomer_passthrough
2628,bge_hp_seasonal_percustomer_passthrough
483852,bge_non-hp_base_percustomer_passthrough
28920,bge_non-hp_base_percustomer_passthrough
440803,bge_non-hp_base_percustomer_passthrough
45230,bge_non-hp_base_percustomer_passthrough
440609,bge_non-hp_base_percustomer_passthrough
449174,bge_non-hp_base_percustomer_passthrough
13611,bge_non-hp_base_percustomer_passthrough
18542,bge_non-hp_base_percustomer_passthrough
22756,bge_non-hp_base_percustomer_passthrough
23371,bge_non-hp_base_percustomer_passthrough
39991,bge_hp_seasonal_percustomer_passthrough
43087,bge_non-hp_base_percustomer_passthrough
50781,bge_non-hp_base_percustomer_passthrough
52863,bge_non-hp_base_percustomer_passthrough
77609,bge_non-hp_base_percustomer_passthrough
117667,bge_non-hp_base_percustomer_passthrough
120404,bge_non-hp_base_percustomer_passthrough
121175,bge_non-hp_base_percustomer_passthrough
194931,bge_non-hp_base_percustomer_passthrough
254657,bge_non-hp_base_percustomer_passthrough
513,bge_non-hp_base_percustomer_passthrough
17458,bge_non-hp_base_percustomer_passthrough
311682,bge_non-hp_base_percustomer_passthrough
450378,bge_non-hp_base_percustomer_passthrough
496666,bge_non-hp_base_percustomer_passthrough
534012,bge_non-hp_base_percustomer_passthrough
66460,bge_non-hp_base_percustomer_passthrough
99532,bge_hp_seasonal_percustomer_passthrough
317563,bge_non-hp_base_percustomer_passthrough
360288,bge_non-hp_base_percustomer_passthrough
370605,bge_non-hp_base_percustomer_passthrough
386106,bge_non-hp_base_percustomer_passthrough
428171,bge_non-hp_base_percustomer_passthrough
130292,bge_hp_seasonal_percustomer_passthrough
372229,bge_non-hp_base_percustomer_passthrough
411817,bge_non-hp_base_percustomer_passthrough
306733,bge_non-hp_base_percustomer_passthrough
420415,bge_non-hp_base_percustomer_passthrough
508194,bge_non-hp_base_percustomer_passthrough
67816,bge_non-hp_base_percustomer_passthrough
71457,bge_non-hp_base_percustomer_passthrough
129684,bge_hp_seasonal_percustomer_passthrough
310297,bge_non-hp_base_percustomer_passthrough
424338,bge_non-hp_base_percustomer_passthrough
172458,bge_non-hp_base_percustomer_passthrough
101940,bge_non-hp_base_percustomer_passthrough
272052,bge_non-hp_base_percustomer_passthrough
197477,bge_non-hp_base_percustomer_passthrough
369099,bge_non-hp_base_percustomer_passthrough
529443,bge_non-hp_base_percustomer_passthrough
66114,bge_hp_seasonal_percustomer_passthrough
282974,bge_hp_seasonal_percustomer_passthrough
232562,bge_non-hp_base_percustomer_passthrough
332099,bge_non-hp_base_percustomer_passthrough
138113,bge_non-hp_base_percustomer_passthrough
78951,bge_non-hp_base_percustomer_passthrough
28418,bge_non-hp_base_percustomer_passthrough
171231,bge_hp_seasonal_percustomer_passthrough
443628,bge_non-hp_base_percustomer_passthrough
445295,bge_non-hp_base_percustomer_passthrough
25912,bge_non-hp_base_percustomer_passthrough
33288,bge_non-hp_base_percustomer_passthrough
58961,bge_non-hp_base_percustomer_passthrough
397906,bge_non-hp_base_percustomer_passthrough
176366,bge_non-hp_base_percustomer_passthrough
373943,bge_non-hp_base_percustomer_passthrough
328494,bge_non-hp_base_percustomer_passthrough
430139,bge_non-hp_base_percustomer_passthrough
434713,bge_hp_seasonal_percustomer_passthrough
467201,bge_non-hp_base_percustomer_passthrough
472285,bge_hp_seasonal_percustomer_passthrough
35490,bge_non-hp_base_percustomer_passthrough
46302,bge_non-hp_base_percustomer_passthrough
61774,bge_non-hp_base_percustomer_passthrough
73163,bge_non-hp_base_percustomer_passthrough
73182,bge_hp_seasonal_percustomer_passthrough
75907,bge_non-hp_base_percustomer_passthrough
86791,bge_non-hp_base_percustomer_passthrough
100135,bge_non-hp_base_percustomer_passthrough
105368,bge_non-hp_base_percustomer_passthrough
111524,bge_non-hp_base_percustomer_passthrough
125916,bge_non-hp_base_percustomer_passthrough
271467,bge_non-hp_base_percustomer_passthrough
232009,bge_hp_seasonal_percustomer_passthrough
273534,bge_non-hp_base_percustomer_passthrough
231842,bge_non-hp_base_percustomer_passthrough
152854,bge_non-hp_base_percustomer_passthrough
138637,bge_hp_seasonal_percustomer_passthrough
153511,bge_non-hp_base_percustomer_passthrough
154914,bge_non-hp_base_percustomer_passthrough
176606,bge_non-hp_base_percustomer_passthrough
230041,bge_hp_seasonal_percustomer_passthrough
286091,bge_non-hp_base_percustomer_passthrough
313548,bge_non-hp_base_percustomer_passthrough
304164,bge_non-hp_base_percustomer_passthrough
310547,bge_non-hp_base_percustomer_passthrough
369531,bge_non-hp_base_percustomer_passthrough
414919,bge_non-hp_base_percustomer_passthrough
422705,bge_non-hp_base_percustomer_passthrough
426976,bge_non-hp_base_percustomer_passthrough
433111,bge_non-hp_base_percustomer_passthrough
435446,bge_non-hp_base_percustomer_passthrough
442520,bge_non-hp_base_percustomer_passthrough
461846,bge_non-hp_base_percustomer_passthrough
470381,bge_hp_seasonal_percustomer_passthrough
475169,bge_hp_seasonal_percustomer_passthrough
478545,bge_hp_seasonal_percustomer_passthrough
487331,bge_non-hp_base_percustomer_passthrough
492205,bge_non-hp_base_percustomer_passthrough
492756,bge_non-hp_base_percustomer_passthrough
493034,bge_non-hp_base_percustomer_passthrough
503513,bge_non-hp_base_percustomer_passthrough
504331,bge_non-hp_base_percustomer_passthrough
512912,bge_non-hp_base_percustomer_passthrough
516110,bge_non-hp_base_percustomer_passthrough
518184,bge_non-hp_base_percustomer_passthrough
529514,bge_non-hp_base_percustomer_passthrough
535048,bge_non-hp_base_percustomer_passthrough
540534,bge_hp_seasonal_percustomer_passthrough
542898,bge_non-hp_base_percustomer_passthrough
543384,bge_non-hp_base_percustomer_passthrough
983,bge_non-hp_base_percustomer_passthrough
3200,bge_non-hp_base_percustomer_passthrough
8892,bge_non-hp_base_percustomer_passthrough
13749,bge_non-hp_base_percustomer_passthrough
16599,bge_hp_seasonal_percustomer_passthrough
17640,bge_hp_seasonal_percustomer_passthrough
19353,bge_non-hp_base_percustomer_passthrough
20760,bge_hp_seasonal_percustomer_passthrough
24608,bge_non-hp_base_percustomer_passthrough
33628,bge_hp_seasonal_percustomer_passthrough
40932,bge_non-hp_base_percustomer_passthrough
44245,bge_non-hp_base_percustomer_passthrough
45769,bge_non-hp_base_percustomer_passthrough
46056,bge_non-hp_base_percustomer_passthrough
46815,bge_hp_seasonal_percustomer_passthrough
47439,bge_non-hp_base_percustomer_passthrough
48943,bge_non-hp_base_percustomer_passthrough
53498,bge_hp_seasonal_percustomer_passthrough
54624,bge_non-hp_base_percustomer_passthrough
55614,bge_non-hp_base_percustomer_passthrough
62750,bge_non-hp_base_percustomer_passthrough
62797,bge_non-hp_base_percustomer_passthrough
67761,bge_non-hp_base_percustomer_passthrough
71595,bge_hp_seasonal_percustomer_passthrough
78693,bge_non-hp_base_percustomer_passthrough
82650,bge_non-hp_base_percustomer_passthrough
86385,bge_non-hp_base_percustomer_passthrough
94747,bge_non-hp_base_percustomer_passthrough
95113,bge_non-hp_base_percustomer_passthrough
99833,bge_non-hp_base_percustomer_passthrough
105220,bge_hp_seasonal_percustomer_passthrough
109628,bge_non-hp_base_percustomer_passthrough
114180,bge_non-hp_base_percustomer_passthrough
123241,bge_non-hp_base_percustomer_passthrough
131378,bge_non-hp_base_percustomer_passthrough
196326,bge_non-hp_base_percustomer_passthrough
229390,bge_non-hp_base_percustomer_passthrough
235583,bge_non-hp_base_percustomer_passthrough
174626,bge_non-hp_base_percustomer_passthrough
138237,bge_non-hp_base_percustomer_passthrough
145640,bge_non-hp_base_percustomer_passthrough
309151,bge_hp_seasonal_percustomer_passthrough
383616,bge_non-hp_base_percustomer_passthrough
243079,bge_non-hp_base_percustomer_passthrough
218949,bge_hp_seasonal_percustomer_passthrough
294944,bge_hp_seasonal_percustomer_passthrough
282960,bge_non-hp_base_percustomer_passthrough
297656,bge_non-hp_base_percustomer_passthrough
185258,bge_hp_seasonal_percustomer_passthrough
199709,bge_non-hp_base_percustomer_passthrough
220979,bge_non-hp_base_percustomer_passthrough
227618,bge_non-hp_base_percustomer_passthrough
260677,bge_non-hp_base_percustomer_passthrough
390448,bge_hp_seasonal_percustomer_passthrough
369586,bge_non-hp_base_percustomer_passthrough
144611,bge_non-hp_base_percustomer_passthrough
159075,bge_non-hp_base_percustomer_passthrough
161213,bge_non-hp_base_percustomer_passthrough
162348,bge_hp_seasonal_percustomer_passthrough
165752,bge_hp_seasonal_percustomer_passthrough
169477,bge_non-hp_base_percustomer_passthrough
172130,bge_non-hp_base_percustomer_passthrough
188689,bge_hp_seasonal_percustomer_passthrough
193662,bge_non-hp_base_percustomer_passthrough
196206,bge_non-hp_base_percustomer_passthrough
200650,bge_non-hp_base_percustomer_passthrough
207469,bge_non-hp_base_percustomer_passthrough
210659,bge_non-hp_base_percustomer_passthrough
213653,bge_non-hp_base_percustomer_passthrough
215806,bge_non-hp_base_percustomer_passthrough
218684,bge_non-hp_base_percustomer_passthrough
224070,bge_non-hp_base_percustomer_passthrough
224771,bge_non-hp_base_percustomer_passthrough
232684,bge_hp_seasonal_percustomer_passthrough
232898,bge_non-hp_base_percustomer_passthrough
235481,bge_non-hp_base_percustomer_passthrough
239357,bge_non-hp_base_percustomer_passthrough
252043,bge_non-hp_base_percustomer_passthrough
255461,bge_hp_seasonal_percustomer_passthrough
263904,bge_non-hp_base_percustomer_passthrough
275816,bge_non-hp_base_percustomer_passthrough
289832,bge_non-hp_base_percustomer_passthrough
356375,bge_non-hp_base_percustomer_passthrough
408189,bge_non-hp_base_percustomer_passthrough
316094,bge_non-hp_base_percustomer_passthrough
332473,bge_non-hp_base_percustomer_passthrough
333824,bge_hp_seasonal_percustomer_passthrough
350639,bge_non-hp_base_percustomer_passthrough
279417,bge_non-hp_base_percustomer_passthrough
285913,bge_hp_seasonal_percustomer_passthrough
293662,bge_non-hp_base_percustomer_passthrough
303936,bge_hp_seasonal_percustomer_passthrough
308678,bge_non-hp_base_percustomer_passthrough
309563,bge_non-hp_base_percustomer_passthrough
309758,bge_non-hp_base_percustomer_passthrough
313040,bge_hp_seasonal_percustomer_passthrough
316824,bge_non-hp_base_percustomer_passthrough
325739,bge_non-hp_base_percustomer_passthrough
339578,bge_non-hp_base_percustomer_passthrough
353112,bge_non-hp_base_percustomer_passthrough
353739,bge_non-hp_base_percustomer_passthrough
373708,bge_non-hp_base_percustomer_passthrough
378973,bge_non-hp_base_percustomer_passthrough
383917,bge_non-hp_base_percustomer_passthrough
387079,bge_non-hp_base_percustomer_passthrough
390719,bge_non-hp_base_percustomer_passthrough
397739,bge_non-hp_base_percustomer_passthrough
409982,bge_hp_seasonal_percustomer_passthrough
354110,bge_hp_seasonal_percustomer_passthrough
426363,bge_non-hp_base_percustomer_passthrough
31806,bge_non-hp_base_percustomer_passthrough
73421,bge_non-hp_base_percustomer_passthrough
415952,bge_non-hp_base_percustomer_passthrough
417565,bge_non-hp_base_percustomer_passthrough
433596,bge_hp_seasonal_percustomer_passthrough
443763,bge_non-hp_base_percustomer_passthrough
448129,bge_non-hp_base_percustomer_passthrough
451629,bge_non-hp_base_percustomer_passthrough
456917,bge_non-hp_base_percustomer_passthrough
457846,bge_non-hp_base_percustomer_passthrough
469157,bge_non-hp_base_percustomer_passthrough
495587,bge_non-hp_base_percustomer_passthrough
497827,bge_non-hp_base_percustomer_passthrough
499367,bge_hp_seasonal_percustomer_passthrough
500111,bge_hp_seasonal_percustomer_passthrough
507605,bge_non-hp_base_percustomer_passthrough
510571,bge_hp_seasonal_percustomer_passthrough
513175,bge_non-hp_base_percustomer_passthrough
516817,bge_non-hp_base_percustomer_passthrough
517886,bge_non-hp_base_percustomer_passthrough
523830,bge_non-hp_base_percustomer_passthrough
528035,bge_hp_seasonal_percustomer_passthrough
532328,bge_non-hp_base_percustomer_passthrough
539628,bge_hp_seasonal_percustomer_passthrough
544884,bge_non-hp_base_percustomer_passthrough
545490,bge_non-hp_base_percustomer_passthrough
17642,bge_non-hp_base_percustomer_passthrough
20283,bge_non-hp_base_percustomer_passthrough
53403,bge_non-hp_base_percustomer_passthrough
68206,bge_non-hp_base_percustomer_passthrough
74048,bge_non-hp_base_percustomer_passthrough
85180,bge_hp_seasonal_percustomer_passthrough
99159,bge_non-hp_base_percustomer_passthrough
106935,bge_non-hp_base_percustomer_passthrough
110961,bge_non-hp_base_percustomer_passthrough
119537,bge_non-hp_base_percustomer_passthrough
127690,bge_non-hp_base_percustomer_passthrough
128192,bge_hp_seasonal_percustomer_passthrough
135622,bge_hp_seasonal_percustomer_passthrough
135910,bge_non-hp_base_percustomer_passthrough
274637,bge_non-hp_base_percustomer_passthrough
170116,bge_non-hp_base_percustomer_passthrough
272244,bge_non-hp_base_percustomer_passthrough
250437,bge_non-hp_base_percustomer_passthrough
333339,bge_hp_seasonal_percustomer_passthrough
403166,bge_hp_seasonal_percustomer_passthrough
419654,bge_non-hp_base_percustomer_passthrough
218555,bge_non-hp_base_percustomer_passthrough
331314,bge_non-hp_base_percustomer_passthrough
498699,bge_hp_seasonal_percustomer_passthrough
500763,bge_non-hp_base_percustomer_passthrough
543097,bge_non-hp_base_percustomer_passthrough
34756,bge_non-hp_base_percustomer_passthrough
201098,bge_non-hp_base_percustomer_passthrough
205338,bge_hp_seasonal_percustomer_passthrough
225921,bge_non-hp_base_percustomer_passthrough
253068,bge_hp_seasonal_percustomer_passthrough
375637,bge_non-hp_base_percustomer_passthrough
303978,bge_non-hp_base_percustomer_passthrough
351359,bge_non-hp_base_percustomer_passthrough
216964,bge_hp_seasonal_percustomer_passthrough
281408,bge_non-hp_base_percustomer_passthrough
454005,bge_hp_seasonal_percustomer_passthrough
454074,bge_non-hp_base_percustomer_passthrough
196702,bge_non-hp_base_percustomer_passthrough
198451,bge_non-hp_base_percustomer_passthrough
224387,bge_hp_seasonal_percustomer_passthrough
228827,bge_non-hp_base_percustomer_passthrough
241909,bge_hp_seasonal_percustomer_passthrough
256024,bge_non-hp_base_percustomer_passthrough
267506,bge_non-hp_base_percustomer_passthrough
487590,bge_non-hp_base_percustomer_passthrough
127280,bge_hp_seasonal_percustomer_passthrough
401155,bge_non-hp_base_percustomer_passthrough
385544,bge_non-hp_base_percustomer_passthrough
322714,bge_non-hp_base_percustomer_passthrough
387239,bge_non-hp_base_percustomer_passthrough
298936,bge_non-hp_base_percustomer_passthrough
316190,bge_non-hp_base_percustomer_passthrough
379430,bge_non-hp_base_percustomer_passthrough
144866,bge_hp_seasonal_percustomer_passthrough
394674,bge_non-hp_base_percustomer_passthrough
308926,bge_non-hp_base_percustomer_passthrough
376476,bge_non-hp_base_percustomer_passthrough
94734,bge_non-hp_base_percustomer_passthrough
308404,bge_non-hp_base_percustomer_passthrough
547193,bge_hp_seasonal_percustomer_passthrough
303,bge_hp_seasonal_percustomer_passthrough
46109,bge_non-hp_base_percustomer_passthrough
66452,bge_non-hp_base_percustomer_passthrough
95295,bge_non-hp_base_percustomer_passthrough
102655,bge_hp_seasonal_percustomer_passthrough
387369,bge_non-hp_base_percustomer_passthrough
277529,bge_hp_seasonal_percustomer_passthrough
352842,bge_non-hp_base_percustomer_passthrough
355597,bge_non-hp_base_percustomer_passthrough
89033,bge_non-hp_base_percustomer_passthrough
376209,bge_non-hp_base_percustomer_passthrough
380068,bge_hp_seasonal_percustomer_passthrough
396024,bge_hp_seasonal_percustomer_passthrough
403375,bge_non-hp_base_percustomer_passthrough
405930,bge_hp_seasonal_percustomer_passthrough
412814,bge_hp_seasonal_percustomer_passthrough
413600,bge_non-hp_base_percustomer_passthrough
413793,bge_non-hp_base_percustomer_passthrough
206398,bge_non-hp_base_percustomer_passthrough
248467,bge_non-hp_base_percustomer_passthrough
516044,bge_non-hp_base_percustomer_passthrough
215968,bge_non-hp_base_percustomer_passthrough
538256,bge_non-hp_base_percustomer_passthrough
189062,bge_non-hp_base_percustomer_passthrough
447112,bge_non-hp_base_percustomer_passthrough
158992,bge_non-hp_base_percustomer_passthrough
190716,bge_non-hp_base_percustomer_passthrough
455811,bge_non-hp_base_percustomer_passthrough
202001,bge_non-hp_base_percustomer_passthrough
443104,bge_non-hp_base_percustomer_passthrough
498142,bge_non-hp_base_percustomer_passthrough
3334,bge_non-hp_base_percustomer_passthrough
37792,bge_non-hp_base_percustomer_passthrough
57369,bge_non-hp_base_percustomer_passthrough
70573,bge_hp_seasonal_percustomer_passthrough
94094,bge_hp_seasonal_percustomer_passthrough
100963,bge_non-hp_base_percustomer_passthrough
200817,bge_non-hp_base_percustomer_passthrough
218679,bge_non-hp_base_percustomer_passthrough
200123,bge_non-hp_base_percustomer_passthrough
167818,bge_non-hp_base_percustomer_passthrough
206945,bge_non-hp_base_percustomer_passthrough
258041,bge_non-hp_base_percustomer_passthrough
423271,bge_hp_seasonal_percustomer_passthrough
439795,bge_non-hp_base_percustomer_passthrough
480253,bge_hp_seasonal_percustomer_passthrough
483140,bge_non-hp_base_percustomer_passthrough
503237,bge_non-hp_base_percustomer_passthrough
513230,bge_hp_seasonal_percustomer_passthrough
532952,bge_hp_seasonal_percustomer_passthrough
545596,bge_non-hp_base_percustomer_passthrough
548622,bge_non-hp_base_percustomer_passthrough
99795,bge_hp_seasonal_percustomer_passthrough
429453,bge_non-hp_base_percustomer_passthrough
446492,bge_non-hp_base_percustomer_passthrough
206395,bge_non-hp_base_percustomer_passthrough
341149,bge_non-hp_base_percustomer_passthrough
269644,bge_non-hp_base_percustomer_passthrough
411598,bge_non-hp_base_percustomer_passthrough
329018,bge_non-hp_base_percustomer_passthrough
51351,bge_hp_seasonal_percustomer_passthrough
333055,bge_non-hp_base_percustomer_passthrough
365998,bge_non-hp_base_percustomer_passthrough
130036,bge_non-hp_base_percustomer_passthrough
66320,bge_non-hp_base_percustomer_passthrough
87050,bge_hp_seasonal_percustomer_passthrough
420323,bge_non-hp_base_percustomer_passthrough
163476,bge_non-hp_base_percustomer_passthrough
78059,bge_non-hp_base_percustomer_passthrough
148700,bge_non-hp_base_percustomer_passthrough
206416,bge_hp_seasonal_percustomer_passthrough
390187,bge_non-hp_base_percustomer_passthrough
213866,bge_non-hp_base_percustomer_passthrough
91220,bge_hp_seasonal_percustomer_passthrough
112823,bge_hp_seasonal_percustomer_passthrough
239780,bge_non-hp_base_percustomer_passthrough
264473,bge_non-hp_base_percustomer_passthrough
24981,bge_non-hp_base_percustomer_passthrough
270904,bge_non-hp_base_percustomer_passthrough
491670,bge_non-hp_base_percustomer_passthrough
308745,bge_non-hp_base_percustomer_passthrough
213300,bge_non-hp_base_percustomer_passthrough
155620,bge_non-hp_base_percustomer_passthrough
347238,bge_non-hp_base_percustomer_passthrough
240013,bge_non-hp_base_percustomer_passthrough
338194,bge_hp_seasonal_percustomer_passthrough
531356,bge_non-hp_base_percustomer_passthrough
34810,bge_non-hp_base_percustomer_passthrough
117515,bge_non-hp_base_percustomer_passthrough
127939,bge_non-hp_base_percustomer_passthrough
422912,bge_non-hp_base_percustomer_passthrough
424601,bge_non-hp_base_percustomer_passthrough
432070,bge_non-hp_base_percustomer_passthrough
432270,bge_non-hp_base_percustomer_passthrough
510443,bge_hp_seasonal_percustomer_passthrough
2156,bge_non-hp_base_percustomer_passthrough
9369,bge_non-hp_base_percustomer_passthrough
14588,bge_hp_seasonal_percustomer_passthrough
42319,bge_non-hp_base_percustomer_passthrough
80724,bge_non-hp_base_percustomer_passthrough
109068,bge_non-hp_base_percustomer_passthrough
126691,bge_non-hp_base_percustomer_passthrough
386695,bge_non-hp_base_percustomer_passthrough
291449,bge_hp_seasonal_percustomer_passthrough
144672,bge_non-hp_base_percustomer_passthrough
152505,bge_non-hp_base_percustomer_passthrough
179413,bge_non-hp_base_percustomer_passthrough
200487,bge_non-hp_base_percustomer_passthrough
223408,bge_non-hp_base_percustomer_passthrough
246040,bge_hp_seasonal_percustomer_passthrough
258467,bge_non-hp_base_percustomer_passthrough
327471,bge_non-hp_base_percustomer_passthrough
286659,bge_hp_seasonal_percustomer_passthrough
339442,bge_non-hp_base_percustomer_passthrough
363189,bge_non-hp_base_percustomer_passthrough
418483,bge_non-hp_base_percustomer_passthrough
420704,bge_hp_seasonal_percustomer_passthrough
422580,bge_non-hp_base_percustomer_passthrough
427834,bge_non-hp_base_percustomer_passthrough
428145,bge_non-hp_base_percustomer_passthrough
432025,bge_non-hp_base_percustomer_passthrough
437640,bge_non-hp_base_percustomer_passthrough
441057,bge_non-hp_base_percustomer_passthrough
442327,bge_non-hp_base_percustomer_passthrough
443502,bge_non-hp_base_percustomer_passthrough
447568,bge_hp_seasonal_percustomer_passthrough
448286,bge_non-hp_base_percustomer_passthrough
458396,bge_non-hp_base_percustomer_passthrough
468828,bge_non-hp_base_percustomer_passthrough
472898,bge_hp_seasonal_percustomer_passthrough
474907,bge_non-hp_base_percustomer_passthrough
475139,bge_non-hp_base_percustomer_passthrough
475161,bge_non-hp_base_percustomer_passthrough
479258,bge_non-hp_base_percustomer_passthrough
481367,bge_non-hp_base_percustomer_passthrough
487942,bge_non-hp_base_percustomer_passthrough
497336,bge_hp_seasonal_percustomer_passthrough
498369,bge_non-hp_base_percustomer_passthrough
512385,bge_hp_seasonal_percustomer_passthrough
530063,bge_non-hp_base_percustomer_passthrough
531449,bge_non-hp_base_percustomer_passthrough
543515,bge_hp_seasonal_percustomer_passthrough
2625,bge_hp_seasonal_percustomer_passthrough
4749,bge_non-hp_base_percustomer_passthrough
5131,bge_non-hp_base_percustomer_passthrough
10952,bge_non-hp_base_percustomer_passthrough
12506,bge_non-hp_base_percustomer_passthrough
15048,bge_non-hp_base_percustomer_passthrough
19348,bge_hp_seasonal_percustomer_passthrough
20173,bge_non-hp_base_percustomer_passthrough
21757,bge_non-hp_base_percustomer_passthrough
22582,bge_non-hp_base_percustomer_passthrough
22673,bge_non-hp_base_percustomer_passthrough
24649,bge_hp_seasonal_percustomer_passthrough
33754,bge_non-hp_base_percustomer_passthrough
33810,bge_hp_seasonal_percustomer_passthrough
34414,bge_non-hp_base_percustomer_passthrough
44663,bge_non-hp_base_percustomer_passthrough
48176,bge_non-hp_base_percustomer_passthrough
49629,bge_hp_seasonal_percustomer_passthrough
53038,bge_non-hp_base_percustomer_passthrough
53619,bge_non-hp_base_percustomer_passthrough
57001,bge_non-hp_base_percustomer_passthrough
59314,bge_non-hp_base_percustomer_passthrough
61408,bge_non-hp_base_percustomer_passthrough
62646,bge_hp_seasonal_percustomer_passthrough
65029,bge_non-hp_base_percustomer_passthrough
69506,bge_non-hp_base_percustomer_passthrough
71359,bge_non-hp_base_percustomer_passthrough
75352,bge_non-hp_base_percustomer_passthrough
75843,bge_non-hp_base_percustomer_passthrough
77117,bge_non-hp_base_percustomer_passthrough
95773,bge_non-hp_base_percustomer_passthrough
95921,bge_non-hp_base_percustomer_passthrough
99672,bge_hp_seasonal_percustomer_passthrough
101899,bge_non-hp_base_percustomer_passthrough
103317,bge_non-hp_base_percustomer_passthrough
111770,bge_non-hp_base_percustomer_passthrough
112513,bge_non-hp_base_percustomer_passthrough
112919,bge_non-hp_base_percustomer_passthrough
120031,bge_non-hp_base_percustomer_passthrough
123103,bge_non-hp_base_percustomer_passthrough
126602,bge_hp_seasonal_percustomer_passthrough
127125,bge_hp_seasonal_percustomer_passthrough
131337,bge_non-hp_base_percustomer_passthrough
133719,bge_non-hp_base_percustomer_passthrough
135085,bge_non-hp_base_percustomer_passthrough
167010,bge_non-hp_base_percustomer_passthrough
219178,bge_non-hp_base_percustomer_passthrough
357849,bge_non-hp_base_percustomer_passthrough
371885,bge_non-hp_base_percustomer_passthrough
271027,bge_non-hp_base_percustomer_passthrough
275193,bge_hp_seasonal_percustomer_passthrough
383496,bge_non-hp_base_percustomer_passthrough
375491,bge_hp_seasonal_percustomer_passthrough
171187,bge_non-hp_base_percustomer_passthrough
217969,bge_non-hp_base_percustomer_passthrough
145053,bge_hp_seasonal_percustomer_passthrough
151769,bge_non-hp_base_percustomer_passthrough
311698,bge_non-hp_base_percustomer_passthrough
339055,bge_non-hp_base_percustomer_passthrough
346564,bge_non-hp_base_percustomer_passthrough
138295,bge_hp_seasonal_percustomer_passthrough
141679,bge_hp_seasonal_percustomer_passthrough
147377,bge_hp_seasonal_percustomer_passthrough
154806,bge_non-hp_base_percustomer_passthrough
167706,bge_non-hp_base_percustomer_passthrough
175755,bge_hp_seasonal_percustomer_passthrough
175910,bge_non-hp_base_percustomer_passthrough
177232,bge_hp_seasonal_percustomer_passthrough
180060,bge_hp_seasonal_percustomer_passthrough
185578,bge_non-hp_base_percustomer_passthrough
194388,bge_non-hp_base_percustomer_passthrough
194475,bge_hp_seasonal_percustomer_passthrough
199424,bge_non-hp_base_percustomer_passthrough
203687,bge_non-hp_base_percustomer_passthrough
204062,bge_non-hp_base_percustomer_passthrough
206187,bge_non-hp_base_percustomer_passthrough
206712,bge_hp_seasonal_percustomer_passthrough
220874,bge_non-hp_base_percustomer_passthrough
220885,bge_non-hp_base_percustomer_passthrough
224402,bge_non-hp_base_percustomer_passthrough
235316,bge_non-hp_base_percustomer_passthrough
237336,bge_hp_seasonal_percustomer_passthrough
238772,bge_hp_seasonal_percustomer_passthrough
239681,bge_non-hp_base_percustomer_passthrough
242043,bge_non-hp_base_percustomer_passthrough
245933,bge_hp_seasonal_percustomer_passthrough
261841,bge_hp_seasonal_percustomer_passthrough
269161,bge_non-hp_base_percustomer_passthrough
272062,bge_non-hp_base_percustomer_passthrough
277034,bge_non-hp_base_percustomer_passthrough
360964,bge_non-hp_base_percustomer_passthrough
323506,bge_non-hp_base_percustomer_passthrough
334024,bge_non-hp_base_percustomer_passthrough
388571,bge_non-hp_base_percustomer_passthrough
318054,bge_non-hp_base_percustomer_passthrough
330609,bge_non-hp_base_percustomer_passthrough
349253,bge_non-hp_base_percustomer_passthrough
377821,bge_hp_seasonal_percustomer_passthrough
338734,bge_hp_seasonal_percustomer_passthrough
299078,bge_non-hp_base_percustomer_passthrough
365988,bge_non-hp_base_percustomer_passthrough
289205,bge_non-hp_base_percustomer_passthrough
324839,bge_hp_seasonal_percustomer_passthrough
374358,bge_non-hp_base_percustomer_passthrough
408674,bge_non-hp_base_percustomer_passthrough
284911,bge_hp_seasonal_percustomer_passthrough
285473,bge_non-hp_base_percustomer_passthrough
286153,bge_non-hp_base_percustomer_passthrough
293146,bge_hp_seasonal_percustomer_passthrough
299269,bge_hp_seasonal_percustomer_passthrough
310897,bge_hp_seasonal_percustomer_passthrough
316756,bge_non-hp_base_percustomer_passthrough
316839,bge_non-hp_base_percustomer_passthrough
325189,bge_non-hp_base_percustomer_passthrough
338972,bge_non-hp_base_percustomer_passthrough
347685,bge_hp_seasonal_percustomer_passthrough
353062,bge_non-hp_base_percustomer_passthrough
357373,bge_non-hp_base_percustomer_passthrough
360167,bge_non-hp_base_percustomer_passthrough
368227,bge_hp_seasonal_percustomer_passthrough
412115,bge_non-hp_base_percustomer_passthrough
325598,bge_hp_seasonal_percustomer_passthrough
461454,bge_hp_seasonal_percustomer_passthrough
477114,bge_non-hp_base_percustomer_passthrough
268381,bge_non-hp_base_percustomer_passthrough
420703,bge_non-hp_base_percustomer_passthrough
425135,bge_non-hp_base_percustomer_passthrough
437349,bge_hp_seasonal_percustomer_passthrough
440647,bge_non-hp_base_percustomer_passthrough
442030,bge_non-hp_base_percustomer_passthrough
442987,bge_non-hp_base_percustomer_passthrough
449279,bge_non-hp_base_percustomer_passthrough
449629,bge_non-hp_base_percustomer_passthrough
449800,bge_non-hp_base_percustomer_passthrough
464443,bge_non-hp_base_percustomer_passthrough
466171,bge_non-hp_base_percustomer_passthrough
478850,bge_non-hp_base_percustomer_passthrough
479919,bge_non-hp_base_percustomer_passthrough
484737,bge_non-hp_base_percustomer_passthrough
485154,bge_non-hp_base_percustomer_passthrough
487074,bge_non-hp_base_percustomer_passthrough
495092,bge_non-hp_base_percustomer_passthrough
495839,bge_non-hp_base_percustomer_passthrough
508899,bge_non-hp_base_percustomer_passthrough
510870,bge_non-hp_base_percustomer_passthrough
511003,bge_non-hp_base_percustomer_passthrough
514862,bge_non-hp_base_percustomer_passthrough
514975,bge_non-hp_base_percustomer_passthrough
516215,bge_non-hp_base_percustomer_passthrough
517994,bge_non-hp_base_percustomer_passthrough
535012,bge_non-hp_base_percustomer_passthrough
539998,bge_hp_seasonal_percustomer_passthrough
540434,bge_non-hp_base_percustomer_passthrough
541917,bge_non-hp_base_percustomer_passthrough
543527,bge_hp_seasonal_percustomer_passthrough
548471,bge_hp_seasonal_percustomer_passthrough
57930,bge_non-hp_base_percustomer_passthrough
89771,bge_non-hp_base_percustomer_passthrough
97242,bge_hp_seasonal_percustomer_passthrough
100254,bge_non-hp_base_percustomer_passthrough
115257,bge_non-hp_base_percustomer_passthrough
118967,bge_hp_seasonal_percustomer_passthrough
120201,bge_non-hp_base_percustomer_passthrough
127560,bge_non-hp_base_percustomer_passthrough
134548,bge_non-hp_base_percustomer_passthrough
134550,bge_non-hp_base_percustomer_passthrough
163133,bge_non-hp_base_percustomer_passthrough
267795,bge_non-hp_base_percustomer_passthrough
148509,bge_non-hp_base_percustomer_passthrough
187275,bge_non-hp_base_percustomer_passthrough
228551,bge_non-hp_base_percustomer_passthrough
378614,bge_hp_seasonal_percustomer_passthrough
210314,bge_non-hp_base_percustomer_passthrough
175983,bge_non-hp_base_percustomer_passthrough
525400,bge_hp_seasonal_percustomer_passthrough
161760,bge_hp_seasonal_percustomer_passthrough
175843,bge_non-hp_base_percustomer_passthrough
184156,bge_non-hp_base_percustomer_passthrough
270305,bge_non-hp_base_percustomer_passthrough
443325,bge_non-hp_base_percustomer_passthrough
269065,bge_non-hp_base_percustomer_passthrough
196708,bge_non-hp_base_percustomer_passthrough
148562,bge_non-hp_base_percustomer_passthrough
157452,bge_hp_seasonal_percustomer_passthrough
169361,bge_non-hp_base_percustomer_passthrough
196705,bge_non-hp_base_percustomer_passthrough
231412,bge_hp_seasonal_percustomer_passthrough
273919,bge_non-hp_base_percustomer_passthrough
352814,bge_non-hp_base_percustomer_passthrough
297895,bge_non-hp_base_percustomer_passthrough
346630,bge_non-hp_base_percustomer_passthrough
381056,bge_non-hp_base_percustomer_passthrough
301093,bge_non-hp_base_percustomer_passthrough
167313,bge_non-hp_base_percustomer_passthrough
223276,bge_non-hp_base_percustomer_passthrough
231956,bge_non-hp_base_percustomer_passthrough
234565,bge_hp_seasonal_percustomer_passthrough
271398,bge_non-hp_base_percustomer_passthrough
482294,bge_non-hp_base_percustomer_passthrough
400016,bge_non-hp_base_percustomer_passthrough
35721,bge_hp_seasonal_percustomer_passthrough
73922,bge_non-hp_base_percustomer_passthrough
454607,bge_non-hp_base_percustomer_passthrough
32955,bge_non-hp_base_percustomer_passthrough
421883,bge_non-hp_base_percustomer_passthrough
90549,bge_non-hp_base_percustomer_passthrough
388447,bge_non-hp_base_percustomer_passthrough
414593,bge_non-hp_base_percustomer_passthrough
506123,bge_non-hp_base_percustomer_passthrough
53656,bge_non-hp_base_percustomer_passthrough
54904,bge_non-hp_base_percustomer_passthrough
56905,bge_non-hp_base_percustomer_passthrough
97053,bge_hp_seasonal_percustomer_passthrough
373056,bge_non-hp_base_percustomer_passthrough
304408,bge_hp_seasonal_percustomer_passthrough
319696,bge_non-hp_base_percustomer_passthrough
326147,bge_non-hp_base_percustomer_passthrough
347185,bge_non-hp_base_percustomer_passthrough
351566,bge_non-hp_base_percustomer_passthrough
414183,bge_non-hp_base_percustomer_passthrough
47291,bge_non-hp_base_percustomer_passthrough
308159,bge_non-hp_base_percustomer_passthrough
357975,bge_non-hp_base_percustomer_passthrough
383524,bge_non-hp_base_percustomer_passthrough
402732,bge_non-hp_base_percustomer_passthrough
172694,bge_hp_seasonal_percustomer_passthrough
94872,bge_non-hp_base_percustomer_passthrough
48735,bge_non-hp_base_percustomer_passthrough
216744,bge_hp_seasonal_percustomer_passthrough
246762,bge_hp_seasonal_percustomer_passthrough
475957,bge_non-hp_base_percustomer_passthrough
207502,bge_non-hp_base_percustomer_passthrough
467160,bge_non-hp_base_percustomer_passthrough
468440,bge_non-hp_base_percustomer_passthrough
486817,bge_non-hp_base_percustomer_passthrough
504874,bge_non-hp_base_percustomer_passthrough
521782,bge_non-hp_base_percustomer_passthrough
5246,bge_hp_seasonal_percustomer_passthrough
66819,bge_hp_seasonal_percustomer_passthrough
235937,bge_non-hp_base_percustomer_passthrough
154341,bge_non-hp_base_percustomer_passthrough
158580,bge_non-hp_base_percustomer_passthrough
165095,bge_non-hp_base_percustomer_passthrough
194375,bge_non-hp_base_percustomer_passthrough
273957,bge_non-hp_base_percustomer_passthrough
477408,bge_non-hp_base_percustomer_passthrough
447280,bge_non-hp_base_percustomer_passthrough
532139,bge_non-hp_base_percustomer_passthrough
548480,bge_non-hp_base_percustomer_passthrough
87168,bge_non-hp_base_percustomer_passthrough
103116,bge_hp_seasonal_percustomer_passthrough
106831,bge_non-hp_base_percustomer_passthrough
354996,bge_non-hp_base_percustomer_passthrough
401456,bge_hp_seasonal_percustomer_passthrough
526012,bge_non-hp_base_percustomer_passthrough
236697,bge_non-hp_base_percustomer_passthrough
205360,bge_non-hp_base_percustomer_passthrough
182167,bge_non-hp_base_percustomer_passthrough
302528,bge_hp_seasonal_percustomer_passthrough
201065,bge_non-hp_base_percustomer_passthrough
265482,bge_non-hp_base_percustomer_passthrough
121619,bge_non-hp_base_percustomer_passthrough
466873,bge_non-hp_base_percustomer_passthrough
466517,bge_hp_seasonal_percustomer_passthrough
371810,bge_non-hp_base_percustomer_passthrough
374975,bge_non-hp_base_percustomer_passthrough
255217,bge_non-hp_base_percustomer_passthrough
178231,bge_non-hp_base_percustomer_passthrough
13413,bge_hp_seasonal_percustomer_passthrough
141291,bge_non-hp_base_percustomer_passthrough
32029,bge_non-hp_base_percustomer_passthrough
433093,bge_hp_seasonal_percustomer_passthrough
478245,bge_non-hp_base_percustomer_passthrough
500865,bge_non-hp_base_percustomer_passthrough
532809,bge_hp_seasonal_percustomer_passthrough
327344,bge_non-hp_base_percustomer_passthrough
69534,bge_hp_seasonal_percustomer_passthrough
345390,bge_non-hp_base_percustomer_passthrough
492148,bge_hp_seasonal_percustomer_passthrough
138730,bge_non-hp_base_percustomer_passthrough
170902,bge_hp_seasonal_percustomer_passthrough
343099,bge_non-hp_base_percustomer_passthrough
285121,bge_non-hp_base_percustomer_passthrough
439239,bge_hp_seasonal_percustomer_passthrough
489658,bge_hp_seasonal_percustomer_passthrough
502213,bge_non-hp_base_percustomer_passthrough
513420,bge_non-hp_base_percustomer_passthrough
523199,bge_non-hp_base_percustomer_passthrough
532906,bge_non-hp_base_percustomer_passthrough
48572,bge_non-hp_base_percustomer_passthrough
67100,bge_non-hp_base_percustomer_passthrough
67909,bge_non-hp_base_percustomer_passthrough
110489,bge_non-hp_base_percustomer_passthrough
119432,bge_non-hp_base_percustomer_passthrough
129124,bge_non-hp_base_percustomer_passthrough
344736,bge_non-hp_base_percustomer_passthrough
368242,bge_non-hp_base_percustomer_passthrough
210413,bge_hp_seasonal_percustomer_passthrough
313610,bge_non-hp_base_percustomer_passthrough
279147,bge_non-hp_base_percustomer_passthrough
289042,bge_non-hp_base_percustomer_passthrough
291823,bge_non-hp_base_percustomer_passthrough
410702,bge_non-hp_base_percustomer_passthrough
418932,bge_hp_seasonal_percustomer_passthrough
423643,bge_non-hp_base_percustomer_passthrough
429881,bge_non-hp_base_percustomer_passthrough
434375,bge_non-hp_base_percustomer_passthrough
448262,bge_non-hp_base_percustomer_passthrough
459900,bge_hp_seasonal_percustomer_passthrough
473209,bge_non-hp_base_percustomer_passthrough
477250,bge_non-hp_base_percustomer_passthrough
477377,bge_non-hp_base_percustomer_passthrough
482774,bge_non-hp_base_percustomer_passthrough
488282,bge_non-hp_base_percustomer_passthrough
519567,bge_non-hp_base_percustomer_passthrough
539686,bge_non-hp_base_percustomer_passthrough
44285,bge_non-hp_base_percustomer_passthrough
1359,bge_non-hp_base_percustomer_passthrough
4721,bge_non-hp_base_percustomer_passthrough
6695,bge_non-hp_base_percustomer_passthrough
7148,bge_non-hp_base_percustomer_passthrough
12441,bge_hp_seasonal_percustomer_passthrough
15709,bge_non-hp_base_percustomer_passthrough
16855,bge_non-hp_base_percustomer_passthrough
17912,bge_non-hp_base_percustomer_passthrough
19240,bge_non-hp_base_percustomer_passthrough
26456,bge_non-hp_base_percustomer_passthrough
28707,bge_non-hp_base_percustomer_passthrough
30181,bge_hp_seasonal_percustomer_passthrough
31098,bge_non-hp_base_percustomer_passthrough
32626,bge_non-hp_base_percustomer_passthrough
42100,bge_hp_seasonal_percustomer_passthrough
46467,bge_non-hp_base_percustomer_passthrough
50084,bge_hp_seasonal_percustomer_passthrough
50991,bge_non-hp_base_percustomer_passthrough
56263,bge_hp_seasonal_percustomer_passthrough
58285,bge_hp_seasonal_percustomer_passthrough
61970,bge_non-hp_base_percustomer_passthrough
63472,bge_hp_seasonal_percustomer_passthrough
72231,bge_hp_seasonal_percustomer_passthrough
78882,bge_non-hp_base_percustomer_passthrough
84611,bge_non-hp_base_percustomer_passthrough
91287,bge_non-hp_base_percustomer_passthrough
92581,bge_non-hp_base_percustomer_passthrough
107119,bge_hp_seasonal_percustomer_passthrough
111758,bge_hp_seasonal_percustomer_passthrough
116983,bge_non-hp_base_percustomer_passthrough
122737,bge_hp_seasonal_percustomer_passthrough
127569,bge_non-hp_base_percustomer_passthrough
128711,bge_non-hp_base_percustomer_passthrough
135253,bge_non-hp_base_percustomer_passthrough
135920,bge_non-hp_base_percustomer_passthrough
184112,bge_hp_seasonal_percustomer_passthrough
268687,bge_hp_seasonal_percustomer_passthrough
392472,bge_non-hp_base_percustomer_passthrough
217737,bge_non-hp_base_percustomer_passthrough
206722,bge_non-hp_base_percustomer_passthrough
172718,bge_non-hp_base_percustomer_passthrough
203823,bge_hp_seasonal_percustomer_passthrough
326157,bge_non-hp_base_percustomer_passthrough
155754,bge_non-hp_base_percustomer_passthrough
207985,bge_non-hp_base_percustomer_passthrough
353482,bge_non-hp_base_percustomer_passthrough
167678,bge_non-hp_base_percustomer_passthrough
195649,bge_non-hp_base_percustomer_passthrough
202465,bge_non-hp_base_percustomer_passthrough
246470,bge_hp_seasonal_percustomer_passthrough
272330,bge_non-hp_base_percustomer_passthrough
363902,bge_non-hp_base_percustomer_passthrough
387636,bge_non-hp_base_percustomer_passthrough
138849,bge_hp_seasonal_percustomer_passthrough
140910,bge_hp_seasonal_percustomer_passthrough
142681,bge_non-hp_base_percustomer_passthrough
143104,bge_non-hp_base_percustomer_passthrough
144030,bge_non-hp_base_percustomer_passthrough
144619,bge_non-hp_base_percustomer_passthrough
149655,bge_hp_seasonal_percustomer_passthrough
154838,bge_non-hp_base_percustomer_passthrough
157197,bge_non-hp_base_percustomer_passthrough
157909,bge_non-hp_base_percustomer_passthrough
167181,bge_non-hp_base_percustomer_passthrough
167474,bge_non-hp_base_percustomer_passthrough
216885,bge_hp_seasonal_percustomer_passthrough
219865,bge_non-hp_base_percustomer_passthrough
224267,bge_non-hp_base_percustomer_passthrough
228768,bge_non-hp_base_percustomer_passthrough
232525,bge_non-hp_base_percustomer_passthrough
234248,bge_non-hp_base_percustomer_passthrough
242718,bge_non-hp_base_percustomer_passthrough
250095,bge_non-hp_base_percustomer_passthrough
253805,bge_non-hp_base_percustomer_passthrough
272427,bge_non-hp_base_percustomer_passthrough
272952,bge_hp_seasonal_percustomer_passthrough
369829,bge_non-hp_base_percustomer_passthrough
339084,bge_non-hp_base_percustomer_passthrough
393908,bge_non-hp_base_percustomer_passthrough
284745,bge_non-hp_base_percustomer_passthrough
378505,bge_non-hp_base_percustomer_passthrough
399728,bge_non-hp_base_percustomer_passthrough
338103,bge_non-hp_base_percustomer_passthrough
340524,bge_non-hp_base_percustomer_passthrough
301758,bge_non-hp_base_percustomer_passthrough
318747,bge_non-hp_base_percustomer_passthrough
318507,bge_non-hp_base_percustomer_passthrough
343565,bge_non-hp_base_percustomer_passthrough
388693,bge_hp_seasonal_percustomer_passthrough
279708,bge_non-hp_base_percustomer_passthrough
288276,bge_non-hp_base_percustomer_passthrough
292446,bge_hp_seasonal_percustomer_passthrough
294620,bge_non-hp_base_percustomer_passthrough
315667,bge_non-hp_base_percustomer_passthrough
316813,bge_hp_seasonal_percustomer_passthrough
327560,bge_hp_seasonal_percustomer_passthrough
335549,bge_non-hp_base_percustomer_passthrough
341613,bge_non-hp_base_percustomer_passthrough
341669,bge_hp_seasonal_percustomer_passthrough
350564,bge_non-hp_base_percustomer_passthrough
351307,bge_non-hp_base_percustomer_passthrough
357605,bge_non-hp_base_percustomer_passthrough
370650,bge_non-hp_base_percustomer_passthrough
374623,bge_non-hp_base_percustomer_passthrough
386607,bge_non-hp_base_percustomer_passthrough
391330,bge_non-hp_base_percustomer_passthrough
392866,bge_non-hp_base_percustomer_passthrough
395203,bge_non-hp_base_percustomer_passthrough
395534,bge_non-hp_base_percustomer_passthrough
399089,bge_non-hp_base_percustomer_passthrough
406085,bge_hp_seasonal_percustomer_passthrough
111957,bge_non-hp_base_percustomer_passthrough
283843,bge_non-hp_base_percustomer_passthrough
491543,bge_non-hp_base_percustomer_passthrough
392407,bge_non-hp_base_percustomer_passthrough
332655,bge_non-hp_base_percustomer_passthrough
417117,bge_hp_seasonal_percustomer_passthrough
422683,bge_non-hp_base_percustomer_passthrough
444650,bge_hp_seasonal_percustomer_passthrough
449782,bge_hp_seasonal_percustomer_passthrough
452224,bge_non-hp_base_percustomer_passthrough
479570,bge_non-hp_base_percustomer_passthrough
490069,bge_hp_seasonal_percustomer_passthrough
494746,bge_non-hp_base_percustomer_passthrough
499503,bge_hp_seasonal_percustomer_passthrough
501679,bge_non-hp_base_percustomer_passthrough
502172,bge_non-hp_base_percustomer_passthrough
504811,bge_non-hp_base_percustomer_passthrough
507863,bge_non-hp_base_percustomer_passthrough
520717,bge_non-hp_base_percustomer_passthrough
524083,bge_non-hp_base_percustomer_passthrough
526052,bge_hp_seasonal_percustomer_passthrough
531403,bge_non-hp_base_percustomer_passthrough
532760,bge_hp_seasonal_percustomer_passthrough
535136,bge_non-hp_base_percustomer_passthrough
535685,bge_hp_seasonal_percustomer_passthrough
539065,bge_non-hp_base_percustomer_passthrough
545282,bge_hp_seasonal_percustomer_passthrough
547182,bge_non-hp_base_percustomer_passthrough
43542,bge_non-hp_base_percustomer_passthrough
51613,bge_non-hp_base_percustomer_passthrough
63851,bge_non-hp_base_percustomer_passthrough
81419,bge_hp_seasonal_percustomer_passthrough
102521,bge_non-hp_base_percustomer_passthrough
118349,bge_non-hp_base_percustomer_passthrough
126527,bge_non-hp_base_percustomer_passthrough
128842,bge_non-hp_base_percustomer_passthrough
220730,bge_non-hp_base_percustomer_passthrough
346810,bge_hp_seasonal_percustomer_passthrough
205567,bge_non-hp_base_percustomer_passthrough
337329,bge_non-hp_base_percustomer_passthrough
372388,bge_hp_seasonal_percustomer_passthrough
404186,bge_hp_seasonal_percustomer_passthrough
418071,bge_hp_seasonal_percustomer_passthrough
214725,bge_non-hp_base_percustomer_passthrough
504204,bge_non-hp_base_percustomer_passthrough
323817,bge_non-hp_base_percustomer_passthrough
430339,bge_non-hp_base_percustomer_passthrough
223169,bge_non-hp_base_percustomer_passthrough
169075,bge_non-hp_base_percustomer_passthrough
181032,bge_non-hp_base_percustomer_passthrough
199987,bge_non-hp_base_percustomer_passthrough
210860,bge_non-hp_base_percustomer_passthrough
217030,bge_non-hp_base_percustomer_passthrough
236042,bge_non-hp_base_percustomer_passthrough
392996,bge_non-hp_base_percustomer_passthrough
368340,bge_non-hp_base_percustomer_passthrough
330619,bge_non-hp_base_percustomer_passthrough
335460,bge_non-hp_base_percustomer_passthrough
415028,bge_non-hp_base_percustomer_passthrough
423757,bge_non-hp_base_percustomer_passthrough
430910,bge_non-hp_base_percustomer_passthrough
435402,bge_non-hp_base_percustomer_passthrough
227613,bge_non-hp_base_percustomer_passthrough
237374,bge_non-hp_base_percustomer_passthrough
245185,bge_hp_seasonal_percustomer_passthrough
262087,bge_hp_seasonal_percustomer_passthrough
262525,bge_non-hp_base_percustomer_passthrough
274067,bge_hp_seasonal_percustomer_passthrough
341886,bge_non-hp_base_percustomer_passthrough
331210,bge_non-hp_base_percustomer_passthrough
379335,bge_non-hp_base_percustomer_passthrough
343745,bge_non-hp_base_percustomer_passthrough
383868,bge_non-hp_base_percustomer_passthrough
95365,bge_non-hp_base_percustomer_passthrough
544974,bge_non-hp_base_percustomer_passthrough
11357,bge_non-hp_base_percustomer_passthrough
41225,bge_non-hp_base_percustomer_passthrough
14856,bge_non-hp_base_percustomer_passthrough
15677,bge_non-hp_base_percustomer_passthrough
17407,bge_non-hp_base_percustomer_passthrough
41868,bge_non-hp_base_percustomer_passthrough
55980,bge_non-hp_base_percustomer_passthrough
103961,bge_non-hp_base_percustomer_passthrough
105401,bge_non-hp_base_percustomer_passthrough
346892,bge_hp_seasonal_percustomer_passthrough
294931,bge_non-hp_base_percustomer_passthrough
298759,bge_non-hp_base_percustomer_passthrough
328016,bge_non-hp_base_percustomer_passthrough
328286,bge_non-hp_base_percustomer_passthrough
347561,bge_non-hp_base_percustomer_passthrough
357334,bge_hp_seasonal_percustomer_passthrough
375407,bge_non-hp_base_percustomer_passthrough
314372,bge_non-hp_base_percustomer_passthrough
328855,bge_non-hp_base_percustomer_passthrough
348223,bge_non-hp_base_percustomer_passthrough
371251,bge_non-hp_base_percustomer_passthrough
381892,bge_hp_seasonal_percustomer_passthrough
388380,bge_non-hp_base_percustomer_passthrough
389438,bge_non-hp_base_percustomer_passthrough
402503,bge_non-hp_base_percustomer_passthrough
402836,bge_non-hp_base_percustomer_passthrough
137929,bge_non-hp_base_percustomer_passthrough
232323,bge_non-hp_base_percustomer_passthrough
206488,bge_non-hp_base_percustomer_passthrough
152423,bge_non-hp_base_percustomer_passthrough
95274,bge_non-hp_base_percustomer_passthrough
174820,bge_non-hp_base_percustomer_passthrough
6841,bge_non-hp_base_percustomer_passthrough
7805,bge_non-hp_base_percustomer_passthrough
11025,bge_non-hp_base_percustomer_passthrough
19058,bge_non-hp_base_percustomer_passthrough
76238,bge_non-hp_base_percustomer_passthrough
84278,bge_non-hp_base_percustomer_passthrough
117641,bge_hp_seasonal_percustomer_passthrough
119416,bge_non-hp_base_percustomer_passthrough
221441,bge_non-hp_base_percustomer_passthrough
144810,bge_non-hp_base_percustomer_passthrough
153307,bge_non-hp_base_percustomer_passthrough
138371,bge_non-hp_base_percustomer_passthrough
147453,bge_non-hp_base_percustomer_passthrough
156626,bge_non-hp_base_percustomer_passthrough
189460,bge_non-hp_base_percustomer_passthrough
189530,bge_hp_seasonal_percustomer_passthrough
218892,bge_non-hp_base_percustomer_passthrough
293446,bge_non-hp_base_percustomer_passthrough
6170,bge_non-hp_base_percustomer_passthrough
256954,bge_non-hp_base_percustomer_passthrough
515964,bge_non-hp_base_percustomer_passthrough
527682,bge_non-hp_base_percustomer_passthrough
531799,bge_non-hp_base_percustomer_passthrough
535176,bge_non-hp_base_percustomer_passthrough
541015,bge_hp_seasonal_percustomer_passthrough
542142,bge_non-hp_base_percustomer_passthrough
544829,bge_non-hp_base_percustomer_passthrough
79995,bge_non-hp_base_percustomer_passthrough
119472,bge_non-hp_base_percustomer_passthrough
134719,bge_non-hp_base_percustomer_passthrough
446295,bge_non-hp_base_percustomer_passthrough
299779,bge_non-hp_base_percustomer_passthrough
350645,bge_non-hp_base_percustomer_passthrough
438167,bge_non-hp_base_percustomer_passthrough
219732,bge_non-hp_base_percustomer_passthrough
321971,bge_non-hp_base_percustomer_passthrough
477470,bge_non-hp_base_percustomer_passthrough
149131,bge_non-hp_base_percustomer_passthrough
173865,bge_non-hp_base_percustomer_passthrough
346062,bge_non-hp_base_percustomer_passthrough
245253,bge_hp_seasonal_percustomer_passthrough
261457,bge_non-hp_base_percustomer_passthrough
37700,bge_non-hp_base_percustomer_passthrough
31954,bge_non-hp_base_percustomer_passthrough
501594,bge_non-hp_base_percustomer_passthrough
368367,bge_non-hp_base_percustomer_passthrough
38075,bge_non-hp_base_percustomer_passthrough
39037,bge_non-hp_base_percustomer_passthrough
58507,bge_non-hp_base_percustomer_passthrough
129374,bge_hp_seasonal_percustomer_passthrough
240168,bge_non-hp_base_percustomer_passthrough
390383,bge_non-hp_base_percustomer_passthrough
327554,bge_non-hp_base_percustomer_passthrough
458279,bge_non-hp_base_percustomer_passthrough
525583,bge_non-hp_base_percustomer_passthrough
309558,bge_non-hp_base_percustomer_passthrough
10503,bge_non-hp_base_percustomer_passthrough
431391,bge_non-hp_base_percustomer_passthrough
217154,bge_non-hp_base_percustomer_passthrough
464171,bge_non-hp_base_percustomer_passthrough
16375,bge_non-hp_base_percustomer_passthrough
93274,bge_hp_seasonal_percustomer_passthrough
38957,bge_non-hp_base_percustomer_passthrough
367013,bge_non-hp_base_percustomer_passthrough
162579,bge_non-hp_base_percustomer_passthrough
441103,bge_non-hp_base_percustomer_passthrough
444079,bge_non-hp_base_percustomer_passthrough
495527,bge_non-hp_base_percustomer_passthrough
38173,bge_non-hp_base_percustomer_passthrough
91807,bge_non-hp_base_percustomer_passthrough
92753,bge_hp_seasonal_percustomer_passthrough
107017,bge_non-hp_base_percustomer_passthrough
135702,bge_non-hp_base_percustomer_passthrough
241681,bge_non-hp_base_percustomer_passthrough
185479,bge_non-hp_base_percustomer_passthrough
208673,bge_hp_seasonal_percustomer_passthrough
139031,bge_non-hp_base_percustomer_passthrough
145038,bge_hp_seasonal_percustomer_passthrough
154597,bge_non-hp_base_percustomer_passthrough
161780,bge_non-hp_base_percustomer_passthrough
182346,bge_non-hp_base_percustomer_passthrough
183756,bge_non-hp_base_percustomer_passthrough
324679,bge_non-hp_base_percustomer_passthrough
297596,bge_non-hp_base_percustomer_passthrough
280591,bge_hp_seasonal_percustomer_passthrough
280313,bge_hp_seasonal_percustomer_passthrough
301170,bge_non-hp_base_percustomer_passthrough
350621,bge_non-hp_base_percustomer_passthrough
396912,bge_non-hp_base_percustomer_passthrough
434900,bge_non-hp_base_percustomer_passthrough
447682,bge_non-hp_base_percustomer_passthrough
450230,bge_non-hp_base_percustomer_passthrough
456483,bge_non-hp_base_percustomer_passthrough
457222,bge_non-hp_base_percustomer_passthrough
471093,bge_non-hp_base_percustomer_passthrough
472048,bge_non-hp_base_percustomer_passthrough
475075,bge_non-hp_base_percustomer_passthrough
475117,bge_non-hp_base_percustomer_passthrough
492357,bge_non-hp_base_percustomer_passthrough
499429,bge_non-hp_base_percustomer_passthrough
499558,bge_non-hp_base_percustomer_passthrough
501395,bge_non-hp_base_percustomer_passthrough
503866,bge_non-hp_base_percustomer_passthrough
525266,bge_non-hp_base_percustomer_passthrough
528870,bge_non-hp_base_percustomer_passthrough
529188,bge_non-hp_base_percustomer_passthrough
529968,bge_non-hp_base_percustomer_passthrough
530027,bge_non-hp_base_percustomer_passthrough
536684,bge_non-hp_base_percustomer_passthrough
547121,bge_non-hp_base_percustomer_passthrough
1935,bge_non-hp_base_percustomer_passthrough
6775,bge_non-hp_base_percustomer_passthrough
6842,bge_non-hp_base_percustomer_passthrough
11071,bge_non-hp_base_percustomer_passthrough
11731,bge_non-hp_base_percustomer_passthrough
12267,bge_non-hp_base_percustomer_passthrough
15880,bge_non-hp_base_percustomer_passthrough
18313,bge_non-hp_base_percustomer_passthrough
25838,bge_non-hp_base_percustomer_passthrough
27183,bge_non-hp_base_percustomer_passthrough
28788,bge_non-hp_base_percustomer_passthrough
30970,bge_non-hp_base_percustomer_passthrough
37017,bge_hp_seasonal_percustomer_passthrough
42656,bge_hp_seasonal_percustomer_passthrough
49620,bge_non-hp_base_percustomer_passthrough
51508,bge_non-hp_base_percustomer_passthrough
57140,bge_hp_seasonal_percustomer_passthrough
58539,bge_non-hp_base_percustomer_passthrough
59178,bge_non-hp_base_percustomer_passthrough
59324,bge_non-hp_base_percustomer_passthrough
67373,bge_non-hp_base_percustomer_passthrough
67892,bge_non-hp_base_percustomer_passthrough
72974,bge_hp_seasonal_percustomer_passthrough
83413,bge_non-hp_base_percustomer_passthrough
87116,bge_non-hp_base_percustomer_passthrough
92855,bge_non-hp_base_percustomer_passthrough
93094,bge_non-hp_base_percustomer_passthrough
94946,bge_non-hp_base_percustomer_passthrough
97429,bge_non-hp_base_percustomer_passthrough
103987,bge_hp_seasonal_percustomer_passthrough
104774,bge_non-hp_base_percustomer_passthrough
106207,bge_non-hp_base_percustomer_passthrough
109544,bge_non-hp_base_percustomer_passthrough
113231,bge_non-hp_base_percustomer_passthrough
126739,bge_non-hp_base_percustomer_passthrough
133404,bge_non-hp_base_percustomer_passthrough
134973,bge_non-hp_base_percustomer_passthrough
136589,bge_non-hp_base_percustomer_passthrough
222209,bge_non-hp_base_percustomer_passthrough
313042,bge_non-hp_base_percustomer_passthrough
389657,bge_hp_seasonal_percustomer_passthrough
309373,bge_hp_seasonal_percustomer_passthrough
139014,bge_hp_seasonal_percustomer_passthrough
156909,bge_non-hp_base_percustomer_passthrough
144927,bge_non-hp_base_percustomer_passthrough
143693,bge_non-hp_base_percustomer_passthrough
253278,bge_hp_seasonal_percustomer_passthrough
307259,bge_non-hp_base_percustomer_passthrough
237176,bge_hp_seasonal_percustomer_passthrough
197615,bge_hp_seasonal_percustomer_passthrough
369040,bge_hp_seasonal_percustomer_passthrough
262012,bge_non-hp_base_percustomer_passthrough
140987,bge_non-hp_base_percustomer_passthrough
297468,bge_hp_seasonal_percustomer_passthrough
151803,bge_non-hp_base_percustomer_passthrough
181689,bge_non-hp_base_percustomer_passthrough
190700,bge_non-hp_base_percustomer_passthrough
201359,bge_non-hp_base_percustomer_passthrough
222200,bge_non-hp_base_percustomer_passthrough
298444,bge_non-hp_base_percustomer_passthrough
141464,bge_non-hp_base_percustomer_passthrough
149831,bge_hp_seasonal_percustomer_passthrough
150193,bge_hp_seasonal_percustomer_passthrough
171026,bge_non-hp_base_percustomer_passthrough
183219,bge_non-hp_base_percustomer_passthrough
201916,bge_non-hp_base_percustomer_passthrough
203996,bge_hp_seasonal_percustomer_passthrough
208778,bge_non-hp_base_percustomer_passthrough
210254,bge_non-hp_base_percustomer_passthrough
217638,bge_non-hp_base_percustomer_passthrough
218506,bge_hp_seasonal_percustomer_passthrough
232178,bge_non-hp_base_percustomer_passthrough
234786,bge_hp_seasonal_percustomer_passthrough
237453,bge_non-hp_base_percustomer_passthrough
241021,bge_non-hp_base_percustomer_passthrough
244450,bge_hp_seasonal_percustomer_passthrough
244454,bge_non-hp_base_percustomer_passthrough
249499,bge_non-hp_base_percustomer_passthrough
251583,bge_hp_seasonal_percustomer_passthrough
251621,bge_non-hp_base_percustomer_passthrough
258618,bge_non-hp_base_percustomer_passthrough
276390,bge_non-hp_base_percustomer_passthrough
295225,bge_non-hp_base_percustomer_passthrough
297227,bge_non-hp_base_percustomer_passthrough
403513,bge_hp_seasonal_percustomer_passthrough
317341,bge_non-hp_base_percustomer_passthrough
336994,bge_non-hp_base_percustomer_passthrough
340367,bge_non-hp_base_percustomer_passthrough
374600,bge_hp_seasonal_percustomer_passthrough
316448,bge_non-hp_base_percustomer_passthrough
347151,bge_non-hp_base_percustomer_passthrough
280937,bge_non-hp_base_percustomer_passthrough
327920,bge_non-hp_base_percustomer_passthrough
333894,bge_non-hp_base_percustomer_passthrough
356466,bge_non-hp_base_percustomer_passthrough
358516,bge_non-hp_base_percustomer_passthrough
358877,bge_hp_seasonal_percustomer_passthrough
362964,bge_non-hp_base_percustomer_passthrough
371432,bge_non-hp_base_percustomer_passthrough
377510,bge_hp_seasonal_percustomer_passthrough
379494,bge_hp_seasonal_percustomer_passthrough
383665,bge_hp_seasonal_percustomer_passthrough
388196,bge_hp_seasonal_percustomer_passthrough
388983,bge_hp_seasonal_percustomer_passthrough
437895,bge_non-hp_base_percustomer_passthrough
48516,bge_hp_seasonal_percustomer_passthrough
